anio,mes,precipitacion_anual_mm,fusion_anual_mm,afluente_m3s,demanda_hm3,temperatura_c
0,0,33.330327589523364,57.363805099019785,8.26047604581037,337.36389873024604,20.30047849277771
0,1,33.330327589523364,57.363805099019785,11.24823171925436,376.01371004134904,23.58087743082124
0,2,33.330327589523364,57.363805099019785,10.88683279858031,332.70730357370593,27.915766639459324
0,3,33.330327589523364,57.363805099019785,5.811421761979215,257.3531930332492,29.07877039458127
0,4,33.330327589523364,57.363805099019785,7.06202509371257,143.9477467132484,27.08351323718793
0,5,33.330327589523364,57.363805099019785,7.412621850195102,128.56609264594667,23.646987344024915
0,6,33.330327589523364,57.363805099019785,4.333324221578568,119.17906640821894,19.46783280716952
0,7,33.330327589523364,57.363805099019785,6.777409117198924,80.63870280363841,16.572397559269888
0,8,33.330327589523364,57.363805099019785,7.954374209581593,229.80901525441783,12.798537697085715
0,9,33.330327589523364,57.363805099019785,9.015690676137927,399.6434597357381,12.080084137086489
0,10,33.330327589523364,57.363805099019785,7.674824342199107,426.5966069198402,13.72958715829347
0,11,33.330327589523364,57.363805099019785,5.140013067821625,370.0492132270019,15.544548141888532
1,0,60.9745516065926,59.59084701665473,7.5285252323869685,432.16426046190344,20.36357203158722
1,1,60.9745516065926,59.59084701665473,6.443311690093321,371.3174039508079,25.617546193255173
1,2,60.9745516065926,59.59084701665473,9.913797432940335,365.92870884246736,26.69551548427218
1,3,60.9745516065926,59.59084701665473,9.752152685265655,264.7453240645214,27.52091935635448
1,4,60.9745516065926,59.59084701665473,7.039983955412453,140.34482899508996,27.478271623367682
1,5,60.9745516065926,59.59084701665473,10.617861383325117,118.82402571026043,23.669990107946468
1,6,60.9745516065926,59.59084701665473,7.380174404904372,68.16198517326451,19.23883586609111
1,7,60.9745516065926,59.59084701665473,8.651527446601358,172.89536521802964,16.320449291332903
1,8,60.9745516065926,59.59084701665473,10.919549373316064,283.9518752164744,14.123934238362239
1,9,60.9745516065926,59.59084701665473,9.426589060046343,301.2220964099668,11.896635090447267
1,10,60.9745516065926,59.59084701665473,7.632478957925819,471.466018196626,14.296507964886407
1,11,60.9745516065926,59.59084701665473,8.409975930753028,313.8881577694508,16.12573614656313
2,0,35.63849346980362,59.7538874121192,13.431456931772164,305.7432684103539,19.12582820061517
2,1,35.63849346980362,59.7538874121192,7.671019163517801,409.67681901223773,24.65130232587661
2,2,35.63849346980362,59.7538874121192,8.891370034916513,301.61136573170353,25.095649823675817
2,3,35.63849346980362,59.7538874121192,6.042685905017188,209.55146562817265,28.196295185478082
2,4,35.63849346980362,59.7538874121192,9.227906250254533,133.1236367335335,26.47741425445058
2,5,35.63849346980362,59.7538874121192,7.245709742214094,130.52994647829806,23.62712557442758
2,6,35.63849346980362,59.7538874121192,9.841551371214518,154.16109036183377,19.550011901677856
2,7,35.63849346980362,59.7538874121192,6.449224037600494,163.44635352962598,14.032250508592064
2,8,35.63849346980362,59.7538874121192,9.44695338246092,309.60290724824426,12.941261555759445
2,9,35.63849346980362,59.7538874121192,8.249830186796853,295.9112778030928,11.602528122297693
2,10,35.63849346980362,59.7538874121192,8.824907763679306,372.78368286881954,12.203443074815375
2,11,35.63849346980362,59.7538874121192,9.162361747194097,301.1146873589741,14.267190286645874
3,0,59.618387686403054,61.68737455313425,9.710770888342541,313.8087057403319,22.097664759522083
3,1,59.618387686403054,61.68737455313425,6.426440334559469,422.9265846900002,24.726982185995418
3,2,59.618387686403054,61.68737455313425,4.421613779679081,327.06785572209196,26.855719129956807
3,3,59.618387686403054,61.68737455313425,7.898340388402799,266.36952823361247,28.911270817541748
3,4,59.618387686403054,61.68737455313425,9.559125564718013,130.35728003799215,27.44748183333042
3,5,59.618387686403054,61.68737455313425,5.901458265498021,145.2960765480529,23.61378943321082
3,6,59.618387686403054,61.68737455313425,10.253165875791296,128.02410574810494,21.76117752894742
3,7,59.618387686403054,61.68737455313425,6.354158163160622,163.06310438397017,15.79179201908964
3,8,59.618387686403054,61.68737455313425,8.44087682279997,275.22724345102154,13.833083258853867
3,9,59.618387686403054,61.68737455313425,8.200751054018665,334.1448565487361,12.275799172091059
3,10,59.618387686403054,61.68737455313425,8.302130016650489,370.78640989911247,12.49134989447291
3,11,59.618387686403054,61.68737455313425,10.888787620584921,421.0165382629409,15.159937642852269
4,0,60.36069811406291,56.96721373187688,5.827239100999018,265.8954499177882,17.844920124289306
4,1,60.36069811406291,56.96721373187688,6.241860317930028,426.1731584668425,24.209281213158537
4,2,60.36069811406291,56.96721373187688,7.1708855142505685,312.3261151837647,27.620347677618017
4,3,60.36069811406291,56.96721373187688,8.590540292543936,199.13304919187613,26.333405491087127
4,4,60.36069811406291,56.96721373187688,6.391428752523659,146.2059400770872,26.97705007845343
4,5,60.36069811406291,56.96721373187688,10.731772738309354,133.1239719502985,24.362879003398998
4,6,60.36069811406291,56.96721373187688,8.169924810680351,137.03933669980296,19.802369058005578
4,7,60.36069811406291,56.96721373187688,7.99837535564798,115.83350229218642,14.752934885272522
4,8,60.36069811406291,56.96721373187688,7.201714006771659,284.1315004420816,13.956558171254999
4,9,60.36069811406291,56.96721373187688,9.943836593234067,373.2397867637395,10.716263868971172
4,10,60.36069811406291,56.96721373187688,10.853496999099452,383.9974896485513,14.797178616608035
4,11,60.36069811406291,56.96721373187688,3.197492934138178,361.44037587499946,14.776110772754159
5,0,89.75533181429606,51.189279329908985,9.123489007873369,395.1106580492513,20.276526802053755
5,1,89.75533181429606,51.189279329908985,5.909638221849093,300.4427615906198,23.435919998518315
5,2,89.75533181429606,51.189279329908985,8.875924035034924,475.9044551107176,25.669002795196675
5,3,89.75533181429606,51.189279329908985,8.437252041379148,175.06380532277257,29.98004260896881
5,4,89.75533181429606,51.189279329908985,8.664821275474514,119.25518657715196,25.513513832939978
5,5,89.75533181429606,51.189279329908985,7.847122627080229,133.26033362821383,23.645830702468423
5,6,89.75533181429606,51.189279329908985,7.161501650794659,164.2228795787666,21.40742063128885
5,7,89.75533181429606,51.189279329908985,9.649038132535573,166.39458973638455,15.985884061888948
5,8,89.75533181429606,51.189279329908985,6.1933671423805245,257.82174480022803,13.564159478946616
5,9,89.75533181429606,51.189279329908985,10.939640384926403,400.97046045491635,12.955444148667333
5,10,89.75533181429606,51.189279329908985,9.523280298601264,456.5517595731532,14.48539065996939
5,11,89.75533181429606,51.189279329908985,5.509343126902339,329.56891305201407,17.949132608012658
6,0,49.2008130292695,50.70986609153579,4.818000639813939,353.8598984631801,19.329253514642673
6,1,49.2008130292695,50.70986609153579,11.29520478278656,408.1769042616072,23.261987040448904
6,2,49.2008130292695,50.70986609153579,7.827569839008748,328.73210169686183,26.582887655033314
6,3,49.2008130292695,50.70986609153579,5.954439240338112,265.87923425198073,28.77696859480705
6,4,49.2008130292695,50.70986609153579,9.89754286231838,107.45291665265307,28.11493810740864
6,5,49.2008130292695,50.70986609153579,8.274275562315498,124.75378521973985,23.37915430745423
6,6,49.2008130292695,50.70986609153579,9.01891854760182,123.24281289466165,22.08656564231685
6,7,49.2008130292695,50.70986609153579,8.08547143910055,169.06151445797158,14.992522296210083
6,8,49.2008130292695,50.70986609153579,8.258834446338202,342.34051496469465,11.812615251273138
6,9,49.2008130292695,50.70986609153579,9.27776739552478,323.54847459475,11.453636159448816
6,10,49.2008130292695,50.70986609153579,9.728142191979344,337.5361469736364,13.576700974415846
6,11,49.2008130292695,50.70986609153579,4.231487874167266,306.73118195206484,15.504212597945768
7,0,31.29732521345772,58.8428534289187,7.861257639380882,311.95232777694787,21.436608825440345
7,1,31.29732521345772,58.8428534289187,9.44661904756023,304.7833095968709,23.58028674475639
7,2,31.29732521345772,58.8428534289187,10.102814582636949,306.3058041712259,28.347794151850632
7,3,31.29732521345772,58.8428534289187,7.35194280012904,174.26951192632848,30.405744089145504
7,4,31.29732521345772,58.8428534289187,7.871835471979134,156.7833442883761,28.668589324025294
7,5,31.29732521345772,58.8428534289187,6.460621743851622,132.47885301918282,25.319763394945035
7,6,31.29732521345772,58.8428534289187,4.604106521487932,119.08017786369633,19.928759948727354
7,7,31.29732521345772,58.8428534289187,6.909791728814305,215.86947261919948,16.867381533755815
7,8,31.29732521345772,58.8428534289187,9.057745531609651,261.48937388446063,14.21024164419247
7,9,31.29732521345772,58.8428534289187,7.844631912168537,363.69978802722244,12.322648256617578
7,10,31.29732521345772,58.8428534289187,10.256053473461606,521.2534265706252,13.518581916837011
7,11,31.29732521345772,58.8428534289187,6.844181903245936,321.47964112354686,17.10687821926269
8,0,39.01517762535227,65.50294317524752,8.903232042670869,460.0756316506368,19.770640150274104
8,1,39.01517762535227,65.50294317524752,7.619366213749618,327.0068949739057,23.710266098042453
8,2,39.01517762535227,65.50294317524752,8.798265660128447,432.537192859664,26.689982317052397
8,3,39.01517762535227,65.50294317524752,6.500328873970648,231.0082388579071,27.745708269568595
8,4,39.01517762535227,65.50294317524752,7.704745945092919,120.19440126071085,27.34192430407188
8,5,39.01517762535227,65.50294317524752,7.846969352626498,119.43567409411531,23.85374534287875
8,6,39.01517762535227,65.50294317524752,8.436545521244597,107.01115870879981,19.966638550026616
8,7,39.01517762535227,65.50294317524752,11.796776211107732,112.80424282443661,15.222871698731455
8,8,39.01517762535227,65.50294317524752,5.520264774447059,331.06697969007143,13.115996806996089
8,9,39.01517762535227,65.50294317524752,9.690585090210051,300.9238574189391,11.439567778324804
8,10,39.01517762535227,65.50294317524752,6.642976960476282,367.68675798421685,14.417246463606107
8,11,39.01517762535227,65.50294317524752,8.195583605048839,266.10827311285726,13.906478574576346
9,0,55.857184135815324,65.51100134215983,7.456986419681857,313.01486787573987,19.93676002807185
9,1,55.857184135815324,65.51100134215983,7.967483623949761,397.7708183119216,23.95938660925631
9,2,55.857184135815324,65.51100134215983,11.011491114504317,368.31552094345005,27.035417050856662
9,3,55.857184135815324,65.51100134215983,7.41998974481412,317.9496261221241,27.88499255543103
9,4,55.857184135815324,65.51100134215983,11.475796485283952,132.2232335835822,27.570654503907882
9,5,55.857184135815324,65.51100134215983,5.842437457331181,138.91359530469694,24.570753601079442
9,6,55.857184135815324,65.51100134215983,8.135317703441611,151.40442813740674,19.250205852676118
9,7,55.857184135815324,65.51100134215983,7.219650696689306,136.04723776590293,16.30885172899236
9,8,55.857184135815324,65.51100134215983,5.729702903434294,317.7549538712719,12.58502101109727
9,9,55.857184135815324,65.51100134215983,8.697192700801299,345.75393744261976,12.65788400493534
9,10,55.857184135815324,65.51100134215983,6.7137158238777115,463.63096478456833,12.794585760089728
9,11,55.857184135815324,65.51100134215983,9.584224501865233,320.7616845076722,15.139785912363378
10,0,35.26572321997246,62.37665871654125,6.431716422930402,342.6996672383603,18.92268806084826
10,1,35.26572321997246,62.37665871654125,8.472124018265536,369.0453732649465,23.12207114579963
10,2,35.26572321997246,62.37665871654125,8.494015710307862,423.42584146638154,28.084307674328315
10,3,35.26572321997246,62.37665871654125,11.550295688008799,273.1327549965631,29.610252517088504
10,4,35.26572321997246,62.37665871654125,8.863782990199407,149.06383058505867,26.072612803651108
10,5,35.26572321997246,62.37665871654125,6.806598023934894,130.91440324134936,23.712223375854318
10,6,35.26572321997246,62.37665871654125,4.754192215066194,143.26371471717337,19.376060368870547
10,7,35.26572321997246,62.37665871654125,7.745615392463429,155.58380296791276,16.025699913840906
10,8,35.26572321997246,62.37665871654125,10.397236727718116,273.25650812284624,12.257808087283335
10,9,35.26572321997246,62.37665871654125,9.0981708954521,239.36300586666397,12.478746235077816
10,10,35.26572321997246,62.37665871654125,6.46007161462128,332.0029850264476,14.390665719167401
10,11,35.26572321997246,62.37665871654125,8.271959387982726,383.05525558081763,15.138020175593315
11,0,45.16544094422707,65.06084847325278,9.109962386128794,324.3645305409752,21.752758080320895
11,1,45.16544094422707,65.06084847325278,7.481907428192627,411.1396249257265,24.035550599012343
11,2,45.16544094422707,65.06084847325278,8.116205131355384,474.7647771933649,28.499335563495418
11,3,45.16544094422707,65.06084847325278,7.789706984431618,182.99412168135322,27.8623151977463
11,4,45.16544094422707,65.06084847325278,8.174010199234182,119.16730073016929,26.368895536931632
11,5,45.16544094422707,65.06084847325278,9.980948510681818,136.81519403598767,24.388398545448677
11,6,45.16544094422707,65.06084847325278,3.1275661342185517,150.930163228615,19.715281518830217
11,7,45.16544094422707,65.06084847325278,2.6581970942695348,200.9948021728294,15.04073484586059
11,8,45.16544094422707,65.06084847325278,10.094410564723328,234.4689110377431,14.721288878594004
11,9,45.16544094422707,65.06084847325278,7.141726546771201,371.8546011769249,12.960456674920358
11,10,45.16544094422707,65.06084847325278,10.239140142238883,412.9958522612057,11.449752468652298
11,11,45.16544094422707,65.06084847325278,10.956168320519776,364.2861716620082,15.850581542098402
12,0,74.50297876531597,60.07662243842701,7.119835987577306,362.28148523972123,20.451773800148235
12,1,74.50297876531597,60.07662243842701,7.612198791759028,426.5151165836971,22.99470167218276
12,2,74.50297876531597,60.07662243842701,10.118546950687008,309.41397232051975,27.301727800666207
12,3,74.50297876531597,60.07662243842701,10.170791897458749,214.15273918130072,28.815869817292267
12,4,74.50297876531597,60.07662243842701,8.720351571729275,151.063082308625,27.720250531770077
12,5,74.50297876531597,60.07662243842701,9.60259954901043,131.3303774498535,25.231494701164973
12,6,74.50297876531597,60.07662243842701,7.373045028894587,105.1249122852238,20.728722288764455
12,7,74.50297876531597,60.07662243842701,8.85182103777661,173.50417914698775,15.905126319691007
12,8,74.50297876531597,60.07662243842701,7.168066124921058,229.53559615778858,12.072577374001826
12,9,74.50297876531597,60.07662243842701,9.511192513118752,208.7027188568022,13.198132943396574
12,10,74.50297876531597,60.07662243842701,6.59232748504143,448.93721918356914,14.651757887028566
12,11,74.50297876531597,60.07662243842701,7.9867747715772515,329.949212433466,14.59617647248352
13,0,78.47731570023905,59.41690070755243,8.475923682852063,329.46349715934196,19.157737005580298
13,1,78.47731570023905,59.41690070755243,3.4639975779331005,455.17120754458557,26.52434968690195
13,2,78.47731570023905,59.41690070755243,11.076953243556162,412.97050150284997,25.883097137536353
13,3,78.47731570023905,59.41690070755243,4.772856746866848,278.44482031669986,27.730614862835584
13,4,78.47731570023905,59.41690070755243,7.371449159927745,147.34997577927737,27.704057559571748
13,5,78.47731570023905,59.41690070755243,7.183872400047639,142.38310016880394,25.163325709250046
13,6,78.47731570023905,59.41690070755243,7.678034695606334,179.7977707762863,19.35023947570329
13,7,78.47731570023905,59.41690070755243,3.9059422305136087,159.4566376514981,14.987581364239468
13,8,78.47731570023905,59.41690070755243,9.264537475942605,225.5442361349649,13.557719425637433
13,9,78.47731570023905,59.41690070755243,8.721273285440665,353.9240978478755,10.541283066537865
13,10,78.47731570023905,59.41690070755243,8.469272812640154,453.1023854689901,12.164981142235648
13,11,78.47731570023905,59.41690070755243,8.88886140700347,331.32041364474753,15.47466014039035
14,0,52.62112034096491,62.74232395296943,10.593471867119359,326.0433225697898,19.78749915341042
14,1,52.62112034096491,62.74232395296943,7.447147550588845,485.77766548398836,23.7889250553252
14,2,52.62112034096491,62.74232395296943,6.751931642383593,349.8436017020972,26.560611987446716
14,3,52.62112034096491,62.74232395296943,9.843967175171922,251.40555286922623,28.510187764683277
14,4,52.62112034096491,62.74232395296943,5.778430512814739,141.262871035233,27.282670646877904
14,5,52.62112034096491,62.74232395296943,7.229693778738635,156.52863318559815,23.40270670762727
14,6,52.62112034096491,62.74232395296943,6.175287544213875,121.00672224928303,18.401437751234944
14,7,52.62112034096491,62.74232395296943,10.249651637877333,185.48746464538132,17.15374784389034
14,8,52.62112034096491,62.74232395296943,7.880751135409792,292.37964162718157,12.873092041709283
14,9,52.62112034096491,62.74232395296943,9.998257966211844,379.215636409148,11.945507120396723
14,10,52.62112034096491,62.74232395296943,9.171710173174464,411.3794188971897,13.514425771834492
14,11,52.62112034096491,62.74232395296943,5.938639639306162,514.3842547374003,14.854911556401634
15,0,48.6703625029336,67.02090786468712,7.841944568857996,304.51566150680907,19.74915666739891
15,1,48.6703625029336,67.02090786468712,5.981030107321697,355.16073113202793,23.16139569385276
15,2,48.6703625029336,67.02090786468712,4.368163408096287,455.38052889299087,25.6171431859815
15,3,48.6703625029336,67.02090786468712,8.026100195387327,232.75577805747025,27.60211001786031
15,4,48.6703625029336,67.02090786468712,5.89287014624559,159.54819793539775,26.687261575832483
15,5,48.6703625029336,67.02090786468712,7.728043628693897,66.72800069102034,23.371976547157665
15,6,48.6703625029336,67.02090786468712,7.536716195436553,176.59004690140068,20.015581461344055
15,7,48.6703625029336,67.02090786468712,10.990454084048825,124.33242491647653,15.706047986441172
15,8,48.6703625029336,67.02090786468712,7.201829796298107,266.086769617706,13.759234847779174
15,9,48.6703625029336,67.02090786468712,6.783055137928261,355.1830534503836,13.914412965877405
15,10,48.6703625029336,67.02090786468712,7.681640893415659,460.05231905805357,13.167333896907202
15,11,48.6703625029336,67.02090786468712,5.768363473441408,387.9099619846749,17.22100424583506
16,0,53.614763626551174,67.21434928071092,8.22065968421292,426.55060373852376,18.841827630167344
16,1,53.614763626551174,67.21434928071092,8.975212134573766,445.32703394384964,23.60576713348645
16,2,53.614763626551174,67.21434928071092,6.871361115827327,334.72522201528096,26.564020014182162
16,3,53.614763626551174,67.21434928071092,5.491697769063329,282.6172424920354,27.81604160196103
16,4,53.614763626551174,67.21434928071092,6.377426763689803,141.9647744116616,26.902089276205004
16,5,53.614763626551174,67.21434928071092,9.515925305783718,88.68153131842914,23.460864186257012
16,6,53.614763626551174,67.21434928071092,6.464850172797737,109.61544459279725,20.52560436352878
16,7,53.614763626551174,67.21434928071092,7.8209008210165925,146.53394473374465,16.710432901800385
16,8,53.614763626551174,67.21434928071092,6.359102537341461,268.8949414380191,12.43453839544031
16,9,53.614763626551174,67.21434928071092,6.268520052545707,376.5721312070365,13.052145903428002
16,10,53.614763626551174,67.21434928071092,9.288472192636556,414.2066390241932,11.967089752947086
16,11,53.614763626551174,67.21434928071092,4.344882498562239,335.6035251421262,16.144776648898535
17,0,52.09914382363681,62.37842610897232,10.637322465296505,359.6881957384203,21.285966569438166
17,1,52.09914382363681,62.37842610897232,8.378751735310761,360.1237436423607,23.205369228907166
17,2,52.09914382363681,62.37842610897232,9.413846322420913,317.19248125315534,26.70199558789221
17,3,52.09914382363681,62.37842610897232,6.73375986275224,255.95513512254036,29.363311716737048
17,4,52.09914382363681,62.37842610897232,5.584033803241921,153.96320575592063,27.486028010375016
17,5,52.09914382363681,62.37842610897232,2.9653432510363738,123.32646837399975,22.639351735252937
17,6,52.09914382363681,62.37842610897232,6.647687339336102,143.68245036823322,19.951248453319185
17,7,52.09914382363681,62.37842610897232,9.153014976545325,240.02305358659413,15.989990440861625
17,8,52.09914382363681,62.37842610897232,8.35478135632367,274.8214415863306,11.139737879185093
17,9,52.09914382363681,62.37842610897232,8.587112348560579,410.0157371545916,11.676966456342022
17,10,52.09914382363681,62.37842610897232,5.944662279231665,351.4787855405913,13.331190200375918
17,11,52.09914382363681,62.37842610897232,6.614720829776948,418.5191222995752,16.582522060765193
18,0,37.375881281244865,53.44746289366302,9.979634117453081,408.4799992156394,20.411224243069437
18,1,37.375881281244865,53.44746289366302,5.2305149600124645,350.94573308458126,25.495487942216865
18,2,37.375881281244865,53.44746289366302,5.5318968966391076,451.7290645236862,25.385078769312535
18,3,37.375881281244865,53.44746289366302,11.103544137453902,142.79540853191153,28.295474119695697
18,4,37.375881281244865,53.44746289366302,9.19586814760974,147.06066799140254,26.40040511978413
18,5,37.375881281244865,53.44746289366302,9.794677671047054,145.13090607451403,24.071320320687015
18,6,37.375881281244865,53.44746289366302,7.255747011263884,160.5926185673558,19.291815148994917
18,7,37.375881281244865,53.44746289366302,5.874198921455225,228.7255208548444,16.48974330461037
18,8,37.375881281244865,53.44746289366302,7.587275814099228,292.580509385613,12.426855639913509
18,9,37.375881281244865,53.44746289366302,8.522695159538813,359.1118696412632,12.754064189677383
18,10,37.375881281244865,53.44746289366302,10.416227004271,426.18950461768435,12.962845239810171
18,11,37.375881281244865,53.44746289366302,11.27987321561767,392.07381372740247,14.950256423756136
19,0,39.36834299216518,57.17350238538251,7.181955029490126,370.51196835693275,17.458003182497215
19,1,39.36834299216518,57.17350238538251,9.158668047670458,453.6366608429185,25.055255161350427
19,2,39.36834299216518,57.17350238538251,6.640494271516901,391.8219858425477,25.124082166752636
19,3,39.36834299216518,57.17350238538251,7.025986465481339,262.7139880809607,27.621511643091164
19,4,39.36834299216518,57.17350238538251,7.244815775667016,139.02799563737466,27.18644257796425
19,5,39.36834299216518,57.17350238538251,5.5522988214513775,130.61415985662987,25.76777182794413
19,6,39.36834299216518,57.17350238538251,5.806508688188988,174.12655351662127,19.48032898251933
19,7,39.36834299216518,57.17350238538251,12.640126306520365,160.9759173463394,13.58201175447885
19,8,39.36834299216518,57.17350238538251,6.031057990595329,232.87464902933587,12.343980605012423
19,9,39.36834299216518,57.17350238538251,11.291192622679224,424.70958143483045,11.772891157681066
19,10,39.36834299216518,57.17350238538251,6.810142879550093,499.17111548689286,12.751643840886581
19,11,39.36834299216518,57.17350238538251,8.854572985795173,446.3058775178367,14.219422032197249
20,0,54.13486435264452,50.0,5.036587553235421,375.2952398044447,18.917542480815726
20,1,54.13486435264452,50.0,11.982292382053812,369.5710621741598,24.226509413424786
20,2,54.13486435264452,50.0,9.120279284994952,415.08298534007275,25.864870643095813
20,3,54.13486435264452,50.0,5.25536536802422,223.83639090221143,26.53837356273126
20,4,54.13486435264452,50.0,8.027658852004576,149.81249384494524,26.51284271066296
20,5,54.13486435264452,50.0,9.513779003331027,107.21363817883733,23.674086847548985
20,6,54.13486435264452,50.0,5.299650121681896,143.7129402215165,22.501119012040782
20,7,54.13486435264452,50.0,10.795676563515013,197.3964598078768,16.623869390512645
20,8,54.13486435264452,50.0,7.476144436227951,277.2196497031859,13.704780955238645
20,9,54.13486435264452,50.0,7.933349575067527,324.0167761772309,13.732148151990785
20,10,54.13486435264452,50.0,5.013059348914769,444.06187520956576,13.003435260749601
20,11,54.13486435264452,50.0,7.366572778091292,261.55700278837145,15.095505159457442
21,0,47.36084955071916,65.42420779377082,10.339100625860672,301.2123987708123,20.059440874204938
21,1,47.36084955071916,65.42420779377082,8.041248797191598,366.3747823156391,21.525158316155657
21,2,47.36084955071916,65.42420779377082,6.865231261648139,365.3390412468654,25.988619602339355
21,3,47.36084955071916,65.42420779377082,5.918640568869639,226.9950483591186,29.82219936698818
21,4,47.36084955071916,65.42420779377082,6.594620090559175,122.50931268665136,26.75485436484466
21,5,47.36084955071916,65.42420779377082,10.083615535232244,151.37957695920156,23.697851703037188
21,6,47.36084955071916,65.42420779377082,7.586650840201112,169.87650233480542,20.09718818921168
21,7,47.36084955071916,65.42420779377082,5.88651335887707,162.85019606659355,17.56262866180568
21,8,47.36084955071916,65.42420779377082,10.209845814048391,340.4552656268984,13.143572974807446
21,9,47.36084955071916,65.42420779377082,7.954758141915876,360.99480806313994,12.090784712508679
21,10,47.36084955071916,65.42420779377082,11.275236960596743,389.86112545342064,11.908896423161043
21,11,47.36084955071916,65.42420779377082,11.431013217242946,384.3729867365025,15.709021786334112
22,0,51.98262807551517,59.89391036848277,8.526785587409298,375.6596859194211,20.469385521132956
22,1,51.98262807551517,59.89391036848277,5.901746798627107,446.73406444430793,22.66481740515985
22,2,51.98262807551517,59.89391036848277,6.765019602426108,496.8942395869815,27.19843381789707
22,3,51.98262807551517,59.89391036848277,9.806955979098436,227.2432454363547,27.690547005745604
22,4,51.98262807551517,59.89391036848277,9.502032927912863,123.50538008212926,26.863712603697376
22,5,51.98262807551517,59.89391036848277,7.767826334680917,109.7786168070449,25.551133298524103
22,6,51.98262807551517,59.89391036848277,9.479270930541443,85.92701285160018,20.913683189847685
22,7,51.98262807551517,59.89391036848277,8.088660030824151,165.91153138039638,15.03669213168508
22,8,51.98262807551517,59.89391036848277,4.613218806996445,331.6608140215443,13.532910355065333
22,9,51.98262807551517,59.89391036848277,9.082926346987206,363.6349383127118,12.357672232009381
22,10,51.98262807551517,59.89391036848277,7.668288756640326,395.72989998179185,11.646065939722234
22,11,51.98262807551517,59.89391036848277,8.027670216553313,314.7388345252061,13.91479621015256
23,0,66.15863096269686,66.80427812949327,7.0304669148666115,357.6063591368631,18.187046829062993
23,1,66.15863096269686,66.80427812949327,11.416809095935445,441.8059800153225,25.15507514618297
23,2,66.15863096269686,66.80427812949327,8.281635680244971,386.77955813125806,26.809191726772816
23,3,66.15863096269686,66.80427812949327,5.688584694139575,225.5305967565158,28.323100237832865
23,4,66.15863096269686,66.80427812949327,7.645117049593185,143.63949404500656,27.651749976512047
23,5,66.15863096269686,66.80427812949327,11.705346754377734,120.30584383579583,23.419134150226732
23,6,66.15863096269686,66.80427812949327,7.246252221080093,164.49282169848055,19.572042832615992
23,7,66.15863096269686,66.80427812949327,6.148752719459502,195.92884769405924,17.36602394519619
23,8,66.15863096269686,66.80427812949327,8.2844749227746,241.62815750810694,12.860570809176618
23,9,66.15863096269686,66.80427812949327,8.8130218789939,308.380369135772,12.622809518231541
23,10,66.15863096269686,66.80427812949327,8.79612519160878,419.33887298500446,13.88875100869186
23,11,66.15863096269686,66.80427812949327,6.884001858670644,398.4083178459421,16.116506854039184
24,0,80.51473609894252,66.86563520564353,7.588959019124647,352.69937148200717,20.464778812105866
24,1,80.51473609894252,66.86563520564353,7.456538094414002,322.10967077346396,23.84469274642673
24,2,80.51473609894252,66.86563520564353,9.51513622075877,390.0518131546877,26.925518734383427
24,3,80.51473609894252,66.86563520564353,7.699821811229979,220.1911209681287,26.946348425169976
24,4,80.51473609894252,66.86563520564353,9.115838118231018,132.5120087419975,26.72580028195581
24,5,80.51473609894252,66.86563520564353,14.33769748701745,80.38414990422304,22.588808695476757
24,6,80.51473609894252,66.86563520564353,8.576247345974476,127.20535801565693,20.106379683272767
24,7,80.51473609894252,66.86563520564353,8.490103608928663,158.91502130562378,17.68898666791567
24,8,80.51473609894252,66.86563520564353,8.34816075853173,271.52750015045984,13.132663462324304
24,9,80.51473609894252,66.86563520564353,5.99948884885501,335.45127993011045,13.043373716240582
24,10,80.51473609894252,66.86563520564353,9.990424613200913,280.66525803796236,13.886141764736607
24,11,80.51473609894252,66.86563520564353,6.792666600905308,347.19973917368844,14.137732865229664
25,0,80.16400880209181,59.29795333348132,11.658168126406315,337.39684393951103,21.023254142546904
25,1,80.16400880209181,59.29795333348132,7.070686056920096,525.7287789392869,25.6545404976754
25,2,80.16400880209181,59.29795333348132,11.361131361501677,368.24567161490495,27.408487441877828
25,3,80.16400880209181,59.29795333348132,7.255051387688721,249.94293797597388,27.914764337378298
25,4,80.16400880209181,59.29795333348132,9.857659686089915,172.73422247151981,27.786415028211863
25,5,80.16400880209181,59.29795333348132,7.7212115498288085,122.1213573803953,22.884766583211363
25,6,80.16400880209181,59.29795333348132,11.166464668218541,127.4375460153969,20.38471017115017
25,7,80.16400880209181,59.29795333348132,12.016957276426346,185.59935672915128,15.834556302116678
25,8,80.16400880209181,59.29795333348132,8.17780754540966,227.88781574412405,13.032698910707694
25,9,80.16400880209181,59.29795333348132,7.97258282949619,349.87672208976255,13.1361449293669
25,10,80.16400880209181,59.29795333348132,7.647311049798659,329.33683637188807,12.14632203631607
25,11,80.16400880209181,59.29795333348132,8.009281850184518,397.40240869464503,16.86115117946373
26,0,33.32253782924906,63.487302943052725,8.400031246445046,297.92783837877334,19.595597284543466
26,1,33.32253782924906,63.487302943052725,9.03465676570174,307.4060868401242,23.32390776362263
26,2,33.32253782924906,63.487302943052725,9.495395483212713,450.42619607587085,26.083055261875803
26,3,33.32253782924906,63.487302943052725,7.47510374722318,287.19591353747063,27.543003465741172
26,4,33.32253782924906,63.487302943052725,8.367801745802213,119.93399733723193,26.666162289570465
26,5,33.32253782924906,63.487302943052725,7.8044557916729005,101.1448917908046,21.267981230455582
26,6,33.32253782924906,63.487302943052725,7.089421546278462,168.26464579718547,22.87506244538991
26,7,33.32253782924906,63.487302943052725,10.535513616288942,227.88591583570764,15.676633470345825
26,8,33.32253782924906,63.487302943052725,7.264234124705236,250.70501894807478,13.135536237431044
26,9,33.32253782924906,63.487302943052725,7.84016904603163,364.6811857529641,11.071274194697997
26,10,33.32253782924906,63.487302943052725,7.849421032503828,361.7827838121142,13.750410393259985
26,11,33.32253782924906,63.487302943052725,7.734834204584252,418.0616983604053,15.59146311255924
27,0,66.77655430131469,59.929914849680856,6.829692250549501,330.29306449284513,21.03846209638589
27,1,66.77655430131469,59.929914849680856,7.950671167727897,265.0213949829285,25.619244107401283
27,2,66.77655430131469,59.929914849680856,12.553704839631788,428.5550491345128,26.375902034130736
27,3,66.77655430131469,59.929914849680856,6.596094772279021,289.7308821005882,28.5433799442101
27,4,66.77655430131469,59.929914849680856,6.4597196149902825,133.67887285595987,26.681576254918483
27,5,66.77655430131469,59.929914849680856,9.59933086935489,118.22512722291509,23.445862229896846
27,6,66.77655430131469,59.929914849680856,5.021070392545321,131.0006741566132,19.392860057082405
27,7,66.77655430131469,59.929914849680856,8.725307305180674,177.95919885107514,16.2959672010764
27,8,66.77655430131469,59.929914849680856,6.27751911537501,252.7942561155634,14.015323162820742
27,9,66.77655430131469,59.929914849680856,5.833823299436187,295.35390207286196,11.802839347199162
27,10,66.77655430131469,59.929914849680856,4.6822895358638394,450.9104934130295,12.473334394211301
27,11,66.77655430131469,59.929914849680856,9.242977918072235,403.790268180827,15.532551510559149
28,0,70.02149143473913,52.832147305046256,5.487783340810632,281.7002186066144,19.143221937605315
28,1,70.02149143473913,52.832147305046256,8.189880552555362,481.8006782618263,25.00785421697111
28,2,70.02149143473913,52.832147305046256,7.088426415874264,327.27282992934965,26.987649698015147
28,3,70.02149143473913,52.832147305046256,9.506117814023819,258.9638248203801,28.483524044476205
28,4,70.02149143473913,52.832147305046256,6.958979177441168,151.58827706172286,26.524258214269388
28,5,70.02149143473913,52.832147305046256,11.541883077883309,141.60055752703133,22.20904614428969
28,6,70.02149143473913,52.832147305046256,9.619902878246366,133.0884335262031,19.25534491636049
28,7,70.02149143473913,52.832147305046256,10.831853098154587,183.0741746544458,15.184584612225734
28,8,70.02149143473913,52.832147305046256,5.467856019919583,303.35907349697726,13.219269258515538
28,9,70.02149143473913,52.832147305046256,8.80254129369852,237.97705789917535,13.050757488386305
28,10,70.02149143473913,52.832147305046256,10.425539194378384,384.4480715358072,13.834534400021733
28,11,70.02149143473913,52.832147305046256,9.404101010309581,298.0553631962595,15.733785969308485
29,0,43.65137975572689,62.35227644251209,5.310748027110531,340.72893851772426,20.100105599043076
29,1,43.65137975572689,62.35227644251209,5.030578262863439,395.57446796285603,25.109253396437726
29,2,43.65137975572689,62.35227644251209,6.331928626506641,420.8366865317604,27.062784612294244
29,3,43.65137975572689,62.35227644251209,6.371686575447142,242.84191983626837,25.321155143120087
29,4,43.65137975572689,62.35227644251209,9.594994981723914,133.87981406321168,26.732788305237154
29,5,43.65137975572689,62.35227644251209,8.575266174912693,115.69563826777053,23.281563177749078
29,6,43.65137975572689,62.35227644251209,4.634178641955966,179.43782941475024,21.364497937152812
29,7,43.65137975572689,62.35227644251209,8.627896880788892,170.1844014520061,14.862947964287608
29,8,43.65137975572689,62.35227644251209,8.768836583327875,222.58884142020753,12.402816178134584
29,9,43.65137975572689,62.35227644251209,9.042771921396074,356.3207546227869,13.829813579932877
29,10,43.65137975572689,62.35227644251209,7.1591163278395795,369.1279348570948,11.854105052133178
29,11,43.65137975572689,62.35227644251209,5.918722076449708,284.6501286180397,16.290339475368175
30,0,24.777068057538244,61.139598609975934,5.465064579650992,316.63900409679627,21.100115100426578
30,1,24.777068057538244,61.139598609975934,8.449849750915941,409.49616318261104,25.959328813892405
30,2,24.777068057538244,61.139598609975934,4.624099539788899,375.3879756527241,28.421424926831794
30,3,24.777068057538244,61.139598609975934,5.825737977067626,232.64556997821927,27.680409297588902
30,4,24.777068057538244,61.139598609975934,9.920004938383933,128.3874731599447,25.64755766750154
30,5,24.777068057538244,61.139598609975934,10.012173868980186,113.50333761478966,24.45352290948415
30,6,24.777068057538244,61.139598609975934,9.172406796099017,167.5284165122087,18.759928857541162
30,7,24.777068057538244,61.139598609975934,6.7159601596818135,201.22944546539682,16.65512851542593
30,8,24.777068057538244,61.139598609975934,10.526597814759336,268.25361445090954,14.151291817281185
30,9,24.777068057538244,61.139598609975934,4.194872443971465,331.4779261292833,13.20564732189408
30,10,24.777068057538244,61.139598609975934,5.583897892813722,387.9981809038903,13.09714415738744
30,11,24.777068057538244,61.139598609975934,7.321763715755502,362.01329726206177,16.35551912919281
31,0,75.84025322594037,61.21662418353284,8.918039768915182,416.53506030207825,20.23904795473711
31,1,75.84025322594037,61.21662418353284,4.945502109339291,437.08115957783343,24.149588319423003
31,2,75.84025322594037,61.21662418353284,9.46886945690757,345.44050855629405,26.19720306778769
31,3,75.84025322594037,61.21662418353284,7.338361674423392,209.7545521951715,28.178640690804855
31,4,75.84025322594037,61.21662418353284,7.429684748621297,118.62545484383149,27.50136868057033
31,5,75.84025322594037,61.21662418353284,6.702613191440135,125.76285525905087,24.668910666784058
31,6,75.84025322594037,61.21662418353284,10.35330200651272,136.44288021220692,19.92302315317244
31,7,75.84025322594037,61.21662418353284,6.203409100335034,143.08516838089628,16.064568278017244
31,8,75.84025322594037,61.21662418353284,4.715961735836687,251.40110599760465,12.791312423109886
31,9,75.84025322594037,61.21662418353284,8.592178549885434,405.1820470982689,10.966958824587742
31,10,75.84025322594037,61.21662418353284,9.170087620804392,338.2924139413498,12.83343635108613
31,11,75.84025322594037,61.21662418353284,8.315840347648248,369.443441451334,16.302941924996826
32,0,37.900612713849824,68.31891434390377,2.9149347007007753,338.5704423952988,20.45300212218481
32,1,37.900612713849824,68.31891434390377,8.913544200992131,424.03484962931833,24.2449646152767
32,2,37.900612713849824,68.31891434390377,6.922434890182604,333.00751508935167,25.4916099909228
32,3,37.900612713849824,68.31891434390377,5.732149975901017,237.6628844549895,27.091028163069534
32,4,37.900612713849824,68.31891434390377,9.232540052406067,99.69060471833791,28.512590561715754
32,5,37.900612713849824,68.31891434390377,10.614168775129393,148.799170578283,23.402617427824797
32,6,37.900612713849824,68.31891434390377,5.755159056288701,131.6964541718552,20.239103166151338
32,7,37.900612713849824,68.31891434390377,7.789422254543397,177.0432730799646,15.683479027860667
32,8,37.900612713849824,68.31891434390377,6.182979767684333,297.7857165719229,12.022678344070576
32,9,37.900612713849824,68.31891434390377,8.114313617046356,302.71553003191616,13.45519452071892
32,10,37.900612713849824,68.31891434390377,7.6576408874334465,543.1385711994789,13.696056990519908
32,11,37.900612713849824,68.31891434390377,9.269597891549369,434.50988086970636,16.479876817330442
33,0,40.46835820798704,55.49670922449579,6.9796208138779114,401.16945159598913,21.965987036437678
33,1,40.46835820798704,55.49670922449579,4.938634693375297,338.21912349296235,24.087912423414195
33,2,40.46835820798704,55.49670922449579,8.7863073100526,353.07704756507906,27.813635755551825
33,3,40.46835820798704,55.49670922449579,8.459908620852023,267.47012788965037,28.25288115573844
33,4,40.46835820798704,55.49670922449579,10.408131046937715,134.45378670358028,29.716822302095473
33,5,40.46835820798704,55.49670922449579,5.551032727179504,157.73403548035208,25.733398184126656
33,6,40.46835820798704,55.49670922449579,8.018494348580909,168.964193732166,21.36764542920688
33,7,40.46835820798704,55.49670922449579,11.412207883989563,204.07115412316767,17.22632891827354
33,8,40.46835820798704,55.49670922449579,7.548569071907298,261.2698466393873,12.460237853729152
33,9,40.46835820798704,55.49670922449579,9.668911979779201,336.79542340377833,12.9456193464376
33,10,40.46835820798704,55.49670922449579,8.736572689221012,522.562885182306,13.773821798472364
33,11,40.46835820798704,55.49670922449579,9.144503905335428,434.32391473839584,14.935377711855566
34,0,61.77192838626825,52.51046114017922,6.5483179566462795,253.52916869220792,20.783301836783235
34,1,61.77192838626825,52.51046114017922,5.697855487900327,351.5675430754842,25.68825478409617
34,2,61.77192838626825,52.51046114017922,5.0701099359890724,409.05141424113856,27.879411378798757
34,3,61.77192838626825,52.51046114017922,6.300198736264315,285.61461894150426,28.403632389169903
34,4,61.77192838626825,52.51046114017922,8.927980231153402,135.41579468995153,27.8551800550786
34,5,61.77192838626825,52.51046114017922,10.401724216052225,111.29461644668059,25.645225223253526
34,6,61.77192838626825,52.51046114017922,6.718864684477914,110.52553519368263,21.105381819606066
34,7,61.77192838626825,52.51046114017922,8.436910303133073,157.652006139642,15.879891124575844
34,8,61.77192838626825,52.51046114017922,9.573389967698294,252.4762130484355,14.35354456623217
34,9,61.77192838626825,52.51046114017922,4.642779988053359,372.56331158745905,12.957143742297418
34,10,61.77192838626825,52.51046114017922,7.409021843301543,453.1501053812732,12.341109392278794
34,11,61.77192838626825,52.51046114017922,10.391066721858746,324.66733777703956,15.006998512520775
35,0,36.569726327341144,64.8189827617626,8.790758349022711,395.8018661675258,19.582902520405057
35,1,36.569726327341144,64.8189827617626,8.047199580416365,397.9607681661977,24.438173818961037
35,2,36.569726327341144,64.8189827617626,8.511034381125297,393.1705825783002,26.78879992293305
35,3,36.569726327341144,64.8189827617626,7.7716972954422525,254.6459462572574,27.84729181279579
35,4,36.569726327341144,64.8189827617626,10.437515056916794,144.97363878400887,27.14410645491791
35,5,36.569726327341144,64.8189827617626,8.881034164525799,109.34554406719214,24.413388732241373
35,6,36.569726327341144,64.8189827617626,7.5788958072250345,155.0693148828817,16.380614104681257
35,7,36.569726327341144,64.8189827617626,10.201832367096529,195.50130767688043,17.01720548518489
35,8,36.569726327341144,64.8189827617626,10.415110756827264,319.9532703094733,11.791106613373145
35,9,36.569726327341144,64.8189827617626,8.702229278275876,375.5775148145948,12.278934456741638
35,10,36.569726327341144,64.8189827617626,9.156170965497099,462.1492644359043,13.155793218044785
35,11,36.569726327341144,64.8189827617626,7.274566767840233,398.742585227752,15.583928079870665
36,0,45.92894703376278,66.19800357561533,7.175485713626908,345.5720700495409,18.21555380074393
36,1,45.92894703376278,66.19800357561533,9.22986028199366,318.0815825205493,23.796010523813024
36,2,45.92894703376278,66.19800357561533,9.864086792831513,416.77324973062065,26.129508504720068
36,3,45.92894703376278,66.19800357561533,5.442839675768743,201.57417042123265,28.70023697162559
36,4,45.92894703376278,66.19800357561533,8.385178267041631,130.34910858878573,27.94953533811584
36,5,45.92894703376278,66.19800357561533,7.063326888813195,121.28642948575447,24.5574471758681
36,6,45.92894703376278,66.19800357561533,6.549290568375246,162.7436960378774,19.645740140187797
36,7,45.92894703376278,66.19800357561533,5.663971697428952,200.3850048053133,15.153932243824084
36,8,45.92894703376278,66.19800357561533,5.4769931391810545,296.84473944188534,11.13446771824424
36,9,45.92894703376278,66.19800357561533,5.847080357524687,367.5283312696836,11.53008084670586
36,10,45.92894703376278,66.19800357561533,8.254733154080009,457.8892715556761,13.608760766739065
36,11,45.92894703376278,66.19800357561533,8.688013433030203,388.642981005478,15.16281039517419
37,0,58.48709095052504,63.338005092246874,9.503230422630272,353.8871983286939,19.114286554260172
37,1,58.48709095052504,63.338005092246874,6.7391777690928985,463.2904273258645,23.93196949901753
37,2,58.48709095052504,63.338005092246874,5.701323694516345,331.4631136943535,25.18956126481145
37,3,58.48709095052504,63.338005092246874,7.4443284417334885,278.90537384142,27.72667695276752
37,4,58.48709095052504,63.338005092246874,14.22440896469981,109.85377305042026,26.550777924078435
37,5,58.48709095052504,63.338005092246874,7.127402866561871,143.98466237547825,24.48098478583446
37,6,58.48709095052504,63.338005092246874,5.7395784742543645,127.25919597497978,19.219844074645536
37,7,58.48709095052504,63.338005092246874,4.930273280791852,194.98831134877128,16.518228179018998
37,8,58.48709095052504,63.338005092246874,8.308358723350773,342.6781972592471,12.571807093097089
37,9,58.48709095052504,63.338005092246874,10.599881361124318,353.42472149258367,12.448053195089177
37,10,58.48709095052504,63.338005092246874,7.224869581012465,444.3633601967088,11.694173631553904
37,11,58.48709095052504,63.338005092246874,11.08123915810688,436.84969260603117,18.624965504146175
38,0,54.378914834414985,60.74935109387944,6.642434383096721,341.3472886119146,19.04709812850394
38,1,54.378914834414985,60.74935109387944,6.068846069311701,428.1765260481475,23.536601442320208
38,2,54.378914834414985,60.74935109387944,7.305424655516973,341.8427569414781,25.59362223799992
38,3,54.378914834414985,60.74935109387944,10.363506535873086,208.9053134677491,28.126207700604116
38,4,54.378914834414985,60.74935109387944,7.17828904282468,126.38902440340702,28.594989231253304
38,5,54.378914834414985,60.74935109387944,6.917122665307477,130.75534795543211,24.37570714983547
38,6,54.378914834414985,60.74935109387944,7.869419342473101,105.17037517594463,19.756094014257
38,7,54.378914834414985,60.74935109387944,10.57278287271226,184.10501241929225,17.304363727634886
38,8,54.378914834414985,60.74935109387944,8.87105185626344,211.95037560280403,12.98476733434588
38,9,54.378914834414985,60.74935109387944,8.590823454668634,352.03488590164716,12.847878532596665
38,10,54.378914834414985,60.74935109387944,4.407595510141537,350.11900334889935,12.851736669458608
38,11,54.378914834414985,60.74935109387944,7.410801435883247,398.9978797143349,17.38514669229829
39,0,60.001853434025776,61.67320287541989,8.696289753493312,310.3676652911197,18.72579118112492
39,1,60.001853434025776,61.67320287541989,9.426185631113448,440.2013797614211,24.5302192722742
39,2,60.001853434025776,61.67320287541989,9.559711498871486,348.9186284273841,26.679426193141165
39,3,60.001853434025776,61.67320287541989,5.334146481640037,275.45029094652926,26.301694335539487
39,4,60.001853434025776,61.67320287541989,10.299060825688759,134.2149059481721,28.110425558934008
39,5,60.001853434025776,61.67320287541989,6.411856762067414,96.9004602136052,24.308033862163548
39,6,60.001853434025776,61.67320287541989,10.72228292325656,106.39683035991017,20.009576734261802
39,7,60.001853434025776,61.67320287541989,3.9104678216103936,167.65908023524747,15.915128615376938
39,8,60.001853434025776,61.67320287541989,9.43619895383999,254.17134406862593,13.547096366887976
39,9,60.001853434025776,61.67320287541989,8.2829401757579,409.40856403453205,11.861591215658207
39,10,60.001853434025776,61.67320287541989,12.5245450995798,459.2555134666343,13.319729040229479
39,11,60.001853434025776,61.67320287541989,7.923498743328608,360.83539034514877,14.627612945672475
40,0,41.33573354950853,61.440524220668266,3.5296732213416897,360.0867858562755,19.64205487024625
40,1,41.33573354950853,61.440524220668266,9.149917777463836,319.06641075495753,24.04064704347081
40,2,41.33573354950853,61.440524220668266,7.173941280588472,390.9889681651432,26.421515427263497
40,3,41.33573354950853,61.440524220668266,6.6172994216274095,299.23219008652177,28.60606326284477
40,4,41.33573354950853,61.440524220668266,10.902696390238962,142.43250078384386,25.59775634188405
40,5,41.33573354950853,61.440524220668266,9.691789068187965,131.94893940499537,24.254854157545765
40,6,41.33573354950853,61.440524220668266,8.590134563116003,154.43438018368195,19.24552964235015
40,7,41.33573354950853,61.440524220668266,8.337367724779908,139.77200943923575,16.66886247091406
40,8,41.33573354950853,61.440524220668266,9.057181886822194,254.51514476750845,12.31556178454415
40,9,41.33573354950853,61.440524220668266,11.95784117897875,365.75737613260503,11.77809614002179
40,10,41.33573354950853,61.440524220668266,13.357153066127578,412.2846151776846,12.766367459944584
40,11,41.33573354950853,61.440524220668266,7.4101015283877025,369.75126508095957,16.784770575486778
41,0,43.02283136758819,60.87832609084442,5.863581301046981,404.3988718796435,19.196166076573448
41,1,43.02283136758819,60.87832609084442,4.6176275608973185,440.22674489111307,22.032519870533797
41,2,43.02283136758819,60.87832609084442,5.972394494117671,299.5898898543163,26.491711237771167
41,3,43.02283136758819,60.87832609084442,8.395354952543961,261.3298203820661,27.01255917289429
41,4,43.02283136758819,60.87832609084442,5.736878443059479,158.70345369302953,28.38786249597411
41,5,43.02283136758819,60.87832609084442,7.835444514293064,134.6065069755492,23.474316399569386
41,6,43.02283136758819,60.87832609084442,7.542036076192824,91.4837564489614,20.74977843670177
41,7,43.02283136758819,60.87832609084442,12.103313794567796,119.41593703643028,15.695927870659622
41,8,43.02283136758819,60.87832609084442,8.0461206620372,298.6398828364865,13.493474907240824
41,9,43.02283136758819,60.87832609084442,9.105690670703611,237.72686419674878,12.231962690503728
41,10,43.02283136758819,60.87832609084442,10.062667019678953,434.2114854444336,11.916288489488005
41,11,43.02283136758819,60.87832609084442,4.075766684860364,331.0384373021157,15.52735605512857
42,0,67.71582103999765,58.75456183129034,10.092756367678856,387.8099140478099,20.894737589192168
42,1,67.71582103999765,58.75456183129034,8.491670867916243,411.7672601029809,24.066220712302066
42,2,67.71582103999765,58.75456183129034,9.319639132031726,529.1698226779235,27.16064642872966
42,3,67.71582103999765,58.75456183129034,7.561008864332208,246.92325842372094,28.93300110736307
42,4,67.71582103999765,58.75456183129034,10.644655926499809,127.14414595556073,27.02537776063214
42,5,67.71582103999765,58.75456183129034,7.6118025487152075,106.04703390198486,25.07253639530199
42,6,67.71582103999765,58.75456183129034,8.713756403169214,159.79068418073723,18.890981723718077
42,7,67.71582103999765,58.75456183129034,11.515683578855901,123.1016192816327,14.94061652514657
42,8,67.71582103999765,58.75456183129034,10.961020572065637,329.9252921345867,12.52240468902768
42,9,67.71582103999765,58.75456183129034,5.597022990215493,332.2673300486461,12.324039099875097
42,10,67.71582103999765,58.75456183129034,6.9017416260756255,400.328983463893,13.981575313362178
42,11,67.71582103999765,58.75456183129034,8.03751649928102,403.80012582933034,14.578452553413099
43,0,55.66290200609694,66.31790914861578,7.502510417301654,216.00167699193767,20.542652888808142
43,1,55.66290200609694,66.31790914861578,8.129568711964138,357.5168836193729,25.704990367744166
43,2,55.66290200609694,66.31790914861578,9.95914707718013,364.3232274914545,25.9311341145759
43,3,55.66290200609694,66.31790914861578,9.5264785343677,253.6187500517679,28.01301652723139
43,4,55.66290200609694,66.31790914861578,9.358038512327443,152.69428851233457,26.79266306762065
43,5,55.66290200609694,66.31790914861578,10.049538727010102,139.3377176752015,25.034134322305
43,6,55.66290200609694,66.31790914861578,5.7839236150168105,116.90308957201094,20.80902544202219
43,7,55.66290200609694,66.31790914861578,7.0925794119157715,160.7790074497127,15.309862953124314
43,8,55.66290200609694,66.31790914861578,10.626275892629454,254.27000718169666,12.508486400234455
43,9,55.66290200609694,66.31790914861578,6.101818558200845,409.3317702990801,14.55215007667788
43,10,55.66290200609694,66.31790914861578,5.486678343747602,363.6268932241046,12.91575648231873
43,11,55.66290200609694,66.31790914861578,7.129114310740266,401.6265659232123,15.107001248909569
44,0,50.80388101743718,57.50515842696315,5.700256440273609,312.42780874767107,19.524379396996842
44,1,50.80388101743718,57.50515842696315,7.221854252971173,415.88585074810777,22.72272900568754
44,2,50.80388101743718,57.50515842696315,10.463201474994364,443.83131945676655,26.988977559252774
44,3,50.80388101743718,57.50515842696315,8.24833130400931,198.13796676422945,28.407676506858024
44,4,50.80388101743718,57.50515842696315,8.080388569681904,173.14080752159322,25.600931983096277
44,5,50.80388101743718,57.50515842696315,6.0297955293621825,90.38124239187275,25.40935148587476
44,6,50.80388101743718,57.50515842696315,5.316518108845873,145.025995941525,18.339389071591583
44,7,50.80388101743718,57.50515842696315,10.439867288376321,177.11870221988943,14.216733581576708
44,8,50.80388101743718,57.50515842696315,4.076680411347989,373.04548036607184,13.800280605590988
44,9,50.80388101743718,57.50515842696315,5.802618759392219,329.3734494365345,11.964164441256067
44,10,50.80388101743718,57.50515842696315,11.332092737224254,504.4811945280784,12.846088121483534
44,11,50.80388101743718,57.50515842696315,7.9727441696327235,395.63618697279225,15.062359632366732
45,0,68.42047219652986,53.684195247089555,5.587283593637544,439.302682096862,19.394297924012108
45,1,68.42047219652986,53.684195247089555,10.629169475367709,369.8792414677039,24.377927984481467
45,2,68.42047219652986,53.684195247089555,7.276616377566646,277.687340618771,26.655512307798656
45,3,68.42047219652986,53.684195247089555,8.14606329531046,272.2961721564827,27.870509814807164
45,4,68.42047219652986,53.684195247089555,10.266716320382212,121.33088081520609,26.177802496818597
45,5,68.42047219652986,53.684195247089555,6.895310835807087,139.89630204224807,23.730100004419242
45,6,68.42047219652986,53.684195247089555,4.137165693113554,125.76008290224809,21.122354894524065
45,7,68.42047219652986,53.684195247089555,8.125870210500455,123.01451481779246,15.15034448080323
45,8,68.42047219652986,53.684195247089555,10.965528731502893,301.1391135409662,12.54680441504833
45,9,68.42047219652986,53.684195247089555,8.862595253336416,253.96008021305425,12.948342704957128
45,10,68.42047219652986,53.684195247089555,8.92263142813496,418.4185748622756,14.023901776903958
45,11,68.42047219652986,53.684195247089555,6.366961648440631,403.78920956308883,16.70293946408109
46,0,53.90189008328662,60.31122267680993,8.629005959077704,365.4846603594517,19.59903875423815
46,1,53.90189008328662,60.31122267680993,11.457278133390563,400.4732708156997,23.548460199456226
46,2,53.90189008328662,60.31122267680993,10.662092280656823,254.73082921084614,26.640659868919585
46,3,53.90189008328662,60.31122267680993,7.819269549072835,243.65887199555314,28.998199267637286
46,4,53.90189008328662,60.31122267680993,10.401338396813665,159.9441644095611,27.346657040081823
46,5,53.90189008328662,60.31122267680993,7.5520377685241415,121.11513348479107,24.124931718673242
46,6,53.90189008328662,60.31122267680993,11.085918995027283,134.62289796733197,20.73379169482377
46,7,53.90189008328662,60.31122267680993,5.391072415734147,229.12654342590264,17.488751308611278
46,8,53.90189008328662,60.31122267680993,8.34915912907152,262.9207760668539,12.898430235242031
46,9,53.90189008328662,60.31122267680993,3.423965112224832,282.79364829361083,11.047791988672646
46,10,53.90189008328662,60.31122267680993,7.416606790971605,452.4912774214044,11.443372331580031
46,11,53.90189008328662,60.31122267680993,14.414307912743741,408.96250405328544,19.483877305020396
47,0,32.93190262643819,56.67659021066989,7.613480721678737,361.1709525223067,19.636985630765437
47,1,32.93190262643819,56.67659021066989,11.15465559363021,449.91464735678795,25.596672469085743
47,2,32.93190262643819,56.67659021066989,9.157056480690681,345.66212400320137,27.351382508967017
47,3,32.93190262643819,56.67659021066989,11.20178170663636,218.23875294457227,28.60544457255386
47,4,32.93190262643819,56.67659021066989,7.067239889674589,148.83737998267563,28.070286917332353
47,5,32.93190262643819,56.67659021066989,7.0943657662500605,149.96520419041673,24.271720058326636
47,6,32.93190262643819,56.67659021066989,7.878476518686076,165.7129299232674,20.73122536768115
47,7,32.93190262643819,56.67659021066989,8.228067794559788,176.47734781066077,15.10010254553134
47,8,32.93190262643819,56.67659021066989,8.130214240866158,311.5223168558209,12.116259246267584
47,9,32.93190262643819,56.67659021066989,9.086191781597005,334.15607249657876,13.242527394675694
47,10,32.93190262643819,56.67659021066989,6.406835546440636,557.8234827184422,12.828279285991657
47,11,32.93190262643819,56.67659021066989,9.321992259482744,419.33382743556547,13.79889382895678
48,0,34.179650596072335,55.66051610940145,10.713430935810699,222.49811778931598,19.589181160739297
48,1,34.179650596072335,55.66051610940145,6.338009436878234,438.1857345498425,25.37363546667902
48,2,34.179650596072335,55.66051610940145,6.022110297790423,433.4693005110638,28.560122157577947
48,3,34.179650596072335,55.66051610940145,9.707900598918876,264.6493420830602,28.381358841237272
48,4,34.179650596072335,55.66051610940145,8.405067956461714,165.07020914857821,25.788305652771662
48,5,34.179650596072335,55.66051610940145,9.84722551076521,146.63531912172505,25.288519803456214
48,6,34.179650596072335,55.66051610940145,5.951865143294969,64.43453653290105,20.20682962555353
48,7,34.179650596072335,55.66051610940145,7.242784965933901,162.81448207773497,16.44078058087227
48,8,34.179650596072335,55.66051610940145,8.98053389942703,279.1657686431698,13.238398212408836
48,9,34.179650596072335,55.66051610940145,6.7784260597901955,327.77757684532094,11.863865435176375
48,10,34.179650596072335,55.66051610940145,8.635036120792126,386.65537520932793,12.921696808228749
48,11,34.179650596072335,55.66051610940145,8.197610759828095,307.3545524816154,15.273713902141747
49,0,53.59000433582115,63.024099065510164,6.432321656427688,324.56788810468623,18.52739336974682
49,1,53.59000433582115,63.024099065510164,7.4078184458041,411.4513831466641,22.465962466208367
49,2,53.59000433582115,63.024099065510164,6.144499038677786,473.9775746831178,26.753272528257913
49,3,53.59000433582115,63.024099065510164,5.553575642158199,299.97651962464226,27.890700715396036
49,4,53.59000433582115,63.024099065510164,6.662565984339064,144.96981651081495,26.836124382115635
49,5,53.59000433582115,63.024099065510164,11.143915747987934,114.20286468654932,22.865100982535292
49,6,53.59000433582115,63.024099065510164,7.894536205096305,137.7655153885127,21.985808470177695
49,7,53.59000433582115,63.024099065510164,8.713537272284531,173.9756475601707,15.246196080275693
49,8,53.59000433582115,63.024099065510164,6.886961682362811,311.70229909248013,13.788272321923692
49,9,53.59000433582115,63.024099065510164,7.163125319293327,396.8413544527994,10.046479038534821
49,10,53.59000433582115,63.024099065510164,8.058232918703643,476.7145478480989,14.526296033350492
49,11,53.59000433582115,63.024099065510164,4.312057698301752,446.5328638151896,15.670707850580108
50,0,51.026959823656185,54.34481344433253,4.9596575147740225,280.6699720179232,19.908713108683855
50,1,51.026959823656185,54.34481344433253,5.7965453242448834,397.6964867136759,22.865235501631386
50,2,51.026959823656185,54.34481344433253,10.577663723002686,433.71828176969933,27.483085649100815
50,3,51.026959823656185,54.34481344433253,9.351028313812652,248.72815533578273,27.316982971160563
50,4,51.026959823656185,54.34481344433253,5.404120059126466,168.60206239380625,28.387669454511343
50,5,51.026959823656185,54.34481344433253,6.5688811918439205,146.65735132353763,23.670184051536804
50,6,51.026959823656185,54.34481344433253,9.273264795458653,157.87857550928473,20.112287798920757
50,7,51.026959823656185,54.34481344433253,7.34073451594506,154.5489381795357,16.47208025467948
50,8,51.026959823656185,54.34481344433253,11.569636598263935,321.2001167886944,14.106948554408943
50,9,51.026959823656185,54.34481344433253,8.895906136325035,330.6639841281825,12.108492815381073
50,10,51.026959823656185,54.34481344433253,7.429529853920007,462.871815444741,12.875373981126163
50,11,51.026959823656185,54.34481344433253,8.69466363682912,349.6873013160126,16.917260590865418
51,0,57.51504722865471,55.264635719000374,9.940957274103502,445.8849987126678,18.52774442654318
51,1,57.51504722865471,55.264635719000374,8.753565736906127,445.1682111035695,23.486166487257126
51,2,57.51504722865471,55.264635719000374,7.1471832117456415,363.03534159030073,26.76559869788556
51,3,57.51504722865471,55.264635719000374,10.18116963288886,317.75155952464394,28.611839304051305
51,4,57.51504722865471,55.264635719000374,10.206567890527698,154.15318690564757,28.591793723780544
51,5,57.51504722865471,55.264635719000374,8.536758542050551,122.07208275317787,24.184585954936765
51,6,57.51504722865471,55.264635719000374,10.187583808689975,131.4483556524162,18.307502982443637
51,7,57.51504722865471,55.264635719000374,10.21233708062544,194.90709061451923,15.679678572785477
51,8,57.51504722865471,55.264635719000374,9.578547843262966,281.6623617483024,13.107693557661433
51,9,57.51504722865471,55.264635719000374,5.429300644773443,327.68686020203216,13.083069123108322
51,10,57.51504722865471,55.264635719000374,4.70623699438011,336.24878342333517,11.64340420933846
51,11,57.51504722865471,55.264635719000374,8.393722666704114,314.2828818187873,18.048075190529296
52,0,66.27173177931029,57.08980059522218,9.535516057316299,457.73551963601153,18.927823136050797
52,1,66.27173177931029,57.08980059522218,7.9831292896482795,400.87980218579366,22.82888916452492
52,2,66.27173177931029,57.08980059522218,6.226661448407588,333.80506424245755,26.04355041432692
52,3,66.27173177931029,57.08980059522218,8.770825160806197,238.77252466439205,28.277559882543365
52,4,66.27173177931029,57.08980059522218,6.087311998547161,81.43570192775778,26.504743495944833
52,5,66.27173177931029,57.08980059522218,6.507754546521643,122.65875906871122,23.242127231887522
52,6,66.27173177931029,57.08980059522218,8.051663810573263,132.10200248733986,18.55222303414503
52,7,66.27173177931029,57.08980059522218,9.432112492610583,204.62430353468844,16.900072705104037
52,8,66.27173177931029,57.08980059522218,9.438180549036318,294.92261639059166,13.279097074295208
52,9,66.27173177931029,57.08980059522218,7.499604087956772,389.46125931410535,13.428780381215038
52,10,66.27173177931029,57.08980059522218,7.993472071511074,446.93047956018006,13.079609518754488
52,11,66.27173177931029,57.08980059522218,11.065005988401719,382.5827136071105,16.142595906218418
53,0,71.04881518572327,55.70211848180195,4.399421881208104,354.53811871271387,18.53800822012858
53,1,71.04881518572327,55.70211848180195,8.570977549034836,376.2337215030744,24.02663669165197
53,2,71.04881518572327,55.70211848180195,9.308166082513074,343.4857189782455,26.063511011949164
53,3,71.04881518572327,55.70211848180195,10.041909161092455,316.2912641215503,29.835896229716067
53,4,71.04881518572327,55.70211848180195,8.25780254410197,135.44291392631274,27.711786758870264
53,5,71.04881518572327,55.70211848180195,7.292663959199925,116.01531638867415,25.341551801835674
53,6,71.04881518572327,55.70211848180195,11.009137252244006,146.96785524214422,20.344143191949346
53,7,71.04881518572327,55.70211848180195,7.530340476323812,171.88553047804783,15.557272728573373
53,8,71.04881518572327,55.70211848180195,8.152789244554919,242.1371151546504,14.376900959009827
53,9,71.04881518572327,55.70211848180195,11.718389834260607,330.9151045139942,13.015443267051664
53,10,71.04881518572327,55.70211848180195,8.800055755613526,365.4055036288893,13.57525353446657
53,11,71.04881518572327,55.70211848180195,7.610340421005389,251.18363630027116,15.684082669760437
54,0,52.17394119562826,57.98023614818303,7.034249038191407,445.143203904974,20.867992095928418
54,1,52.17394119562826,57.98023614818303,9.739995776384326,450.7039378760957,24.197857429113068
54,2,52.17394119562826,57.98023614818303,3.884436972036716,360.26436600708234,28.678628028570767
54,3,52.17394119562826,57.98023614818303,6.995553258384153,254.41042906899804,26.668156983034038
54,4,52.17394119562826,57.98023614818303,8.074544952425274,107.21264563473724,28.283121761802857
54,5,52.17394119562826,57.98023614818303,8.481839127454153,114.64085126469595,23.443687945486566
54,6,52.17394119562826,57.98023614818303,3.927971627146838,154.27024616613784,18.76868201752152
54,7,52.17394119562826,57.98023614818303,7.143715555260388,145.3686967635402,16.888433882795255
54,8,52.17394119562826,57.98023614818303,8.88342813342023,251.05641259590857,13.502886077694878
54,9,52.17394119562826,57.98023614818303,5.926582848863349,419.5872109156101,12.63350255146821
54,10,52.17394119562826,57.98023614818303,6.321444573102111,344.12325629628464,14.366018437138361
54,11,52.17394119562826,57.98023614818303,4.75119670211774,351.6295652041428,15.812811426437364
55,0,41.08710989552874,58.343725422282276,10.52011543127648,300.8995206538433,20.918630385417575
55,1,41.08710989552874,58.343725422282276,10.738551142598768,371.5799834728787,24.20048884826028
55,2,41.08710989552874,58.343725422282276,10.72942178417762,326.99273958514743,25.25456956853775
55,3,41.08710989552874,58.343725422282276,6.624336249632165,250.78034226373506,28.01024798983394
55,4,41.08710989552874,58.343725422282276,8.170868740201023,148.6675450742413,26.408221948913344
55,5,41.08710989552874,58.343725422282276,9.154498113696434,146.0327823837603,24.590769178496327
55,6,41.08710989552874,58.343725422282276,10.77449930204377,151.23808651826798,18.967997625967893
55,7,41.08710989552874,58.343725422282276,6.300582046000441,138.147268279459,15.522428223065937
55,8,41.08710989552874,58.343725422282276,9.976746171933407,324.9089657764176,14.039120360136994
55,9,41.08710989552874,58.343725422282276,8.919186666362757,347.5600650501774,12.562146150228973
55,10,41.08710989552874,58.343725422282276,9.984380905930584,518.1115202230283,14.05333030904791
55,11,41.08710989552874,58.343725422282276,9.80403381017126,367.142798368298,18.24217417049767
56,0,56.39895162792455,53.75511777839192,7.113685213967253,324.32978182550755,19.482427296552224
56,1,56.39895162792455,53.75511777839192,8.858993684248421,438.4526389668867,23.912366502909432
56,2,56.39895162792455,53.75511777839192,7.129295128424278,338.6674034125498,27.525364782994377
56,3,56.39895162792455,53.75511777839192,5.251518138688587,303.72434199772096,26.529905591330007
56,4,56.39895162792455,53.75511777839192,8.515829076150931,162.1583811912019,25.693195338316684
56,5,56.39895162792455,53.75511777839192,4.671277468327146,150.40516072081022,22.58154895702862
56,6,56.39895162792455,53.75511777839192,11.028594799203113,141.21619861778797,21.10449833332485
56,7,56.39895162792455,53.75511777839192,9.55256551792091,170.7671930026791,15.532180791660505
56,8,56.39895162792455,53.75511777839192,7.283878286224554,278.0503152340388,14.83376418062348
56,9,56.39895162792455,53.75511777839192,9.272313296571848,354.1557425220643,12.657038992255425
56,10,56.39895162792455,53.75511777839192,7.399934045671023,350.40973110747115,10.657610988018291
56,11,56.39895162792455,53.75511777839192,8.452323862307654,399.7760428061932,15.870609567255274
57,0,49.19769584149678,53.29443077152203,6.029379686079459,322.4726207702121,17.23147728493067
57,1,49.19769584149678,53.29443077152203,10.121818494942582,447.61787235862533,24.188460077985994
57,2,49.19769584149678,53.29443077152203,5.714858756916595,345.0406553089055,28.788610754800416
57,3,49.19769584149678,53.29443077152203,6.415918215642485,211.94513952361683,29.853190254147222
57,4,49.19769584149678,53.29443077152203,13.551194563674093,145.72220311309934,27.006166129292563
57,5,49.19769584149678,53.29443077152203,9.563793102615637,125.19328574921377,23.734763694503176
57,6,49.19769584149678,53.29443077152203,6.507224315628948,185.55234727214136,19.49654297934266
57,7,49.19769584149678,53.29443077152203,9.657998801430567,230.61175516887872,14.649469027527447
57,8,49.19769584149678,53.29443077152203,5.504029960791325,355.80988571161316,12.935255833475962
57,9,49.19769584149678,53.29443077152203,7.840653096971919,354.7360928561507,13.160060016890757
57,10,49.19769584149678,53.29443077152203,6.305844426905026,480.7419471943953,11.293426618733479
57,11,49.19769584149678,53.29443077152203,6.7302759869716535,362.5554313380874,16.613963320072262
58,0,44.094512703710656,70.27483047116137,8.059482612751236,323.13093598408653,19.309260687686045
58,1,44.094512703710656,70.27483047116137,9.22277976920357,392.639706922097,24.579011179232914
58,2,44.094512703710656,70.27483047116137,10.150196729089242,292.81514607636336,29.090912053100737
58,3,44.094512703710656,70.27483047116137,7.6596102687256105,256.79133897985497,26.982901438467575
58,4,44.094512703710656,70.27483047116137,4.622934757341465,164.09653893595663,26.557276178617165
58,5,44.094512703710656,70.27483047116137,8.641849227433081,136.18501821254955,26.79222281762509
58,6,44.094512703710656,70.27483047116137,8.350649556337201,132.11393049759698,20.320191283319314
58,7,44.094512703710656,70.27483047116137,10.73158720560042,173.00631038088576,15.73640127996146
58,8,44.094512703710656,70.27483047116137,8.817294853599275,278.1075369779449,13.99598498481002
58,9,44.094512703710656,70.27483047116137,12.00290851365336,274.0064372469845,9.93711171341131
58,10,44.094512703710656,70.27483047116137,10.285573379683647,365.5858761030503,12.406734356650743
58,11,44.094512703710656,70.27483047116137,7.704923002957685,453.23644956240224,16.888396999428675
59,0,83.61795037119884,61.041099954963364,9.097838003900298,316.45743403447096,22.17895455303275
59,1,83.61795037119884,61.041099954963364,8.153947946030137,320.8192774904733,22.786518209165088
59,2,83.61795037119884,61.041099954963364,12.00105003687095,368.70383997833517,25.02048199054606
59,3,83.61795037119884,61.041099954963364,6.1089148235446835,225.99525164224346,27.009713331493433
59,4,83.61795037119884,61.041099954963364,7.7520696725120715,135.18631295796476,27.368202887027838
59,5,83.61795037119884,61.041099954963364,9.436480438253694,103.50554564311985,25.428455430543487
59,6,83.61795037119884,61.041099954963364,5.9390246586056135,82.90447493844428,20.03106511385817
59,7,83.61795037119884,61.041099954963364,10.032587339690446,192.42788681915738,14.864667683551325
59,8,83.61795037119884,61.041099954963364,4.877996365200102,272.0696926376435,13.781233332335924
59,9,83.61795037119884,61.041099954963364,10.47309245028023,306.3130179861468,11.203251865865493
59,10,83.61795037119884,61.041099954963364,8.857159068179863,393.13195383275774,12.29307228672032
59,11,83.61795037119884,61.041099954963364,7.747998749985479,333.9317728159105,16.98420568507179
60,0,74.49504793351761,58.037134992423425,8.062221680573556,346.73217184619364,19.496013214323785
60,1,74.49504793351761,58.037134992423425,5.695608312185378,437.97717181995677,24.31172781380429
60,2,74.49504793351761,58.037134992423425,9.908809322748155,359.851783429536,27.631506975052414
60,3,74.49504793351761,58.037134992423425,9.699674562965392,144.29781923058087,26.65811736955799
60,4,74.49504793351761,58.037134992423425,5.797069918480554,123.90937659510128,25.199679274564055
60,5,74.49504793351761,58.037134992423425,8.857430814633627,128.15785371642122,25.83207868046434
60,6,74.49504793351761,58.037134992423425,7.929032277021419,136.48264990116743,20.57596433478147
60,7,74.49504793351761,58.037134992423425,8.084054708315884,191.6860083093551,17.386317544495387
60,8,74.49504793351761,58.037134992423425,5.586436752430393,283.5185591896927,11.513257861979426
60,9,74.49504793351761,58.037134992423425,11.699645785852972,315.4227432159234,12.648968008941237
60,10,74.49504793351761,58.037134992423425,10.257520969510946,254.7585054701791,12.14592315784607
60,11,74.49504793351761,58.037134992423425,7.0460013587564685,368.6538614183666,16.225943992666647
61,0,68.58039765001585,62.61842360295032,8.252851524783003,400.3923279579963,20.84445638784976
61,1,68.58039765001585,62.61842360295032,11.956042723130558,299.9057567966436,24.142041035035042
61,2,68.58039765001585,62.61842360295032,8.163900514025187,392.0580028452172,25.313738982406374
61,3,68.58039765001585,62.61842360295032,7.91283211112993,214.63959600411349,27.769552331154976
61,4,68.58039765001585,62.61842360295032,9.113112049409377,133.16139828251528,28.05243870171713
61,5,68.58039765001585,62.61842360295032,9.579021183584889,133.23236619643222,24.31077686706699
61,6,68.58039765001585,62.61842360295032,7.964120232961643,113.18183071147693,21.61065189755833
61,7,68.58039765001585,62.61842360295032,8.311747269666391,173.83219574762165,16.47054223102974
61,8,68.58039765001585,62.61842360295032,10.200518301065415,228.75930483916426,11.65137155264765
61,9,68.58039765001585,62.61842360295032,7.145243393887842,283.11517985163607,11.616885909132721
61,10,68.58039765001585,62.61842360295032,6.8626608977742665,332.7145135952711,13.550682025619231
61,11,68.58039765001585,62.61842360295032,8.113992530312597,352.5256655096019,15.413839670110848
62,0,38.43229272568261,61.065273345508366,4.007879440558362,378.14403954095775,19.8797194443859
62,1,38.43229272568261,61.065273345508366,5.846500257393542,371.5569447550913,24.323393199286187
62,2,38.43229272568261,61.065273345508366,8.76074574293121,227.8705522129251,28.062994764978786
62,3,38.43229272568261,61.065273345508366,6.277831713913227,259.6101650303378,29.713074542956882
62,4,38.43229272568261,61.065273345508366,8.526023856284281,158.6224977176907,26.81253082493083
62,5,38.43229272568261,61.065273345508366,7.3165907380521675,135.744155422632,24.529548003311966
62,6,38.43229272568261,61.065273345508366,7.876781338018048,159.95868079073105,19.103620725968007
62,7,38.43229272568261,61.065273345508366,4.800119156239676,186.72838946712548,15.974134485859011
62,8,38.43229272568261,61.065273345508366,4.700996267282521,296.63933820734206,12.869037777083529
62,9,38.43229272568261,61.065273345508366,4.576872862974648,357.72457848601374,12.612202813457612
62,10,38.43229272568261,61.065273345508366,10.329910333859953,442.60497880605857,11.964650514340478
62,11,38.43229272568261,61.065273345508366,7.132452191652219,323.5220008048407,15.76577816817155
63,0,36.04458097997549,60.7092124429872,8.276561749019995,313.2196317601962,17.388965456829794
63,1,36.04458097997549,60.7092124429872,9.424224754651311,306.3384807478209,23.52371880736919
63,2,36.04458097997549,60.7092124429872,9.636849655479805,329.4743318295555,26.36106084197276
63,3,36.04458097997549,60.7092124429872,6.67239671403262,275.85846284691286,26.93318527461153
63,4,36.04458097997549,60.7092124429872,4.597669845105214,155.96453510919056,26.49968326314172
63,5,36.04458097997549,60.7092124429872,6.421821947108795,114.65242655549642,23.23185746259171
63,6,36.04458097997549,60.7092124429872,7.414680215829784,191.89280031333172,19.733727388545475
63,7,36.04458097997549,60.7092124429872,6.969368987789112,192.81951838488698,14.744134086872958
63,8,36.04458097997549,60.7092124429872,7.5681849783505,283.3597798553835,11.82584708338535
63,9,36.04458097997549,60.7092124429872,3.911677567113072,345.4282596472633,11.58590539320651
63,10,36.04458097997549,60.7092124429872,6.453503057177567,473.3145483372428,12.882218145022328
63,11,36.04458097997549,60.7092124429872,5.411695872463896,301.57503644078935,16.544511641328054
64,0,47.35709338528629,58.207548853322244,9.93630979206034,398.2024576506518,21.08532863581585
64,1,47.35709338528629,58.207548853322244,5.792493823682934,373.46410042213876,24.591879046442664
64,2,47.35709338528629,58.207548853322244,4.057283258123304,345.5121861271575,26.65888494513682
64,3,47.35709338528629,58.207548853322244,8.54780961898384,176.82406741638547,27.979416394191496
64,4,47.35709338528629,58.207548853322244,10.472648587967512,135.79733277716076,24.314613071100187
64,5,47.35709338528629,58.207548853322244,9.611723393429562,132.58452245682102,25.255101863193335
64,6,47.35709338528629,58.207548853322244,9.445983747788427,134.87232231237826,21.34638694019841
64,7,47.35709338528629,58.207548853322244,9.051374666590513,183.50789376072885,17.444047282134658
64,8,47.35709338528629,58.207548853322244,7.975876834642598,285.9461004557146,15.333124041026984
64,9,47.35709338528629,58.207548853322244,7.605674141793896,364.65804583981,11.113836214083282
64,10,47.35709338528629,58.207548853322244,5.727999165919938,362.0488267283107,11.367450951787617
64,11,47.35709338528629,58.207548853322244,8.493752625484673,376.92402488593456,16.091885566268456
65,0,44.462606972164956,58.708674422643625,10.142636714939123,360.57406676483,19.136188050414358
65,1,44.462606972164956,58.708674422643625,9.813437600521532,320.1307895707693,24.059243964319233
65,2,44.462606972164956,58.708674422643625,5.388549600854464,422.5539141233827,25.486323085136693
65,3,44.462606972164956,58.708674422643625,10.129740696414723,280.3421286418958,27.664729648719224
65,4,44.462606972164956,58.708674422643625,7.496791936408199,116.23999290386992,26.129991877670175
65,5,44.462606972164956,58.708674422643625,8.805480436307537,110.92991244097368,22.461148171182742
65,6,44.462606972164956,58.708674422643625,9.400298493981467,155.10933117215603,19.396961719864397
65,7,44.462606972164956,58.708674422643625,6.046646525280943,118.48303210329489,16.857922124684798
65,8,44.462606972164956,58.708674422643625,7.438592286656521,248.81317322294652,12.740554007189461
65,9,44.462606972164956,58.708674422643625,9.126056733801779,352.6795724786195,11.95179708044252
65,10,44.462606972164956,58.708674422643625,5.853265432691372,429.1784175024391,11.787888190431316
65,11,44.462606972164956,58.708674422643625,6.791424480276833,323.5507966118726,16.20590131312585
66,0,29.03939917201412,57.82460099757097,8.491837709381528,336.05113447539617,19.943799907767442
66,1,29.03939917201412,57.82460099757097,3.9585600776108434,381.5800114915997,22.144043253066588
66,2,29.03939917201412,57.82460099757097,4.60530382332961,354.7378104932418,26.352818369283128
66,3,29.03939917201412,57.82460099757097,6.706397788093218,277.56267207372804,26.2491008581615
66,4,29.03939917201412,57.82460099757097,4.972346813814294,129.838367704262,28.373298828923573
66,5,29.03939917201412,57.82460099757097,6.337460795322576,106.77071844038532,23.24572126261693
66,6,29.03939917201412,57.82460099757097,10.360095181504128,130.5094262326724,18.042818850407524
66,7,29.03939917201412,57.82460099757097,8.586708852809227,154.13011467700292,16.245389542503656
66,8,29.03939917201412,57.82460099757097,9.612260552301485,260.6230339724502,13.586685760602656
66,9,29.03939917201412,57.82460099757097,5.713720725679297,504.23790157110574,13.105224952869055
66,10,29.03939917201412,57.82460099757097,9.41428745599273,434.1056666456443,12.980954857777332
66,11,29.03939917201412,57.82460099757097,7.557686389372468,389.21196835617417,16.11745622611679
67,0,46.19567979737812,68.34298995548255,10.302285673415788,334.7446776959345,19.62672275287137
67,1,46.19567979737812,68.34298995548255,6.744907701033162,325.74324883371,25.512508781851512
67,2,46.19567979737812,68.34298995548255,8.4916926836338,286.98796536740855,27.219010319009097
67,3,46.19567979737812,68.34298995548255,8.814099278591332,188.97815590469233,28.15942204503897
67,4,46.19567979737812,68.34298995548255,11.54387476071798,126.40996819553003,29.757639981625978
67,5,46.19567979737812,68.34298995548255,8.913276230981438,117.92520738083176,23.789969862212768
67,6,46.19567979737812,68.34298995548255,6.172910260979153,119.45590426122422,20.069994695252326
67,7,46.19567979737812,68.34298995548255,8.376330918552593,166.87512970254784,15.628573923187288
67,8,46.19567979737812,68.34298995548255,11.71602432925253,315.1070513847741,14.402478532304503
67,9,46.19567979737812,68.34298995548255,6.469328461437398,403.3962745735747,11.604571003405747
67,10,46.19567979737812,68.34298995548255,4.85595666879072,353.5154882520677,14.518101176937378
67,11,46.19567979737812,68.34298995548255,6.6782305477467965,417.15312960738163,16.91228011877962
68,0,59.85249219046435,58.549708984058604,9.624010833427189,303.9091885473444,20.795711442545688
68,1,59.85249219046435,58.549708984058604,4.524239597057822,302.97264680076506,23.549192032052332
68,2,59.85249219046435,58.549708984058604,5.76994564090163,374.9052009824913,27.177720250096094
68,3,59.85249219046435,58.549708984058604,12.468034235942202,219.96838244030963,28.427920273656934
68,4,59.85249219046435,58.549708984058604,7.293196131571582,145.42419198227682,28.45231508025131
68,5,59.85249219046435,58.549708984058604,7.417333638730707,130.91108019552357,22.063793746460632
68,6,59.85249219046435,58.549708984058604,8.328756846610014,135.62286556690017,19.21237315457401
68,7,59.85249219046435,58.549708984058604,8.237191002382456,159.36053000724814,14.143075153235598
68,8,59.85249219046435,58.549708984058604,6.529230390877643,358.3297601062364,13.337926477243084
68,9,59.85249219046435,58.549708984058604,7.294472771220955,398.6462104875331,11.120974724694618
68,10,59.85249219046435,58.549708984058604,4.5414766258835595,510.4294136281068,13.986418268113043
68,11,59.85249219046435,58.549708984058604,8.85032140420931,371.2593284787927,15.239840773266266
69,0,97.81909118168416,62.26276070547355,8.224017820236657,357.0947349532893,19.58507259969354
69,1,97.81909118168416,62.26276070547355,12.107030950171374,326.6042920771348,22.73628473559845
69,2,97.81909118168416,62.26276070547355,6.452428727908625,338.8206816521919,27.742405124713905
69,3,97.81909118168416,62.26276070547355,6.849166444467864,297.8302977764971,27.432682289939212
69,4,97.81909118168416,62.26276070547355,6.4779955604432695,132.4625256673259,27.355652104897658
69,5,97.81909118168416,62.26276070547355,7.2228076174433875,108.43403046903829,21.92934624525884
69,6,97.81909118168416,62.26276070547355,9.136242858028531,143.4360001211893,19.041084828842074
69,7,97.81909118168416,62.26276070547355,9.926433493365046,203.4630850034727,14.557239919554089
69,8,97.81909118168416,62.26276070547355,7.068440837318202,337.98602589560755,13.160636717237159
69,9,97.81909118168416,62.26276070547355,7.611836696341411,299.66428365757264,12.852194071161422
69,10,97.81909118168416,62.26276070547355,6.487163525983246,381.65441586976635,14.112807831938753
69,11,97.81909118168416,62.26276070547355,9.758460797876314,407.89768652217094,15.667096071777326
70,0,69.06847541666701,62.589691050401434,5.7412384882352345,334.6014264954288,19.981494258187787
70,1,69.06847541666701,62.589691050401434,6.273632019330468,454.2822035848994,24.297709072328633
70,2,69.06847541666701,62.589691050401434,7.65237781593509,457.7954384708957,27.357570489040853
70,3,69.06847541666701,62.589691050401434,8.015886026661954,264.580012670108,28.75468180499872
70,4,69.06847541666701,62.589691050401434,5.208739831788051,176.51372951140056,26.590244117748764
70,5,69.06847541666701,62.589691050401434,6.695289020574856,142.68311728593497,24.37723867496479
70,6,69.06847541666701,62.589691050401434,7.291730102768766,123.22991040088807,19.503924279998177
70,7,69.06847541666701,62.589691050401434,8.914037351252105,141.85190598024406,14.108528941196875
70,8,69.06847541666701,62.589691050401434,6.423310916249596,250.43906621546847,12.531052034263212
70,9,69.06847541666701,62.589691050401434,6.520485870462224,440.9733840425557,13.845209953312423
70,10,69.06847541666701,62.589691050401434,11.578545297251104,422.69336550307736,13.279473189442632
70,11,69.06847541666701,62.589691050401434,9.741429701278207,370.0306412102893,15.00456315558867
71,0,38.73632275996667,50.90263296094222,11.963276884308428,361.53803109865976,18.297320583266504
71,1,38.73632275996667,50.90263296094222,11.26755231546473,510.3459670911829,24.9288635987148
71,2,38.73632275996667,50.90263296094222,9.14507768121516,305.1246897798706,25.991591844952524
71,3,38.73632275996667,50.90263296094222,9.78797674583742,290.27095672009335,28.23046433349095
71,4,38.73632275996667,50.90263296094222,4.3061712670582,141.04219135720484,28.35998476526454
71,5,38.73632275996667,50.90263296094222,5.369654598079568,98.63925988367457,23.743443731006884
71,6,38.73632275996667,50.90263296094222,7.184240516655324,143.2830935362963,18.65979558224285
71,7,38.73632275996667,50.90263296094222,9.560611412730044,173.13011970409957,14.33996366905761
71,8,38.73632275996667,50.90263296094222,8.07579956315441,329.7545503114015,13.739312665612891
71,9,38.73632275996667,50.90263296094222,6.569983933269877,460.6358519820262,13.706582980291525
71,10,38.73632275996667,50.90263296094222,5.375436854553673,473.0664233163724,13.08748338456306
71,11,38.73632275996667,50.90263296094222,10.472709753621277,408.9950275832909,18.240431672971734
72,0,38.510816636023655,65.60346715521763,5.601203506331126,339.22218595349966,19.671716031017414
72,1,38.510816636023655,65.60346715521763,8.12506259269689,438.319533001742,23.98333538510231
72,2,38.510816636023655,65.60346715521763,7.956716340920045,305.49100931693465,27.249358635059277
72,3,38.510816636023655,65.60346715521763,7.1744625301450595,311.6680209416733,28.183166770117126
72,4,38.510816636023655,65.60346715521763,8.086053664726593,143.80941265547705,26.116473101053685
72,5,38.510816636023655,65.60346715521763,8.253699745817341,149.71002658521206,23.887586290983954
72,6,38.510816636023655,65.60346715521763,10.956179863320443,137.4340272540063,19.70592723624899
72,7,38.510816636023655,65.60346715521763,5.95902959936706,199.91166176134135,14.86093758154109
72,8,38.510816636023655,65.60346715521763,7.21853753696692,291.1155086607662,11.488485852218787
72,9,38.510816636023655,65.60346715521763,5.757082453458063,328.6212800806278,11.882956310668895
72,10,38.510816636023655,65.60346715521763,10.501818503225778,466.53866833634214,15.188747633235831
72,11,38.510816636023655,65.60346715521763,9.320554760570904,385.30715622206935,15.435088477990622
73,0,52.05469321479903,61.18941410719891,8.368987246444082,401.94699183965076,18.988780628059057
73,1,52.05469321479903,61.18941410719891,8.11966704975901,298.7858711797671,25.060776820331533
73,2,52.05469321479903,61.18941410719891,7.440486037345689,400.0999047199214,26.30947229175304
73,3,52.05469321479903,61.18941410719891,8.663208843018076,281.29906094672265,27.04423347430152
73,4,52.05469321479903,61.18941410719891,9.657619274492745,111.02893532751193,26.206594790752835
73,5,52.05469321479903,61.18941410719891,9.37213969534334,104.40788096452492,23.663340111162594
73,6,52.05469321479903,61.18941410719891,7.949578343018297,144.32765161893064,21.10033953308107
73,7,52.05469321479903,61.18941410719891,9.686899563296615,164.31695413814467,17.198973050096388
73,8,52.05469321479903,61.18941410719891,7.819987292109632,337.7203142815076,11.765223629059886
73,9,52.05469321479903,61.18941410719891,3.301393669696571,453.62107183111215,12.125445578130423
73,10,52.05469321479903,61.18941410719891,10.180228893381159,368.75351053497894,11.901702218785545
73,11,52.05469321479903,61.18941410719891,7.067791935712537,346.55581129498677,16.012881074568753
74,0,55.31149117899936,51.23920204011585,6.808207445664258,415.6890512186154,19.073931405243073
74,1,55.31149117899936,51.23920204011585,8.99980752137385,496.0952085451161,25.850829928459184
74,2,55.31149117899936,51.23920204011585,7.859442589021634,319.88737263149665,26.587757152561682
74,3,55.31149117899936,51.23920204011585,7.265817782625973,271.7923023721498,27.59229847042047
74,4,55.31149117899936,51.23920204011585,7.711190619218073,155.88304981150262,25.703252228589317
74,5,55.31149117899936,51.23920204011585,9.266688555260691,103.68165783720181,23.664126866833378
74,6,55.31149117899936,51.23920204011585,8.068873286349376,129.71247778216477,20.019110040672523
74,7,55.31149117899936,51.23920204011585,7.692332384673249,193.8306236957001,14.793139716172243
74,8,55.31149117899936,51.23920204011585,5.674116993974595,159.85097993949762,10.10097843344292
74,9,55.31149117899936,51.23920204011585,9.911344521096408,262.4397497837656,10.564033247678648
74,10,55.31149117899936,51.23920204011585,5.627374222376048,333.7141573192254,13.44667585544303
74,11,55.31149117899936,51.23920204011585,6.4737523332943345,220.42210788619983,16.109059302306502
75,0,72.01778017845722,67.32030792094689,8.81490459438368,353.7868809037512,21.35269314236372
75,1,72.01778017845722,67.32030792094689,7.135886106663446,342.35343160566,22.564686679452755
75,2,72.01778017845722,67.32030792094689,8.69556668358255,377.0999361716991,28.07336804540686
75,3,72.01778017845722,67.32030792094689,5.621523052585419,246.4337741571755,29.90760857838555
75,4,72.01778017845722,67.32030792094689,7.6394999508924295,121.18078545384019,24.564365835324434
75,5,72.01778017845722,67.32030792094689,9.343562962868674,125.3044507521898,23.281306335173685
75,6,72.01778017845722,67.32030792094689,10.372755989534014,176.62027586079995,22.271651321672213
75,7,72.01778017845722,67.32030792094689,7.324944069270482,166.70782725535187,15.636765507355722
75,8,72.01778017845722,67.32030792094689,8.389506623214286,168.2654928584443,13.754126816263767
75,9,72.01778017845722,67.32030792094689,8.812226547637373,373.75274325102225,11.824569454488017
75,10,72.01778017845722,67.32030792094689,12.193576505110656,437.9222013550956,12.855438680667536
75,11,72.01778017845722,67.32030792094689,5.997788382243112,289.6366602073921,17.137581557043823
76,0,41.060112504088394,64.80996765947152,11.149590641737698,339.1342126582272,20.45355299896295
76,1,41.060112504088394,64.80996765947152,6.190841492418793,497.01809219922814,24.712606128361458
76,2,41.060112504088394,64.80996765947152,8.577534543066122,266.5161295811396,27.252238559150932
76,3,41.060112504088394,64.80996765947152,10.15630727705633,249.78334909371154,27.806287575188016
76,4,41.060112504088394,64.80996765947152,5.443184224864675,165.60022409319927,26.884751863835646
76,5,41.060112504088394,64.80996765947152,9.093307942106975,79.26377782615423,23.413256197881307
76,6,41.060112504088394,64.80996765947152,4.71650435997182,167.3445571934041,19.325073460392208
76,7,41.060112504088394,64.80996765947152,9.235326704447122,120.66861362992351,15.55790359121722
76,8,41.060112504088394,64.80996765947152,8.306575649933782,267.83244284353657,13.83272221042893
76,9,41.060112504088394,64.80996765947152,11.657614854973339,387.42570276433884,11.65502914666664
76,10,41.060112504088394,64.80996765947152,8.626509992301553,461.06636815334576,13.571847727072774
76,11,41.060112504088394,64.80996765947152,9.053878875199539,341.8231955134321,15.146693847782036
77,0,73.38122999969073,61.46663692940356,7.535715060795889,379.9218292014715,21.01288653495324
77,1,73.38122999969073,61.46663692940356,10.294760340138495,415.04312627770423,24.073227293613204
77,2,73.38122999969073,61.46663692940356,6.817905437620951,390.58722225555005,26.852396232565695
77,3,73.38122999969073,61.46663692940356,6.081418238069512,218.34229291909634,29.157036478225905
77,4,73.38122999969073,61.46663692940356,7.924166286747241,140.2510881721732,27.87280591799509
77,5,73.38122999969073,61.46663692940356,9.196146841561,134.12831587102426,23.840725916095163
77,6,73.38122999969073,61.46663692940356,9.138207688312308,118.6768732067635,20.882074867144798
77,7,73.38122999969073,61.46663692940356,7.852500074464257,211.62728441531146,18.03010835986731
77,8,73.38122999969073,61.46663692940356,7.192891807291018,285.7876466033031,13.41236451439771
77,9,73.38122999969073,61.46663692940356,5.007673097281171,389.9069694705752,9.526087735747652
77,10,73.38122999969073,61.46663692940356,5.1670890995975896,425.83851829896344,13.176943917452174
77,11,73.38122999969073,61.46663692940356,7.785986218284852,347.7534285983966,15.542442602749022
78,0,40.509042935541544,56.82694533606631,9.294792874497533,325.29783571430585,19.010447012439233
78,1,40.509042935541544,56.82694533606631,11.02251376596266,373.3101459779373,23.132195746109602
78,2,40.509042935541544,56.82694533606631,10.15237013804754,451.78529903412965,28.12807242444596
78,3,40.509042935541544,56.82694533606631,9.512742789651476,257.9247877864218,27.80548425411213
78,4,40.509042935541544,56.82694533606631,7.397031031008991,129.71888060785378,28.018072383930832
78,5,40.509042935541544,56.82694533606631,5.414159028332227,124.42853897525615,23.693753659081285
78,6,40.509042935541544,56.82694533606631,7.581642127291145,126.43982661863411,20.194415976712623
78,7,40.509042935541544,56.82694533606631,6.819676338713478,179.604941987102,17.919205829978516
78,8,40.509042935541544,56.82694533606631,6.993370464318943,292.5246301685511,13.78396084341101
78,9,40.509042935541544,56.82694533606631,9.33601446392912,420.05042119310286,11.589453807960806
78,10,40.509042935541544,56.82694533606631,7.081460055720741,425.80316039722186,14.312260047579077
78,11,40.509042935541544,56.82694533606631,7.270440082574835,418.3388698709313,16.523840503723598
79,0,34.659382562668824,55.56962607068555,8.29042762702666,262.2391036813039,21.332100518495867
79,1,34.659382562668824,55.56962607068555,8.663857757846818,370.6037262708358,24.663213459476207
79,2,34.659382562668824,55.56962607068555,8.475489528263644,271.9513813543913,28.287527007137392
79,3,34.659382562668824,55.56962607068555,10.349385733499231,199.527364640397,27.869618222553015
79,4,34.659382562668824,55.56962607068555,5.179940567253228,158.60086475623268,28.265493926826466
79,5,34.659382562668824,55.56962607068555,11.4123642795752,140.58848479640957,25.975358687217692
79,6,34.659382562668824,55.56962607068555,7.312021293860784,87.08533408640584,21.048381275842438
79,7,34.659382562668824,55.56962607068555,6.01701378450876,155.23281527892618,15.712120959893682
79,8,34.659382562668824,55.56962607068555,10.293723035103168,290.7132549580268,12.798169714479533
79,9,34.659382562668824,55.56962607068555,3.8368393637129605,383.79865644569287,12.76664492909745
79,10,34.659382562668824,55.56962607068555,8.484787927186757,383.23856222772724,12.855658629734721
79,11,34.659382562668824,55.56962607068555,3.782060843322209,447.68218350042895,17.00595170938203
80,0,57.67799955872477,59.225274170152204,10.203031808032028,361.4726462043418,20.088641848152015
80,1,57.67799955872477,59.225274170152204,6.736530348954186,417.0148984411885,23.309358550292746
80,2,57.67799955872477,59.225274170152204,14.158658520301872,397.37215873688086,27.958118657453706
80,3,57.67799955872477,59.225274170152204,5.7117955689802375,258.3133825867858,27.64647984967618
80,4,57.67799955872477,59.225274170152204,11.286803062866092,136.70096759852757,27.476613196480017
80,5,57.67799955872477,59.225274170152204,7.586609547895878,88.2420520221213,24.11567151708632
80,6,57.67799955872477,59.225274170152204,7.763233727869063,102.73363352019824,19.39700914587309
80,7,57.67799955872477,59.225274170152204,6.783838752221765,150.33862273478815,15.446394034984689
80,8,57.67799955872477,59.225274170152204,6.648301836570997,264.49924661876463,11.649950652569139
80,9,57.67799955872477,59.225274170152204,7.251925384300889,363.6886629811457,11.806140520960883
80,10,57.67799955872477,59.225274170152204,10.868577305639132,395.4036778943721,13.070657754071505
80,11,57.67799955872477,59.225274170152204,9.484875849244725,421.341720595083,16.580028333429723
81,0,38.923345365625295,57.75588712851351,9.31850263537123,357.97802334198656,21.52852033659459
81,1,38.923345365625295,57.75588712851351,5.908779404443246,452.9820556171692,22.127713343012278
81,2,38.923345365625295,57.75588712851351,8.25103780550196,383.3091367765319,26.17220918900574
81,3,38.923345365625295,57.75588712851351,9.427162136247457,249.81213696675033,29.158643137135172
81,4,38.923345365625295,57.75588712851351,5.698609427987487,104.40410959669262,27.898887575560373
81,5,38.923345365625295,57.75588712851351,9.582216077115675,152.14290592520672,25.100095156314005
81,6,38.923345365625295,57.75588712851351,10.566543891090664,149.6437918509672,18.281702968785826
81,7,38.923345365625295,57.75588712851351,8.597659256111529,175.2612565915983,16.909046855271164
81,8,38.923345365625295,57.75588712851351,8.196020106307499,286.55463469607463,13.381459363885211
81,9,38.923345365625295,57.75588712851351,9.064441433275734,251.9923017749686,12.212272938009646
81,10,38.923345365625295,57.75588712851351,6.500467208480584,381.12553639712155,12.197868950690813
81,11,38.923345365625295,57.75588712851351,10.134108896212485,422.7129411865517,16.73907814114004
82,0,70.2753117275991,64.9355444538307,11.817954273425846,402.1138060448558,19.622089833283443
82,1,70.2753117275991,64.9355444538307,7.774555929205641,418.44153486536555,23.219714609817377
82,2,70.2753117275991,64.9355444538307,8.531140709993663,403.8626282841342,27.820224648304308
82,3,70.2753117275991,64.9355444538307,7.18331607505698,312.2118604121636,26.670790963108768
82,4,70.2753117275991,64.9355444538307,7.162502587136836,130.2566639126897,26.735219883209567
82,5,70.2753117275991,64.9355444538307,6.971335540640757,133.55242262680653,23.181779705851586
82,6,70.2753117275991,64.9355444538307,6.353652817020289,123.8706012036484,19.8999069716951
82,7,70.2753117275991,64.9355444538307,10.090309633689335,188.0104593382615,16.594262705758943
82,8,70.2753117275991,64.9355444538307,7.401170736138372,270.8929110676567,12.705933670099196
82,9,70.2753117275991,64.9355444538307,7.727938512784322,275.91914544993017,11.460408229405447
82,10,70.2753117275991,64.9355444538307,8.226630547340672,466.10488780289074,13.670923150496348
82,11,70.2753117275991,64.9355444538307,6.01289846794646,528.3944634129399,16.76429079363161
83,0,91.28300962097786,63.13369557197335,10.015515818678704,362.4875954445865,20.419829456827262
83,1,91.28300962097786,63.13369557197335,9.741231988739408,255.06629784336215,25.07152963682907
83,2,91.28300962097786,63.13369557197335,10.765877784632439,358.6020585107893,27.27245438411111
83,3,91.28300962097786,63.13369557197335,5.131658258797114,234.3390844524713,27.742859167103905
83,4,91.28300962097786,63.13369557197335,8.464739191428906,112.78971263343618,27.809233011456495
83,5,91.28300962097786,63.13369557197335,10.686375614565899,113.14524340847247,24.99406414348156
83,6,91.28300962097786,63.13369557197335,4.657951512482116,118.6131296938454,21.13679623075574
83,7,91.28300962097786,63.13369557197335,6.941784137563166,160.4578177145461,17.251430556833494
83,8,91.28300962097786,63.13369557197335,5.616628585937962,283.0334146235246,11.728098778377799
83,9,91.28300962097786,63.13369557197335,8.139615731173727,285.859083750116,13.143628333833115
83,10,91.28300962097786,63.13369557197335,8.728419742666413,378.0398625884793,13.347826257348952
83,11,91.28300962097786,63.13369557197335,8.395933278589869,302.63426782626715,17.544033730719438
84,0,33.571590517854894,65.37061178178074,7.156582342238253,297.1824070503719,19.63204702742842
84,1,33.571590517854894,65.37061178178074,8.953754426669764,368.2246933160976,23.02453833940734
84,2,33.571590517854894,65.37061178178074,6.126575510950332,367.0489367890094,27.45261862384982
84,3,33.571590517854894,65.37061178178074,10.273440207832573,327.1774715421741,28.444935694740384
84,4,33.571590517854894,65.37061178178074,7.911892907596364,109.11582390168508,26.813512849991852
84,5,33.571590517854894,65.37061178178074,4.1076770500521755,135.52079058468934,23.41595150666592
84,6,33.571590517854894,65.37061178178074,7.682462336716616,110.86270871802105,20.11048075978069
84,7,33.571590517854894,65.37061178178074,8.82922801534036,172.44200477531672,17.58406365094223
84,8,33.571590517854894,65.37061178178074,2.8715026362092937,222.57548445292815,13.301575043111837
84,9,33.571590517854894,65.37061178178074,13.056692169044979,441.7109722498636,11.793335534068438
84,10,33.571590517854894,65.37061178178074,6.721683498088132,356.565774371021,12.04399771647956
84,11,33.571590517854894,65.37061178178074,4.205642899639697,382.87112832568886,15.327752112576768
85,0,54.878128078449116,61.004193208153765,10.236570520023212,277.42949546374723,19.580242202529327
85,1,54.878128078449116,61.004193208153765,11.227098088112466,375.0729030752924,23.14977433241074
85,2,54.878128078449116,61.004193208153765,10.158851206374823,472.5380573606208,25.115685532519894
85,3,54.878128078449116,61.004193208153765,8.582897418752152,200.9573139346767,26.35714631242799
85,4,54.878128078449116,61.004193208153765,7.664367607994035,162.40682176173837,25.857900311053474
85,5,54.878128078449116,61.004193208153765,11.714580384624517,105.66660256585865,24.551994765371884
85,6,54.878128078449116,61.004193208153765,9.55041149484288,172.73451859192758,20.669299613260158
85,7,54.878128078449116,61.004193208153765,4.46407443871685,188.05205239646958,16.461860763379192
85,8,54.878128078449116,61.004193208153765,10.233695560108368,265.7465772417472,13.560300596132313
85,9,54.878128078449116,61.004193208153765,10.466476005156725,385.13862890863805,11.915632811286416
85,10,54.878128078449116,61.004193208153765,4.440091502238618,373.9580662262509,12.669672822151336
85,11,54.878128078449116,61.004193208153765,4.7237966906401825,249.36244774640124,15.902204871173927
86,0,58.768071063313975,59.25587342367605,10.600935881161316,294.09751062380116,20.956347981674856
86,1,58.768071063313975,59.25587342367605,7.866744319789878,499.8006124128905,25.124139549245708
86,2,58.768071063313975,59.25587342367605,6.796158077125652,327.8606662589174,27.88699484673218
86,3,58.768071063313975,59.25587342367605,6.980878724549891,235.1042359554384,28.719379023517565
86,4,58.768071063313975,59.25587342367605,10.218204821187655,139.21580836709134,26.55000098033557
86,5,58.768071063313975,59.25587342367605,7.396067655204956,99.5643282640588,23.18302643747118
86,6,58.768071063313975,59.25587342367605,5.727004525055506,160.98809176419934,19.90951262401353
86,7,58.768071063313975,59.25587342367605,9.155907213694803,170.655929532422,17.25847617162655
86,8,58.768071063313975,59.25587342367605,7.657869587082531,288.66445898275526,13.018244148017166
86,9,58.768071063313975,59.25587342367605,8.201629355536555,324.562223199547,12.90484021225122
86,10,58.768071063313975,59.25587342367605,8.228223399098304,408.36000550039756,13.724456429645155
86,11,58.768071063313975,59.25587342367605,3.8895720222386334,297.02892866778114,17.258687696921843
87,0,46.66857583426313,58.841728908984855,8.00035954323908,373.5534744757508,19.45366800475328
87,1,46.66857583426313,58.841728908984855,7.8174060143084265,284.2981414234526,24.301630537904472
87,2,46.66857583426313,58.841728908984855,8.590467012828013,454.8399549969343,28.696786579388696
87,3,46.66857583426313,58.841728908984855,8.585477100443464,197.49978132692064,27.05676016339811
87,4,46.66857583426313,58.841728908984855,8.501468592882524,102.67107410749956,28.20384224138157
87,5,46.66857583426313,58.841728908984855,8.104744602736892,141.35946113027117,23.95984287327938
87,6,46.66857583426313,58.841728908984855,9.549704384379508,147.06376238484984,20.215298531245075
87,7,46.66857583426313,58.841728908984855,8.204480506682797,119.89030459675568,14.951282413761389
87,8,46.66857583426313,58.841728908984855,11.146497207723074,262.258545468121,14.03097923681277
87,9,46.66857583426313,58.841728908984855,7.0635680542809824,381.6327276708047,11.23614202386151
87,10,46.66857583426313,58.841728908984855,6.986672663424192,320.61510349613826,13.63728253407625
87,11,46.66857583426313,58.841728908984855,11.420830970264417,411.4633063458525,16.87150993394575
88,0,57.745679077211726,58.606186645749624,8.620902432109283,368.8593361779751,20.84902275673338
88,1,57.745679077211726,58.606186645749624,7.725311299022449,343.002729466218,23.466911442191872
88,2,57.745679077211726,58.606186645749624,5.1645335889518975,291.63843010403696,26.491327982691168
88,3,57.745679077211726,58.606186645749624,8.776588044727182,256.92369497799615,29.242320066292336
88,4,57.745679077211726,58.606186645749624,5.002568865048287,129.2271272780117,26.348521881898698
88,5,57.745679077211726,58.606186645749624,6.582996713124705,111.55623984599411,25.041120178132147
88,6,57.745679077211726,58.606186645749624,7.4599660247596224,154.6857058919779,19.05073544658754
88,7,57.745679077211726,58.606186645749624,10.492063305741883,198.6507444330507,13.849611535574322
88,8,57.745679077211726,58.606186645749624,9.844774294798487,279.3357921557719,14.63995502018245
88,9,57.745679077211726,58.606186645749624,8.567755357899685,306.98316553165375,12.632259625021046
88,10,57.745679077211726,58.606186645749624,9.168889340113928,426.77346171592404,13.072025445579584
88,11,57.745679077211726,58.606186645749624,7.657670304449929,358.3207137754108,16.366330679721678
89,0,45.83320096524204,59.20983663101204,9.452531399269654,341.0611144919661,19.67275742450636
89,1,45.83320096524204,59.20983663101204,7.916454975435156,398.87148238613213,24.008969986101174
89,2,45.83320096524204,59.20983663101204,9.094834207826393,401.4971674593513,25.54057448376642
89,3,45.83320096524204,59.20983663101204,9.092243767717676,214.247075981184,27.953944216342954
89,4,45.83320096524204,59.20983663101204,3.6237975616532028,147.52194286030314,26.112753245154988
89,5,45.83320096524204,59.20983663101204,4.563601534710218,129.9852575818549,22.468138465737233
89,6,45.83320096524204,59.20983663101204,2.7113669878061843,99.04817568381748,19.525581162219225
89,7,45.83320096524204,59.20983663101204,3.0669818946121508,151.1865545278464,15.01467126615361
89,8,45.83320096524204,59.20983663101204,6.981294439915727,250.7669755477849,15.022183229142554
89,9,45.83320096524204,59.20983663101204,7.554241161056331,449.2139315300729,12.222570959989286
89,10,45.83320096524204,59.20983663101204,10.14458207663828,401.88876728286846,14.051501780433256
89,11,45.83320096524204,59.20983663101204,12.367043063500939,337.9205415845273,15.196749976320609
90,0,33.397820249442,61.69443585904226,7.0239252466325555,330.3273909783775,19.17634337262262
90,1,33.397820249442,61.69443585904226,10.553863366317257,345.4510570723145,24.88711825313004
90,2,33.397820249442,61.69443585904226,10.808636920740634,314.1813972155394,26.231077205447022
90,3,33.397820249442,61.69443585904226,9.262319125569526,242.91937147712164,27.21980098792278
90,4,33.397820249442,61.69443585904226,4.228088416954884,162.2698111155969,26.166175918494346
90,5,33.397820249442,61.69443585904226,5.610441542473084,126.026675152874,23.650640682420065
90,6,33.397820249442,61.69443585904226,5.87325056442721,141.62150295497025,20.956338821013052
90,7,33.397820249442,61.69443585904226,8.753772648324816,172.56623831475937,15.180727849854456
90,8,33.397820249442,61.69443585904226,10.794485838998396,271.5257573362153,12.939830322998805
90,9,33.397820249442,61.69443585904226,5.568573482771834,332.80970862582535,11.23046183355935
90,10,33.397820249442,61.69443585904226,6.676771689724009,460.3676101103132,12.582818729541838
90,11,33.397820249442,61.69443585904226,7.788618326965476,382.12843231954196,16.677725749108017
91,0,64.48169223003099,61.05069056270931,8.791242906183495,328.6425421119744,20.241560762480777
91,1,64.48169223003099,61.05069056270931,6.369037998049053,374.59812472338314,23.469439960891016
91,2,64.48169223003099,61.05069056270931,10.368149180835925,395.0572320736787,29.891218196211206
91,3,64.48169223003099,61.05069056270931,8.897021874241556,156.45214708770214,29.662309002437453
91,4,64.48169223003099,61.05069056270931,10.486110740655366,133.15254994529377,27.603134421410736
91,5,64.48169223003099,61.05069056270931,6.03288164217011,109.93594180108374,23.518921960280444
91,6,64.48169223003099,61.05069056270931,9.72498729601303,150.70870437351996,20.22781970762389
91,7,64.48169223003099,61.05069056270931,5.715154410387743,182.24271042097615,15.434728923474447
91,8,64.48169223003099,61.05069056270931,9.529033801534206,254.27226009278994,12.916784472687127
91,9,64.48169223003099,61.05069056270931,9.05809536141539,310.3948048818026,12.13541472330039
91,10,64.48169223003099,61.05069056270931,9.594541859601195,494.4198876234743,13.46917803404137
91,11,64.48169223003099,61.05069056270931,9.68027476439455,374.09692209562246,15.564183520265209
92,0,46.29124311284834,59.945176427870805,9.383254201128356,324.6921412935918,19.65212824880729
92,1,46.29124311284834,59.945176427870805,7.245280014530575,361.66450063213733,24.257386330226772
92,2,46.29124311284834,59.945176427870805,11.767865261698518,361.4685602626255,27.946402418670264
92,3,46.29124311284834,59.945176427870805,4.668271766631371,279.36300288013325,28.93047943683466
92,4,46.29124311284834,59.945176427870805,10.686536628135304,142.90719561306494,27.666515721250697
92,5,46.29124311284834,59.945176427870805,8.376042641951702,127.34555996316787,23.303741160855957
92,6,46.29124311284834,59.945176427870805,7.335939963420722,137.8453139817785,18.307389379094882
92,7,46.29124311284834,59.945176427870805,5.794657658133773,164.48588507426842,16.438587862502526
92,8,46.29124311284834,59.945176427870805,6.93445634264548,319.2643066665594,14.163224911656245
92,9,46.29124311284834,59.945176427870805,6.907605469821567,225.58254248696355,11.667443765001348
92,10,46.29124311284834,59.945176427870805,3.11718585707452,473.53101383495886,13.850688405231875
92,11,46.29124311284834,59.945176427870805,8.712278563266306,331.5037685765318,14.097541378745564
93,0,58.63129087178915,72.01268827660346,4.651015485593921,322.1211031163478,19.516400031294104
93,1,58.63129087178915,72.01268827660346,6.215321021964745,362.04997601733544,24.78136060429273
93,2,58.63129087178915,72.01268827660346,4.694742004151456,314.4924350914724,27.189348650292334
93,3,58.63129087178915,72.01268827660346,12.130148282978634,283.44188510636894,28.16624849679884
93,4,58.63129087178915,72.01268827660346,8.017408671421313,130.12349911476207,26.438694970500475
93,5,58.63129087178915,72.01268827660346,9.014550656528538,113.26552343648439,25.976347421263885
93,6,58.63129087178915,72.01268827660346,8.269827347074818,140.16317461948975,20.965409518204098
93,7,58.63129087178915,72.01268827660346,8.304390021353592,175.87810133820258,17.28197890579125
93,8,58.63129087178915,72.01268827660346,7.81742980020423,257.3994104312289,12.014956545027886
93,9,58.63129087178915,72.01268827660346,6.170520154053865,406.03539796125955,11.971656771375063
93,10,58.63129087178915,72.01268827660346,11.418510214554663,331.823748491529,12.168365398372767
93,11,58.63129087178915,72.01268827660346,9.334795715491751,388.14157104202684,15.642122336151044
94,0,85.78838503353404,60.593257584775486,5.615633183978938,298.3584187457672,20.50004491964635
94,1,85.78838503353404,60.593257584775486,8.761341897885446,325.55365192991366,24.389663876482665
94,2,85.78838503353404,60.593257584775486,6.575383730727351,432.21884364927547,26.114544946716705
94,3,85.78838503353404,60.593257584775486,5.342179599593249,262.97985043122384,24.84345108997953
94,4,85.78838503353404,60.593257584775486,4.801185793499361,163.66336204264886,25.449339240179164
94,5,85.78838503353404,60.593257584775486,7.084146989514737,123.27171239495185,24.027370620608433
94,6,85.78838503353404,60.593257584775486,4.870770725322962,132.93616621097098,18.959497365925436
94,7,85.78838503353404,60.593257584775486,6.17856874273844,195.11491230142403,16.30725239378671
94,8,85.78838503353404,60.593257584775486,7.63771271941739,178.7378212719072,12.09707284973146
94,9,85.78838503353404,60.593257584775486,5.144981751697465,397.72294665123223,12.449877790229332
94,10,85.78838503353404,60.593257584775486,7.116221045864374,414.5146479424953,13.034549978654075
94,11,85.78838503353404,60.593257584775486,6.098173505334681,323.909350199267,15.535384524671974
95,0,64.95066184883184,61.6689240778516,11.218510377005842,383.94934947344393,20.40962346502521
95,1,64.95066184883184,61.6689240778516,7.665657027220918,398.91445438539796,23.88118232083716
95,2,64.95066184883184,61.6689240778516,10.791083007828117,326.82330124243526,27.846099257784523
95,3,64.95066184883184,61.6689240778516,10.166430680870626,256.51581299609995,27.84373391844074
95,4,64.95066184883184,61.6689240778516,9.831785709736623,115.85683963591245,25.910696205601038
95,5,64.95066184883184,61.6689240778516,6.744349387710574,108.46494581796443,23.774734095038436
95,6,64.95066184883184,61.6689240778516,7.453144195531133,189.4590978982823,21.135289631629927
95,7,64.95066184883184,61.6689240778516,10.417129723813103,212.1213640380256,16.328352695826776
95,8,64.95066184883184,61.6689240778516,9.928462586872659,304.13319644796206,12.981130238442002
95,9,64.95066184883184,61.6689240778516,6.078065747903862,532.0447234857094,11.63136868170279
95,10,64.95066184883184,61.6689240778516,2.4215100742317803,409.55714723471095,10.839026067314588
95,11,64.95066184883184,61.6689240778516,8.1242322085612,370.5975051777096,16.27720510454137
96,0,70.56547995178643,58.98584834150815,6.56798969848397,337.7897759362945,17.936513117993805
96,1,70.56547995178643,58.98584834150815,8.593124856074503,384.7447875024497,23.408025024780112
96,2,70.56547995178643,58.98584834150815,9.941783831518574,395.1060429228214,27.24616625753288
96,3,70.56547995178643,58.98584834150815,9.421163250082897,233.8747991557866,28.937320322050944
96,4,70.56547995178643,58.98584834150815,7.164386063166182,141.13647056477907,27.43143541636753
96,5,70.56547995178643,58.98584834150815,3.7191785355161127,119.92087457873119,25.221067061842152
96,6,70.56547995178643,58.98584834150815,10.270042685400238,117.68473626141834,18.941348969501217
96,7,70.56547995178643,58.98584834150815,9.147006878733547,145.13082128290074,14.97172396822873
96,8,70.56547995178643,58.98584834150815,7.049087294558149,298.72576011260674,13.215123632052226
96,9,70.56547995178643,58.98584834150815,8.219804441383365,351.2325905247397,11.603176192532118
96,10,70.56547995178643,58.98584834150815,8.078292999652898,419.76961906689587,12.970170575675231
96,11,70.56547995178643,58.98584834150815,7.722196372180826,363.08683685131706,17.652240642047673
97,0,96.67588281407139,64.97935009789065,7.688440245928154,266.80785327164847,18.450445914180666
97,1,96.67588281407139,64.97935009789065,8.514961481466488,347.92083469306806,24.094364079097197
97,2,96.67588281407139,64.97935009789065,6.97601022125758,460.5244364935483,27.120805628020936
97,3,96.67588281407139,64.97935009789065,7.749480463228668,235.03440180368247,28.7438626481367
97,4,96.67588281407139,64.97935009789065,8.325819559656047,153.1946829137078,26.67491359480869
97,5,96.67588281407139,64.97935009789065,6.114888810056118,128.60468026423194,24.26888961317084
97,6,96.67588281407139,64.97935009789065,6.677778256114049,177.8448257756107,19.212164686748135
97,7,96.67588281407139,64.97935009789065,5.093564051854074,143.82542023738205,15.651036958261548
97,8,96.67588281407139,64.97935009789065,10.890191799617575,306.8670444838959,14.78209622229633
97,9,96.67588281407139,64.97935009789065,7.119936951741275,305.87698895609304,12.176038313721559
97,10,96.67588281407139,64.97935009789065,11.418404857887637,563.1610253926816,12.787984597656623
97,11,96.67588281407139,64.97935009789065,4.892374973281429,462.49637870511526,16.29162777472397
98,0,51.70678387291605,64.29765137637861,9.901667762789778,402.3992775873829,20.861144134318213
98,1,51.70678387291605,64.29765137637861,10.383742657358546,396.71198754867703,22.22406749693483
98,2,51.70678387291605,64.29765137637861,9.326600634914413,290.6352620876133,27.690675727444177
98,3,51.70678387291605,64.29765137637861,9.479220114884193,259.2794278832942,28.477545837844378
98,4,51.70678387291605,64.29765137637861,11.433243906119927,110.33866970153613,26.619044009175653
98,5,51.70678387291605,64.29765137637861,11.758367425424934,104.29065695838649,22.546361637262013
98,6,51.70678387291605,64.29765137637861,5.80965829683352,165.13565719810362,19.534001245083996
98,7,51.70678387291605,64.29765137637861,4.223864500329862,176.0450095645458,16.04234822950697
98,8,51.70678387291605,64.29765137637861,4.157549494120863,266.18711787939566,14.566271013720865
98,9,51.70678387291605,64.29765137637861,7.012556701502609,284.55988909745565,12.872215051749857
98,10,51.70678387291605,64.29765137637861,6.683392997495277,441.3230505230384,13.061474650263449
98,11,51.70678387291605,64.29765137637861,6.979546856116164,374.1071449039193,16.02516997786672
99,0,58.5199277397928,60.50169637997292,6.886878568967705,431.9210743369311,19.968132252231168
99,1,58.5199277397928,60.50169637997292,8.05772002776916,399.1624840422853,22.742330557439463
99,2,58.5199277397928,60.50169637997292,7.865161478783689,358.37982608808727,26.00060518047536
99,3,58.5199277397928,60.50169637997292,8.920315770067269,204.52314216889351,28.59682132576322
99,4,58.5199277397928,60.50169637997292,5.4448540258548475,168.63854277654627,28.504528725382762
99,5,58.5199277397928,60.50169637997292,7.619344801955124,109.22431009742091,23.241877782824677
99,6,58.5199277397928,60.50169637997292,8.878453726189614,139.40265093519247,19.561351142075473
99,7,58.5199277397928,60.50169637997292,11.612984396452893,145.40422170430782,17.265619351426462
99,8,58.5199277397928,60.50169637997292,9.09678372010517,306.03079635352316,12.59454236374965
99,9,58.5199277397928,60.50169637997292,7.356613039427667,353.4529484806066,12.250109807038676
99,10,58.5199277397928,60.50169637997292,8.978926051320792,371.7582103995122,12.428585618412306
99,11,58.5199277397928,60.50169637997292,9.774618330722987,402.3409536801473,16.264140347617055
100,0,52.21931612977352,65.17137545875343,8.359459221610756,348.8941327310484,19.42584899478263
100,1,52.21931612977352,65.17137545875343,7.670982964322957,459.0628499580645,23.637792102727246
100,2,52.21931612977352,65.17137545875343,6.949798511244559,351.9555689328483,27.525609290227152
100,3,52.21931612977352,65.17137545875343,5.36333590350095,291.38936834702713,28.326288893005184
100,4,52.21931612977352,65.17137545875343,8.788348639767355,147.17887423763875,26.901520212709993
100,5,52.21931612977352,65.17137545875343,5.418070877964896,147.46626814332424,24.216037758973528
100,6,52.21931612977352,65.17137545875343,8.362353087155816,156.3486124408585,18.904052313208073
100,7,52.21931612977352,65.17137545875343,6.106111205353841,161.71967500586095,16.75371107134531
100,8,52.21931612977352,65.17137545875343,6.571608825516211,228.46119166595574,12.84041876805164
100,9,52.21931612977352,65.17137545875343,8.570342636962733,438.84162452500203,11.443988180589175
100,10,52.21931612977352,65.17137545875343,9.348089824870218,396.4511161608594,14.778870099964815
100,11,52.21931612977352,65.17137545875343,8.306682765860527,430.43975266242086,17.062285777296644
101,0,61.443608959691076,63.153906041347334,7.60152335731762,382.76103664114964,19.245847596842232
101,1,61.443608959691076,63.153906041347334,8.258202727177638,431.4506115141479,24.267148454332375
101,2,61.443608959691076,63.153906041347334,10.651134430202417,387.4060332070646,26.63862993076129
101,3,61.443608959691076,63.153906041347334,5.692342002477034,234.81094936849263,28.56517665395358
101,4,61.443608959691076,63.153906041347334,11.833904735697663,131.94190752765724,25.889042116242415
101,5,61.443608959691076,63.153906041347334,10.341257164332198,96.35611799547704,25.597291932467105
101,6,61.443608959691076,63.153906041347334,7.824987748443864,131.26069830484084,17.69948432322113
101,7,61.443608959691076,63.153906041347334,10.465234746593298,170.55565491348295,17.395303107236757
101,8,61.443608959691076,63.153906041347334,8.293259564741875,254.48932841922513,13.085830612149879
101,9,61.443608959691076,63.153906041347334,8.218518340450231,262.65923469312725,12.994523111690668
101,10,61.443608959691076,63.153906041347334,10.750680273208685,386.4553438122596,12.69902834861832
101,11,61.443608959691076,63.153906041347334,9.781629109475059,362.0988277880403,16.31403259440816
102,0,24.050210544283434,53.60791125220107,5.156556054808413,443.6593613263597,18.979317077005238
102,1,24.050210544283434,53.60791125220107,7.74825150858855,350.7987329150488,23.43458042265552
102,2,24.050210544283434,53.60791125220107,9.741152544301649,421.7201129712799,26.792258825520765
102,3,24.050210544283434,53.60791125220107,4.309479045099479,233.66923677271518,28.066770272495663
102,4,24.050210544283434,53.60791125220107,7.481732145323779,147.8879882190153,26.449161002141228
102,5,24.050210544283434,53.60791125220107,2.821799527564931,138.45143076886862,23.90087122590163
102,6,24.050210544283434,53.60791125220107,10.814284645759832,142.42743790985318,20.827340789745328
102,7,24.050210544283434,53.60791125220107,8.265464362489967,200.44128138593075,16.251173834210267
102,8,24.050210544283434,53.60791125220107,8.97994911601134,326.1626888277215,13.369416516696017
102,9,24.050210544283434,53.60791125220107,9.11072396844294,247.91169988235328,11.233785901919115
102,10,24.050210544283434,53.60791125220107,9.447509981424357,402.0504057720087,14.270068255876984
102,11,24.050210544283434,53.60791125220107,5.486059808548653,483.11780159664,16.35349216641074
103,0,46.31782807428533,53.77720062648238,9.993035078113238,375.01425965385687,20.702527842544544
103,1,46.31782807428533,53.77720062648238,6.401364741568404,332.4513766956247,23.839094875450844
103,2,46.31782807428533,53.77720062648238,7.434338838226925,249.34474997632066,29.23730635209786
103,3,46.31782807428533,53.77720062648238,12.036895668767933,229.41012014913457,27.53631771356667
103,4,46.31782807428533,53.77720062648238,6.265733148795828,121.85702926743834,27.61109176367285
103,5,46.31782807428533,53.77720062648238,9.032218134136276,148.9878594311526,25.686152411471973
103,6,46.31782807428533,53.77720062648238,10.079272348762702,153.97060735873032,21.11898122940326
103,7,46.31782807428533,53.77720062648238,6.206331116009575,159.720286737557,15.81112989594177
103,8,46.31782807428533,53.77720062648238,8.208595328696768,264.11338289417216,13.940817125707714
103,9,46.31782807428533,53.77720062648238,7.946833185342376,282.0696263472307,11.938262623581943
103,10,46.31782807428533,53.77720062648238,8.77782020392881,476.9810660691172,12.213944585087079
103,11,46.31782807428533,53.77720062648238,10.257585638910587,372.9663334233201,16.264485608831386
104,0,55.21581160958944,55.24547806875154,9.308574802195432,335.5491712485457,17.358150069951392
104,1,55.21581160958944,55.24547806875154,9.156506821709018,514.5345186238906,25.262319308071003
104,2,55.21581160958944,55.24547806875154,4.2346380914757775,313.12793982276213,26.943685712262035
104,3,55.21581160958944,55.24547806875154,7.809709704036228,232.1555440768943,28.137615138528396
104,4,55.21581160958944,55.24547806875154,10.418117917761517,165.83714161522317,27.37551781506683
104,5,55.21581160958944,55.24547806875154,7.548427260151573,120.93917381704988,26.283269481542437
104,6,55.21581160958944,55.24547806875154,7.681141182827182,137.07352992719686,19.89060753150092
104,7,55.21581160958944,55.24547806875154,9.314590894388614,186.64078831091444,15.053505445814318
104,8,55.21581160958944,55.24547806875154,7.6996975241707215,246.12897556435087,13.127132091181373
104,9,55.21581160958944,55.24547806875154,7.76672529609165,333.724117501061,13.715017215828425
104,10,55.21581160958944,55.24547806875154,8.442898899492599,478.31659588456426,12.783203992736954
104,11,55.21581160958944,55.24547806875154,5.402172966744835,308.9210826611186,15.980959183087142
105,0,54.57178713464151,60.6063335505714,8.430921476850093,308.1357404428796,18.819324003112673
105,1,54.57178713464151,60.6063335505714,4.617659405057736,371.38850154737304,25.86996304445114
105,2,54.57178713464151,60.6063335505714,6.858603461997819,352.3335072206848,29.506516586948536
105,3,54.57178713464151,60.6063335505714,4.492071449324405,263.68493140900506,28.498066502350422
105,4,54.57178713464151,60.6063335505714,5.893479229938891,153.64597551413524,27.733687464222193
105,5,54.57178713464151,60.6063335505714,6.2014273844623915,124.88909574511769,25.778668754603657
105,6,54.57178713464151,60.6063335505714,10.058063167376984,163.83133730839097,20.07786702342153
105,7,54.57178713464151,60.6063335505714,9.861426243955675,210.2022199935333,16.07536247654762
105,8,54.57178713464151,60.6063335505714,7.497159101732142,290.0188927234751,10.998840968765878
105,9,54.57178713464151,60.6063335505714,7.200151745599778,397.4888865075084,11.90711534997005
105,10,54.57178713464151,60.6063335505714,9.346657237523205,425.36948497427284,13.102700449662436
105,11,54.57178713464151,60.6063335505714,4.893022832894971,443.15962933309726,17.26634521504349
106,0,36.40329206697692,56.23956737684832,8.946623143224711,338.5190177723448,21.06116820224522
106,1,36.40329206697692,56.23956737684832,6.752543598049471,371.36514669732634,23.603811890236184
106,2,36.40329206697692,56.23956737684832,9.962294479263477,463.5794098004428,25.874722628715197
106,3,36.40329206697692,56.23956737684832,9.42513594693636,284.06510159809704,27.658633561602837
106,4,36.40329206697692,56.23956737684832,7.247826741367549,136.16134105623757,26.923872262540122
106,5,36.40329206697692,56.23956737684832,8.418315997716942,146.90025843295135,24.086889468379514
106,6,36.40329206697692,56.23956737684832,6.839555725621912,134.6073335420682,20.04063052265462
106,7,36.40329206697692,56.23956737684832,4.28523384585408,195.1818885575326,16.367734766265357
106,8,36.40329206697692,56.23956737684832,11.93805116388196,263.3317208422935,11.273605988028688
106,9,36.40329206697692,56.23956737684832,9.588024883206575,376.93810826518956,11.578508699769028
106,10,36.40329206697692,56.23956737684832,9.19240739821509,395.7556747928492,12.738169893383198
106,11,36.40329206697692,56.23956737684832,7.012449157542092,415.69550351935476,17.33681536828033
107,0,61.4755686638362,52.030012549085335,7.1598623776296835,366.80259332585194,20.04565368142537
107,1,61.4755686638362,52.030012549085335,6.056420918735659,345.00299870629635,23.248437888719472
107,2,61.4755686638362,52.030012549085335,10.520819511739607,358.68834895501817,25.909063135734538
107,3,61.4755686638362,52.030012549085335,5.8214577904663685,296.2131792212453,27.78005093113981
107,4,61.4755686638362,52.030012549085335,7.10385416354661,156.02041061458505,26.388391342807726
107,5,61.4755686638362,52.030012549085335,6.726674186431774,75.2667937242587,23.358591827038758
107,6,61.4755686638362,52.030012549085335,4.272295834187579,147.57252553399118,21.815671042964095
107,7,61.4755686638362,52.030012549085335,5.307507159190401,201.4969346493866,16.151959824692586
107,8,61.4755686638362,52.030012549085335,12.185040395874584,290.76720855743514,13.050310250076853
107,9,61.4755686638362,52.030012549085335,9.418678850456185,300.62522451681787,11.508640504930485
107,10,61.4755686638362,52.030012549085335,6.0940391880596705,294.2993001274572,12.948546792795309
107,11,61.4755686638362,52.030012549085335,6.646088798484953,424.5947021286882,15.734138383768942
108,0,38.17520210481369,56.86015874524211,11.353685904337384,364.04718343076456,18.873779422415872
108,1,38.17520210481369,56.86015874524211,8.07460609498475,411.20378427405706,24.65145250951356
108,2,38.17520210481369,56.86015874524211,5.226152210996377,390.9592182895641,26.891694922273125
108,3,38.17520210481369,56.86015874524211,5.123598828534609,251.70975978402456,26.615122081957733
108,4,38.17520210481369,56.86015874524211,10.528822655991448,169.89984589052028,28.13762113120514
108,5,38.17520210481369,56.86015874524211,8.913780105030806,140.4701123256936,22.91951965791756
108,6,38.17520210481369,56.86015874524211,10.895883967701247,180.71355713255483,20.67843026611442
108,7,38.17520210481369,56.86015874524211,7.42970272131279,160.50053924517616,15.84815241638417
108,8,38.17520210481369,56.86015874524211,4.965852855523499,258.12824437093934,13.551333776126965
108,9,38.17520210481369,56.86015874524211,7.160931571059273,366.18157184949865,11.535504383576486
108,10,38.17520210481369,56.86015874524211,9.367500406687935,502.6804458507301,12.186652071568561
108,11,38.17520210481369,56.86015874524211,10.370133451767636,500.0551472936419,15.184616402948224
109,0,36.61763669599649,59.72966225443863,10.25442478953785,400.6765197941767,19.50332412060465
109,1,36.61763669599649,59.72966225443863,9.849201858810735,189.58273084237416,24.83109203801263
109,2,36.61763669599649,59.72966225443863,5.8588900465028,420.0469016780944,28.87050508433876
109,3,36.61763669599649,59.72966225443863,10.007096482810207,238.9080364981012,27.06630009943498
109,4,36.61763669599649,59.72966225443863,7.997358893659242,146.26471086458628,27.91381357030353
109,5,36.61763669599649,59.72966225443863,7.493405006922183,143.95536399763276,22.40348179296414
109,6,36.61763669599649,59.72966225443863,7.558827902129715,159.47411649517755,18.17365566374199
109,7,36.61763669599649,59.72966225443863,10.773160210629035,186.57377421624568,16.146588670759375
109,8,36.61763669599649,59.72966225443863,11.00535117023379,333.6208877843782,11.78953175917641
109,9,36.61763669599649,59.72966225443863,8.208300193927258,409.5335045048294,11.825201944843887
109,10,36.61763669599649,59.72966225443863,10.173537425999804,391.82232406822965,13.405934951799596
109,11,36.61763669599649,59.72966225443863,4.796954605194886,322.14602912335016,15.04743441100893
110,0,54.40213197049882,59.47284728463883,7.80877431172443,412.82072092669586,18.00661187332669
110,1,54.40213197049882,59.47284728463883,3.576369703014329,410.82821101808366,23.670753014140963
110,2,54.40213197049882,59.47284728463883,8.771587832824551,373.37703891002,25.120203237740487
110,3,54.40213197049882,59.47284728463883,10.153262718647284,263.86641949962217,29.60063620739972
110,4,54.40213197049882,59.47284728463883,10.174635733799967,155.3376239736233,25.149722092886627
110,5,54.40213197049882,59.47284728463883,9.780228040823763,104.83888125667924,23.61124502217907
110,6,54.40213197049882,59.47284728463883,9.940457109313586,134.1969141688137,19.754640976418802
110,7,54.40213197049882,59.47284728463883,4.88614827141551,162.33445729175466,16.721273753887672
110,8,54.40213197049882,59.47284728463883,7.114929497740055,278.37332916062354,12.964546402345798
110,9,54.40213197049882,59.47284728463883,11.151988195690555,299.4829632227349,12.61288401701627
110,10,54.40213197049882,59.47284728463883,7.2424850002401815,424.1690686246686,14.256079388898454
110,11,54.40213197049882,59.47284728463883,6.935738526296754,387.80467665942217,18.658153209301673
111,0,74.76907131652536,60.54913465108369,10.000501613572414,454.3445432829126,19.643291278764664
111,1,74.76907131652536,60.54913465108369,9.972552443234514,394.2564985126584,23.529674448117497
111,2,74.76907131652536,60.54913465108369,7.757248968193431,330.2825162172525,27.620585980623463
111,3,74.76907131652536,60.54913465108369,7.213037872552252,262.91784629533385,26.830757599429912
111,4,74.76907131652536,60.54913465108369,8.712373535280205,139.61439909842255,27.887542815384705
111,5,74.76907131652536,60.54913465108369,9.819573777795616,125.61465076935025,23.564061798115485
111,6,74.76907131652536,60.54913465108369,6.380744124219423,176.48632117084298,20.23401710924119
111,7,74.76907131652536,60.54913465108369,11.224131113864509,160.2221975325153,14.993447573240356
111,8,74.76907131652536,60.54913465108369,7.5219745718917235,238.43285701104372,13.222238353667716
111,9,74.76907131652536,60.54913465108369,6.803127954962193,322.4647817579285,11.082821608952564
111,10,74.76907131652536,60.54913465108369,9.162022935100559,432.4264572655496,12.063319433050532
111,11,74.76907131652536,60.54913465108369,4.590555798775792,382.6963683426327,18.1121806607687
112,0,34.04455839230576,59.03636126709381,9.909710768076598,327.3036414308393,19.726325370675774
112,1,34.04455839230576,59.03636126709381,11.180715040975088,438.34321575781865,23.71892657057843
112,2,34.04455839230576,59.03636126709381,9.198581726731128,372.7334463682966,28.21010807009947
112,3,34.04455839230576,59.03636126709381,7.336964125343744,259.5979687107735,28.07538663622322
112,4,34.04455839230576,59.03636126709381,7.778074553069969,135.75745254373504,26.87835258074777
112,5,34.04455839230576,59.03636126709381,5.252238253388709,119.18577990229272,22.35834936373883
112,6,34.04455839230576,59.03636126709381,7.3330311458635276,177.81823278098145,18.711473472646905
112,7,34.04455839230576,59.03636126709381,9.031544404073777,211.0188860010883,14.66059412233369
112,8,34.04455839230576,59.03636126709381,9.91856281500203,260.8982421955048,14.079198815661327
112,9,34.04455839230576,59.03636126709381,7.655700380503544,327.1769942215673,12.528732027630596
112,10,34.04455839230576,59.03636126709381,9.385160595613804,292.3727685281561,11.432083318146786
112,11,34.04455839230576,59.03636126709381,9.757139858856457,442.2870894315496,16.623270225577187
113,0,51.10294544800474,60.7392797525406,9.738775813483453,358.7952314604894,20.93408343874922
113,1,51.10294544800474,60.7392797525406,6.471659080663406,484.8102579308374,23.128701122572778
113,2,51.10294544800474,60.7392797525406,8.2736729838573,418.4681128793674,27.070141693633595
113,3,51.10294544800474,60.7392797525406,6.773896081846196,206.3141932083108,26.648495537007367
113,4,51.10294544800474,60.7392797525406,7.688769232363914,135.39136871651968,25.63666403653542
113,5,51.10294544800474,60.7392797525406,7.730462804206244,160.8847598561922,23.088819522563917
113,6,51.10294544800474,60.7392797525406,8.540719578361678,107.51127757151013,19.917020801744492
113,7,51.10294544800474,60.7392797525406,11.556014575756963,193.0840046163123,15.62784293314578
113,8,51.10294544800474,60.7392797525406,4.901996789899311,297.3166452289742,13.122794318743464
113,9,51.10294544800474,60.7392797525406,8.34063282879916,406.5252668565459,11.244000903682467
113,10,51.10294544800474,60.7392797525406,8.319528055144728,373.2299794663443,12.279334870571144
113,11,51.10294544800474,60.7392797525406,6.736972189806046,322.6273180323304,16.070654360539546
114,0,43.564591900068066,58.852922530475915,7.119760431817573,318.160321209212,19.743418385223684
114,1,43.564591900068066,58.852922530475915,7.517869308442201,436.8760985050609,25.77767744128244
114,2,43.564591900068066,58.852922530475915,8.761662550553059,475.5354604103831,27.388500427875375
114,3,43.564591900068066,58.852922530475915,7.608398820598401,272.9685366855287,27.200684076979602
114,4,43.564591900068066,58.852922530475915,7.315316970450802,166.82900893455715,26.730515962542484
114,5,43.564591900068066,58.852922530475915,8.938456143859703,140.269471822861,22.732204598171702
114,6,43.564591900068066,58.852922530475915,6.714088406489667,151.04522756710574,19.386310734205917
114,7,43.564591900068066,58.852922530475915,5.957917054948864,158.61077721596752,15.561926080436313
114,8,43.564591900068066,58.852922530475915,7.770328939002347,269.2138713611683,12.478803078967697
114,9,43.564591900068066,58.852922530475915,6.832790158711443,424.59620364627267,11.551508782556539
114,10,43.564591900068066,58.852922530475915,7.3255971776897235,403.7484877490294,13.455983990221835
114,11,43.564591900068066,58.852922530475915,7.882729516684087,407.9630342268067,15.206215188496051
115,0,42.17629306437593,55.8897374021783,6.37834789588223,368.6130938958596,21.06795622753664
115,1,42.17629306437593,55.8897374021783,9.086941285426137,426.22104509672425,23.526601317423715
115,2,42.17629306437593,55.8897374021783,7.483729552672061,328.98438163230753,26.452015662693697
115,3,42.17629306437593,55.8897374021783,9.336388912382327,257.11128579223464,28.60870862948744
115,4,42.17629306437593,55.8897374021783,10.193638195121972,150.78679336563482,27.640404385081464
115,5,42.17629306437593,55.8897374021783,9.166969904749642,115.11991512549946,22.940492644556613
115,6,42.17629306437593,55.8897374021783,8.596732280175049,145.79684164571518,19.751884431995812
115,7,42.17629306437593,55.8897374021783,8.8024368034405,214.0320644200452,15.401236242914253
115,8,42.17629306437593,55.8897374021783,9.053873993334422,248.33591052729253,12.055490603532544
115,9,42.17629306437593,55.8897374021783,8.996384312074747,295.75954067503807,11.860806167507054
115,10,42.17629306437593,55.8897374021783,7.557667571773342,379.3114682836874,15.661432062819475
115,11,42.17629306437593,55.8897374021783,6.4302189466134125,338.0020250561361,16.429969375784523
116,0,60.239437632539826,53.188576526183596,8.108692558112596,336.13005452114123,20.147425981736557
116,1,60.239437632539826,53.188576526183596,10.62696808537747,455.2983408560185,22.83770842873621
116,2,60.239437632539826,53.188576526183596,11.074105653391907,348.0631610351638,27.489710329894386
116,3,60.239437632539826,53.188576526183596,9.723264813860117,205.38361670142004,26.887978151102544
116,4,60.239437632539826,53.188576526183596,9.958188415477863,153.6971488109738,27.245341939523406
116,5,60.239437632539826,53.188576526183596,6.143583098939496,113.86643304662329,22.883935783117717
116,6,60.239437632539826,53.188576526183596,8.272598195258638,150.01013495917135,20.429511478043395
116,7,60.239437632539826,53.188576526183596,4.056595440504642,175.4522313890762,17.29298953235549
116,8,60.239437632539826,53.188576526183596,4.990786605162009,295.4004786984144,12.410132986525957
116,9,60.239437632539826,53.188576526183596,15.115730586860685,382.2268933406653,11.440814699075622
116,10,60.239437632539826,53.188576526183596,9.115828361405566,350.03990340590633,10.5947974995345
116,11,60.239437632539826,53.188576526183596,8.478286127688019,269.6886152517154,17.963199749881248
117,0,44.05354513009349,59.49139578792753,6.427643678501319,332.6328420765689,20.753758036442864
117,1,44.05354513009349,59.49139578792753,10.172232307605245,479.1077615740042,23.51645328255548
117,2,44.05354513009349,59.49139578792753,9.159174558460542,378.99881443675247,26.927586559288066
117,3,44.05354513009349,59.49139578792753,8.87402383076842,262.40777543898866,29.556182438886964
117,4,44.05354513009349,59.49139578792753,5.114483836273328,119.26152839527285,27.26741582093543
117,5,44.05354513009349,59.49139578792753,6.890628228503573,76.15004262159174,25.162862649809004
117,6,44.05354513009349,59.49139578792753,10.399118715757423,134.59587779118735,21.041314978855603
117,7,44.05354513009349,59.49139578792753,7.613436783151548,157.56145587636237,17.59406653742052
117,8,44.05354513009349,59.49139578792753,11.130799198788068,317.8472521333698,13.200944849932599
117,9,44.05354513009349,59.49139578792753,7.488130694094929,421.9375785796055,11.593204982959604
117,10,44.05354513009349,59.49139578792753,8.371279743711826,456.9306305268034,12.107053748024594
117,11,44.05354513009349,59.49139578792753,7.745519263593807,370.0423443692056,16.10566250566838
118,0,54.6721347230901,62.43514613318548,11.660278839100101,386.3648652128473,20.53426851565369
118,1,54.6721347230901,62.43514613318548,5.586393318276615,280.92374382408235,26.331767510259134
118,2,54.6721347230901,62.43514613318548,10.638004276255966,376.2328838931645,26.59728731276178
118,3,54.6721347230901,62.43514613318548,10.567961472374726,306.9655255667921,29.06173811240139
118,4,54.6721347230901,62.43514613318548,7.887491734284931,143.30190455896252,26.760892100419916
118,5,54.6721347230901,62.43514613318548,10.73082500267852,109.45109393064347,22.917044517939534
118,6,54.6721347230901,62.43514613318548,8.915641951609112,106.38781989765451,21.444989082963726
118,7,54.6721347230901,62.43514613318548,6.174742844896668,233.92521215548456,14.938398415449234
118,8,54.6721347230901,62.43514613318548,6.252932474553692,301.58128334109233,13.772839086966503
118,9,54.6721347230901,62.43514613318548,5.7716523429439315,439.21203103321005,12.224768291347717
118,10,54.6721347230901,62.43514613318548,6.661488925827147,332.5833626059531,11.20331092322104
118,11,54.6721347230901,62.43514613318548,11.021747259368706,292.5763345474566,14.421953434444795
119,0,38.10040588077998,56.74751774028148,4.71354261739299,300.47530969907973,21.12531967209653
119,1,38.10040588077998,56.74751774028148,5.5440479531301685,331.4214047302569,24.282996520172073
119,2,38.10040588077998,56.74751774028148,5.787137526756833,307.5377415707101,28.442810124721145
119,3,38.10040588077998,56.74751774028148,8.162158185775374,229.52320611341375,28.11729633718614
119,4,38.10040588077998,56.74751774028148,10.17967595737783,151.9629097380604,28.343640142148114
119,5,38.10040588077998,56.74751774028148,8.974667317335294,155.50071380467082,25.47485688169133
119,6,38.10040588077998,56.74751774028148,9.960538233100925,134.25084913124954,21.534640147287035
119,7,38.10040588077998,56.74751774028148,6.45114895749402,182.40855620340204,14.993438397758029
119,8,38.10040588077998,56.74751774028148,7.737208493579613,301.6490217175542,11.106653496558906
119,9,38.10040588077998,56.74751774028148,8.852874171642734,308.22610973509677,11.274044431345564
119,10,38.10040588077998,56.74751774028148,7.279458413300106,351.75586491056026,14.113670728843454
119,11,38.10040588077998,56.74751774028148,7.30494631038343,372.65790762629786,17.089258686734077
120,0,32.44405870212707,56.9992545368528,9.87908464566675,334.6865043144695,18.49754410646169
120,1,32.44405870212707,56.9992545368528,6.494392413611045,332.55056136459064,23.994163042429385
120,2,32.44405870212707,56.9992545368528,8.028332291507231,353.7443121846805,27.35449102763308
120,3,32.44405870212707,56.9992545368528,5.113485329798785,282.04599622126466,27.134847790603096
120,4,32.44405870212707,56.9992545368528,2.371879414537884,186.41650626937022,25.795950820587688
120,5,32.44405870212707,56.9992545368528,9.36963719130032,137.15904923312573,23.706674180325113
120,6,32.44405870212707,56.9992545368528,7.081663654472474,123.90302175195484,19.931210486043653
120,7,32.44405870212707,56.9992545368528,10.002838726319034,171.93270420228313,14.62297639061024
120,8,32.44405870212707,56.9992545368528,8.416136068409763,364.2606318657958,14.858760995613578
120,9,32.44405870212707,56.9992545368528,8.712884906313578,371.40942542780834,12.237164291388332
120,10,32.44405870212707,56.9992545368528,8.698650473624062,426.0039188736858,13.168375972201144
120,11,32.44405870212707,56.9992545368528,6.419489957045634,392.47589102193916,16.32103320440948
121,0,41.195974260990894,63.785384854690626,8.741692848941941,289.9874353975726,19.56694545407744
121,1,41.195974260990894,63.785384854690626,4.908656078408269,316.5468057797713,24.82160016647532
121,2,41.195974260990894,63.785384854690626,7.761774401729092,337.67235369396974,27.75231776522964
121,3,41.195974260990894,63.785384854690626,4.075028300314422,191.69033308853824,29.586780823551198
121,4,41.195974260990894,63.785384854690626,3.703301451225956,144.4903448917739,27.569855639341036
121,5,41.195974260990894,63.785384854690626,7.164936090782012,120.81261681322546,23.340770374674957
121,6,41.195974260990894,63.785384854690626,8.084165280392996,157.24291661620884,20.135393242570476
121,7,41.195974260990894,63.785384854690626,6.140408817344991,180.07530143231068,16.538224412475397
121,8,41.195974260990894,63.785384854690626,6.867249859176021,232.67868795987468,13.103466926162218
121,9,41.195974260990894,63.785384854690626,10.009869169129257,340.6342147955611,12.512756584207633
121,10,41.195974260990894,63.785384854690626,6.95943034238196,446.83200536450283,14.17598067057651
121,11,41.195974260990894,63.785384854690626,8.801643142849844,425.22874918007113,16.655663564776457
122,0,30.965349931417627,68.2722768288158,8.539761696689714,248.17125200330665,19.66307736070111
122,1,30.965349931417627,68.2722768288158,6.391410209121117,434.25512439228794,21.40140150573587
122,2,30.965349931417627,68.2722768288158,6.434355597760158,368.0877067767413,27.452593716068055
122,3,30.965349931417627,68.2722768288158,10.175841303189038,269.44105964103295,28.70056577340457
122,4,30.965349931417627,68.2722768288158,7.4743823041926,175.9944411941737,26.37751603424209
122,5,30.965349931417627,68.2722768288158,8.115870551690223,115.28739691406051,24.824366768764687
122,6,30.965349931417627,68.2722768288158,9.026342579622563,144.26715573292753,21.15650443286434
122,7,30.965349931417627,68.2722768288158,8.07183308481027,185.04653428751558,14.940897741172707
122,8,30.965349931417627,68.2722768288158,3.588421745176827,322.60099743222906,12.911256886071225
122,9,30.965349931417627,68.2722768288158,9.797128018785903,421.05883068745305,13.268158603474491
122,10,30.965349931417627,68.2722768288158,8.911164889410207,444.06015668983156,13.010985385409775
122,11,30.965349931417627,68.2722768288158,7.537819015306568,477.51944781369343,14.41870884511019
123,0,42.08448062631663,66.94340277639111,8.554047752683196,377.0122185891405,20.475838078207584
123,1,42.08448062631663,66.94340277639111,9.390529355924022,312.30983566288336,24.627296564939332
123,2,42.08448062631663,66.94340277639111,10.32054150258929,449.5675393685115,26.384594170237307
123,3,42.08448062631663,66.94340277639111,7.615569157147258,225.34262748979535,27.712730963693538
123,4,42.08448062631663,66.94340277639111,5.555117475517438,156.4879719612318,27.51508972383221
123,5,42.08448062631663,66.94340277639111,9.055294960106728,135.5402368663925,25.115463423251224
123,6,42.08448062631663,66.94340277639111,3.9371431846319833,154.5671228235892,20.47633312412118
123,7,42.08448062631663,66.94340277639111,11.500033320818407,180.98933790433722,17.43496248824259
123,8,42.08448062631663,66.94340277639111,7.243826676523408,269.39725841915333,13.017054876029233
123,9,42.08448062631663,66.94340277639111,4.98510744328651,408.780719816851,13.11503593355696
123,10,42.08448062631663,66.94340277639111,7.435159527794288,479.52541605868515,12.625272630792407
123,11,42.08448062631663,66.94340277639111,5.2320247567037015,341.8870277982758,17.59392421845739
124,0,46.77414073421933,57.06693144775591,8.572280816113125,346.805377697081,19.160496359023632
124,1,46.77414073421933,57.06693144775591,6.460961954114187,385.724033990921,24.334814965678248
124,2,46.77414073421933,57.06693144775591,7.855855963043319,367.722955710955,27.58125694593427
124,3,46.77414073421933,57.06693144775591,11.320837016178677,313.4294589281187,28.02364044553471
124,4,46.77414073421933,57.06693144775591,12.387564727494706,125.52616203403977,28.509470929007037
124,5,46.77414073421933,57.06693144775591,8.629196106294241,115.64464288272875,24.75621948683252
124,6,46.77414073421933,57.06693144775591,6.794988661987565,135.7727603279294,22.549525349961634
124,7,46.77414073421933,57.06693144775591,8.770402791608696,173.88976290897577,15.791561601485984
124,8,46.77414073421933,57.06693144775591,8.998507271915184,306.7608335486369,14.47349915487734
124,9,46.77414073421933,57.06693144775591,3.687859098163157,372.48043114562404,10.765611598150059
124,10,46.77414073421933,57.06693144775591,5.930669685745865,390.47712654148694,13.730000978215669
124,11,46.77414073421933,57.06693144775591,7.445713406078713,324.9626880058227,17.066060798314474
125,0,34.71514134172993,56.188763007860445,10.753049788516497,198.94591702862968,19.08541983804273
125,1,34.71514134172993,56.188763007860445,9.467653705583867,414.5381267174478,24.57662503668261
125,2,34.71514134172993,56.188763007860445,10.525509591552172,349.46987653349464,29.073603651540708
125,3,34.71514134172993,56.188763007860445,5.670047912440996,228.44610605547624,27.14274213535612
125,4,34.71514134172993,56.188763007860445,7.999867477397866,106.19853078645927,26.583557905057738
125,5,34.71514134172993,56.188763007860445,7.247570624399788,148.20153329624233,26.025383352804933
125,6,34.71514134172993,56.188763007860445,8.641498889367945,135.67020397215288,20.001022546141375
125,7,34.71514134172993,56.188763007860445,11.281582013489333,132.13167318356463,14.99771317166507
125,8,34.71514134172993,56.188763007860445,9.774710871038069,218.38618624070497,12.452534638728057
125,9,34.71514134172993,56.188763007860445,6.9864565522039594,348.3311336575252,10.954451843010787
125,10,34.71514134172993,56.188763007860445,8.870693879367412,383.1940551129847,12.980430554546231
125,11,34.71514134172993,56.188763007860445,10.807197939369756,476.385390558923,16.007380393381837
126,0,54.55217812689809,58.413040216563246,9.69900934612867,423.673319992217,20.397801430567355
126,1,54.55217812689809,58.413040216563246,7.926108238533791,430.2217145114667,21.48763026243373
126,2,54.55217812689809,58.413040216563246,10.28526011242789,282.4275220130626,27.16473789953714
126,3,54.55217812689809,58.413040216563246,6.30342128969229,244.91019841529797,27.917064469552656
126,4,54.55217812689809,58.413040216563246,6.700221996237955,182.64365825928493,25.983752677460913
126,5,54.55217812689809,58.413040216563246,9.601283414871606,137.9963568715457,24.59095807204012
126,6,54.55217812689809,58.413040216563246,8.594055587335422,120.05385184669721,21.36414164145296
126,7,54.55217812689809,58.413040216563246,6.0390458451868865,202.67956097360803,15.991654884174384
126,8,54.55217812689809,58.413040216563246,8.22989681463884,267.17820073891613,13.688569574235688
126,9,54.55217812689809,58.413040216563246,8.557396976294996,433.22518039370135,13.29406357000612
126,10,54.55217812689809,58.413040216563246,3.4975320143724247,339.38793500036877,13.575603225197758
126,11,54.55217812689809,58.413040216563246,9.45487804948921,333.45099400176167,14.357197684477956
127,0,69.8139411404921,60.62632456053131,6.643463567260238,362.049991597147,19.635472757357746
127,1,69.8139411404921,60.62632456053131,3.986715877586126,466.7871305385172,22.689646861436827
127,2,69.8139411404921,60.62632456053131,6.797968578702108,350.69870035181384,27.606023810833964
127,3,69.8139411404921,60.62632456053131,7.793332804938205,226.8202411805837,27.24859768018669
127,4,69.8139411404921,60.62632456053131,10.228906877034795,124.57855712995645,26.994824176190605
127,5,69.8139411404921,60.62632456053131,5.6802257154921225,121.34439046799504,22.09705807049242
127,6,69.8139411404921,60.62632456053131,5.556930684545367,133.24340385565316,20.470579558412695
127,7,69.8139411404921,60.62632456053131,8.682685782025674,115.8760787826928,16.451272489721035
127,8,69.8139411404921,60.62632456053131,4.6675299722091035,360.29032523340396,13.116894283774533
127,9,69.8139411404921,60.62632456053131,12.34856134467363,329.68757964766553,12.696090408670228
127,10,69.8139411404921,60.62632456053131,6.769535991105396,413.3059444863067,13.629503069246606
127,11,69.8139411404921,60.62632456053131,9.207399534912964,381.3156608002772,17.438650361734872
128,0,31.68880532354097,61.386879018787816,7.605919543413458,325.3721647962803,20.66688013776254
128,1,31.68880532354097,61.386879018787816,9.477695054068988,310.08297944802047,23.37003783404799
128,2,31.68880532354097,61.386879018787816,7.413169117510591,414.6699107207368,26.776134944778494
128,3,31.68880532354097,61.386879018787816,7.015169873981077,270.1508292793245,28.038772464762385
128,4,31.68880532354097,61.386879018787816,7.0253561685779005,156.78164655324883,26.604296094682446
128,5,31.68880532354097,61.386879018787816,11.176092328011062,116.20809753976499,24.289504438044034
128,6,31.68880532354097,61.386879018787816,8.99677522793456,127.5806567876729,20.25423327925858
128,7,31.68880532354097,61.386879018787816,7.42421732139512,156.45609627744304,15.671442166356222
128,8,31.68880532354097,61.386879018787816,8.086575731611335,280.96875105849097,11.848819480458689
128,9,31.68880532354097,61.386879018787816,10.08845836096511,407.9297342253266,11.807637515988409
128,10,31.68880532354097,61.386879018787816,10.150844017266138,408.49583259421564,13.315148288536644
128,11,31.68880532354097,61.386879018787816,6.822268193989732,356.65238515277736,16.35656155322457
129,0,46.16096613524272,50.69809968585926,5.4206004483100365,387.28574640531355,19.781478884881025
129,1,46.16096613524272,50.69809968585926,9.49150569326621,370.1934028046759,24.608340098227238
129,2,46.16096613524272,50.69809968585926,9.328720808784512,378.8910966649485,28.282275316651162
129,3,46.16096613524272,50.69809968585926,9.25638187527094,229.37920210486158,27.953582829771456
129,4,46.16096613524272,50.69809968585926,10.683474464232663,139.90826857920584,25.394701980574162
129,5,46.16096613524272,50.69809968585926,6.366435737582618,122.37742659030194,23.14061708566071
129,6,46.16096613524272,50.69809968585926,8.180424004267937,142.62639089435837,20.380940444189598
129,7,46.16096613524272,50.69809968585926,8.6026375162193,151.58837281332097,15.246896241731735
129,8,46.16096613524272,50.69809968585926,8.293293355260007,275.01573622394943,11.134309825878018
129,9,46.16096613524272,50.69809968585926,6.064034684681971,332.7684403770867,11.360359486624228
129,10,46.16096613524272,50.69809968585926,10.38482251609916,259.0703879457626,11.850720316293492
129,11,46.16096613524272,50.69809968585926,10.00764600258227,298.8546673913918,13.374602412787112
130,0,31.727151724791167,66.03946592897589,9.006936908139359,405.2003795970383,21.0766043996381
130,1,31.727151724791167,66.03946592897589,8.877650912883869,373.12693826277524,25.08273167921345
130,2,31.727151724791167,66.03946592897589,8.175939985900103,444.31260880252137,27.29433307682903
130,3,31.727151724791167,66.03946592897589,5.099118017486393,311.01072452449927,27.91242259782778
130,4,31.727151724791167,66.03946592897589,7.0804070907529875,114.08109003369451,29.1189917542061
130,5,31.727151724791167,66.03946592897589,5.647819060794148,140.45953550973894,24.606663362143994
130,6,31.727151724791167,66.03946592897589,9.749629829363862,158.0479228256415,18.200895035041235
130,7,31.727151724791167,66.03946592897589,5.983891648985715,173.2024735151707,14.89697500162175
130,8,31.727151724791167,66.03946592897589,6.1547041406798275,288.78117496348773,12.081263786672945
130,9,31.727151724791167,66.03946592897589,10.59611789789609,353.18087265109716,12.131893909314206
130,10,31.727151724791167,66.03946592897589,6.8084379934468995,378.1408590845706,12.950024272417721
130,11,31.727151724791167,66.03946592897589,9.922899784989665,460.81223215607645,16.196423165677324
131,0,45.82993067984433,64.05916897198733,6.093332057386366,378.4380776358921,18.18364211090302
131,1,45.82993067984433,64.05916897198733,11.486316268191455,429.13581256880303,24.28311554900211
131,2,45.82993067984433,64.05916897198733,9.993654261153981,344.400805141046,28.833508281074486
131,3,45.82993067984433,64.05916897198733,6.404375765345084,213.68942962808617,26.443807747227233
131,4,45.82993067984433,64.05916897198733,3.6245729584184216,165.70190457068085,26.053457679877738
131,5,45.82993067984433,64.05916897198733,10.100879317234362,150.7889630929157,23.915573243580223
131,6,45.82993067984433,64.05916897198733,8.364421286092192,113.85333338930926,20.88837815661427
131,7,45.82993067984433,64.05916897198733,5.412801874789387,143.51754565073537,15.448742281294432
131,8,45.82993067984433,64.05916897198733,11.217963200823437,325.6506295173109,13.47565007605669
131,9,45.82993067984433,64.05916897198733,7.818670412997679,352.1241189017285,11.381267558592153
131,10,45.82993067984433,64.05916897198733,8.917494122901363,426.67780911976735,13.754511440877334
131,11,45.82993067984433,64.05916897198733,11.007953683986193,462.17909323586014,17.001577381809195
132,0,32.25406161330296,57.590328821652484,13.39943914935144,341.8143938442322,20.88192569425874
132,1,32.25406161330296,57.590328821652484,4.2416440136022935,349.1574815193309,25.177506990200047
132,2,32.25406161330296,57.590328821652484,11.106480134563553,398.9212791601364,27.2248294448492
132,3,32.25406161330296,57.590328821652484,6.714428462707181,195.9694660000541,28.994903636809624
132,4,32.25406161330296,57.590328821652484,9.77638075968286,142.82420518997662,25.887675779983212
132,5,32.25406161330296,57.590328821652484,4.91280884373305,137.07702314960096,23.572394339299795
132,6,32.25406161330296,57.590328821652484,4.867864595117285,130.81333360731944,20.59202469001775
132,7,32.25406161330296,57.590328821652484,6.732732888542971,175.98636339916322,17.795587912007157
132,8,32.25406161330296,57.590328821652484,6.671787947675723,362.70032862100766,13.750090593336475
132,9,32.25406161330296,57.590328821652484,5.793361134379374,337.86354523570384,11.417037289320204
132,10,32.25406161330296,57.590328821652484,7.998258048048819,381.5740518857301,12.140961831844226
132,11,32.25406161330296,57.590328821652484,7.594304920960968,332.6437740960892,14.622294681549443
133,0,58.02185456972549,62.391675574429385,7.780752467074542,433.2315511422237,17.504167663409913
133,1,58.02185456972549,62.391675574429385,9.290371881540779,390.5287997765245,23.81732641322407
133,2,58.02185456972549,62.391675574429385,8.892382446741358,396.8393340298241,28.388820245371644
133,3,58.02185456972549,62.391675574429385,6.9352124330950025,231.91750277996945,27.220728377000093
133,4,58.02185456972549,62.391675574429385,7.177046426384258,140.6415735273174,26.07867373545631
133,5,58.02185456972549,62.391675574429385,8.688249099781746,107.66413003292685,23.828366429239978
133,6,58.02185456972549,62.391675574429385,9.542335278781275,131.35705391373028,21.718864410057964
133,7,58.02185456972549,62.391675574429385,5.613752320173516,173.1360361136111,16.744245365417715
133,8,58.02185456972549,62.391675574429385,4.495968256609238,226.8130732138208,13.434066561530921
133,9,58.02185456972549,62.391675574429385,10.390691222964467,378.32163687557744,10.865014597819282
133,10,58.02185456972549,62.391675574429385,5.76152310400056,244.57848645909354,13.586588297023795
133,11,58.02185456972549,62.391675574429385,4.089581225294073,232.08584421767037,15.254905302317994
134,0,84.57926009958717,56.58303446571568,9.151057010805667,370.61220716034256,19.77840612130299
134,1,84.57926009958717,56.58303446571568,8.325984039129825,406.8724994147283,24.567817844502528
134,2,84.57926009958717,56.58303446571568,5.583823177678024,470.4436586147433,26.413436623590318
134,3,84.57926009958717,56.58303446571568,7.340349378701028,248.8042942753936,28.244068510290813
134,4,84.57926009958717,56.58303446571568,9.940950012104551,146.32332037762757,26.296444865837906
134,5,84.57926009958717,56.58303446571568,7.518198587587487,102.29553945579822,24.59912804938055
134,6,84.57926009958717,56.58303446571568,8.688007686282837,166.8253770279501,18.929079931866642
134,7,84.57926009958717,56.58303446571568,6.853014887366891,182.08131447866742,15.877783135426592
134,8,84.57926009958717,56.58303446571568,8.60334092952085,291.43554959563585,13.80403311225375
134,9,84.57926009958717,56.58303446571568,7.230601393750421,346.83738553708884,13.46191592385127
134,10,84.57926009958717,56.58303446571568,8.432883579321125,421.45101428053346,14.305479160426367
134,11,84.57926009958717,56.58303446571568,6.8232076599158376,273.92508095020975,15.517992164622289
135,0,34.38671228769163,59.48107846145027,11.0788670135641,382.24938271576616,20.693634498733925
135,1,34.38671228769163,59.48107846145027,8.714422197474503,466.44607027183315,23.544338986736193
135,2,34.38671228769163,59.48107846145027,9.159458509127846,392.87708339691864,26.16776631563208
135,3,34.38671228769163,59.48107846145027,5.931550638797882,267.6080883246072,28.72805763366606
135,4,34.38671228769163,59.48107846145027,8.249121335453909,159.77186089630595,26.454394844441154
135,5,34.38671228769163,59.48107846145027,7.379274212800949,129.62237576250047,22.82535895747818
135,6,34.38671228769163,59.48107846145027,10.417744142535494,115.83430611900194,19.46982199667073
135,7,34.38671228769163,59.48107846145027,8.370597314735605,165.05751322374795,15.031471470255324
135,8,34.38671228769163,59.48107846145027,9.01753501772397,291.65594811481225,14.53868692860154
135,9,34.38671228769163,59.48107846145027,8.254676168202717,336.42695765822623,12.664084837617418
135,10,34.38671228769163,59.48107846145027,2.7117370399861294,430.15719116637047,12.14636502449291
135,11,34.38671228769163,59.48107846145027,8.356663261073187,346.4205173961668,17.083782154018916
136,0,67.17631596838382,67.01991448956879,10.945435068343642,380.9161457346186,19.529259087293536
136,1,67.17631596838382,67.01991448956879,6.427384360406848,378.82416450200105,22.69205602783247
136,2,67.17631596838382,67.01991448956879,8.088957356591962,440.154072541493,29.084518682458988
136,3,67.17631596838382,67.01991448956879,8.365252401513207,293.50033447932475,27.38613506084541
136,4,67.17631596838382,67.01991448956879,7.203663779075035,126.3553613051143,27.112556966691162
136,5,67.17631596838382,67.01991448956879,9.88491253512568,110.98307999886069,24.384726579301766
136,6,67.17631596838382,67.01991448956879,8.779124996954947,123.49479692365685,18.771592117187488
136,7,67.17631596838382,67.01991448956879,10.385686847419166,170.51694632660477,15.143465124105745
136,8,67.17631596838382,67.01991448956879,5.636219774637858,273.4837944475813,12.450542380430468
136,9,67.17631596838382,67.01991448956879,8.018767646085447,400.3474709094252,12.918840117783622
136,10,67.17631596838382,67.01991448956879,11.642622593459183,394.95983813655204,12.833958062147627
136,11,67.17631596838382,67.01991448956879,5.472030354368311,375.8721004509835,15.743284671028388
137,0,59.44029849927998,53.337855048516744,7.925037938817441,293.1545030817547,21.436814914148087
137,1,59.44029849927998,53.337855048516744,8.222805029786278,310.84159531418413,22.035572041225432
137,2,59.44029849927998,53.337855048516744,7.798175076345288,324.37783945008425,26.978568171241207
137,3,59.44029849927998,53.337855048516744,10.303043515360907,314.7278801224903,27.440321260685106
137,4,59.44029849927998,53.337855048516744,6.454052576162068,159.47047865704099,24.5552785620256
137,5,59.44029849927998,53.337855048516744,5.83709714266225,140.28376374364257,23.937097588830937
137,6,59.44029849927998,53.337855048516744,11.28070199034274,120.46744998172346,17.504525872287413
137,7,59.44029849927998,53.337855048516744,8.905357750868292,150.76047136398947,15.502794041983208
137,8,59.44029849927998,53.337855048516744,6.412973302442918,314.1449810468203,14.293084857869566
137,9,59.44029849927998,53.337855048516744,8.192383806652833,390.3536700448611,12.67110169182
137,10,59.44029849927998,53.337855048516744,7.142195491126145,398.47224836746585,12.43013704047804
137,11,59.44029849927998,53.337855048516744,8.077493026520578,272.9470710452553,15.255814196975274
138,0,39.723029071595036,57.15215924043535,8.04073445729754,242.91988384065206,20.812958465976124
138,1,39.723029071595036,57.15215924043535,10.847681579411297,421.25011095499025,24.143195561987117
138,2,39.723029071595036,57.15215924043535,9.49471135326797,351.27528921428325,25.76844136922004
138,3,39.723029071595036,57.15215924043535,10.734553122540625,277.5903821379715,28.063989001977003
138,4,39.723029071595036,57.15215924043535,9.177878845591527,146.9837580556703,26.268620919658233
138,5,39.723029071595036,57.15215924043535,7.415320480090125,148.4731422043738,22.72121776426939
138,6,39.723029071595036,57.15215924043535,9.286197540085917,118.12009973300903,20.508392321325406
138,7,39.723029071595036,57.15215924043535,7.923800037359244,146.14487777903452,15.180146753458288
138,8,39.723029071595036,57.15215924043535,9.9290839472051,220.99187031214575,13.143778650353434
138,9,39.723029071595036,57.15215924043535,8.406337673490164,310.9866657774299,11.508481888493055
138,10,39.723029071595036,57.15215924043535,6.015975600567775,306.61646557162373,15.082174475380146
138,11,39.723029071595036,57.15215924043535,7.734290545020826,383.1365804064607,16.89267421046709
139,0,32.47252912772443,57.40814154922408,4.141821406866484,243.4060627334977,19.50817201393073
139,1,32.47252912772443,57.40814154922408,12.054199188226994,392.0349055781092,24.582603316966708
139,2,32.47252912772443,57.40814154922408,11.131870722998062,493.8616298565148,29.04065399797078
139,3,32.47252912772443,57.40814154922408,6.696246664561379,215.36121687664513,28.234710673261283
139,4,32.47252912772443,57.40814154922408,5.658160078470561,133.1597629791268,26.631039095224523
139,5,32.47252912772443,57.40814154922408,11.007313831733128,115.27542046869966,26.103582789384863
139,6,32.47252912772443,57.40814154922408,6.002310551596167,153.0790928183705,19.339052150072128
139,7,32.47252912772443,57.40814154922408,9.245893958472193,209.73726419869192,16.358903496354937
139,8,32.47252912772443,57.40814154922408,12.86973605556414,222.19863731711865,13.384479674831272
139,9,32.47252912772443,57.40814154922408,8.3039524375361,267.9384079780853,10.88098178655842
139,10,32.47252912772443,57.40814154922408,9.250992502686346,294.41401137101116,13.775151337192106
139,11,32.47252912772443,57.40814154922408,10.456360552967812,337.37406043436346,15.937601969660452
140,0,34.76367478687343,58.19383646073277,8.924267030893636,324.938964108667,18.010880215209152
140,1,34.76367478687343,58.19383646073277,6.3342451719434525,301.9793340999514,23.541950420124316
140,2,34.76367478687343,58.19383646073277,8.252471963542813,388.5517514126119,27.018611298245585
140,3,34.76367478687343,58.19383646073277,15.134240620906361,263.02078654446893,29.362269839326938
140,4,34.76367478687343,58.19383646073277,8.89040642891346,138.88300053482345,26.55749196159758
140,5,34.76367478687343,58.19383646073277,8.83655664299304,96.09482535753179,23.08403123198581
140,6,34.76367478687343,58.19383646073277,8.37085366152739,167.54427357634933,19.23772994110893
140,7,34.76367478687343,58.19383646073277,8.48104381587881,179.31710877697174,16.20377630185061
140,8,34.76367478687343,58.19383646073277,6.935295017436062,307.31095444133985,15.052744873845537
140,9,34.76367478687343,58.19383646073277,8.44911020259732,222.51821558876895,11.268075807544879
140,10,34.76367478687343,58.19383646073277,10.409614102216121,479.582509242579,14.167889490530992
140,11,34.76367478687343,58.19383646073277,3.1792742750116245,477.7529793398563,16.111177448578136
141,0,58.63298365482387,61.22619566961101,8.208248064111977,382.0808660660579,18.957108800210904
141,1,58.63298365482387,61.22619566961101,8.37593028038333,462.6901878911229,24.67563659309145
141,2,58.63298365482387,61.22619566961101,7.683769992831837,318.5826424496472,26.64901238445958
141,3,58.63298365482387,61.22619566961101,7.243091634005168,188.6277136211012,29.303927705156077
141,4,58.63298365482387,61.22619566961101,7.463586206990012,171.81816146971605,27.226454939332346
141,5,58.63298365482387,61.22619566961101,11.242743669420673,111.50261952129671,22.994633138098074
141,6,58.63298365482387,61.22619566961101,7.4414962713066135,124.33432881442458,19.338389959957794
141,7,58.63298365482387,61.22619566961101,8.538007663547694,216.32029246613354,17.34105501912214
141,8,58.63298365482387,61.22619566961101,8.186601355373744,294.1712316986092,13.521021160777897
141,9,58.63298365482387,61.22619566961101,6.575131890223677,316.3030582270168,10.109144735807277
141,10,58.63298365482387,61.22619566961101,10.397919634870844,400.91309144250556,12.185434414446709
141,11,58.63298365482387,61.22619566961101,5.7772432072888495,300.95694534254204,16.466622128157365
142,0,81.00014670096728,59.28488362818249,10.228295084403987,381.6078806959978,21.186982774714764
142,1,81.00014670096728,59.28488362818249,10.289109867253705,440.5917493689826,25.69192258311272
142,2,81.00014670096728,59.28488362818249,8.646761166216022,348.4116938816649,24.805707726798808
142,3,81.00014670096728,59.28488362818249,5.171846993208801,265.3598335784887,28.035272374463375
142,4,81.00014670096728,59.28488362818249,11.222734807686344,113.48464129459283,25.844645786175814
142,5,81.00014670096728,59.28488362818249,9.134818547755085,105.74164545800802,24.396675025565145
142,6,81.00014670096728,59.28488362818249,9.911465904753866,112.558424153374,19.653035361406662
142,7,81.00014670096728,59.28488362818249,10.010522785022403,207.05797872736562,14.040065188170088
142,8,81.00014670096728,59.28488362818249,7.266762756209129,268.03779296016376,12.165332112112903
142,9,81.00014670096728,59.28488362818249,7.65756212480344,397.14113318618854,13.7133577499075
142,10,81.00014670096728,59.28488362818249,4.379123666810858,511.3509997371496,12.222834684061567
142,11,81.00014670096728,59.28488362818249,6.772488560758042,369.75250267114245,17.035043905250582
143,0,27.558454996371257,68.74254667454947,8.327210590384803,335.2656268334352,19.837534675676405
143,1,27.558454996371257,68.74254667454947,7.755534910784113,424.0492607009958,22.91867870674037
143,2,27.558454996371257,68.74254667454947,6.450330724750181,325.28726819206156,26.9003991974267
143,3,27.558454996371257,68.74254667454947,6.632308201719612,267.4747914006163,27.633689172877475
143,4,27.558454996371257,68.74254667454947,8.700985026788203,126.32593600739555,26.6366087631641
143,5,27.558454996371257,68.74254667454947,9.282051100931152,108.21550348388247,22.866426576505514
143,6,27.558454996371257,68.74254667454947,9.07685527038397,125.82363317234525,20.503476045189238
143,7,27.558454996371257,68.74254667454947,10.701739817178924,146.71341190751497,15.365619600924365
143,8,27.558454996371257,68.74254667454947,5.948005012764575,219.31994785881415,13.563184431449471
143,9,27.558454996371257,68.74254667454947,10.771831887069027,366.37356610820916,12.319703334738549
143,10,27.558454996371257,68.74254667454947,7.496414209585986,425.3544570465291,12.457720185669535
143,11,27.558454996371257,68.74254667454947,9.275624532060483,415.6186837056221,15.470289752943208
144,0,45.93039510299051,55.37055843037261,9.397031433818253,402.38421534838045,21.948505792150183
144,1,45.93039510299051,55.37055843037261,9.058978538762172,406.0372270645016,24.41320517953639
144,2,45.93039510299051,55.37055843037261,6.489456575445937,412.03445884610744,28.052158361825338
144,3,45.93039510299051,55.37055843037261,6.9739836316039705,264.04269121088095,29.032056295233158
144,4,45.93039510299051,55.37055843037261,7.777945983030317,95.97167877298904,25.839387497985147
144,5,45.93039510299051,55.37055843037261,9.178703925997953,119.68890042423601,24.542704561989176
144,6,45.93039510299051,55.37055843037261,7.250268669389568,141.6632702823879,21.46103213481587
144,7,45.93039510299051,55.37055843037261,7.6967137167224235,140.31896848445626,17.978957297515684
144,8,45.93039510299051,55.37055843037261,10.136056107905173,266.11073930919434,13.080384967103614
144,9,45.93039510299051,55.37055843037261,7.964093790254479,327.47107453341187,11.61278590976123
144,10,45.93039510299051,55.37055843037261,8.350537859204026,342.4945286516989,12.649917266522435
144,11,45.93039510299051,55.37055843037261,7.252743982709248,422.667197041904,14.765666317460209
145,0,40.371885404255536,63.61254407784858,8.664864906821476,304.9540982890031,18.92982766693009
145,1,40.371885404255536,63.61254407784858,4.550195395943679,367.4536021297971,23.679552559172542
145,2,40.371885404255536,63.61254407784858,9.703538124778575,431.2572721138184,27.194816948035182
145,3,40.371885404255536,63.61254407784858,7.501857877082032,163.52975517653462,27.220524413547015
145,4,40.371885404255536,63.61254407784858,7.522983227878477,159.32085221478533,27.13678425615956
145,5,40.371885404255536,63.61254407784858,9.138196897877016,124.5642111419666,24.210396526215163
145,6,40.371885404255536,63.61254407784858,5.903699626851344,184.99761936559068,20.292173224812764
145,7,40.371885404255536,63.61254407784858,10.84065174823073,212.52232688973115,15.940517300266702
145,8,40.371885404255536,63.61254407784858,13.604661204321765,310.850455635793,14.08272081512661
145,9,40.371885404255536,63.61254407784858,6.608989076176533,403.8331799149824,13.787540499935677
145,10,40.371885404255536,63.61254407784858,10.510081443009964,477.9991223212307,12.878723437249544
145,11,40.371885404255536,63.61254407784858,8.289351825653744,291.85695263719566,16.08584690540322
146,0,45.18490785264239,57.97654798685351,9.604424409534273,289.1133941527176,21.10775931353034
146,1,45.18490785264239,57.97654798685351,8.102723031088471,375.81882358971666,23.37285806810511
146,2,45.18490785264239,57.97654798685351,8.474414194062938,435.9816734215288,27.491125186371054
146,3,45.18490785264239,57.97654798685351,7.211463050431636,230.57339014878477,26.781656340177626
146,4,45.18490785264239,57.97654798685351,6.175101903584581,128.04708312516556,26.323335336323584
146,5,45.18490785264239,57.97654798685351,7.769315843363404,127.45095273890894,22.624266909878664
146,6,45.18490785264239,57.97654798685351,7.883754370622194,128.37639246760867,19.00748713792298
146,7,45.18490785264239,57.97654798685351,9.458184308346699,169.46909632637409,15.734166893802122
146,8,45.18490785264239,57.97654798685351,6.218585760853384,347.7885433757938,12.926680398004727
146,9,45.18490785264239,57.97654798685351,4.779939016634106,413.9330295391656,12.089982201556536
146,10,45.18490785264239,57.97654798685351,6.702955134516876,389.0668355750942,11.941710429700448
146,11,45.18490785264239,57.97654798685351,5.9040541410745435,370.79989676465703,14.354855563267398
147,0,35.92883808067227,61.78021230106739,8.6026753837924,342.71993112429936,19.29727293439451
147,1,35.92883808067227,61.78021230106739,10.594363356663862,426.95928108233505,24.861968947393983
147,2,35.92883808067227,61.78021230106739,6.0857485303328875,380.9766514965834,26.089376622924014
147,3,35.92883808067227,61.78021230106739,7.180096525709583,233.32376557910555,27.549568770611344
147,4,35.92883808067227,61.78021230106739,7.3361705443481044,151.9406326689011,26.103359915136732
147,5,35.92883808067227,61.78021230106739,5.32229577901081,113.21279550586557,24.677567529715937
147,6,35.92883808067227,61.78021230106739,6.729296548068896,93.99947254643746,19.821122752046005
147,7,35.92883808067227,61.78021230106739,7.535474484379783,173.02409085894172,14.63840116774961
147,8,35.92883808067227,61.78021230106739,7.999300737155108,226.64859368727681,12.739291363345801
147,9,35.92883808067227,61.78021230106739,9.558663652969544,457.5816658623538,12.713629333028607
147,10,35.92883808067227,61.78021230106739,7.4226949110713285,458.9342643698613,14.33515326067517
147,11,35.92883808067227,61.78021230106739,12.52355706302109,323.0648546854921,14.943448154876895
148,0,40.58715828695493,59.13381310707752,10.303414422116534,281.66662656476694,19.247186815735187
148,1,40.58715828695493,59.13381310707752,8.690446164361417,380.2205163019671,24.098508956454875
148,2,40.58715828695493,59.13381310707752,10.233785060147358,310.6365230363182,25.602644460691
148,3,40.58715828695493,59.13381310707752,10.3536731692534,255.57929097198718,27.488668755710258
148,4,40.58715828695493,59.13381310707752,10.691781455208803,122.05071560521789,26.735183229407273
148,5,40.58715828695493,59.13381310707752,3.3297666834020108,105.31429773280176,26.382686376059038
148,6,40.58715828695493,59.13381310707752,9.168444681177247,138.19043766663398,18.920400914801576
148,7,40.58715828695493,59.13381310707752,7.044823005725423,169.06239465931475,16.46719015122944
148,8,40.58715828695493,59.13381310707752,7.304385739324995,256.02432362221595,11.862837583032427
148,9,40.58715828695493,59.13381310707752,8.437420720354881,331.0378914569501,13.269970613983112
148,10,40.58715828695493,59.13381310707752,8.121856753604636,421.877205431126,10.01343259230777
148,11,40.58715828695493,59.13381310707752,8.547132491682916,409.7007146510339,16.639327191078362
149,0,74.11649380215798,58.2794333811957,6.655321841685936,344.7532784082236,20.805181436674744
149,1,74.11649380215798,58.2794333811957,8.735179740912839,383.31033681011684,24.731693695690883
149,2,74.11649380215798,58.2794333811957,9.487059450167264,382.94249338723233,26.518985493572135
149,3,74.11649380215798,58.2794333811957,9.536452744269127,256.501603448022,30.00268473482794
149,4,74.11649380215798,58.2794333811957,7.090931812247979,129.64958938544558,26.55085599850615
149,5,74.11649380215798,58.2794333811957,8.114696606029433,140.00066904346977,23.110963249479692
149,6,74.11649380215798,58.2794333811957,8.678546353485398,110.53816927626116,20.60205293436461
149,7,74.11649380215798,58.2794333811957,6.767988212798971,138.67469854125682,15.727990663582693
149,8,74.11649380215798,58.2794333811957,6.2593104871574266,309.4946012961667,12.744817857167506
149,9,74.11649380215798,58.2794333811957,9.531312592783882,327.3397163582895,11.254793372848287
149,10,74.11649380215798,58.2794333811957,13.226072181059696,382.70549694028654,11.840307663332606
149,11,74.11649380215798,58.2794333811957,5.25390841803903,434.97265193178896,15.65296885152866
150,0,34.16293699617623,56.8760876808133,9.113153094493201,284.72034722080593,20.621812540197418
150,1,34.16293699617623,56.8760876808133,8.37211071321969,480.3280133547684,22.868279348472687
150,2,34.16293699617623,56.8760876808133,8.74005693386739,350.1584718671723,27.838744845988334
150,3,34.16293699617623,56.8760876808133,3.533507149213291,255.21905066519602,27.609920547604233
150,4,34.16293699617623,56.8760876808133,7.592004151912605,94.13521242301374,28.096138707572887
150,5,34.16293699617623,56.8760876808133,8.372872893505358,126.83543995650379,24.156707014424686
150,6,34.16293699617623,56.8760876808133,8.16078638969754,147.79546881749778,20.69836012072683
150,7,34.16293699617623,56.8760876808133,5.550880403691982,177.88735209903905,14.494329000896565
150,8,34.16293699617623,56.8760876808133,8.917815608871223,264.75904648287724,14.698071269924926
150,9,34.16293699617623,56.8760876808133,9.490206906234825,362.1409295259925,12.350470005266816
150,10,34.16293699617623,56.8760876808133,5.5993397469515465,465.2290369256261,12.721067112876414
150,11,34.16293699617623,56.8760876808133,10.010642648132306,359.46054982356924,15.873620655991504
151,0,43.329168947186396,58.45192188676601,4.124651583318318,360.73527654268037,18.629059530638393
151,1,43.329168947186396,58.45192188676601,8.247985145240278,416.1266596066565,23.338622962036663
151,2,43.329168947186396,58.45192188676601,7.717483728469719,383.28312893234073,27.00632633734575
151,3,43.329168947186396,58.45192188676601,9.72143179830726,281.1937359252205,27.551358854636664
151,4,43.329168947186396,58.45192188676601,7.904349787552663,170.2648225207248,26.721530137709518
151,5,43.329168947186396,58.45192188676601,6.295203596637883,116.44084529629087,24.56196304337675
151,6,43.329168947186396,58.45192188676601,8.29896712344476,143.52771275633978,19.727149510372456
151,7,43.329168947186396,58.45192188676601,6.332483932459372,194.26201890163398,15.892399899707666
151,8,43.329168947186396,58.45192188676601,4.91045450115816,293.0731996673927,13.125313286479953
151,9,43.329168947186396,58.45192188676601,6.266342253753809,343.8826966863105,12.740113276455661
151,10,43.329168947186396,58.45192188676601,6.718668028959887,349.3289040964309,11.692881582888466
151,11,43.329168947186396,58.45192188676601,7.690911338801676,414.3053165874166,16.70697503700682
152,0,31.38360790975009,54.6823177511543,9.03065507624304,303.4282237517337,20.35945882676599
152,1,31.38360790975009,54.6823177511543,9.1080566407141,385.7969367198859,24.70494487833697
152,2,31.38360790975009,54.6823177511543,6.197564971824516,337.14703881375124,27.17286069449448
152,3,31.38360790975009,54.6823177511543,3.433600166905748,272.01239442962213,29.104532698096985
152,4,31.38360790975009,54.6823177511543,8.023852371773886,107.76839031548077,27.195607737143607
152,5,31.38360790975009,54.6823177511543,8.493511985378685,147.80446827865717,24.59142841449923
152,6,31.38360790975009,54.6823177511543,10.576109257182427,126.33413930127878,19.897783425359073
152,7,31.38360790975009,54.6823177511543,7.858627661752281,205.7749190223363,16.745057712279188
152,8,31.38360790975009,54.6823177511543,5.352098904027393,314.3167184339346,14.487133853488434
152,9,31.38360790975009,54.6823177511543,6.198568186354508,371.18007382906774,13.566756441613702
152,10,31.38360790975009,54.6823177511543,4.789827029116172,489.57284554068144,14.756982289603476
152,11,31.38360790975009,54.6823177511543,6.411904410380011,337.4338440592999,15.221227307878925
153,0,45.91920387052255,56.78281397269514,12.438258048723887,330.88647834326434,19.20714851438401
153,1,45.91920387052255,56.78281397269514,10.262982039206367,419.79926718594777,22.998655618622024
153,2,45.91920387052255,56.78281397269514,7.722772737946945,407.530757670341,27.410467882330973
153,3,45.91920387052255,56.78281397269514,8.605574567674783,228.9753487050074,29.01033951472613
153,4,45.91920387052255,56.78281397269514,7.9709473231732115,155.84995380455044,25.636047606186743
153,5,45.91920387052255,56.78281397269514,6.2981102481448445,112.17216483471111,24.04146838990452
153,6,45.91920387052255,56.78281397269514,5.994527082180063,154.6267294056139,19.886946509827045
153,7,45.91920387052255,56.78281397269514,7.363385404800937,156.7426031856861,14.840380002941252
153,8,45.91920387052255,56.78281397269514,5.58269227057773,297.09512614329253,14.850966345792907
153,9,45.91920387052255,56.78281397269514,8.6985376772512,344.69470536189294,10.937121527040356
153,10,45.91920387052255,56.78281397269514,8.079254343732039,494.0221248454852,12.987192419700577
153,11,45.91920387052255,56.78281397269514,8.290617177103524,316.45535014171156,16.639599820485344
154,0,50.8540865390858,50.0,7.63814508267971,345.3682608582668,19.768068799303343
154,1,50.8540865390858,50.0,9.964498385255938,413.26339778933414,23.24855634428691
154,2,50.8540865390858,50.0,9.278905403978062,445.20129337719646,28.684592582769696
154,3,50.8540865390858,50.0,8.991611738865668,195.39061050665663,27.911423179209585
154,4,50.8540865390858,50.0,6.838481147035422,125.92554475052422,27.856377424372155
154,5,50.8540865390858,50.0,10.988783219183283,138.90093502635457,26.53050790957617
154,6,50.8540865390858,50.0,6.606870726176995,143.77395375080502,21.7742713588201
154,7,50.8540865390858,50.0,9.573957612133428,145.17387334314424,15.627342081150834
154,8,50.8540865390858,50.0,11.713008513606642,371.4515409986072,13.444269038685977
154,9,50.8540865390858,50.0,8.379994347073728,262.57180734265546,11.05356117405276
154,10,50.8540865390858,50.0,7.744118777333349,394.46683872168376,12.500771399589791
154,11,50.8540865390858,50.0,6.830940553952305,387.65465966431617,15.373413258129494
155,0,49.19999470805371,58.29697784144781,11.002516489646835,235.45707793732598,20.081181233935933
155,1,49.19999470805371,58.29697784144781,8.956428527138806,343.4151942406368,25.069111673206574
155,2,49.19999470805371,58.29697784144781,7.573967069654469,311.7684956799687,27.139927726764043
155,3,49.19999470805371,58.29697784144781,12.178263478559234,178.85662248286343,29.93041990536472
155,4,49.19999470805371,58.29697784144781,6.279290310105195,133.39739079512734,25.45131435061454
155,5,49.19999470805371,58.29697784144781,2.6188380770316426,124.91813023248325,23.48728366395395
155,6,49.19999470805371,58.29697784144781,8.070066561672865,128.8508643457196,20.507493815434316
155,7,49.19999470805371,58.29697784144781,5.899006972927525,184.18088303998528,16.624357463320592
155,8,49.19999470805371,58.29697784144781,6.641280238800983,273.457742719757,12.285674562267719
155,9,49.19999470805371,58.29697784144781,7.210465157894962,326.8535358125747,11.880005124594886
155,10,49.19999470805371,58.29697784144781,10.876982620264199,381.68232128429577,14.103614717006518
155,11,49.19999470805371,58.29697784144781,9.24717173401632,348.9665436386909,14.127253118316869
156,0,57.033757949597074,55.387887059680075,4.413808541631466,425.5208344059878,19.540547035019774
156,1,57.033757949597074,55.387887059680075,4.903843210308271,440.70088593063883,24.173797079089063
156,2,57.033757949597074,55.387887059680075,10.64429622925324,378.634559164271,27.111022258211666
156,3,57.033757949597074,55.387887059680075,5.3427663340794425,184.9258137850706,28.576490064628516
156,4,57.033757949597074,55.387887059680075,7.49153260919992,137.42339977647347,27.83965073851534
156,5,57.033757949597074,55.387887059680075,9.476950549126522,118.24822105144317,24.40350200550007
156,6,57.033757949597074,55.387887059680075,6.583316140440053,143.20530959292464,20.850548936045385
156,7,57.033757949597074,55.387887059680075,6.026301338457931,202.2359888427916,16.488186119108573
156,8,57.033757949597074,55.387887059680075,7.403910441989965,323.56483626916497,14.724509360399228
156,9,57.033757949597074,55.387887059680075,6.490608104569725,343.13508369455275,12.657501190896246
156,10,57.033757949597074,55.387887059680075,8.379516604059866,451.26089438066776,10.997913281233416
156,11,57.033757949597074,55.387887059680075,10.595529025918118,381.29493378507385,17.261292965533414
157,0,39.72497507877596,58.33244224160613,8.44660259619065,431.1026360212885,19.676621401243207
157,1,39.72497507877596,58.33244224160613,7.072588516790529,324.8542884453796,25.410947163942833
157,2,39.72497507877596,58.33244224160613,5.571861884506635,463.36319800334235,27.812294419032465
157,3,39.72497507877596,58.33244224160613,6.167285765603406,201.6247475862495,29.0209528822635
157,4,39.72497507877596,58.33244224160613,3.9449103332096893,120.36894527236515,26.763776095728723
157,5,39.72497507877596,58.33244224160613,10.618958198835948,107.92107841744786,23.225685272252576
157,6,39.72497507877596,58.33244224160613,8.668455303466677,133.00394691875957,22.158641635429788
157,7,39.72497507877596,58.33244224160613,10.34148663374938,241.0945899356226,17.451071792936556
157,8,39.72497507877596,58.33244224160613,7.375938050649722,281.21500235761096,15.525975862315935
157,9,39.72497507877596,58.33244224160613,12.927177913530581,340.2545856605876,11.866410867292293
157,10,39.72497507877596,58.33244224160613,10.518800601415395,306.8287096929889,13.961008473218458
157,11,39.72497507877596,58.33244224160613,7.324663503199518,404.0905966094617,15.783490049246236
158,0,58.086811674117556,55.5789412211015,6.387401769763955,360.6388631097986,20.303743335946173
158,1,58.086811674117556,55.5789412211015,4.738681559128985,451.70959882103455,23.696337480166967
158,2,58.086811674117556,55.5789412211015,6.024492108839771,365.44726903883975,28.66824781551013
158,3,58.086811674117556,55.5789412211015,8.397909197131641,290.52191550472907,27.331836376115383
158,4,58.086811674117556,55.5789412211015,4.054710450141958,148.7576175432868,26.660234049543025
158,5,58.086811674117556,55.5789412211015,9.60757801915001,81.4285775141935,22.042382829482026
158,6,58.086811674117556,55.5789412211015,10.35124041715572,150.32864977514626,19.921096190119467
158,7,58.086811674117556,55.5789412211015,8.576542571968009,198.67775702860985,14.282565867292004
158,8,58.086811674117556,55.5789412211015,7.837597035069967,276.39158220139944,12.495272449193896
158,9,58.086811674117556,55.5789412211015,6.426311710070543,321.4940644626491,12.366019099088879
158,10,58.086811674117556,55.5789412211015,12.539300905774747,499.489001814917,13.052322641542505
158,11,58.086811674117556,55.5789412211015,7.368715891285605,339.61775238152035,15.80039160381776
159,0,54.359554150628895,65.0254463353958,10.909610298085642,354.39904779473073,19.89284654248675
159,1,54.359554150628895,65.0254463353958,9.0419065298754,427.96276444414417,23.581612966618902
159,2,54.359554150628895,65.0254463353958,11.028907076403247,409.80381268192866,28.42345466273856
159,3,54.359554150628895,65.0254463353958,10.375499862464132,186.0336174123091,28.15474274464929
159,4,54.359554150628895,65.0254463353958,6.242555114017112,185.0887847438268,27.785638061418318
159,5,54.359554150628895,65.0254463353958,8.9265440717806,95.17714259120838,22.642030209124883
159,6,54.359554150628895,65.0254463353958,7.677694285468191,113.47902860819912,20.0611952801873
159,7,54.359554150628895,65.0254463353958,9.965294801730613,176.22450405337483,14.794612681396435
159,8,54.359554150628895,65.0254463353958,5.918013940226421,235.29124046205854,13.241042100924385
159,9,54.359554150628895,65.0254463353958,7.752984343945702,354.22853114146596,12.355192030908077
159,10,54.359554150628895,65.0254463353958,6.903856884256317,349.95487972796445,12.154701037814247
159,11,54.359554150628895,65.0254463353958,8.508209418600199,404.43123602931445,16.97664909165118
160,0,42.7063191234865,58.88661836351657,5.019240300564272,358.00842280408574,22.019000496596565
160,1,42.7063191234865,58.88661836351657,8.516884452272489,482.96773673106463,23.442044282446194
160,2,42.7063191234865,58.88661836351657,6.8284698571891225,339.2284581498378,26.84317538025092
160,3,42.7063191234865,58.88661836351657,9.15369027156577,210.70105176089427,29.27622259295775
160,4,42.7063191234865,58.88661836351657,7.0125903423487435,174.84420821645065,26.07742838935011
160,5,42.7063191234865,58.88661836351657,7.167929546209964,129.16431062476312,24.60469046781698
160,6,42.7063191234865,58.88661836351657,7.844255579399484,163.98393703327784,21.196647807944622
160,7,42.7063191234865,58.88661836351657,7.661623431350088,177.73987249474933,16.14474646480286
160,8,42.7063191234865,58.88661836351657,2.6548693540364834,314.60810005197663,11.794372190632071
160,9,42.7063191234865,58.88661836351657,9.264167606302644,395.5209727341461,12.697414800100926
160,10,42.7063191234865,58.88661836351657,7.932754188025713,470.7814883337343,14.32238336175445
160,11,42.7063191234865,58.88661836351657,7.371330286874617,368.5371144669376,15.069506089524074
161,0,56.35518792752601,59.127341629903825,8.227391742854676,428.43188455966623,20.89389861668019
161,1,56.35518792752601,59.127341629903825,6.499761122010609,451.98671200969,23.032698088280362
161,2,56.35518792752601,59.127341629903825,8.34316123835591,286.66472315615374,26.262722481149254
161,3,56.35518792752601,59.127341629903825,4.569596566772464,170.54128415629606,28.309154244711955
161,4,56.35518792752601,59.127341629903825,5.731328783344365,150.62009409959106,26.885620943803573
161,5,56.35518792752601,59.127341629903825,8.009994164410326,123.47900933009986,23.629750616990776
161,6,56.35518792752601,59.127341629903825,4.533689842025092,114.14072268862674,21.23722763063048
161,7,56.35518792752601,59.127341629903825,8.075964432358514,152.1673692530004,15.978158374125902
161,8,56.35518792752601,59.127341629903825,11.56890468994496,221.23529584024402,13.031974200207475
161,9,56.35518792752601,59.127341629903825,10.727262259243009,262.63114288420996,13.130313407257526
161,10,56.35518792752601,59.127341629903825,9.801318839157705,493.59877282811726,12.590823383902935
161,11,56.35518792752601,59.127341629903825,6.6717452403126565,334.08218416452655,16.196798367471267
162,0,44.227758213056106,65.981466500024,6.289182783423315,302.5537305342068,20.68332532100232
162,1,44.227758213056106,65.981466500024,8.07576231338866,465.9752981159303,23.97964538387713
162,2,44.227758213056106,65.981466500024,9.811782267603341,362.9122503802325,27.05192525597111
162,3,44.227758213056106,65.981466500024,8.70799309780417,265.75014445734547,28.067200482210414
162,4,44.227758213056106,65.981466500024,7.757936554393079,138.6288569716638,26.799069286787322
162,5,44.227758213056106,65.981466500024,7.735286146543063,125.52858978868241,22.70606554620629
162,6,44.227758213056106,65.981466500024,12.066979638661923,91.80663526497254,20.14045308816106
162,7,44.227758213056106,65.981466500024,3.488296257053766,192.92669705318457,14.164413083613319
162,8,44.227758213056106,65.981466500024,5.1805130670527735,212.57106039495932,13.110867660136508
162,9,44.227758213056106,65.981466500024,9.846478149902861,379.01065102909945,11.514055522315358
162,10,44.227758213056106,65.981466500024,8.75613499224851,496.3651680499702,13.511482649693814
162,11,44.227758213056106,65.981466500024,5.505976925122143,333.9868891549131,15.78255273396953
163,0,47.78776233679255,54.79111393130948,10.445753612573558,344.53926519205083,19.567420463115234
163,1,47.78776233679255,54.79111393130948,5.771279975972868,494.229533223647,25.231531923889477
163,2,47.78776233679255,54.79111393130948,7.891410758466171,387.0232566453076,26.18717176723025
163,3,47.78776233679255,54.79111393130948,7.845432208132704,247.34876074555655,28.589365493905873
163,4,47.78776233679255,54.79111393130948,8.475492377971113,135.2852160327426,26.044058864751964
163,5,47.78776233679255,54.79111393130948,7.677971279756498,110.69734204172659,24.51328785802714
163,6,47.78776233679255,54.79111393130948,9.696283895953503,146.5205939596112,20.936983359185774
163,7,47.78776233679255,54.79111393130948,7.497174300759927,217.84701031254409,16.61035307707499
163,8,47.78776233679255,54.79111393130948,6.668765870226452,241.3446468010169,12.97885150933978
163,9,47.78776233679255,54.79111393130948,6.510126921241481,300.4409033371777,12.585117190492749
163,10,47.78776233679255,54.79111393130948,4.4120902286164885,401.58394275888656,11.647382772458478
163,11,47.78776233679255,54.79111393130948,7.267440276246944,392.9519651028565,13.913152616417376
164,0,31.712912602487602,60.63044775685806,11.458352981108382,336.13286614172614,20.439172345938363
164,1,31.712912602487602,60.63044775685806,7.794961487216899,424.8825070102681,22.749557051405148
164,2,31.712912602487602,60.63044775685806,10.926449797273056,322.25294956038084,28.24531503789945
164,3,31.712912602487602,60.63044775685806,6.500540527523736,217.89262289307467,27.86097892822613
164,4,31.712912602487602,60.63044775685806,8.729443999425493,134.3495218640798,28.748192951743082
164,5,31.712912602487602,60.63044775685806,8.664826015135155,118.69026291980322,23.778037064462875
164,6,31.712912602487602,60.63044775685806,2.596700328273834,163.20851452194975,20.90094490752182
164,7,31.712912602487602,60.63044775685806,5.732110469904378,183.45868007516725,15.757684313949678
164,8,31.712912602487602,60.63044775685806,5.301904338586342,332.79258818297956,12.68962700418133
164,9,31.712912602487602,60.63044775685806,8.760624204112041,378.8846294650144,11.165104880150468
164,10,31.712912602487602,60.63044775685806,4.914089429772551,296.87270428217136,13.025493761856684
164,11,31.712912602487602,60.63044775685806,9.907824652506562,361.86236843456624,13.818580021498263
165,0,51.55451712585975,53.262392180921665,8.009401009189755,311.7024997272383,18.779507988311448
165,1,51.55451712585975,53.262392180921665,6.2249116966535665,386.25449107995223,23.382391620728068
165,2,51.55451712585975,53.262392180921665,5.461748644793506,412.1683632423246,25.86195214279452
165,3,51.55451712585975,53.262392180921665,12.392460465624733,263.501207890817,27.945700719583915
165,4,51.55451712585975,53.262392180921665,9.507745936636443,151.12750987141206,25.73410889357879
165,5,51.55451712585975,53.262392180921665,7.947424245694189,121.32182379071237,24.89490942377555
165,6,51.55451712585975,53.262392180921665,11.379183480503158,145.9714082775207,19.400301866335354
165,7,51.55451712585975,53.262392180921665,7.500532467228505,165.24631817659466,17.459878549442454
165,8,51.55451712585975,53.262392180921665,9.325091003964397,290.1176798013306,13.774260853626922
165,9,51.55451712585975,53.262392180921665,7.41661451387347,297.9990780978401,11.350646560605194
165,10,51.55451712585975,53.262392180921665,9.397616854790803,364.0939196210913,14.905044943755929
165,11,51.55451712585975,53.262392180921665,9.120260711206342,434.68155273940397,14.186688511612372
166,0,32.440719690941435,55.68700212478079,10.478403453591557,410.1712248781099,20.7245204754444
166,1,32.440719690941435,55.68700212478079,10.382091994711804,350.30019473702134,25.10147591308655
166,2,32.440719690941435,55.68700212478079,8.237507927602536,329.35472064845527,27.230978099510775
166,3,32.440719690941435,55.68700212478079,7.251293271640054,207.77962021974298,27.931361754439973
166,4,32.440719690941435,55.68700212478079,8.419565194672275,152.12101186625776,26.12291781498391
166,5,32.440719690941435,55.68700212478079,9.622301105027402,113.27711294923768,24.813043507738268
166,6,32.440719690941435,55.68700212478079,9.371017549997728,134.64407727631234,19.099372270780307
166,7,32.440719690941435,55.68700212478079,6.600939405860689,210.20775412318145,15.867342132999413
166,8,32.440719690941435,55.68700212478079,8.497119276873338,335.73396423471297,13.246850609899049
166,9,32.440719690941435,55.68700212478079,8.099272976356806,352.465486840932,11.64376132636473
166,10,32.440719690941435,55.68700212478079,11.021003956623803,294.750756591041,10.375861225645664
166,11,32.440719690941435,55.68700212478079,11.812044330949437,311.04811585889297,16.26056728865838
167,0,52.10292299345285,56.079199582587236,6.447358557813603,299.44694126042697,19.217950268057585
167,1,52.10292299345285,56.079199582587236,6.916448335558488,370.3537210870066,24.792370226952155
167,2,52.10292299345285,56.079199582587236,10.610443404947553,385.52326456121153,26.17642706347952
167,3,52.10292299345285,56.079199582587236,8.269798990890408,240.45183984006522,27.903441990793546
167,4,52.10292299345285,56.079199582587236,8.774332394448614,112.23891582011139,27.15225434317665
167,5,52.10292299345285,56.079199582587236,9.166458176687248,148.2305212463883,24.666301721176698
167,6,52.10292299345285,56.079199582587236,5.255843357847525,143.11929631427367,22.046189887133934
167,7,52.10292299345285,56.079199582587236,5.617290568383385,207.3183167789688,12.779497523184912
167,8,52.10292299345285,56.079199582587236,10.34485503339571,262.47023073728104,11.960913343029292
167,9,52.10292299345285,56.079199582587236,8.820461126247473,432.55261953502156,11.102892378177245
167,10,52.10292299345285,56.079199582587236,10.412724456569077,412.4749925691663,13.740899693188604
167,11,52.10292299345285,56.079199582587236,8.03021715594536,464.7164059299416,17.44921436987715
168,0,59.47641372973909,68.71347856563011,9.602454211095633,283.81957765806294,21.624083076990622
168,1,59.47641372973909,68.71347856563011,9.20813469220028,346.3403877765761,24.670033548855354
168,2,59.47641372973909,68.71347856563011,7.683603943358227,378.37970654238364,26.973066659866948
168,3,59.47641372973909,68.71347856563011,10.656782370344285,294.39671678894086,26.47612383220954
168,4,59.47641372973909,68.71347856563011,7.95593960786408,126.01613372306542,25.773956710660002
168,5,59.47641372973909,68.71347856563011,10.315533222111432,125.67214712596333,24.443949737892375
168,6,59.47641372973909,68.71347856563011,5.186385494111889,120.23888930605295,18.828031169770618
168,7,59.47641372973909,68.71347856563011,8.619590084832597,155.19698261536752,17.03916021842141
168,8,59.47641372973909,68.71347856563011,13.212231004671308,306.72777779942373,15.097546939513478
168,9,59.47641372973909,68.71347856563011,10.560944206355186,333.28107822773524,12.149348324461675
168,10,59.47641372973909,68.71347856563011,5.0249574883604895,383.4637352637634,13.11577561223203
168,11,59.47641372973909,68.71347856563011,5.46565985846677,452.8355895795533,16.89310642370597
169,0,37.49780219965517,56.42235092598229,7.875851813847838,260.82410037264646,20.375435186454283
169,1,37.49780219965517,56.42235092598229,8.930369895875415,383.79365563037857,25.698909321547376
169,2,37.49780219965517,56.42235092598229,6.6907730088380815,407.0519323625397,26.020622686971404
169,3,37.49780219965517,56.42235092598229,6.159315930299577,286.48282504171715,27.503118984084573
169,4,37.49780219965517,56.42235092598229,4.86124727345908,149.64421668920474,28.218005257643373
169,5,37.49780219965517,56.42235092598229,6.245322037924837,133.05542035094172,24.260387686492123
169,6,37.49780219965517,56.42235092598229,3.9818296023343978,154.47540945723048,20.24245005462136
169,7,37.49780219965517,56.42235092598229,6.898679061347625,171.91148833929515,15.025645000904467
169,8,37.49780219965517,56.42235092598229,9.987329842852088,253.17205376985896,12.099650947475585
169,9,37.49780219965517,56.42235092598229,8.826221180641177,396.4382719319053,10.808299684324684
169,10,37.49780219965517,56.42235092598229,7.146279973872698,406.5849683174788,12.563289492512176
169,11,37.49780219965517,56.42235092598229,12.66683703337803,405.0546808792817,14.545551083383236
170,0,65.29450905203566,63.6355563103967,7.794271712577356,391.5670657765812,19.50604294121699
170,1,65.29450905203566,63.6355563103967,6.977793891802656,338.44455181559346,22.78742225262824
170,2,65.29450905203566,63.6355563103967,8.438351187049616,376.76021839878206,26.87692499951718
170,3,65.29450905203566,63.6355563103967,11.081813981662403,194.76330156764587,28.287468284862832
170,4,65.29450905203566,63.6355563103967,6.694424135894284,93.757687199307,26.1335755494632
170,5,65.29450905203566,63.6355563103967,13.296810579810423,126.03215743399987,24.969227459805364
170,6,65.29450905203566,63.6355563103967,6.93816977041064,127.62953006563707,20.044044810862133
170,7,65.29450905203566,63.6355563103967,7.367764756877262,187.6269997261909,17.296473150083717
170,8,65.29450905203566,63.6355563103967,10.519897565771956,237.16493433425782,12.10065591134761
170,9,65.29450905203566,63.6355563103967,7.7196319653186585,379.0985194530217,12.484850353571709
170,10,65.29450905203566,63.6355563103967,10.906821028428073,577.1738866422728,10.423370716615695
170,11,65.29450905203566,63.6355563103967,9.550388151901554,317.00079392893554,16.90106072468086
171,0,55.76922003203123,62.69079891974441,6.536786730082406,400.49552995411494,20.28629393443959
171,1,55.76922003203123,62.69079891974441,8.211448518495272,336.7107360148875,24.020479352062935
171,2,55.76922003203123,62.69079891974441,8.832474832751247,366.2061398235869,28.93496656987941
171,3,55.76922003203123,62.69079891974441,10.035756431119038,261.7379225902009,27.814621798404826
171,4,55.76922003203123,62.69079891974441,12.994211255112269,133.75424229404337,27.02465071647698
171,5,55.76922003203123,62.69079891974441,9.621192138849368,157.25849945412287,24.4027777108501
171,6,55.76922003203123,62.69079891974441,7.270472755208678,141.4397003992106,20.751696418404517
171,7,55.76922003203123,62.69079891974441,9.898809054194153,204.1768760406328,15.461320507919643
171,8,55.76922003203123,62.69079891974441,10.347207586079643,359.19493343087794,13.70085299380514
171,9,55.76922003203123,62.69079891974441,6.433438765694212,373.55085970552364,12.561322491409095
171,10,55.76922003203123,62.69079891974441,10.136709763751668,378.20411192995454,13.15617064884055
171,11,55.76922003203123,62.69079891974441,8.150000726216126,410.91017759241413,14.82434598169705
172,0,52.477114050931974,67.14135086473465,7.408107806433319,319.20197597586787,19.607902788004004
172,1,52.477114050931974,67.14135086473465,9.61378946928277,392.6265792592291,23.162446512018835
172,2,52.477114050931974,67.14135086473465,4.062452073298852,416.27261292614526,27.058886096903407
172,3,52.477114050931974,67.14135086473465,4.534552701308652,292.4003612577844,27.53658369205561
172,4,52.477114050931974,67.14135086473465,9.181488375885573,122.66025681453934,27.7404982233689
172,5,52.477114050931974,67.14135086473465,9.447288610472826,117.63565455100765,25.131555956603233
172,6,52.477114050931974,67.14135086473465,5.949299804559301,136.95398421601513,19.75461648885091
172,7,52.477114050931974,67.14135086473465,5.69694798142168,171.23168342025824,16.435644923866242
172,8,52.477114050931974,67.14135086473465,10.20814389865137,311.26690403394093,14.691654648080359
172,9,52.477114050931974,67.14135086473465,6.220086476351999,471.7380838753464,11.592532193315062
172,10,52.477114050931974,67.14135086473465,10.075891702256147,360.01784824120716,11.191642236094465
172,11,52.477114050931974,67.14135086473465,7.76090540584255,406.4844039139042,16.89054137156936
173,0,26.60602168785438,58.93032023897321,8.293033076294478,395.73973636343,19.81102838577587
173,1,26.60602168785438,58.93032023897321,6.276013229680357,422.2084707188865,24.626558750761312
173,2,26.60602168785438,58.93032023897321,9.95214897554056,271.36048498274727,27.92878388591195
173,3,26.60602168785438,58.93032023897321,10.172976383317227,241.8002192225022,27.646794936007687
173,4,26.60602168785438,58.93032023897321,9.449909319859591,150.46989370371585,27.102316469921874
173,5,26.60602168785438,58.93032023897321,7.106618971149589,145.88637954665253,23.517006931241802
173,6,26.60602168785438,58.93032023897321,8.21373734233461,138.84313701454022,18.748290981748234
173,7,26.60602168785438,58.93032023897321,6.039116751809535,202.8116793133058,15.649612165630977
173,8,26.60602168785438,58.93032023897321,8.510587452244126,265.1497816844089,12.73021010790481
173,9,26.60602168785438,58.93032023897321,10.006879673755062,359.0270732843913,13.976490297769235
173,10,26.60602168785438,58.93032023897321,7.028189369976817,436.1925762267888,12.969136126053868
173,11,26.60602168785438,58.93032023897321,6.603303922777944,282.4065491887089,16.700202537377383
174,0,44.35347660958007,53.58872114335031,5.48067300160425,395.0167405073142,20.020348512852934
174,1,44.35347660958007,53.58872114335031,8.17485697898953,457.3922548104581,24.60515576991598
174,2,44.35347660958007,53.58872114335031,7.668766729796496,395.7059378316485,27.972883456908512
174,3,44.35347660958007,53.58872114335031,7.64478181239029,304.641953141618,27.514715295860167
174,4,44.35347660958007,53.58872114335031,12.615766566376045,170.39667894941454,27.8285142119739
174,5,44.35347660958007,53.58872114335031,11.891495491667943,132.4758544792683,23.628899269481824
174,6,44.35347660958007,53.58872114335031,5.490230583377782,145.28142581546783,18.125597859340928
174,7,44.35347660958007,53.58872114335031,2.9699278821600172,170.93472281087034,15.053434168826445
174,8,44.35347660958007,53.58872114335031,6.725276570040831,217.94391790265286,10.467312692865685
174,9,44.35347660958007,53.58872114335031,6.539962519029008,286.93061124048245,12.987492463196151
174,10,44.35347660958007,53.58872114335031,10.095173889573205,419.84959413518555,13.739960471136987
174,11,44.35347660958007,53.58872114335031,9.498811292523762,388.6992316376564,16.837844656523767
175,0,54.37505839471293,54.30065999221547,6.355732170591172,420.1452226867516,18.3310658756874
175,1,54.37505839471293,54.30065999221547,10.999931350242461,445.84978619063105,23.846411622477337
175,2,54.37505839471293,54.30065999221547,11.572882271204765,354.65630883074533,27.59450625205055
175,3,54.37505839471293,54.30065999221547,7.57614037411786,257.0487158930632,27.870967886999466
175,4,54.37505839471293,54.30065999221547,6.862131397535255,140.04161581754371,26.561906485590942
175,5,54.37505839471293,54.30065999221547,7.479985304037576,126.15371026950751,24.077670857066867
175,6,54.37505839471293,54.30065999221547,7.651771772296713,132.02357942606355,19.294750629350823
175,7,54.37505839471293,54.30065999221547,9.482929133892648,157.03630991881153,18.05843924091425
175,8,54.37505839471293,54.30065999221547,5.810710999001703,308.61486328380715,12.216825914360978
175,9,54.37505839471293,54.30065999221547,3.251816148713022,293.3979192860327,11.57337468926296
175,10,54.37505839471293,54.30065999221547,6.246123198857377,362.3056367298509,12.87770993270864
175,11,54.37505839471293,54.30065999221547,10.011020860724768,391.8073810218232,15.34144994938334
176,0,43.25698232093058,67.38753000590432,6.9619916216592586,287.6355097593378,20.155757755996856
176,1,43.25698232093058,67.38753000590432,7.736440993646493,380.0174422450434,23.441585280902657
176,2,43.25698232093058,67.38753000590432,13.327280627310628,430.5856695663127,26.059689373066767
176,3,43.25698232093058,67.38753000590432,6.392686033663411,218.18348970192656,28.61185796706979
176,4,43.25698232093058,67.38753000590432,7.579990448931603,125.4681428369591,29.357566964923738
176,5,43.25698232093058,67.38753000590432,3.850243796477642,131.43328636193652,24.941943745091326
176,6,43.25698232093058,67.38753000590432,6.834585821873565,139.89123530501348,20.605259264898876
176,7,43.25698232093058,67.38753000590432,7.936759738095723,208.0648970660602,15.980750839647788
176,8,43.25698232093058,67.38753000590432,6.7489887470308805,277.842928475156,14.67630268812762
176,9,43.25698232093058,67.38753000590432,5.2344815919412895,343.62901151105666,11.571046572534517
176,10,43.25698232093058,67.38753000590432,6.804769213050712,470.2747956761756,11.872835792642658
176,11,43.25698232093058,67.38753000590432,6.203398417710698,382.8585872506731,16.647395326245878
177,0,53.87208271432344,63.334372767446254,7.564780904924884,450.95246955330117,19.54202474061321
177,1,53.87208271432344,63.334372767446254,7.961988769850485,393.88553621226595,23.895866345122563
177,2,53.87208271432344,63.334372767446254,7.224044623374578,331.94828129242694,26.53057486035765
177,3,53.87208271432344,63.334372767446254,7.642916318803283,190.2564067010452,29.178327269002292
177,4,53.87208271432344,63.334372767446254,8.765670697750137,153.7334338675818,26.11010170861603
177,5,53.87208271432344,63.334372767446254,9.342374661647991,110.86864674521001,23.272247940902997
177,6,53.87208271432344,63.334372767446254,7.122766369662472,149.49594973000683,20.841457908803186
177,7,53.87208271432344,63.334372767446254,7.153500409077557,155.59058481038767,14.81778235473947
177,8,53.87208271432344,63.334372767446254,8.466589032302224,293.71885230581455,12.797291212800086
177,9,53.87208271432344,63.334372767446254,10.079929272179278,320.81146829881243,12.073935026463904
177,10,53.87208271432344,63.334372767446254,7.0375108691007595,445.25837726498366,13.443042745728443
177,11,53.87208271432344,63.334372767446254,7.493674992411609,334.34426558480413,15.147315809460618
178,0,44.446779378267244,67.62013431817009,9.100673134506753,343.3305273708187,21.510099099249036
178,1,44.446779378267244,67.62013431817009,6.461257387571045,463.267922995714,24.371419987214235
178,2,44.446779378267244,67.62013431817009,9.271123984744355,385.8326010479393,26.733026451729256
178,3,44.446779378267244,67.62013431817009,10.386306760146264,223.60445903549322,28.217385784876253
178,4,44.446779378267244,67.62013431817009,7.381596978817609,166.40023501106097,26.772244417734804
178,5,44.446779378267244,67.62013431817009,10.981449691813642,148.83061627127495,24.860409372044007
178,6,44.446779378267244,67.62013431817009,7.1793945858084465,134.5312977234133,21.316881000450735
178,7,44.446779378267244,67.62013431817009,5.872316547655382,182.18385906599048,15.423091208560272
178,8,44.446779378267244,67.62013431817009,10.55412471193944,293.583726800646,13.759501337502334
178,9,44.446779378267244,67.62013431817009,7.8508907180586744,336.56049876646057,10.863311319245986
178,10,44.446779378267244,67.62013431817009,5.63586761155373,508.3444604510275,13.592796352633943
178,11,44.446779378267244,67.62013431817009,8.574453957680532,303.03617224189287,14.976758003365253
179,0,66.99747893903643,68.07833552107111,10.124094791082811,281.2909563468992,21.160677075497617
179,1,66.99747893903643,68.07833552107111,10.74928699209846,393.0973368885177,24.34875961102167
179,2,66.99747893903643,68.07833552107111,6.89152793966306,302.07487643615985,28.12394172915104
179,3,66.99747893903643,68.07833552107111,11.95141584389496,276.3315209295699,28.237154776081653
179,4,66.99747893903643,68.07833552107111,9.043537011760252,109.54642733948614,27.648744745784857
179,5,66.99747893903643,68.07833552107111,11.396360497615996,122.06424533662069,23.879071171936385
179,6,66.99747893903643,68.07833552107111,6.08782826779286,149.791501438001,20.779697966343644
179,7,66.99747893903643,68.07833552107111,7.321104870145934,198.43609879228603,15.157152174944134
179,8,66.99747893903643,68.07833552107111,7.843883888541601,164.17642545094893,12.580587539814747
179,9,66.99747893903643,68.07833552107111,5.266665444469878,329.67790235976645,11.803778824961194
179,10,66.99747893903643,68.07833552107111,6.242141964629253,518.3601288378853,13.801880130980809
179,11,66.99747893903643,68.07833552107111,9.770258206612086,325.08824517261394,17.391046904637562
180,0,79.42852050531759,61.96448400134671,6.3020684373979465,376.14851167082895,21.07366774128473
180,1,79.42852050531759,61.96448400134671,6.298672484219013,448.036591877121,24.51815796496987
180,2,79.42852050531759,61.96448400134671,5.738107213828927,311.8466620810066,27.157839017845696
180,3,79.42852050531759,61.96448400134671,8.331798435374752,251.18136127879885,27.942933045737803
180,4,79.42852050531759,61.96448400134671,6.334004069051872,139.18375018427002,27.75742240531468
180,5,79.42852050531759,61.96448400134671,8.397129738118588,134.7352963820433,23.39224834212883
180,6,79.42852050531759,61.96448400134671,7.513638255260128,151.70595832642738,20.092551785486503
180,7,79.42852050531759,61.96448400134671,9.105448816716734,193.98622470263226,15.958270445153675
180,8,79.42852050531759,61.96448400134671,7.487310147101585,318.56300681373835,12.683079082276958
180,9,79.42852050531759,61.96448400134671,4.454432928072408,365.70874350039514,11.580028438124542
180,10,79.42852050531759,61.96448400134671,9.468068564185726,279.9351234248752,15.555908390146197
180,11,79.42852050531759,61.96448400134671,6.231916114590555,382.1350686026175,17.323158488385175
181,0,50.09512231666344,60.145205283467234,7.721402373652949,332.67986440997475,18.175669053263334
181,1,50.09512231666344,60.145205283467234,6.522101322250282,318.45945011683176,22.844373546441478
181,2,50.09512231666344,60.145205283467234,5.286665386082529,373.59585148311334,27.427703259428412
181,3,50.09512231666344,60.145205283467234,10.29576507046717,226.91718516375147,27.523110704075854
181,4,50.09512231666344,60.145205283467234,9.884374192756365,161.39309520198495,26.77710874258224
181,5,50.09512231666344,60.145205283467234,7.988973022491045,119.23908304605408,23.097874578697752
181,6,50.09512231666344,60.145205283467234,8.126026522379101,148.63339076476834,21.609522872644106
181,7,50.09512231666344,60.145205283467234,10.284233306711666,132.08781902783346,16.693371982798737
181,8,50.09512231666344,60.145205283467234,10.101171762341707,320.10057916465456,13.56831980765825
181,9,50.09512231666344,60.145205283467234,8.191296210041731,283.6473283415008,11.519641254235191
181,10,50.09512231666344,60.145205283467234,8.234172661972655,360.88098179101996,13.821781276587133
181,11,50.09512231666344,60.145205283467234,7.486668565514566,511.6721580784838,16.706731475873394
182,0,37.05900657612045,63.16184819374647,6.163258236253233,421.48607465029323,19.463892798609454
182,1,37.05900657612045,63.16184819374647,7.382475678656972,345.06940031592717,23.670560940437717
182,2,37.05900657612045,63.16184819374647,10.153191965399055,375.184369544128,28.2890061683847
182,3,37.05900657612045,63.16184819374647,4.411966125803142,269.22969347224034,29.225113629798503
182,4,37.05900657612045,63.16184819374647,8.457242290306839,140.89003265983231,26.339844819823426
182,5,37.05900657612045,63.16184819374647,9.023927785392488,138.23312899132347,24.408599191947786
182,6,37.05900657612045,63.16184819374647,5.376122477421595,141.76474079709567,19.62975232374844
182,7,37.05900657612045,63.16184819374647,7.4330468041524345,189.94554782829005,17.373966843407096
182,8,37.05900657612045,63.16184819374647,7.796431345537334,254.3440094999885,13.34618916001733
182,9,37.05900657612045,63.16184819374647,9.20724456895794,283.4743700686281,11.414819792105238
182,10,37.05900657612045,63.16184819374647,8.648189984576977,414.6183469435989,12.877285766046453
182,11,37.05900657612045,63.16184819374647,7.552230967571182,431.017232050376,17.957354591110775
183,0,25.192365481396727,53.84625769999494,5.651139247289681,362.69969883838763,20.155038632460496
183,1,25.192365481396727,53.84625769999494,6.29452352664188,439.4338490916186,25.448288431256355
183,2,25.192365481396727,53.84625769999494,10.628239747522343,516.2957260274106,27.955296484660863
183,3,25.192365481396727,53.84625769999494,9.770359141206692,216.21653000569526,27.836278771877865
183,4,25.192365481396727,53.84625769999494,7.127825679001379,97.80328581754425,26.998602597620394
183,5,25.192365481396727,53.84625769999494,6.130728797672787,142.68523552424105,23.02586395335547
183,6,25.192365481396727,53.84625769999494,8.095323813395758,151.05366469788441,19.195532217749186
183,7,25.192365481396727,53.84625769999494,9.709473315186685,194.92221604171368,16.719103660863045
183,8,25.192365481396727,53.84625769999494,6.454959392485323,301.6907994448261,14.036796000506941
183,9,25.192365481396727,53.84625769999494,8.75028349823146,336.83385635100154,12.441288524094483
183,10,25.192365481396727,53.84625769999494,5.8963236865232105,476.54395596544686,12.036350217083733
183,11,25.192365481396727,53.84625769999494,9.558296343270538,343.46734053694314,17.548260571648854
184,0,59.77146466753685,58.63289144549296,4.39302447438031,410.3999085891276,19.142424716052854
184,1,59.77146466753685,58.63289144549296,6.586634894980078,361.1488792795909,21.156467914812918
184,2,59.77146466753685,58.63289144549296,6.174217107880183,371.8599384311776,27.39369511858533
184,3,59.77146466753685,58.63289144549296,7.492255195781201,252.1566320440353,28.743214393975247
184,4,59.77146466753685,58.63289144549296,6.865009248606368,135.73342755245244,25.814333054085814
184,5,59.77146466753685,58.63289144549296,5.830437225656244,126.25270424329122,24.06611733754274
184,6,59.77146466753685,58.63289144549296,9.08238782590289,170.41522990475644,19.416732984370707
184,7,59.77146466753685,58.63289144549296,7.746618407930551,140.06767929467227,16.12312885366963
184,8,59.77146466753685,58.63289144549296,8.429110817511798,361.07270488648686,12.541380360704883
184,9,59.77146466753685,58.63289144549296,6.8123409209292705,414.8226127804516,12.571274717816948
184,10,59.77146466753685,58.63289144549296,5.590253452627657,432.76838570802346,14.051722805335645
184,11,59.77146466753685,58.63289144549296,4.035553820043102,419.53644092491606,15.280992104393242
185,0,76.8791653480068,60.11676734510864,6.30516683862321,378.1625714758282,21.130158135447044
185,1,76.8791653480068,60.11676734510864,7.5227454731825425,315.275982029829,23.686363787110327
185,2,76.8791653480068,60.11676734510864,8.564422824055118,430.11766099913353,26.501709928498123
185,3,76.8791653480068,60.11676734510864,5.963770951961857,346.3926029826611,29.165833046699145
185,4,76.8791653480068,60.11676734510864,9.471166346737911,135.78063205663125,28.281024874897362
185,5,76.8791653480068,60.11676734510864,5.019663551282937,112.44364589420589,23.65752784352015
185,6,76.8791653480068,60.11676734510864,7.0729741106220825,136.7400389637714,17.328007657050712
185,7,76.8791653480068,60.11676734510864,10.889937233485607,128.2158238012326,16.806037531953603
185,8,76.8791653480068,60.11676734510864,9.453817923871501,237.92184743183273,12.783881393467949
185,9,76.8791653480068,60.11676734510864,11.794951710547386,364.16328541673823,12.549505099239347
185,10,76.8791653480068,60.11676734510864,8.592435781917704,499.36092301429113,13.018557771889379
185,11,76.8791653480068,60.11676734510864,8.302763972201927,269.6633865404403,17.38037833612634
186,0,32.16701425437728,64.03088199224474,11.400716104586524,374.8866032981183,20.31036163718487
186,1,32.16701425437728,64.03088199224474,6.267676617412683,517.7002199718924,24.50166579286321
186,2,32.16701425437728,64.03088199224474,7.606495931148362,360.34828190366693,28.085120805929574
186,3,32.16701425437728,64.03088199224474,6.146884732800213,307.6076526944751,29.547350242824546
186,4,32.16701425437728,64.03088199224474,9.152062685029684,134.77223995722886,25.76908585351785
186,5,32.16701425437728,64.03088199224474,8.730369137287735,114.46830669336326,25.37065135480425
186,6,32.16701425437728,64.03088199224474,5.602022715383301,124.04917423034499,17.788584395038292
186,7,32.16701425437728,64.03088199224474,9.865394712760523,165.34751860860808,15.503212096338721
186,8,32.16701425437728,64.03088199224474,8.895770539491535,308.66140491059383,11.972622364477186
186,9,32.16701425437728,64.03088199224474,8.769542987158339,378.05535481856987,12.089416145617276
186,10,32.16701425437728,64.03088199224474,7.935890433211471,422.84964547681795,15.093421187738986
186,11,32.16701425437728,64.03088199224474,11.209615723537844,274.0939586394622,18.11955644843181
187,0,33.86022942939607,51.67789065627852,6.871283576476093,431.6623956900218,18.700346895550478
187,1,33.86022942939607,51.67789065627852,8.3293007105456,395.062385113487,23.700591777791118
187,2,33.86022942939607,51.67789065627852,8.946388876772327,372.40698889988084,25.29911554668427
187,3,33.86022942939607,51.67789065627852,7.801299569606401,252.8860267635768,26.63075161330979
187,4,33.86022942939607,51.67789065627852,6.395782571780035,122.40394169268586,26.971520346284738
187,5,33.86022942939607,51.67789065627852,6.013021857008704,161.0344281904085,24.566356909394017
187,6,33.86022942939607,51.67789065627852,8.173288936568252,112.40147771854001,21.1046096984771
187,7,33.86022942939607,51.67789065627852,4.091438409110481,113.7201029959212,15.539862221300105
187,8,33.86022942939607,51.67789065627852,10.557956280615445,249.149000185055,14.186322886864973
187,9,33.86022942939607,51.67789065627852,7.895658488281531,351.5691003254878,11.607271138458344
187,10,33.86022942939607,51.67789065627852,8.806604036748046,435.91713267239567,13.163357066858401
187,11,33.86022942939607,51.67789065627852,8.693234899673463,409.3865112184706,14.90958369384758
188,0,83.0618973725081,51.1556174570708,8.495883588210683,374.25686992799245,18.416018462003983
188,1,83.0618973725081,51.1556174570708,8.219274769904748,421.58478499570145,22.800190792106616
188,2,83.0618973725081,51.1556174570708,6.116167147813505,379.615126636282,26.85587525158474
188,3,83.0618973725081,51.1556174570708,6.473720388824852,229.7946739720996,29.137741456440803
188,4,83.0618973725081,51.1556174570708,4.386623744988291,125.68128713271588,27.578719679227337
188,5,83.0618973725081,51.1556174570708,11.9161438870306,95.75913247819003,23.521073013539382
188,6,83.0618973725081,51.1556174570708,9.903277137934149,114.89142083137104,18.44347533353572
188,7,83.0618973725081,51.1556174570708,10.514569263010873,171.1908584926997,16.42585612144923
188,8,83.0618973725081,51.1556174570708,7.889400292406536,207.74755042854105,12.163148902308034
188,9,83.0618973725081,51.1556174570708,11.13770630458332,325.6907075580673,10.538298061917418
188,10,83.0618973725081,51.1556174570708,10.096996483999064,476.62543911606355,13.59934086463054
188,11,83.0618973725081,51.1556174570708,8.546767990902003,320.43560919397567,15.738762630736723
189,0,45.32901513028672,66.03168826644126,7.7754045486634356,397.3907997039059,21.23635987387589
189,1,45.32901513028672,66.03168826644126,10.585931626018537,434.75829880377535,24.302918792637254
189,2,45.32901513028672,66.03168826644126,8.692744650196527,395.4413070942579,26.05264253393584
189,3,45.32901513028672,66.03168826644126,4.744939198842149,285.06468278588005,26.990414252895434
189,4,45.32901513028672,66.03168826644126,8.88750334581177,160.5022684084931,27.861531849473163
189,5,45.32901513028672,66.03168826644126,5.0223116291722505,137.74143513094543,23.731616396763318
189,6,45.32901513028672,66.03168826644126,13.829372732193715,149.12653016160942,18.514470960681784
189,7,45.32901513028672,66.03168826644126,8.933982082030086,170.42736861552282,17.73806679270639
189,8,45.32901513028672,66.03168826644126,7.276597532794041,319.75379164625826,13.862465767402131
189,9,45.32901513028672,66.03168826644126,9.43270625177463,355.6878415413454,11.121462767760466
189,10,45.32901513028672,66.03168826644126,10.221522306139367,457.8884820532423,11.394773434655008
189,11,45.32901513028672,66.03168826644126,6.7032455141129015,372.89196277829086,13.515195042563096
190,0,56.91543788048975,63.04277798618111,10.080007219517348,350.7076795912749,19.763796578182824
190,1,56.91543788048975,63.04277798618111,7.759605065055015,429.75318698433904,24.15018843496304
190,2,56.91543788048975,63.04277798618111,7.569280272770924,389.5457904074231,28.370587534526123
190,3,56.91543788048975,63.04277798618111,10.461728178018541,218.98598567169321,29.38335996535742
190,4,56.91543788048975,63.04277798618111,8.790875863599839,129.58261814255025,24.0818771541116
190,5,56.91543788048975,63.04277798618111,7.901524794490494,107.68888289896694,23.003481092417616
190,6,56.91543788048975,63.04277798618111,7.2504821500716155,113.32481378487115,21.582512269097776
190,7,56.91543788048975,63.04277798618111,9.284528205383191,183.23855875986024,16.82332079076641
190,8,56.91543788048975,63.04277798618111,9.412687370809454,279.2207295228521,13.078277928114828
190,9,56.91543788048975,63.04277798618111,9.287186904475952,425.333011294906,12.01292009131082
190,10,56.91543788048975,63.04277798618111,6.4726505771501905,381.86493773390674,14.001346008939391
190,11,56.91543788048975,63.04277798618111,8.699076346521805,321.0096807071478,17.30471842265124
191,0,34.511318565915786,58.00962031144361,6.698929369532742,443.11202273564237,19.48185909416587
191,1,34.511318565915786,58.00962031144361,7.122266997871406,439.95059614679076,24.889159980817304
191,2,34.511318565915786,58.00962031144361,8.345992734608666,460.14450427611274,25.54333441043263
191,3,34.511318565915786,58.00962031144361,7.414200611911425,277.1778236042753,29.028058907351564
191,4,34.511318565915786,58.00962031144361,9.359552154330714,165.1382323991587,27.773168817235593
191,5,34.511318565915786,58.00962031144361,8.86669248956252,128.99881166490442,24.79168304282962
191,6,34.511318565915786,58.00962031144361,9.52623700116148,148.09882372394577,20.79240521842599
191,7,34.511318565915786,58.00962031144361,7.782609415484412,233.34435202367317,17.100704842849957
191,8,34.511318565915786,58.00962031144361,11.062533282278284,225.01863084295806,12.333499618756122
191,9,34.511318565915786,58.00962031144361,4.6416132922855375,319.8998597566935,12.26630030841357
191,10,34.511318565915786,58.00962031144361,8.05871030837741,459.1229751768495,13.730389303500969
191,11,34.511318565915786,58.00962031144361,11.023155282633308,271.0459130765541,16.210624724620672
192,0,62.60832771033615,57.53708167635249,7.738578279004035,391.7550371996786,19.010769090264972
192,1,62.60832771033615,57.53708167635249,9.263383997281265,285.70652461506637,22.831989410089108
192,2,62.60832771033615,57.53708167635249,9.845415954587494,287.69512376191375,27.17123221686539
192,3,62.60832771033615,57.53708167635249,6.65538565599951,236.1698966193706,26.857790056251094
192,4,62.60832771033615,57.53708167635249,8.972065573783354,140.31563128038792,25.854040278417386
192,5,62.60832771033615,57.53708167635249,9.980038635093308,123.91861715011756,24.426769672358542
192,6,62.60832771033615,57.53708167635249,10.121617076352521,127.82338558048927,21.185497259740554
192,7,62.60832771033615,57.53708167635249,10.123681541796305,152.0203301190201,15.362339549255111
192,8,62.60832771033615,57.53708167635249,2.9546836757976287,268.92900447707285,13.678355859729477
192,9,62.60832771033615,57.53708167635249,10.08913803149772,417.8398640669614,12.730660638943172
192,10,62.60832771033615,57.53708167635249,7.058238302911136,437.4277739074812,12.709685233504164
192,11,62.60832771033615,57.53708167635249,9.89374811083076,392.0768642718316,15.582954679318789
193,0,62.03763741155362,60.0215893430885,10.977597752578358,480.6257738072728,20.44697795522401
193,1,62.03763741155362,60.0215893430885,7.519688272496522,438.5764455977749,23.946651130446572
193,2,62.03763741155362,60.0215893430885,9.149692708882375,345.52514669564493,26.616713864658447
193,3,62.03763741155362,60.0215893430885,4.903484718929308,274.91735744557,29.63820666791028
193,4,62.03763741155362,60.0215893430885,6.271712362796266,117.44013601281803,28.237374820460918
193,5,62.03763741155362,60.0215893430885,8.708274968823977,110.09437016802421,25.164717983610213
193,6,62.03763741155362,60.0215893430885,8.98564457012976,161.30404433175696,20.403267118661432
193,7,62.03763741155362,60.0215893430885,8.36380658443872,169.4989977726244,15.839157289646982
193,8,62.03763741155362,60.0215893430885,7.70819100896141,278.11058020605685,13.292575060872249
193,9,62.03763741155362,60.0215893430885,4.591473869261025,334.6167921234832,13.543868068045706
193,10,62.03763741155362,60.0215893430885,10.724419477252694,333.5874024045493,13.83127723206912
193,11,62.03763741155362,60.0215893430885,5.885731028201808,337.68382248993106,16.15426115607066
194,0,30.13368140511429,52.12024406728087,7.610329315819138,412.8495069771111,18.98735659064381
194,1,30.13368140511429,52.12024406728087,7.8542077854248795,509.9686822370557,23.635637045208895
194,2,30.13368140511429,52.12024406728087,6.736506398066901,412.1819753679498,25.24482893012098
194,3,30.13368140511429,52.12024406728087,4.510338643431535,188.04849081990878,27.26384267967948
194,4,30.13368140511429,52.12024406728087,8.648126794944549,123.33078288537736,26.84001139640624
194,5,30.13368140511429,52.12024406728087,7.61921070464558,149.59106685105263,23.220270557837285
194,6,30.13368140511429,52.12024406728087,10.73813636704467,141.83253109068679,21.493195089559197
194,7,30.13368140511429,52.12024406728087,8.13144968800253,199.95220817694326,16.111547865385553
194,8,30.13368140511429,52.12024406728087,6.515657614643052,200.01248263045144,13.202343685282722
194,9,30.13368140511429,52.12024406728087,6.775788073456594,307.9789683520194,11.178883165151241
194,10,30.13368140511429,52.12024406728087,7.843388357846756,443.6989148770823,13.10248197273698
194,11,30.13368140511429,52.12024406728087,6.361383558755891,376.56950061374346,15.803977221135533
195,0,73.00170367846242,55.96743152328139,5.151306260160886,436.9125992415338,19.649822536566827
195,1,73.00170367846242,55.96743152328139,9.21437819886698,391.7054751435052,22.86190494057153
195,2,73.00170367846242,55.96743152328139,8.541728962861228,324.79888665483304,28.243783979517136
195,3,73.00170367846242,55.96743152328139,7.918604344228554,262.8918472444935,25.466415935229513
195,4,73.00170367846242,55.96743152328139,9.771202987653622,165.33728096513667,26.796642306991743
195,5,73.00170367846242,55.96743152328139,7.84660610389248,127.93739535441834,23.80457061768718
195,6,73.00170367846242,55.96743152328139,9.533039840081333,166.77258479060526,19.696957786186527
195,7,73.00170367846242,55.96743152328139,7.462238224597263,191.32936636903875,15.697747130373664
195,8,73.00170367846242,55.96743152328139,11.2822911581139,294.784486664925,10.833478869593947
195,9,73.00170367846242,55.96743152328139,6.432061862066996,372.41375430904003,13.021982724978539
195,10,73.00170367846242,55.96743152328139,9.414504105192677,438.8380029333583,13.16900544351824
195,11,73.00170367846242,55.96743152328139,8.256035921290422,462.05391036317286,17.91644944218437
196,0,55.23820562879832,65.00619211307583,6.565293619671622,392.1286112631548,21.57271383058378
196,1,55.23820562879832,65.00619211307583,7.402544819522081,364.59971961412987,23.42874755059835
196,2,55.23820562879832,65.00619211307583,9.695800631292117,284.5983969634754,25.696433883149986
196,3,55.23820562879832,65.00619211307583,7.5560843009112295,277.5752850885031,27.869504203658167
196,4,55.23820562879832,65.00619211307583,6.622078580071611,163.04744365351013,26.986989273453034
196,5,55.23820562879832,65.00619211307583,9.189243075496055,147.52405638106615,23.711747670384174
196,6,55.23820562879832,65.00619211307583,10.845397965341851,189.39570334185936,21.029320927236608
196,7,55.23820562879832,65.00619211307583,9.254711968267701,159.24607685847704,15.699486276622535
196,8,55.23820562879832,65.00619211307583,8.652657373908669,213.52059242530777,13.504137506823172
196,9,55.23820562879832,65.00619211307583,8.20953206437861,405.3056747446199,11.904364686891345
196,10,55.23820562879832,65.00619211307583,8.61591430723167,309.77327714916737,12.601471262582724
196,11,55.23820562879832,65.00619211307583,8.64599978337014,359.5363573970057,15.191520750251273
197,0,36.8765925287027,65.05946568625912,10.413241280487739,348.1944839605178,20.810262490654424
197,1,36.8765925287027,65.05946568625912,9.433903043036322,287.6085061276615,22.75639401458744
197,2,36.8765925287027,65.05946568625912,8.105788718076733,286.94264930116316,26.71695828511628
197,3,36.8765925287027,65.05946568625912,9.802932572850265,237.15053113961284,28.026595665247257
197,4,36.8765925287027,65.05946568625912,5.667679105908189,120.37837539091272,27.681935027045004
197,5,36.8765925287027,65.05946568625912,6.262916190223203,102.28515995372064,23.11723077734825
197,6,36.8765925287027,65.05946568625912,6.644328336224887,147.1802691293901,20.381589330598
197,7,36.8765925287027,65.05946568625912,7.411371316274133,185.28865106204177,17.133828864680194
197,8,36.8765925287027,65.05946568625912,11.95211729856946,294.35576872892506,12.083328040465151
197,9,36.8765925287027,65.05946568625912,6.9986840944321695,328.8222412044516,11.875051470610979
197,10,36.8765925287027,65.05946568625912,12.253705980112823,569.2811543421197,12.46665477937861
197,11,36.8765925287027,65.05946568625912,6.480404719763589,303.4002493164064,16.731918012875568
198,0,24.882247866742755,68.18943244647167,6.1509194996444485,318.1216875587625,20.08051339490437
198,1,24.882247866742755,68.18943244647167,10.152167767019536,474.25990708314555,25.15573579095832
198,2,24.882247866742755,68.18943244647167,9.286186072437115,292.60103177818394,27.295679134782116
198,3,24.882247866742755,68.18943244647167,7.005892826458161,290.49325972571677,28.840104502351718
198,4,24.882247866742755,68.18943244647167,8.212930023320538,152.23516770447253,26.365134806294197
198,5,24.882247866742755,68.18943244647167,5.329190320498576,105.32419668866538,24.99316280795124
198,6,24.882247866742755,68.18943244647167,9.635073630330377,143.68769102542143,20.07788140780511
198,7,24.882247866742755,68.18943244647167,8.809111694614863,138.19186687634527,15.667508054351147
198,8,24.882247866742755,68.18943244647167,10.657226828048348,338.7314579758486,13.584120208948411
198,9,24.882247866742755,68.18943244647167,7.943956526117419,298.6843136564995,13.049033645492807
198,10,24.882247866742755,68.18943244647167,7.349844233921917,428.32637305490607,12.460328680087258
198,11,24.882247866742755,68.18943244647167,5.822678045190186,284.3888275033935,14.644262193811363
199,0,40.939031578380096,62.43976014565504,6.1341771980320425,324.0686897746981,20.40606649087884
199,1,40.939031578380096,62.43976014565504,7.344875896667701,387.5741900508187,24.536432973498297
199,2,40.939031578380096,62.43976014565504,7.7265204279861495,357.3372917725392,25.822161730824455
199,3,40.939031578380096,62.43976014565504,8.432843930485483,266.53166714275307,28.33567165134955
199,4,40.939031578380096,62.43976014565504,6.609330513253294,165.81919447486138,25.820900289638708
199,5,40.939031578380096,62.43976014565504,5.0367899707361925,129.25272998535024,23.181291772218014
199,6,40.939031578380096,62.43976014565504,10.019215105467705,152.18643786866897,19.125449252847055
199,7,40.939031578380096,62.43976014565504,7.771899258419703,173.20239783672858,16.432030893201542
199,8,40.939031578380096,62.43976014565504,8.530167681050461,279.08188820132494,12.62579193192722
199,9,40.939031578380096,62.43976014565504,10.194831107853974,432.60847334762354,14.092480726650889
199,10,40.939031578380096,62.43976014565504,9.802958657989944,443.5846467735704,14.325491812428941
199,11,40.939031578380096,62.43976014565504,3.7986382455005883,413.6315896366757,16.05477271446839
200,0,72.61529294640496,66.11132585677892,5.526145837969118,398.0478758640715,20.762873426171375
200,1,72.61529294640496,66.11132585677892,6.099574439847924,446.6529751005893,21.89904671019067
200,2,72.61529294640496,66.11132585677892,8.04307443416471,412.0060422167089,27.0502104787534
200,3,72.61529294640496,66.11132585677892,8.170757548250482,261.2651003285719,28.064188843948678
200,4,72.61529294640496,66.11132585677892,11.44304561059029,143.58806731585565,27.77340232643009
200,5,72.61529294640496,66.11132585677892,10.561847261545314,124.8107614403704,23.44998857583393
200,6,72.61529294640496,66.11132585677892,10.483411376873121,123.1693616441111,20.948729131571632
200,7,72.61529294640496,66.11132585677892,9.922833117812278,179.08016629926934,14.142398362413758
200,8,72.61529294640496,66.11132585677892,4.703412184824479,343.629634048484,13.58651874076291
200,9,72.61529294640496,66.11132585677892,9.649431595577635,340.75178851199263,12.202471784399577
200,10,72.61529294640496,66.11132585677892,7.944513517254741,534.0671846444105,12.761642972170458
200,11,72.61529294640496,66.11132585677892,10.279544229888263,376.72562909820425,16.750985193903745
201,0,66.50953574880074,52.91042002891166,9.500314396700146,277.34127413809045,18.860603919439004
201,1,66.50953574880074,52.91042002891166,5.309332309868562,271.84585221921407,25.74875720288861
201,2,66.50953574880074,52.91042002891166,9.828199200443747,411.99057685794145,26.455335532954365
201,3,66.50953574880074,52.91042002891166,7.607915223893435,270.9981462638265,28.39164540307528
201,4,66.50953574880074,52.91042002891166,8.27876523324328,122.25612401402633,26.127629671862383
201,5,66.50953574880074,52.91042002891166,8.345476613612552,145.23776045250364,24.23669932493848
201,6,66.50953574880074,52.91042002891166,8.239748717764972,127.45323079966302,20.168587651498548
201,7,66.50953574880074,52.91042002891166,9.465165071975777,146.25236090994363,16.784107865266527
201,8,66.50953574880074,52.91042002891166,9.432492172434232,291.6249262309824,12.996015933685367
201,9,66.50953574880074,52.91042002891166,9.058046761220208,456.52867993017963,13.49483185860864
201,10,66.50953574880074,52.91042002891166,6.009984567657442,378.52560622710627,12.258051000964404
201,11,66.50953574880074,52.91042002891166,9.422904152461044,365.6196953725532,14.98805522893107
202,0,54.481366614915196,53.076153982465485,8.454557860120882,287.5629082565378,21.053251395968587
202,1,54.481366614915196,53.076153982465485,8.089644145648018,361.57870706730864,24.588395467421783
202,2,54.481366614915196,53.076153982465485,8.841527761447631,426.87137361930843,28.381465590029304
202,3,54.481366614915196,53.076153982465485,5.0663456640970566,272.4883790982799,28.96487549378331
202,4,54.481366614915196,53.076153982465485,7.174657457824661,105.07036818835144,25.670746326993644
202,5,54.481366614915196,53.076153982465485,9.59304261485826,92.3839158605298,23.68802969542288
202,6,54.481366614915196,53.076153982465485,10.832499283858505,139.91668387656017,20.94423387136015
202,7,54.481366614915196,53.076153982465485,6.468588504612992,161.9439306037292,17.00606490261931
202,8,54.481366614915196,53.076153982465485,9.384629993938,313.2759301859847,12.234996303016121
202,9,54.481366614915196,53.076153982465485,8.800838929023563,380.3054233277666,13.271987728357805
202,10,54.481366614915196,53.076153982465485,7.347782978352433,442.36467107740305,11.458236248508095
202,11,54.481366614915196,53.076153982465485,9.398517186430983,275.17768083024527,15.048277249995525
203,0,66.99358828218237,50.0,6.2544256359712715,229.15622329131605,19.270926631982682
203,1,66.99358828218237,50.0,7.6048543861407785,440.9808361792335,23.378594687545828
203,2,66.99358828218237,50.0,7.684310655110432,337.9372339704097,26.34788767231278
203,3,66.99358828218237,50.0,5.184025371767376,209.53088848369035,27.87976079989271
203,4,66.99358828218237,50.0,9.047303055005115,162.31603156987208,25.555692274204898
203,5,66.99358828218237,50.0,5.102477951642721,95.56156856998473,23.726320099655496
203,6,66.99358828218237,50.0,7.489141631369996,90.02709418393701,20.15421454309548
203,7,66.99358828218237,50.0,4.159816059728349,168.44797174103317,16.721785784175545
203,8,66.99358828218237,50.0,7.771806005019342,290.0801863396299,14.157785429595346
203,9,66.99358828218237,50.0,7.625417898796298,345.2519491692223,11.772737499879701
203,10,66.99358828218237,50.0,8.810869428883377,330.83155930077436,11.06554252745496
203,11,66.99358828218237,50.0,8.380852159982346,402.753289223715,16.492972327084743
204,0,22.13474685084184,52.798795046700185,8.746862800661916,314.11508850550666,21.211795717134056
204,1,22.13474685084184,52.798795046700185,8.581096526193894,305.8754315728245,24.36402261985144
204,2,22.13474685084184,52.798795046700185,11.690835135652259,355.64022583880654,26.64222222687249
204,3,22.13474685084184,52.798795046700185,4.248555467516697,278.30793457926785,28.81109225977036
204,4,22.13474685084184,52.798795046700185,8.90622876401492,112.47058949734205,28.128101093642314
204,5,22.13474685084184,52.798795046700185,9.9063717695108,86.95813977186212,23.576140786527418
204,6,22.13474685084184,52.798795046700185,9.032176619314859,134.54691753457956,19.46176247036715
204,7,22.13474685084184,52.798795046700185,11.37743813256218,237.04636781107064,15.544514875075707
204,8,22.13474685084184,52.798795046700185,9.86444859333237,201.27002336675588,13.08246093576664
204,9,22.13474685084184,52.798795046700185,9.341511052685648,357.49616284638176,11.977414468943895
204,10,22.13474685084184,52.798795046700185,10.080155573923387,469.1875868277842,13.602154145508715
204,11,22.13474685084184,52.798795046700185,6.088829682565437,418.4785572062796,16.400826266455468
205,0,41.21836995674245,50.640815729498755,5.9871490754367285,291.8383089802909,20.216018233783288
205,1,41.21836995674245,50.640815729498755,10.581654475662688,360.1088735714889,24.949072548807255
205,2,41.21836995674245,50.640815729498755,7.880790837030765,430.5486480760149,26.329160233520454
205,3,41.21836995674245,50.640815729498755,3.5297133922934556,284.4177690315116,26.598381395190707
205,4,41.21836995674245,50.640815729498755,8.628538624430165,145.9890214369671,25.437919172299516
205,5,41.21836995674245,50.640815729498755,10.59958089521717,108.34288673566346,24.60492516534158
205,6,41.21836995674245,50.640815729498755,9.538125523413418,133.94161369141477,18.873989484879207
205,7,41.21836995674245,50.640815729498755,5.3447384489008485,156.59655807545798,16.210730799065153
205,8,41.21836995674245,50.640815729498755,8.609199502422152,295.9580019079571,13.946623099531076
205,9,41.21836995674245,50.640815729498755,11.845901195723584,360.55822478838,11.819094964572706
205,10,41.21836995674245,50.640815729498755,11.515912665811731,530.7438796987973,12.023918006133538
205,11,41.21836995674245,50.640815729498755,9.343551235214573,278.43918996859094,16.315096540191238
206,0,38.10168067311408,63.15860432899983,7.947779603858829,346.91652128740594,20.327343336915675
206,1,38.10168067311408,63.15860432899983,7.49675335278353,330.1719903948484,22.585927797922373
206,2,38.10168067311408,63.15860432899983,7.6626937319904656,455.9838976867505,28.082358132610363
206,3,38.10168067311408,63.15860432899983,6.791798517511537,281.19680850696085,25.910404072589234
206,4,38.10168067311408,63.15860432899983,9.038585719101274,121.68858788595037,25.159868344647094
206,5,38.10168067311408,63.15860432899983,7.2385671739518465,137.89385291722897,23.49739969583754
206,6,38.10168067311408,63.15860432899983,9.219975187248556,160.6221435893126,19.857749446951075
206,7,38.10168067311408,63.15860432899983,5.299871644542614,145.41756351150303,16.277016573665072
206,8,38.10168067311408,63.15860432899983,10.584786266350584,333.62602383033766,12.469760111722614
206,9,38.10168067311408,63.15860432899983,8.243709852227449,305.85346373710183,11.813302352162598
206,10,38.10168067311408,63.15860432899983,6.420225911220238,432.65334527307044,10.579543452334812
206,11,38.10168067311408,63.15860432899983,11.798376252237457,372.82833654308496,15.328078427745444
207,0,50.86632182200427,63.56028058020987,10.062081654754458,343.3544008872653,20.417377573745338
207,1,50.86632182200427,63.56028058020987,6.243858588297526,389.00371217554004,23.33494218817798
207,2,50.86632182200427,63.56028058020987,6.9596692064963985,401.42309881104313,24.73885886764255
207,3,50.86632182200427,63.56028058020987,7.123428535124615,288.6422631687853,28.274945387369296
207,4,50.86632182200427,63.56028058020987,9.684992307708189,177.12981959939424,25.96148579732257
207,5,50.86632182200427,63.56028058020987,4.30324199077722,116.19449985808932,26.26074326541104
207,6,50.86632182200427,63.56028058020987,9.20645125104972,173.2102177023851,21.233731731628115
207,7,50.86632182200427,63.56028058020987,5.837395832787231,170.0809201749125,16.178468081452724
207,8,50.86632182200427,63.56028058020987,6.912993756747666,258.81405987185997,12.387631474298407
207,9,50.86632182200427,63.56028058020987,7.427010981448368,394.1092474096166,12.060652041584497
207,10,50.86632182200427,63.56028058020987,7.191917878381669,435.2480127310137,13.498919939907642
207,11,50.86632182200427,63.56028058020987,8.098848074729947,298.17329684615095,16.57706479437184
208,0,85.20287488772907,52.930599953103815,7.35141768676343,350.41411853695234,21.10017870553432
208,1,85.20287488772907,52.930599953103815,7.533133622003188,407.0381750382374,24.154885977894438
208,2,85.20287488772907,52.930599953103815,8.200118960885522,377.80096734111817,25.423125623749563
208,3,85.20287488772907,52.930599953103815,6.0041864005850085,214.23051523007197,29.50540281001276
208,4,85.20287488772907,52.930599953103815,9.243240255648509,176.52641024781252,26.867404525920744
208,5,85.20287488772907,52.930599953103815,7.26572995021722,136.04383057789224,23.6860710967868
208,6,85.20287488772907,52.930599953103815,5.992485411528447,102.31390821875576,19.45600595311253
208,7,85.20287488772907,52.930599953103815,7.18206104487942,203.1844495103824,17.465430368756245
208,8,85.20287488772907,52.930599953103815,5.96837362993338,289.0362761017644,12.800803621780817
208,9,85.20287488772907,52.930599953103815,9.103777946809739,252.61380382403271,11.628269732382735
208,10,85.20287488772907,52.930599953103815,5.514574472732889,409.09196715422866,13.750914373746618
208,11,85.20287488772907,52.930599953103815,9.309031370707757,441.49083242143263,12.884358314378709
209,0,41.59689529809872,51.70560036123758,8.734659525350466,299.8131709971449,20.328273791496365
209,1,41.59689529809872,51.70560036123758,10.090302069242039,406.82725236209177,23.64440731856806
209,2,41.59689529809872,51.70560036123758,5.837973479264027,458.6489586144877,26.183023830033296
209,3,41.59689529809872,51.70560036123758,12.81094502066475,354.69258353714565,27.20127149516975
209,4,41.59689529809872,51.70560036123758,8.749023125215352,98.92238959030495,27.42091772094636
209,5,41.59689529809872,51.70560036123758,8.027660516197333,119.96366869688816,23.026988700232
209,6,41.59689529809872,51.70560036123758,7.816542786884684,150.82271802931274,21.526308306943847
209,7,41.59689529809872,51.70560036123758,4.121127193450052,153.1918129717086,15.872033129597083
209,8,41.59689529809872,51.70560036123758,5.6349172347355,265.4944342492016,13.565812432763995
209,9,41.59689529809872,51.70560036123758,11.374566732364409,292.0552632925983,12.628045226186124
209,10,41.59689529809872,51.70560036123758,9.013418654646093,396.5082277500225,11.830534410289923
209,11,41.59689529809872,51.70560036123758,6.655928071782417,400.67449767612806,15.464626731449375
210,0,56.29775437907954,64.76612560868324,11.718918326089147,298.6152129456409,18.926531009576237
210,1,56.29775437907954,64.76612560868324,7.062661503183639,346.8076963374038,25.07945118118772
210,2,56.29775437907954,64.76612560868324,5.353973577024192,313.434994904102,25.941690584262886
210,3,56.29775437907954,64.76612560868324,6.536053101364069,300.62912967188123,27.51856724606658
210,4,56.29775437907954,64.76612560868324,6.890828428851915,144.00592309799734,27.09496915326118
210,5,56.29775437907954,64.76612560868324,7.4803744119507485,123.0643587709782,24.72745706770888
210,6,56.29775437907954,64.76612560868324,12.156535673996704,139.67678545704698,18.45099176040463
210,7,56.29775437907954,64.76612560868324,7.862518886233659,195.6926797474677,14.964310231004909
210,8,56.29775437907954,64.76612560868324,10.391470183705922,293.0171417502424,14.574971583428194
210,9,56.29775437907954,64.76612560868324,6.902610138074811,323.69218853973905,11.277106904431461
210,10,56.29775437907954,64.76612560868324,7.79836155483997,408.9967006837069,13.919143362382592
210,11,56.29775437907954,64.76612560868324,10.319848474999844,402.36043228696127,15.384184319004023
211,0,52.408802210232935,66.44630607028961,5.740892080451809,276.3531066147238,20.886209401520983
211,1,52.408802210232935,66.44630607028961,7.5233798971081995,321.17861277447355,23.222584320029664
211,2,52.408802210232935,66.44630607028961,9.104592250593548,394.3040714382674,26.73107594986075
211,3,52.408802210232935,66.44630607028961,6.8262125297674965,253.2381108227135,28.14483194471644
211,4,52.408802210232935,66.44630607028961,9.821266047960865,143.78802037408389,27.92048509040142
211,5,52.408802210232935,66.44630607028961,6.8060226213413895,145.64451777214435,23.836688846743115
211,6,52.408802210232935,66.44630607028961,2.8567506777898153,162.12444321980465,18.456913241123527
211,7,52.408802210232935,66.44630607028961,9.521769688287812,179.95218064448244,17.718058075705304
211,8,52.408802210232935,66.44630607028961,8.147330045515522,285.51056502893545,13.404126123568792
211,9,52.408802210232935,66.44630607028961,10.652559208092885,332.1599346300452,14.010744961866038
211,10,52.408802210232935,66.44630607028961,10.670535261250116,520.3557584221834,12.675540889806783
211,11,52.408802210232935,66.44630607028961,6.99971912446535,343.77969715336445,17.11978982449948
212,0,41.47291404431242,53.81052089174491,9.6966147496539,358.98071190651086,20.66870896871239
212,1,41.47291404431242,53.81052089174491,9.002251509995608,323.89174108021774,23.786889398276266
212,2,41.47291404431242,53.81052089174491,8.688884184118988,496.00227460241035,28.711262099067937
212,3,41.47291404431242,53.81052089174491,3.5250446479380786,194.38240278903157,29.1254717902501
212,4,41.47291404431242,53.81052089174491,8.316518009083573,167.23795644018523,28.09594023374966
212,5,41.47291404431242,53.81052089174491,7.858242427420948,117.03945657250159,24.001149306654913
212,6,41.47291404431242,53.81052089174491,4.840575977195812,174.92841781031956,19.6652677114206
212,7,41.47291404431242,53.81052089174491,11.12191642575549,127.99240567968202,16.066833664270668
212,8,41.47291404431242,53.81052089174491,7.583101184544451,265.43713859761704,14.98183315812831
212,9,41.47291404431242,53.81052089174491,3.844776527525708,348.83888581973775,14.520066199706216
212,10,41.47291404431242,53.81052089174491,8.321084657531777,416.44321681523206,13.342432823495484
212,11,41.47291404431242,53.81052089174491,6.897763527102011,326.38768779215985,16.843021253017362
213,0,47.65416645414439,61.21410093524512,5.232991841194407,285.80832372795845,19.63974837889031
213,1,47.65416645414439,61.21410093524512,10.898192157826234,378.4095198985923,23.940431147014788
213,2,47.65416645414439,61.21410093524512,4.712645923188761,291.9809895770266,26.349073453461955
213,3,47.65416645414439,61.21410093524512,8.142006730214737,236.94402348433135,28.172001265413524
213,4,47.65416645414439,61.21410093524512,8.462554360036147,114.9978380334654,26.395528794245788
213,5,47.65416645414439,61.21410093524512,9.872960717829883,125.48832766759926,24.95184897349166
213,6,47.65416645414439,61.21410093524512,12.519877162069115,122.35339251165047,19.67234530120699
213,7,47.65416645414439,61.21410093524512,5.915728347314797,217.22317021519862,18.773254128554456
213,8,47.65416645414439,61.21410093524512,8.481449761021883,263.30311917083327,13.953026189695457
213,9,47.65416645414439,61.21410093524512,8.949915351997609,355.83174207362106,12.248083271043647
213,10,47.65416645414439,61.21410093524512,10.819631303163211,305.84583879545187,15.183691920557795
213,11,47.65416645414439,61.21410093524512,8.057402140136283,335.20465615962235,17.302391948414762
214,0,30.59436041682571,67.12772605195987,7.54353627005297,374.39607944626437,21.18293619754989
214,1,30.59436041682571,67.12772605195987,6.48230775923952,313.70408286760085,24.487609582658994
214,2,30.59436041682571,67.12772605195987,9.445244044810712,433.6421668011773,25.740473716566175
214,3,30.59436041682571,67.12772605195987,8.016532883090765,267.9510633315712,29.062608349682414
214,4,30.59436041682571,67.12772605195987,5.704054996975041,139.8253921885276,28.503290835911802
214,5,30.59436041682571,67.12772605195987,7.612678921874885,124.45417484208525,23.73932421725852
214,6,30.59436041682571,67.12772605195987,10.436176240173518,184.2386519513639,21.645644447822747
214,7,30.59436041682571,67.12772605195987,6.0185629593035435,186.25239631499,17.992934120537083
214,8,30.59436041682571,67.12772605195987,6.796322845508485,192.86441350278855,12.061714695343507
214,9,30.59436041682571,67.12772605195987,6.102837820510981,367.99278746971123,13.204242769572824
214,10,30.59436041682571,67.12772605195987,11.208464407114874,329.3237551396278,12.208907398478331
214,11,30.59436041682571,67.12772605195987,5.755236965321155,351.7936026351071,15.63272345218372
215,0,43.98821377730672,61.43289945209517,8.041797140668567,382.5497418033299,21.11776105716512
215,1,43.98821377730672,61.43289945209517,5.0362827330622695,392.70374706044424,24.23124437723251
215,2,43.98821377730672,61.43289945209517,6.807178570739113,310.377084727071,26.19071248844238
215,3,43.98821377730672,61.43289945209517,9.34326143335449,248.23041373107594,28.370626047595916
215,4,43.98821377730672,61.43289945209517,14.082493483839137,127.47852276307404,27.07144709839397
215,5,43.98821377730672,61.43289945209517,9.544920763659185,112.29746543869649,24.5595577660252
215,6,43.98821377730672,61.43289945209517,5.712297586666397,96.09307578645954,19.92810071423778
215,7,43.98821377730672,61.43289945209517,7.902202729921037,229.3519512273764,15.758216737201924
215,8,43.98821377730672,61.43289945209517,5.735686633463696,289.77566954220526,13.731591063235088
215,9,43.98821377730672,61.43289945209517,6.163026354411156,381.94546373046757,14.101794335073523
215,10,43.98821377730672,61.43289945209517,6.8679152398990375,408.4526263990306,13.49272695812261
215,11,43.98821377730672,61.43289945209517,10.147016676134298,357.41263525646343,16.283039251783023
216,0,44.085563396972276,67.81265190198343,11.522791919525366,382.2118304407273,18.773202283865896
216,1,44.085563396972276,67.81265190198343,6.728912817819431,436.3611872035207,24.34169576527051
216,2,44.085563396972276,67.81265190198343,5.912087869468397,344.30400309416143,26.92931414704138
216,3,44.085563396972276,67.81265190198343,7.082376129193862,240.77382413865206,29.081972406114986
216,4,44.085563396972276,67.81265190198343,9.455184389928453,105.68030664739139,27.424067276890092
216,5,44.085563396972276,67.81265190198343,10.897509023309468,105.83499424368429,22.90364113079293
216,6,44.085563396972276,67.81265190198343,5.831380033995009,124.2770038349821,20.533815226256337
216,7,44.085563396972276,67.81265190198343,8.422069541243225,204.93033351204667,15.933858038528504
216,8,44.085563396972276,67.81265190198343,7.104563396901562,257.87293521347476,13.678217317168835
216,9,44.085563396972276,67.81265190198343,7.326712298315133,349.06367650954456,11.583652765774747
216,10,44.085563396972276,67.81265190198343,6.296249542910112,333.4609488618265,13.589385397573807
216,11,44.085563396972276,67.81265190198343,10.208974877954088,357.29133999031814,15.618698397269778
217,0,36.33279930170046,60.42731145723303,9.382594597681667,288.5554073577024,20.64582492367224
217,1,36.33279930170046,60.42731145723303,9.123814825888408,272.803685618057,23.78171071693602
217,2,36.33279930170046,60.42731145723303,5.497200866281569,402.1709905386633,26.470535055326224
217,3,36.33279930170046,60.42731145723303,5.254693689477367,201.9167479093086,29.514014318167792
217,4,36.33279930170046,60.42731145723303,6.105472863350286,110.32941279601097,27.13396140824375
217,5,36.33279930170046,60.42731145723303,9.758864522954806,133.69661674720933,24.36177131745484
217,6,36.33279930170046,60.42731145723303,6.93422219162046,115.69270499802222,20.90113667762878
217,7,36.33279930170046,60.42731145723303,9.143283408810614,218.11137819332188,15.46266226058769
217,8,36.33279930170046,60.42731145723303,7.483431052578402,265.76971206033863,12.404104332400944
217,9,36.33279930170046,60.42731145723303,6.564388060805032,425.2202400359569,12.302636682342413
217,10,36.33279930170046,60.42731145723303,9.362475404465854,357.86014457260325,12.2373586418136
217,11,36.33279930170046,60.42731145723303,10.149594802592706,332.61707739281354,15.009538067758061
218,0,56.41543843735076,61.15499342793293,9.594481134710229,399.74813216994414,19.595675716152083
218,1,56.41543843735076,61.15499342793293,7.635735636650638,437.2850771304305,24.65358201293425
218,2,56.41543843735076,61.15499342793293,9.212659651749448,313.23906897566405,27.47642556345472
218,3,56.41543843735076,61.15499342793293,8.956482187970956,221.4172450671958,28.934263234277143
218,4,56.41543843735076,61.15499342793293,9.748532585160882,146.11535120474002,27.98157649898332
218,5,56.41543843735076,61.15499342793293,11.069695281502444,123.55811508783502,24.324324818441223
218,6,56.41543843735076,61.15499342793293,13.942209431992161,138.500789240542,20.775697910580373
218,7,56.41543843735076,61.15499342793293,8.28906484925982,153.7456426479693,17.880987415420798
218,8,56.41543843735076,61.15499342793293,7.619535447792306,290.7300347700181,12.944142693074259
218,9,56.41543843735076,61.15499342793293,11.557283355024584,320.6570999509387,12.202363192555254
218,10,56.41543843735076,61.15499342793293,6.463389241879277,420.06261098438944,11.934502407746205
218,11,56.41543843735076,61.15499342793293,9.48392835731571,464.02408659794685,16.721895686350937
219,0,43.30642184603804,58.11722746264604,9.301693768948027,387.79071111772265,18.945492138060132
219,1,43.30642184603804,58.11722746264604,8.177866627432788,431.90753547519756,24.587904052881477
219,2,43.30642184603804,58.11722746264604,7.453205395312496,370.10072363879533,28.119017227293
219,3,43.30642184603804,58.11722746264604,7.248592640958654,262.8180219797285,28.75821645591886
219,4,43.30642184603804,58.11722746264604,4.877951786512881,88.53183001009141,26.666598311671066
219,5,43.30642184603804,58.11722746264604,5.342008079481749,169.1032992558149,24.993714183169377
219,6,43.30642184603804,58.11722746264604,9.45153870153933,164.73727561135786,18.774904363420053
219,7,43.30642184603804,58.11722746264604,9.481187090484879,175.1147837583208,17.143799178613804
219,8,43.30642184603804,58.11722746264604,5.340052448959646,280.0712234193378,12.297972823919133
219,9,43.30642184603804,58.11722746264604,6.714308134561561,329.6843297981878,12.73838410082784
219,10,43.30642184603804,58.11722746264604,6.784005294610412,352.8436733419801,13.39846285072259
219,11,43.30642184603804,58.11722746264604,5.446334865687447,385.21902941744713,15.887854057773492
220,0,56.033462410467166,50.0,10.643706677433459,444.77374357620124,18.97566553215509
220,1,56.033462410467166,50.0,9.901197545304589,409.2530032145569,25.748527201774994
220,2,56.033462410467166,50.0,7.31605213776341,495.89387307270505,28.296053846876713
220,3,56.033462410467166,50.0,6.065831845998998,267.89604774854547,27.234909862418075
220,4,56.033462410467166,50.0,6.347162950599515,116.16125269823763,28.045071183236185
220,5,56.033462410467166,50.0,9.572501034766047,118.57948997146964,22.955525475951795
220,6,56.033462410467166,50.0,8.604238175085673,149.58885555775643,20.46775307637107
220,7,56.033462410467166,50.0,6.252777857315665,205.00272685245815,16.582116839987165
220,8,56.033462410467166,50.0,8.550360994345791,267.8048405703343,14.11975543316955
220,9,56.033462410467166,50.0,6.989165525710012,299.70254308110395,12.324099863938196
220,10,56.033462410467166,50.0,11.439906816663752,450.15536116059366,13.210476370507509
220,11,56.033462410467166,50.0,8.899579217696223,398.963020196226,17.8964285416177
221,0,46.34135273330259,57.29263810211119,8.249801879021152,211.0456231545768,18.346394284480866
221,1,46.34135273330259,57.29263810211119,8.96110309069999,346.44858530702226,24.561747306241813
221,2,46.34135273330259,57.29263810211119,6.728130147405604,349.8772590183378,24.274291077488435
221,3,46.34135273330259,57.29263810211119,8.157348372476525,254.87196235466809,26.85565347250614
221,4,46.34135273330259,57.29263810211119,7.202371932192517,143.06492178757165,27.30448107645216
221,5,46.34135273330259,57.29263810211119,8.18958404527557,118.84350529890726,23.650980090739633
221,6,46.34135273330259,57.29263810211119,5.987992266422406,108.06477243392422,21.599613140325797
221,7,46.34135273330259,57.29263810211119,6.928526689554626,155.2660533321306,15.444804722886268
221,8,46.34135273330259,57.29263810211119,6.607229326141687,226.62793606342842,14.697980166062296
221,9,46.34135273330259,57.29263810211119,9.41692010511365,347.83524189099836,13.377652503630124
221,10,46.34135273330259,57.29263810211119,7.9241915243637475,422.53883613499715,9.555486232877957
221,11,46.34135273330259,57.29263810211119,6.8928517436736065,389.66580141932974,17.26201565004755
222,0,77.95122651665737,54.934417163330515,3.5548111667557976,358.53958670954904,21.4175988468245
222,1,77.95122651665737,54.934417163330515,3.510006865075794,545.1150388359563,23.666053122155553
222,2,77.95122651665737,54.934417163330515,10.780113114462907,331.5492479379901,27.957355657703687
222,3,77.95122651665737,54.934417163330515,8.361635135686358,180.65585370635716,28.54423382536676
222,4,77.95122651665737,54.934417163330515,5.405988308958863,121.33776463444158,27.202348891263814
222,5,77.95122651665737,54.934417163330515,9.458274481540538,126.17389421316032,24.167875126678368
222,6,77.95122651665737,54.934417163330515,5.4904030337120755,151.408549264149,20.36465458862138
222,7,77.95122651665737,54.934417163330515,5.845220328873614,126.60784811884683,17.448744404959346
222,8,77.95122651665737,54.934417163330515,6.902872650948277,278.17732940023245,13.188753611211977
222,9,77.95122651665737,54.934417163330515,5.221535201890608,326.25632892080336,12.610478095235461
222,10,77.95122651665737,54.934417163330515,7.784976169617774,364.38211923659895,14.441488541616147
222,11,77.95122651665737,54.934417163330515,6.6648441457842145,344.9466668176745,15.71518650068379
223,0,31.024023384289343,65.24988184556202,6.092402973657686,378.25180573228914,20.201574318103113
223,1,31.024023384289343,65.24988184556202,9.209284151068616,326.7793557646179,24.71173062486132
223,2,31.024023384289343,65.24988184556202,5.292385721327776,326.43783620482225,27.637037343416164
223,3,31.024023384289343,65.24988184556202,7.3486535076646256,278.6354112822927,25.87529712072911
223,4,31.024023384289343,65.24988184556202,5.966246339476126,165.4181864507379,28.123153862636254
223,5,31.024023384289343,65.24988184556202,8.92978173213737,108.58412532107727,23.494369458708686
223,6,31.024023384289343,65.24988184556202,8.82694776499482,183.62375330900176,20.97408029431499
223,7,31.024023384289343,65.24988184556202,9.336881432685292,129.00762017844318,16.197129402908764
223,8,31.024023384289343,65.24988184556202,7.563228452987756,219.15906541856006,12.048086763880105
223,9,31.024023384289343,65.24988184556202,8.582859342090533,323.81434305121263,15.033173445858234
223,10,31.024023384289343,65.24988184556202,8.678068985589455,355.80661783023226,14.105247105784871
223,11,31.024023384289343,65.24988184556202,5.472271317029198,395.3350092399217,16.136560553075608
224,0,69.89022008829141,52.8771952297267,7.711725856748026,285.94094180406023,19.777177710372815
224,1,69.89022008829141,52.8771952297267,9.009829139592865,344.27273615466584,23.290325082343635
224,2,69.89022008829141,52.8771952297267,3.9727861446347577,413.6633702426933,29.234926333322008
224,3,69.89022008829141,52.8771952297267,7.67039066749674,176.16367915346504,27.91652709243045
224,4,69.89022008829141,52.8771952297267,8.868602353087363,152.53273941859678,28.88937101545862
224,5,69.89022008829141,52.8771952297267,3.9976177428421904,125.04008824146008,23.846041939683637
224,6,69.89022008829141,52.8771952297267,8.607090411423592,169.1036209004325,20.204266195547874
224,7,69.89022008829141,52.8771952297267,6.46179713254814,199.644874458594,14.951285275500137
224,8,69.89022008829141,52.8771952297267,12.76445698832771,294.9568785508,11.985415987375205
224,9,69.89022008829141,52.8771952297267,5.502864696705615,380.925633874268,10.261126231594634
224,10,69.89022008829141,52.8771952297267,3.803449028908365,417.9324405737304,12.117483316747965
224,11,69.89022008829141,52.8771952297267,9.658060649165504,484.80733172338483,15.730633028718731
225,0,46.392329910699985,59.289361350531806,7.402715338426739,373.9697423029497,18.072731396134426
225,1,46.392329910699985,59.289361350531806,8.120659643680778,272.553368587675,25.169224145342774
225,2,46.392329910699985,59.289361350531806,4.472269808678243,373.03778608843595,26.065037715743255
225,3,46.392329910699985,59.289361350531806,8.019271057919473,212.2709593340241,29.392217568766196
225,4,46.392329910699985,59.289361350531806,3.0878564407137112,144.98010074183958,26.625764248106414
225,5,46.392329910699985,59.289361350531806,9.086429951482348,110.58106637663586,25.293008163602508
225,6,46.392329910699985,59.289361350531806,9.151180105538389,178.07652161385963,20.99726372049164
225,7,46.392329910699985,59.289361350531806,6.367299737002968,161.1560634974955,16.47092116281071
225,8,46.392329910699985,59.289361350531806,5.688230589043352,288.5554539033693,15.037340699350239
225,9,46.392329910699985,59.289361350531806,10.639576551954054,435.61062731005376,13.67063983738911
225,10,46.392329910699985,59.289361350531806,9.48180614410152,363.99890614299693,13.270282878378332
225,11,46.392329910699985,59.289361350531806,10.211612489395641,432.7348444863701,16.2009448261016
226,0,51.16251944385816,60.211419797720104,6.743357258033876,396.3809530292442,19.986845074521675
226,1,51.16251944385816,60.211419797720104,8.84201974132253,366.9465326067576,27.321908549889528
226,2,51.16251944385816,60.211419797720104,9.68944116271238,347.73291771433367,26.670642746800166
226,3,51.16251944385816,60.211419797720104,5.426615565704586,214.23771485369087,28.007146811471817
226,4,51.16251944385816,60.211419797720104,8.8050807181964,165.33747904658222,27.179439127953604
226,5,51.16251944385816,60.211419797720104,7.394279215095795,129.70554432434733,23.893494699908686
226,6,51.16251944385816,60.211419797720104,8.26025317018378,169.64809384786142,20.415000056711445
226,7,51.16251944385816,60.211419797720104,10.377650941896544,131.30808816113625,14.95235195390189
226,8,51.16251944385816,60.211419797720104,7.543643328750384,270.8915332774328,12.981113820604369
226,9,51.16251944385816,60.211419797720104,8.180574734656993,341.0375818986103,11.084009196608358
226,10,51.16251944385816,60.211419797720104,8.88678502779204,511.98719954822565,13.515463561052215
226,11,51.16251944385816,60.211419797720104,8.767214505143295,367.3507554745115,15.498919038253906
227,0,63.58029347745186,62.90276840620644,8.58757291704644,359.38359221523444,19.88354034168507
227,1,63.58029347745186,62.90276840620644,10.82285869268724,395.46617185292087,24.942082737881925
227,2,63.58029347745186,62.90276840620644,10.865184839983518,404.9194809775043,26.66213207186286
227,3,63.58029347745186,62.90276840620644,6.185763511731528,281.8217697723597,27.007284461508725
227,4,63.58029347745186,62.90276840620644,9.720743715593748,145.60439358434218,27.34995236703256
227,5,63.58029347745186,62.90276840620644,5.552179622756933,135.1170769035003,24.063905167130162
227,6,63.58029347745186,62.90276840620644,9.227512717643997,127.9737099199718,20.339692161865333
227,7,63.58029347745186,62.90276840620644,6.284015899051098,144.30796159602673,15.462526617926674
227,8,63.58029347745186,62.90276840620644,10.632442104277628,248.79828964178276,12.1948981786316
227,9,63.58029347745186,62.90276840620644,5.9574801023185735,320.0065356149373,13.852961420730637
227,10,63.58029347745186,62.90276840620644,9.054041519455957,499.2206057977817,10.932952347737947
227,11,63.58029347745186,62.90276840620644,7.055332217025292,346.47465926487683,16.84968737197277
228,0,95.57953651482886,60.35012847921005,6.258893839181346,386.5739176757208,21.086165255767906
228,1,95.57953651482886,60.35012847921005,9.1416400562867,441.77290330726225,24.24174858806424
228,2,95.57953651482886,60.35012847921005,6.669735488700109,384.48127849427254,25.121863119560125
228,3,95.57953651482886,60.35012847921005,10.67459005127597,243.18888043252127,28.480185909229192
228,4,95.57953651482886,60.35012847921005,6.258388792202395,129.83023776595596,27.736120170201794
228,5,95.57953651482886,60.35012847921005,13.689748652577565,122.07700811208727,24.640414201650604
228,6,95.57953651482886,60.35012847921005,9.243323890155736,174.79568390458388,20.331932880078604
228,7,95.57953651482886,60.35012847921005,9.514081462609628,188.0444897888883,17.88353305501658
228,8,95.57953651482886,60.35012847921005,10.988248915825606,290.1205554824608,13.340521559095109
228,9,95.57953651482886,60.35012847921005,7.039847358004903,332.546906010166,12.038662486591363
228,10,95.57953651482886,60.35012847921005,8.174664311672672,384.52976049885837,13.531573447618728
228,11,95.57953651482886,60.35012847921005,10.03365978255806,303.47910442719814,15.200130873454203
229,0,105.26289018475305,70.42615503062493,8.552904085956547,476.2094429265008,21.577837138150226
229,1,105.26289018475305,70.42615503062493,13.110013790961762,472.8771527219454,25.05649743881509
229,2,105.26289018475305,70.42615503062493,7.274429598546048,358.3430913519354,27.304804709172263
229,3,105.26289018475305,70.42615503062493,10.02256070579287,267.0075149553375,28.4242149978978
229,4,105.26289018475305,70.42615503062493,8.284621516840984,165.7740220719064,24.46693167889184
229,5,105.26289018475305,70.42615503062493,6.2831166653973405,106.6919818685343,22.209269203828363
229,6,105.26289018475305,70.42615503062493,6.659958547476522,131.1629653944977,18.993280010873764
229,7,105.26289018475305,70.42615503062493,5.734791845759719,136.403407547995,16.69677686649179
229,8,105.26289018475305,70.42615503062493,7.12722959328941,317.57525221894605,15.44457712300171
229,9,105.26289018475305,70.42615503062493,6.561332805132812,257.6041046737535,11.149827869414247
229,10,105.26289018475305,70.42615503062493,8.438089260676618,344.1194285772101,13.459391625397611
229,11,105.26289018475305,70.42615503062493,9.784611296658943,411.6605174229855,16.988186562219866
230,0,74.25750718135082,62.58956353473069,5.075103871962355,347.17294998256693,20.74328475953221
230,1,74.25750718135082,62.58956353473069,6.17018424443166,392.2298119182695,23.397568590340537
230,2,74.25750718135082,62.58956353473069,4.608714846012106,333.56099842719823,28.733590836882833
230,3,74.25750718135082,62.58956353473069,7.2536718656801185,217.17743382680703,28.088746742013118
230,4,74.25750718135082,62.58956353473069,8.55176870170053,172.92028135020405,28.611358085088956
230,5,74.25750718135082,62.58956353473069,6.366725355966899,139.1180086621298,24.000118001035016
230,6,74.25750718135082,62.58956353473069,4.647543273423707,136.53682215777943,20.02945534504913
230,7,74.25750718135082,62.58956353473069,8.364370887511992,183.26148053218424,16.919611869382948
230,8,74.25750718135082,62.58956353473069,8.330872744843134,216.04434141310338,14.187279083327313
230,9,74.25750718135082,62.58956353473069,3.5821504924100385,386.73160076175543,12.970337223740517
230,10,74.25750718135082,62.58956353473069,5.580092443680977,402.2547375449799,12.972405804789839
230,11,74.25750718135082,62.58956353473069,10.714942378950258,400.7227835389333,18.502855767632774
231,0,62.24774008916001,61.19194060447934,8.922707957611289,432.6378144404888,18.664915391939513
231,1,62.24774008916001,61.19194060447934,6.912795427666616,349.78431761913725,24.530085677606895
231,2,62.24774008916001,61.19194060447934,5.990049843936286,305.6841359050283,26.925769119673703
231,3,62.24774008916001,61.19194060447934,4.551514529304859,242.00172084648077,27.694458990214976
231,4,62.24774008916001,61.19194060447934,5.786353704656454,118.58731781563662,28.4450560916706
231,5,62.24774008916001,61.19194060447934,6.293416836450687,122.83520800634865,24.71202374999408
231,6,62.24774008916001,61.19194060447934,8.890503552911122,145.52956873154267,23.033099591213606
231,7,62.24774008916001,61.19194060447934,6.92587048630126,194.12908035501692,18.42320209443976
231,8,62.24774008916001,61.19194060447934,7.512712029018902,336.5086569735245,13.206035714635696
231,9,62.24774008916001,61.19194060447934,11.841210311324406,329.0773749696168,11.523647731584985
231,10,62.24774008916001,61.19194060447934,8.807319729087734,477.2299005799975,13.162726693444613
231,11,62.24774008916001,61.19194060447934,6.318022263995855,363.0498341476413,16.483281068507175
232,0,46.8451043192863,61.06515500716444,9.907567992832613,346.4859365953745,20.043909704048488
232,1,46.8451043192863,61.06515500716444,9.064687433679905,368.169423716687,23.42873858753583
232,2,46.8451043192863,61.06515500716444,9.540460523638517,343.99694827280797,27.4379022140109
232,3,46.8451043192863,61.06515500716444,7.370829087205693,219.65572193301307,27.703297189359063
232,4,46.8451043192863,61.06515500716444,9.154571451215855,111.64519447422524,27.48443374124082
232,5,46.8451043192863,61.06515500716444,7.642119042308583,136.23426482378062,23.942327989891478
232,6,46.8451043192863,61.06515500716444,5.8694235410679205,131.43329349056123,20.16624834878886
232,7,46.8451043192863,61.06515500716444,9.471026709184839,194.04765526668766,16.354165421302238
232,8,46.8451043192863,61.06515500716444,6.10513984920222,156.06761727270856,13.2119377583328
232,9,46.8451043192863,61.06515500716444,9.627538017345685,376.7482469003484,12.539706852085395
232,10,46.8451043192863,61.06515500716444,8.080118483859987,489.44988956431825,14.984854048109193
232,11,46.8451043192863,61.06515500716444,5.497264628039389,331.4348370564701,15.564351130533256
233,0,49.52182415899614,64.9631946433812,11.138840155122924,374.1966300703042,19.9358380658954
233,1,49.52182415899614,64.9631946433812,6.31233015800345,370.8108584813929,22.898312811891316
233,2,49.52182415899614,64.9631946433812,5.983547645094655,389.53924187313993,26.169847929019383
233,3,49.52182415899614,64.9631946433812,5.598751405937845,238.83311757436815,29.053718816210054
233,4,49.52182415899614,64.9631946433812,8.738194216836245,140.45529635016945,28.30891282631241
233,5,49.52182415899614,64.9631946433812,6.373042753557312,120.31735242915433,24.450541649909372
233,6,49.52182415899614,64.9631946433812,11.074004084135908,124.22362191240904,17.892232245620534
233,7,49.52182415899614,64.9631946433812,6.803002861961729,170.11405377183289,16.704577433545666
233,8,49.52182415899614,64.9631946433812,6.922813338955519,336.891805955317,13.392348308760244
233,9,49.52182415899614,64.9631946433812,8.900774977854619,362.4310412750106,9.929905518176147
233,10,49.52182415899614,64.9631946433812,8.964186365287823,255.29849320825755,11.485745784103226
233,11,49.52182415899614,64.9631946433812,8.466709342939026,337.3800201546568,16.521840196760376
234,0,57.874905547317795,52.28599327297047,10.869080423174504,392.116618306847,20.279786284345832
234,1,57.874905547317795,52.28599327297047,6.509993057205693,342.22348674109946,22.50503133638805
234,2,57.874905547317795,52.28599327297047,6.324051449799343,367.16033847885546,25.70801918956958
234,3,57.874905547317795,52.28599327297047,9.17827918829444,225.48430934438426,29.355830983934524
234,4,57.874905547317795,52.28599327297047,7.995442293836721,149.42387950695095,25.165243928286788
234,5,57.874905547317795,52.28599327297047,12.409297894699534,164.0343363146266,22.253072609710813
234,6,57.874905547317795,52.28599327297047,8.239778821942775,90.13989969085831,19.635588916110258
234,7,57.874905547317795,52.28599327297047,9.872998786118295,134.48093181866673,14.733744711916668
234,8,57.874905547317795,52.28599327297047,5.866412320149003,303.6821771507645,12.79499911507944
234,9,57.874905547317795,52.28599327297047,6.554944135680689,404.55638364435015,12.944467722656231
234,10,57.874905547317795,52.28599327297047,9.273909429162677,317.89622952750386,14.608124664977598
234,11,57.874905547317795,52.28599327297047,9.319779286444106,321.394239369201,16.11301510858083
235,0,38.73418952998936,56.22816683976264,7.010927326108032,185.79689678991215,21.854214110007465
235,1,38.73418952998936,56.22816683976264,8.492901762332504,300.382646167987,24.69043092666586
235,2,38.73418952998936,56.22816683976264,6.008984823254104,463.014167836632,26.46568900081066
235,3,38.73418952998936,56.22816683976264,6.165375119581624,213.25817518283768,26.765918660242708
235,4,38.73418952998936,56.22816683976264,11.38784442237159,148.44647228544665,26.76720863453246
235,5,38.73418952998936,56.22816683976264,10.440546735539757,122.6137523411523,24.053347654908354
235,6,38.73418952998936,56.22816683976264,8.676063528757544,123.49050780840557,19.516326559122728
235,7,38.73418952998936,56.22816683976264,6.235516245608891,154.26447788876087,16.555091187816714
235,8,38.73418952998936,56.22816683976264,5.9796727882675675,314.7593815042123,14.554465865943467
235,9,38.73418952998936,56.22816683976264,10.687369689452343,333.9862220914752,10.87602028689726
235,10,38.73418952998936,56.22816683976264,8.388386843805261,451.03299558098485,13.991441983638685
235,11,38.73418952998936,56.22816683976264,9.58633198535356,368.8636572094378,17.427093607205926
236,0,49.72878758629781,60.20058469683876,7.48594123397783,400.9859031659499,19.259224941038788
236,1,49.72878758629781,60.20058469683876,10.385452824572132,324.61792632167624,24.585869183297316
236,2,49.72878758629781,60.20058469683876,7.4662949635034135,403.13140485364005,27.24719513364566
236,3,49.72878758629781,60.20058469683876,7.70006231987241,179.8853031576772,28.4897605159368
236,4,49.72878758629781,60.20058469683876,9.845173521707274,113.28654164624342,27.54475698199401
236,5,49.72878758629781,60.20058469683876,9.514779155293406,112.27578597010051,25.118303502000302
236,6,49.72878758629781,60.20058469683876,3.791093712405927,126.6676605567114,20.930337637079738
236,7,49.72878758629781,60.20058469683876,4.475897384538451,159.5981708940912,15.588286013814187
236,8,49.72878758629781,60.20058469683876,8.841282711709187,258.5547238769337,12.787983342420686
236,9,49.72878758629781,60.20058469683876,9.679383797088697,316.56204838159476,9.290238983092285
236,10,49.72878758629781,60.20058469683876,11.356126414193227,285.6144968489886,13.352933592231112
236,11,49.72878758629781,60.20058469683876,8.279624487032496,359.45198384385156,15.21650716999005
237,0,66.07213361564261,56.14439949303045,5.531761961694997,339.26204767505743,19.564599480696888
237,1,66.07213361564261,56.14439949303045,6.850220470295614,433.1101168238911,24.191109753240767
237,2,66.07213361564261,56.14439949303045,8.731193296937992,473.2194997448652,25.775036074326124
237,3,66.07213361564261,56.14439949303045,8.271761982461252,245.2956014660581,28.975257838434477
237,4,66.07213361564261,56.14439949303045,8.802909154953051,159.26213289899374,27.56112264678899
237,5,66.07213361564261,56.14439949303045,11.489881398709056,102.99098376148594,23.65498763524687
237,6,66.07213361564261,56.14439949303045,4.009621506726952,124.96267047345434,19.423445533324916
237,7,66.07213361564261,56.14439949303045,9.460726970972187,183.36498073443312,17.521995461715495
237,8,66.07213361564261,56.14439949303045,11.32581390865388,350.74674510006145,12.840033887447753
237,9,66.07213361564261,56.14439949303045,7.317504264467299,340.32941089964413,12.961106367965982
237,10,66.07213361564261,56.14439949303045,9.411431957335747,391.77608304750436,12.667584716563846
237,11,66.07213361564261,56.14439949303045,8.878507606706323,398.5909578434131,16.288316321888836
238,0,56.62632093082583,60.65990544715049,7.244653558995173,357.738354172666,19.69977938857846
238,1,56.62632093082583,60.65990544715049,4.957951786648033,372.74514405007534,23.87509394445999
238,2,56.62632093082583,60.65990544715049,7.853364368672124,392.9405740768881,26.78763478160413
238,3,56.62632093082583,60.65990544715049,10.694798518614268,203.22395143922697,27.357537173635215
238,4,56.62632093082583,60.65990544715049,10.135035446008505,149.51187707035373,28.200941080720064
238,5,56.62632093082583,60.65990544715049,9.402606986149085,115.92381237248456,24.21720250344632
238,6,56.62632093082583,60.65990544715049,5.549436242868281,107.57742167620793,19.6640366254303
238,7,56.62632093082583,60.65990544715049,10.313832300252313,141.08443575327516,15.401177110488385
238,8,56.62632093082583,60.65990544715049,7.235868456154996,221.45178751585283,13.629842337936966
238,9,56.62632093082583,60.65990544715049,7.121284285944538,317.2051509131024,11.156108110238112
238,10,56.62632093082583,60.65990544715049,7.369983817672426,424.03723668803644,13.847237888435554
238,11,56.62632093082583,60.65990544715049,9.448972581883718,414.33415820308437,16.347572322308196
239,0,48.14327324446381,50.79386729586611,5.263921937593093,447.3371616451081,19.586263402884132
239,1,48.14327324446381,50.79386729586611,7.374104322865763,343.6320633902414,23.250181860603682
239,2,48.14327324446381,50.79386729586611,7.909143651083042,391.25499097625544,25.4768399808491
239,3,48.14327324446381,50.79386729586611,8.040217900925274,268.45020445607753,26.39895961156061
239,4,48.14327324446381,50.79386729586611,8.93197116247455,162.6518978262394,26.537376067755655
239,5,48.14327324446381,50.79386729586611,5.837747885009114,116.49695696151707,23.373675122872193
239,6,48.14327324446381,50.79386729586611,5.182230311701357,114.82069995362819,19.963588665958973
239,7,48.14327324446381,50.79386729586611,7.7037668250529965,162.9526996387956,16.70198002611486
239,8,48.14327324446381,50.79386729586611,6.5637424776537285,290.87700470354815,12.530766170407349
239,9,48.14327324446381,50.79386729586611,8.277909908939922,455.4264711773284,13.65412258663561
239,10,48.14327324446381,50.79386729586611,9.75896119579504,426.35306628610016,12.35627905601916
239,11,48.14327324446381,50.79386729586611,7.310479539611395,422.8225862905288,16.324725033000494
240,0,32.87081665286263,69.59093273289055,10.34284118152116,323.6529374709936,20.336741516190692
240,1,32.87081665286263,69.59093273289055,5.473127256173299,395.1592392297249,22.172626736692685
240,2,32.87081665286263,69.59093273289055,9.271536799805828,345.47116370196716,27.49544597068823
240,3,32.87081665286263,69.59093273289055,8.571252458601593,262.7587372551026,29.073959518875967
240,4,32.87081665286263,69.59093273289055,8.653062655554995,79.9039362626286,26.89532299354642
240,5,32.87081665286263,69.59093273289055,7.750685506726872,141.59410992898898,24.467370891185293
240,6,32.87081665286263,69.59093273289055,4.8281074368575485,144.07585010717588,18.251710425817667
240,7,32.87081665286263,69.59093273289055,5.81675125458057,159.7114456267662,18.194352058703405
240,8,32.87081665286263,69.59093273289055,6.3781029558087745,243.93749292935732,12.921546746089069
240,9,32.87081665286263,69.59093273289055,7.431187560598389,413.17368238361445,11.38090011785383
240,10,32.87081665286263,69.59093273289055,7.364672688682582,421.5247997249708,14.205370624381082
240,11,32.87081665286263,69.59093273289055,9.964983940811829,350.2710825982672,15.02962941124782
241,0,36.60282228803891,61.54276107048084,5.543246045966448,402.3801062304346,19.16713439593149
241,1,36.60282228803891,61.54276107048084,8.071992681475129,421.55015551698966,22.51393890479836
241,2,36.60282228803891,61.54276107048084,6.183590126039281,292.8839955673949,25.496948232919063
241,3,36.60282228803891,61.54276107048084,6.498950580795557,269.9836911431406,28.013512932918808
241,4,36.60282228803891,61.54276107048084,6.904861807745133,152.17053443115748,28.220111891390914
241,5,36.60282228803891,61.54276107048084,8.693476950635418,139.0330348576644,24.540842630670827
241,6,36.60282228803891,61.54276107048084,5.289751192511936,140.8525627729018,20.47614157332298
241,7,36.60282228803891,61.54276107048084,7.1183429306978665,148.82570412617858,16.328744428322054
241,8,36.60282228803891,61.54276107048084,7.017361524352249,324.8119137061883,12.275451943097217
241,9,36.60282228803891,61.54276107048084,6.693872988010719,368.2230482311718,11.885475259289015
241,10,36.60282228803891,61.54276107048084,4.429217766001585,432.3183594494463,14.633621655032563
241,11,36.60282228803891,61.54276107048084,8.76298684431069,423.87227409213494,14.213140443587314
242,0,20.270685915484552,60.509498154680294,6.790008991868521,312.9731577897837,18.299339285551866
242,1,20.270685915484552,60.509498154680294,5.615647242124422,362.62439026821426,23.150211173489886
242,2,20.270685915484552,60.509498154680294,4.646171567615794,396.34241697543547,27.920438647040193
242,3,20.270685915484552,60.509498154680294,9.46700295920287,193.74885445712056,26.77683124706346
242,4,20.270685915484552,60.509498154680294,5.733281768155816,148.71652681216753,27.81933708331323
242,5,20.270685915484552,60.509498154680294,7.187746275292361,93.3147471891163,24.586782691575664
242,6,20.270685915484552,60.509498154680294,8.085617215397535,130.66485528958918,19.079182838414418
242,7,20.270685915484552,60.509498154680294,7.760933303049503,187.07706478037824,16.547773816778427
242,8,20.270685915484552,60.509498154680294,8.726808576791223,271.3624698818543,14.061157152143183
242,9,20.270685915484552,60.509498154680294,5.7034772770518884,345.1811520796965,11.611573312671783
242,10,20.270685915484552,60.509498154680294,11.545097270544417,362.5112071295544,12.980022195726972
242,11,20.270685915484552,60.509498154680294,6.724698919639925,451.63921479765213,16.00646187884706
243,0,61.76763594563779,54.936995124457454,9.055343339305125,417.56111480695887,19.366989170530758
243,1,61.76763594563779,54.936995124457454,7.5987035808105885,301.43167084631773,24.574737991640827
243,2,61.76763594563779,54.936995124457454,10.252632295626682,429.65116029709964,27.166334864622407
243,3,61.76763594563779,54.936995124457454,8.45638719842859,241.9553780980108,27.991408079026925
243,4,61.76763594563779,54.936995124457454,8.360425606416003,181.1509043631508,26.143711091238817
243,5,61.76763594563779,54.936995124457454,5.189828073058635,110.04529797187153,23.533584764570936
243,6,61.76763594563779,54.936995124457454,10.111822058141048,101.75426730662514,19.539577932638874
243,7,61.76763594563779,54.936995124457454,9.95604443440527,165.22844624633586,15.829945484443009
243,8,61.76763594563779,54.936995124457454,7.648005593431237,336.20997805453754,12.304088098226073
243,9,61.76763594563779,54.936995124457454,8.524690482060024,287.8880554928919,11.19484267944312
243,10,61.76763594563779,54.936995124457454,7.348717716005087,373.8608502050176,12.569046139275306
243,11,61.76763594563779,54.936995124457454,10.499613858111612,399.7575720019119,15.737024519919144
244,0,24.819206566920368,64.08537903677617,5.6613585981724786,357.1711940298197,19.931013673539482
244,1,24.819206566920368,64.08537903677617,6.588216364305975,377.0752891060785,25.137722152510587
244,2,24.819206566920368,64.08537903677617,9.243375314558872,370.9100263088042,26.288270916330664
244,3,24.819206566920368,64.08537903677617,9.815178507246543,287.8921700188218,26.746655390878857
244,4,24.819206566920368,64.08537903677617,7.6366854127191095,108.25002659176619,27.777324033466474
244,5,24.819206566920368,64.08537903677617,8.061468478070255,117.96089698922738,24.92176594104614
244,6,24.819206566920368,64.08537903677617,7.786543931762264,128.56809585642264,20.39023994513781
244,7,24.819206566920368,64.08537903677617,8.42522512919889,146.52982694457165,15.13573247894643
244,8,24.819206566920368,64.08537903677617,7.917064957648575,286.05561707001004,12.906030814468489
244,9,24.819206566920368,64.08537903677617,5.453220961483664,380.55569108875665,12.793375573702438
244,10,24.819206566920368,64.08537903677617,5.086975370416072,523.7476223846384,12.907270409938857
244,11,24.819206566920368,64.08537903677617,7.261230642227008,330.6807156562199,15.622610039481433
245,0,50.90004308240007,64.70637897757582,7.461392941861092,367.8976421583927,20.410948178406215
245,1,50.90004308240007,64.70637897757582,7.696522009589553,368.0265229887139,23.73374221405804
245,2,50.90004308240007,64.70637897757582,6.58535258917639,421.33107339830553,28.86796010437473
245,3,50.90004308240007,64.70637897757582,7.384326779456316,280.4115118500602,29.920845668755582
245,4,50.90004308240007,64.70637897757582,7.079213666788427,124.91799789460423,26.407844959718744
245,5,50.90004308240007,64.70637897757582,6.153112003171055,128.97637701766845,23.058636007528463
245,6,50.90004308240007,64.70637897757582,13.646773364655232,145.0478841064412,22.289010079192668
245,7,50.90004308240007,64.70637897757582,7.584766615960212,160.59690580786395,17.94260353616278
245,8,50.90004308240007,64.70637897757582,7.878460495108816,245.25322000834916,13.966039546674349
245,9,50.90004308240007,64.70637897757582,8.989437907669586,311.5436686090909,12.445683075872573
245,10,50.90004308240007,64.70637897757582,7.0759360428468785,544.218560405091,13.191748829581046
245,11,50.90004308240007,64.70637897757582,7.797593065623297,307.31593562355584,15.35057686789693
246,0,42.76006440861141,57.5450344005568,7.5136032579207574,322.00093160511375,20.605982786266377
246,1,42.76006440861141,57.5450344005568,8.446089927404095,355.07972903473996,23.183653813818164
246,2,42.76006440861141,57.5450344005568,9.868307751503876,320.62645922140877,26.96080726541001
246,3,42.76006440861141,57.5450344005568,7.067830157750233,218.9712718718167,27.66824235565228
246,4,42.76006440861141,57.5450344005568,6.439363305732931,154.0603928636772,27.514813025897798
246,5,42.76006440861141,57.5450344005568,8.915993196630243,129.98240375824764,25.094172284103983
246,6,42.76006440861141,57.5450344005568,7.227524165749669,169.03799283688076,19.63909316900566
246,7,42.76006440861141,57.5450344005568,9.101674994020241,201.31388052715593,15.298454303231333
246,8,42.76006440861141,57.5450344005568,7.88383509568009,282.6218987127719,15.492285765226779
246,9,42.76006440861141,57.5450344005568,8.427377198528918,341.3048550051621,11.659773193526057
246,10,42.76006440861141,57.5450344005568,10.469986233828182,439.1467437722592,14.138096907610924
246,11,42.76006440861141,57.5450344005568,3.791294512480208,387.3493161163862,16.49497453329143
247,0,50.93312937963563,59.70685664074142,6.583906444690071,353.45532465092805,20.207324376316915
247,1,50.93312937963563,59.70685664074142,6.302530817291711,383.03666534563934,24.076700706100493
247,2,50.93312937963563,59.70685664074142,11.925830286720416,339.1327744160805,27.42297314563941
247,3,50.93312937963563,59.70685664074142,10.24471159812232,305.91231507558393,28.272156684923253
247,4,50.93312937963563,59.70685664074142,11.984140144158042,152.6545073172187,26.742814188442306
247,5,50.93312937963563,59.70685664074142,6.413062210765789,120.7962041995555,25.473445284101633
247,6,50.93312937963563,59.70685664074142,9.157339916155697,103.54737268889798,20.222523533570115
247,7,50.93312937963563,59.70685664074142,1.914036530078132,210.94423294558322,15.489900144937042
247,8,50.93312937963563,59.70685664074142,7.982316190411738,220.45160159142077,12.183182774617705
247,9,50.93312937963563,59.70685664074142,6.139553464891911,356.713811192828,11.417835056584563
247,10,50.93312937963563,59.70685664074142,8.189881418473963,348.1204693332919,12.694211826909923
247,11,50.93312937963563,59.70685664074142,10.742130477826525,364.6166084627373,14.045260612731788
248,0,64.0973362014054,52.85940761378099,6.104280840412896,388.9320160482274,19.37476839211136
248,1,64.0973362014054,52.85940761378099,6.068067330451539,321.6900282359509,25.767175827976825
248,2,64.0973362014054,52.85940761378099,5.852216199143435,310.842428551815,25.087857820539234
248,3,64.0973362014054,52.85940761378099,8.535287702310743,268.13982508567693,27.489275579878733
248,4,64.0973362014054,52.85940761378099,4.496864453678854,138.32588253353654,27.475737565967123
248,5,64.0973362014054,52.85940761378099,8.040482649168931,108.40261314455863,23.316272192089574
248,6,64.0973362014054,52.85940761378099,8.84812724514751,152.05500639248226,20.040646501661
248,7,64.0973362014054,52.85940761378099,7.304006781017169,122.36803406244282,16.14804160159973
248,8,64.0973362014054,52.85940761378099,5.780705706677815,211.88966680551562,12.435185123000167
248,9,64.0973362014054,52.85940761378099,6.859179988604352,364.78224651824496,11.353539323765467
248,10,64.0973362014054,52.85940761378099,6.180208298586702,434.0242761042894,11.838596368157654
248,11,64.0973362014054,52.85940761378099,11.764325380796553,394.8647479896008,14.735089034092411
249,0,36.84616987470338,61.2162200325391,5.026952252696207,327.7841863898153,20.779108950103588
249,1,36.84616987470338,61.2162200325391,9.185739009035128,440.4158559230899,24.120139401463096
249,2,36.84616987470338,61.2162200325391,5.559930361092627,354.6203237720369,26.204089175524516
249,3,36.84616987470338,61.2162200325391,6.227610939599005,293.09554671214437,28.78200543381576
249,4,36.84616987470338,61.2162200325391,7.172823538123162,98.64231813256616,28.25300624279987
249,5,36.84616987470338,61.2162200325391,8.822191181929496,115.32642034459104,24.19637746316685
249,6,36.84616987470338,61.2162200325391,9.257194947480938,140.48106758395204,21.50151803846893
249,7,36.84616987470338,61.2162200325391,5.289662745167698,197.56086597770118,15.633901186634118
249,8,36.84616987470338,61.2162200325391,7.1892939723923455,201.0387876137967,12.259798966298995
249,9,36.84616987470338,61.2162200325391,8.403975475350233,257.87543094072873,10.849307751859081
249,10,36.84616987470338,61.2162200325391,8.451461382313813,401.51948022878105,11.434811511561037
249,11,36.84616987470338,61.2162200325391,8.466933264538602,425.0295448193721,17.434427375136014
250,0,30.411413318668604,60.381394672863216,11.770409848343833,326.2203054302208,19.012059130332943
250,1,30.411413318668604,60.381394672863216,8.606908100203553,394.8757874892246,25.108101866418437
250,2,30.411413318668604,60.381394672863216,5.995219262471664,372.40395689418,28.068603418368888
250,3,30.411413318668604,60.381394672863216,7.167391853919015,266.7409636582733,26.924520435829745
250,4,30.411413318668604,60.381394672863216,6.0994918562955185,99.64746898755926,27.535220343806863
250,5,30.411413318668604,60.381394672863216,10.389878289920379,163.8065295571261,23.020024037154375
250,6,30.411413318668604,60.381394672863216,8.002874024589179,172.06454953676385,18.158359339985026
250,7,30.411413318668604,60.381394672863216,7.8434493488994645,229.6894592950383,15.707809174842787
250,8,30.411413318668604,60.381394672863216,6.3545663482733605,242.6306683909028,13.498051595080033
250,9,30.411413318668604,60.381394672863216,6.912341590525136,437.5322171834157,10.45777593720525
250,10,30.411413318668604,60.381394672863216,5.220937965603111,378.0918604726248,13.678965530247975
250,11,30.411413318668604,60.381394672863216,7.025966013915741,310.28015621722676,16.902856946687344
251,0,39.135740999173855,65.32298778901237,6.471144578644685,411.04509766440395,20.301178633916866
251,1,39.135740999173855,65.32298778901237,9.736698186309214,378.1807039750824,25.200359095297113
251,2,39.135740999173855,65.32298778901237,9.211385170904295,298.86949647185054,27.80501256257839
251,3,39.135740999173855,65.32298778901237,8.765252046702733,227.92379279770563,27.488294839294365
251,4,39.135740999173855,65.32298778901237,12.052157048101279,110.8302902138668,26.724523418555968
251,5,39.135740999173855,65.32298778901237,6.209218021381843,111.39538994064048,23.7923868925641
251,6,39.135740999173855,65.32298778901237,8.17021973077966,133.9534362349239,19.99393660735416
251,7,39.135740999173855,65.32298778901237,9.15535090946527,170.34458009868888,15.672966632103657
251,8,39.135740999173855,65.32298778901237,8.146224798522509,317.01304705896905,14.96189460041897
251,9,39.135740999173855,65.32298778901237,9.311987990236418,199.18652711019087,11.227184460985843
251,10,39.135740999173855,65.32298778901237,5.202298067504033,297.32276130485064,11.734791296160198
251,11,39.135740999173855,65.32298778901237,7.512860837186743,380.1685059938974,15.852980479872118
252,0,50.681474908001796,62.56518161885596,5.402926628254516,410.2524252290409,19.159013458260564
252,1,50.681474908001796,62.56518161885596,8.23467783649819,408.56525768713595,24.68751794787772
252,2,50.681474908001796,62.56518161885596,10.025415381151712,301.77529515669073,27.693602072989375
252,3,50.681474908001796,62.56518161885596,7.977218391421284,212.91067020318113,28.075389432901456
252,4,50.681474908001796,62.56518161885596,7.02508921628946,123.26944484060643,26.662663579664144
252,5,50.681474908001796,62.56518161885596,5.840027423564754,133.6867456746251,25.010907949800174
252,6,50.681474908001796,62.56518161885596,7.597499990691857,121.48823277146886,19.173439789026084
252,7,50.681474908001796,62.56518161885596,10.079942228050733,153.1563273882134,14.703167080196092
252,8,50.681474908001796,62.56518161885596,6.351705619985536,281.8642517036906,14.6756447965728
252,9,50.681474908001796,62.56518161885596,5.784910288919773,366.38446973587065,12.390234573988113
252,10,50.681474908001796,62.56518161885596,8.513864019648533,442.4000753755824,15.168254706114574
252,11,50.681474908001796,62.56518161885596,7.219817207558303,430.80277851092706,16.46887505790724
253,0,58.15490734693779,66.12496426569402,8.467058813293303,439.4705212292201,20.24135860605223
253,1,58.15490734693779,66.12496426569402,7.945231783085278,401.5043414864269,23.545460735775087
253,2,58.15490734693779,66.12496426569402,7.856031259677916,370.94406005194094,26.490862456476332
253,3,58.15490734693779,66.12496426569402,6.1941046719718615,240.30571524059766,29.123357446426144
253,4,58.15490734693779,66.12496426569402,6.017439294823918,137.38036086497502,26.643552880711916
253,5,58.15490734693779,66.12496426569402,6.7668362780639155,111.24376626615611,23.970294394434507
253,6,58.15490734693779,66.12496426569402,11.782901741995222,171.5760027916202,19.22836464729427
253,7,58.15490734693779,66.12496426569402,6.364404843523434,144.44599784900174,16.072574223786706
253,8,58.15490734693779,66.12496426569402,5.862252882944757,292.28989339668897,11.64199596893978
253,9,58.15490734693779,66.12496426569402,10.264431522926857,383.0253886210316,8.418929200099166
253,10,58.15490734693779,66.12496426569402,9.867936636747604,415.8069827594068,13.602118361815943
253,11,58.15490734693779,66.12496426569402,9.257046711082282,394.93781118231215,15.116032932848752
254,0,42.556033791565596,59.342306865093185,7.161304399690504,368.32366660924373,19.881173152199867
254,1,42.556033791565596,59.342306865093185,10.414142533965945,408.92269430341076,22.66532827314317
254,2,42.556033791565596,59.342306865093185,7.700530133287236,404.8761535493079,29.393096932113636
254,3,42.556033791565596,59.342306865093185,7.808516568415609,236.36517823378483,30.35342538318183
254,4,42.556033791565596,59.342306865093185,10.876308172258575,108.83533867720256,27.76885574291418
254,5,42.556033791565596,59.342306865093185,11.05567506346286,111.14439056452339,24.612822884108535
254,6,42.556033791565596,59.342306865093185,7.744389163349119,125.81640808116315,19.43441426976709
254,7,42.556033791565596,59.342306865093185,11.127722492658924,188.37809516593128,14.724061679696483
254,8,42.556033791565596,59.342306865093185,7.584671177017657,240.96219138273855,14.4052509802777
254,9,42.556033791565596,59.342306865093185,7.408049771878055,363.42544708341916,11.76632726814159
254,10,42.556033791565596,59.342306865093185,4.352102352163856,470.6336895275264,11.526789723623832
254,11,42.556033791565596,59.342306865093185,9.558076386883634,413.2715412281441,16.77342975899122
255,0,43.07787162787655,61.09843889197916,10.66272224754056,339.36337934858915,20.51943037910883
255,1,43.07787162787655,61.09843889197916,4.493961543489026,350.39818644235777,22.251738680958702
255,2,43.07787162787655,61.09843889197916,6.219801540053527,412.0467986532489,27.224271196608825
255,3,43.07787162787655,61.09843889197916,8.625610014745558,281.4820602046922,28.820154248438797
255,4,43.07787162787655,61.09843889197916,9.114905038779078,132.87232790169037,26.928694028116794
255,5,43.07787162787655,61.09843889197916,11.582672538874576,97.8569852493763,24.112423680650846
255,6,43.07787162787655,61.09843889197916,7.688958015817566,164.755728276522,18.997895474714014
255,7,43.07787162787655,61.09843889197916,9.065397681286578,213.8977358589908,16.002338234548596
255,8,43.07787162787655,61.09843889197916,11.613614929725621,208.67647759157876,11.934956833544373
255,9,43.07787162787655,61.09843889197916,9.741887678196674,363.7422436937296,13.835421692274771
255,10,43.07787162787655,61.09843889197916,7.44581573847308,425.2105919912546,12.447909159117929
255,11,43.07787162787655,61.09843889197916,5.986884892838601,377.0769386742791,16.464298686349213
256,0,86.1234438251509,59.19429294456612,8.967179115326163,368.0025762415025,20.986457566757753
256,1,86.1234438251509,59.19429294456612,5.7533411575311195,511.16786447909436,23.67273855653351
256,2,86.1234438251509,59.19429294456612,8.544543078579165,398.32851968696656,26.167617849722888
256,3,86.1234438251509,59.19429294456612,7.261364099393094,254.74314655060755,26.977940796338856
256,4,86.1234438251509,59.19429294456612,6.794865363668968,113.56735153021835,27.134992452266953
256,5,86.1234438251509,59.19429294456612,8.039915236999747,129.75076687645125,24.007360170754186
256,6,86.1234438251509,59.19429294456612,8.231275423980057,132.01226213638145,20.54164550818264
256,7,86.1234438251509,59.19429294456612,4.975628905666821,145.0724386503473,15.16498196763787
256,8,86.1234438251509,59.19429294456612,8.543823577047757,323.489734755055,13.86438709372825
256,9,86.1234438251509,59.19429294456612,3.426507558457712,333.73943560986146,11.12679889709772
256,10,86.1234438251509,59.19429294456612,10.004548859226125,412.42198412780573,12.134028704785386
256,11,86.1234438251509,59.19429294456612,3.8744476812441047,352.40815288585765,17.165137730787187
257,0,62.45858835207773,60.12868355659215,9.43376737625066,398.30251584656924,19.88953944203579
257,1,62.45858835207773,60.12868355659215,5.723295529162469,381.6794721660351,24.447724944817768
257,2,62.45858835207773,60.12868355659215,4.33665229341087,435.80350818624635,26.63641361216952
257,3,62.45858835207773,60.12868355659215,5.522155637649902,230.75572359024858,30.9682186426148
257,4,62.45858835207773,60.12868355659215,10.426703029742189,147.26418490601313,27.370379789890602
257,5,62.45858835207773,60.12868355659215,7.7273346669494725,142.53999790367897,25.07543281753792
257,6,62.45858835207773,60.12868355659215,7.264353090034264,146.03610456578042,20.579286195882506
257,7,62.45858835207773,60.12868355659215,10.176882761980506,247.59158774986997,14.929529738491407
257,8,62.45858835207773,60.12868355659215,10.191088795964207,327.50812903646,14.478056232901888
257,9,62.45858835207773,60.12868355659215,14.286916045442396,339.6275947050083,11.009022386622918
257,10,62.45858835207773,60.12868355659215,6.718206649636166,408.3199440094972,12.346068937016415
257,11,62.45858835207773,60.12868355659215,13.29024186791461,363.7281875143578,17.925284998326124
258,0,31.794221865710945,56.828006796234845,11.443324604261495,332.12057113602197,19.360198477189446
258,1,31.794221865710945,56.828006796234845,8.675316716341968,346.3917370057713,26.26146597373714
258,2,31.794221865710945,56.828006796234845,10.543656169474723,341.104251140967,26.944966720445862
258,3,31.794221865710945,56.828006796234845,5.0063344285811295,235.1612459569231,26.209782036827555
258,4,31.794221865710945,56.828006796234845,6.680002094580821,120.81248848240905,26.799815108065978
258,5,31.794221865710945,56.828006796234845,10.699039419806294,123.79325769230194,22.99407161049581
258,6,31.794221865710945,56.828006796234845,7.717049748829842,146.34868638573374,21.491956424714676
258,7,31.794221865710945,56.828006796234845,6.1945720791690535,168.24686487110466,16.0985514902595
258,8,31.794221865710945,56.828006796234845,9.366431498893846,288.642894828731,13.652995191049735
258,9,31.794221865710945,56.828006796234845,10.36914891763219,395.3574326520712,11.25778840422697
258,10,31.794221865710945,56.828006796234845,9.220959475096807,404.5482874000382,15.24201550260965
258,11,31.794221865710945,56.828006796234845,12.271280250982265,416.37320040311005,17.777031930897397
259,0,39.93269604545834,59.52700899486333,7.104605745825488,342.5814480613675,19.546985104307556
259,1,39.93269604545834,59.52700899486333,6.9509264947737845,360.84870269926296,24.265491773313684
259,2,39.93269604545834,59.52700899486333,8.36464350193423,257.42940941345705,26.21704557541325
259,3,39.93269604545834,59.52700899486333,3.9832705927421914,261.20461149397784,26.666085951403215
259,4,39.93269604545834,59.52700899486333,7.65589194300605,142.49267889084737,25.980288912315753
259,5,39.93269604545834,59.52700899486333,6.799652770335269,114.64470451173426,25.074327379021334
259,6,39.93269604545834,59.52700899486333,7.3366604623935325,126.02831412833773,18.8202998458143
259,7,39.93269604545834,59.52700899486333,9.929261473611096,179.4561242866834,17.630469809397955
259,8,39.93269604545834,59.52700899486333,8.454528835030263,275.62143476191847,12.585415329642538
259,9,39.93269604545834,59.52700899486333,8.608709626528727,286.5671723550788,12.93922458579337
259,10,39.93269604545834,59.52700899486333,7.054398172366653,321.1925858915356,12.203190744049762
259,11,39.93269604545834,59.52700899486333,6.243945032373084,365.01818379323635,15.787614723947913
260,0,55.3329832231288,57.14313354719905,5.6970033922200916,339.3338683039436,19.080085361093055
260,1,55.3329832231288,57.14313354719905,5.122978835455733,476.3188752572874,24.902458313787484
260,2,55.3329832231288,57.14313354719905,13.886583098525417,498.05214356914087,26.045976640942975
260,3,55.3329832231288,57.14313354719905,9.141311945233946,222.56069050899214,27.630590214236733
260,4,55.3329832231288,57.14313354719905,8.730770051641123,162.58261789074135,27.04387655217716
260,5,55.3329832231288,57.14313354719905,8.595051296666394,103.04521093444706,23.079345283460352
260,6,55.3329832231288,57.14313354719905,9.352295565492522,129.49127898497917,20.608239827692433
260,7,55.3329832231288,57.14313354719905,11.121227840424412,171.92846076823653,16.372060146565033
260,8,55.3329832231288,57.14313354719905,10.959133266327584,366.4349428805531,11.22068384176061
260,9,55.3329832231288,57.14313354719905,6.9694046214987235,401.80079092774156,10.267057136687873
260,10,55.3329832231288,57.14313354719905,8.509652249823462,353.06502841787255,13.834331025711483
260,11,55.3329832231288,57.14313354719905,8.768875033029213,407.1481727790028,16.16218604354536
261,0,86.28520747962446,65.50982297491366,6.719371497525467,341.51562864573634,19.880017121078332
261,1,86.28520747962446,65.50982297491366,6.43608905821258,482.1271479402219,24.197133992058877
261,2,86.28520747962446,65.50982297491366,4.2692060362471285,425.5154475595779,27.370669033297656
261,3,86.28520747962446,65.50982297491366,13.427263529564431,223.84078124336318,27.692362538252876
261,4,86.28520747962446,65.50982297491366,8.980021392878191,152.80620345041802,27.21285992495521
261,5,86.28520747962446,65.50982297491366,4.263121767117491,119.77653931249023,23.716107174663254
261,6,86.28520747962446,65.50982297491366,8.925143650162491,143.94964171967933,19.37816344750238
261,7,86.28520747962446,65.50982297491366,1.270153261014296,139.876197917912,14.577688001376265
261,8,86.28520747962446,65.50982297491366,4.8061158679692495,309.0383940277433,12.413634624661443
261,9,86.28520747962446,65.50982297491366,8.143007924065472,405.96616103624797,11.877833961294634
261,10,86.28520747962446,65.50982297491366,5.7509094959025,528.7401582172627,12.802724793944595
261,11,86.28520747962446,65.50982297491366,6.586476428933908,446.4718950343903,15.15929126465652
262,0,50.48034515281778,62.03127236810283,9.163658976066486,347.6051782640615,18.812258998820795
262,1,50.48034515281778,62.03127236810283,9.603061613968297,407.7012718290672,25.402953965910214
262,2,50.48034515281778,62.03127236810283,6.008278327604404,338.00726697320357,27.88386693021326
262,3,50.48034515281778,62.03127236810283,9.229799361261813,245.71206739373588,28.23140094064099
262,4,50.48034515281778,62.03127236810283,7.132866429471877,130.533506987967,25.944843163505976
262,5,50.48034515281778,62.03127236810283,6.797515464073982,107.8910912420685,24.736791139002346
262,6,50.48034515281778,62.03127236810283,9.644828498232693,132.30291902179823,20.63020110580572
262,7,50.48034515281778,62.03127236810283,8.451451357111175,155.07759004642517,17.643158464149074
262,8,50.48034515281778,62.03127236810283,7.749210318685934,278.20343633662264,14.77416342254813
262,9,50.48034515281778,62.03127236810283,7.862518153264549,353.8959022127338,10.581625889072024
262,10,50.48034515281778,62.03127236810283,8.592372068262584,354.8778124820206,12.817299935625623
262,11,50.48034515281778,62.03127236810283,9.026344477730001,346.7637979422334,14.910201242887046
263,0,39.746532621825565,60.904762087650894,9.592144243529228,389.1045230696825,17.878816200467465
263,1,39.746532621825565,60.904762087650894,5.722084053662339,401.0890132530678,23.509124838189205
263,2,39.746532621825565,60.904762087650894,9.058314796371297,323.8255306783499,24.728692348508442
263,3,39.746532621825565,60.904762087650894,10.15540556933252,258.21491820379674,27.51706984079718
263,4,39.746532621825565,60.904762087650894,9.387404152414467,172.9762476943827,26.935725898142184
263,5,39.746532621825565,60.904762087650894,4.846047905628479,130.77194651103312,23.1831887540684
263,6,39.746532621825565,60.904762087650894,8.39839108949931,115.98404947638772,18.67865070216117
263,7,39.746532621825565,60.904762087650894,7.031902454573159,159.44357405342907,14.041948321176484
263,8,39.746532621825565,60.904762087650894,7.923445375943782,304.1834624404774,12.887817611529028
263,9,39.746532621825565,60.904762087650894,4.071403642766308,380.2966715256201,13.066568588417674
263,10,39.746532621825565,60.904762087650894,10.026138274042708,328.2955243508229,11.91020189101358
263,11,39.746532621825565,60.904762087650894,8.370559987241139,323.2028413404138,16.08340901806145
264,0,57.436048582664476,58.05902961667829,5.367735858418672,345.9121899107686,19.530932373726035
264,1,57.436048582664476,58.05902961667829,10.425892976755735,410.84614795809557,22.915779233091328
264,2,57.436048582664476,58.05902961667829,7.967293484044158,294.51389577596325,26.187890535265367
264,3,57.436048582664476,58.05902961667829,8.194851612402076,219.19507447223415,27.989339658116076
264,4,57.436048582664476,58.05902961667829,10.87691991100019,101.63808442367329,27.775462955922514
264,5,57.436048582664476,58.05902961667829,8.881396819266445,138.12804083381388,25.208302318969654
264,6,57.436048582664476,58.05902961667829,10.47079808743099,150.72087898131417,20.886651522820195
264,7,57.436048582664476,58.05902961667829,8.321179599133155,211.58254891157864,16.24679025436212
264,8,57.436048582664476,58.05902961667829,6.530692953001431,276.3864531241845,11.579866777417928
264,9,57.436048582664476,58.05902961667829,7.398920870356897,439.8486667750626,14.67744186516296
264,10,57.436048582664476,58.05902961667829,5.968442042092003,369.64937861167243,11.5514881298189
264,11,57.436048582664476,58.05902961667829,7.405734864261823,393.6979336688886,15.17223011456605
265,0,58.03912227392321,65.26461221529884,6.2461742839581476,421.25123426150776,18.229892038070414
265,1,58.03912227392321,65.26461221529884,5.8668436462028275,402.07991049894343,22.193024552451273
265,2,58.03912227392321,65.26461221529884,8.565048394335697,316.3080640291566,28.526439827913254
265,3,58.03912227392321,65.26461221529884,8.421746824088164,217.68826140247256,28.876668358502968
265,4,58.03912227392321,65.26461221529884,6.981838393470854,161.87239311045568,27.030268780564604
265,5,58.03912227392321,65.26461221529884,10.230738858648476,108.03640424150082,24.02933388591643
265,6,58.03912227392321,65.26461221529884,6.281126809557559,126.01753002687049,20.314120493000768
265,7,58.03912227392321,65.26461221529884,9.858066395034522,164.47855945703162,12.499363787863565
265,8,58.03912227392321,65.26461221529884,4.675678891455531,285.2806397640335,14.214004223184777
265,9,58.03912227392321,65.26461221529884,8.943651146633778,329.9259446673211,10.532982838889636
265,10,58.03912227392321,65.26461221529884,6.517597289110936,366.02417226268864,12.530535046859333
265,11,58.03912227392321,65.26461221529884,7.308865050179248,309.13958698441684,17.22873052554055
266,0,46.0109916041735,60.64202819249791,9.617912314244865,318.533862660721,17.786878035908448
266,1,46.0109916041735,60.64202819249791,5.834538521490698,375.44744279461923,24.450403140461454
266,2,46.0109916041735,60.64202819249791,11.360194313594194,287.1917686349188,27.150831186479017
266,3,46.0109916041735,60.64202819249791,8.534769501250961,248.8738937910809,28.556603178896957
266,4,46.0109916041735,60.64202819249791,9.673178260676057,143.62400613062775,27.637150578209816
266,5,46.0109916041735,60.64202819249791,6.509272515340593,111.02183231553428,24.37305037583924
266,6,46.0109916041735,60.64202819249791,9.98634582115082,152.88353074116728,20.880475497406493
266,7,46.0109916041735,60.64202819249791,6.051971345901299,170.48898772576734,17.55219836173138
266,8,46.0109916041735,60.64202819249791,4.5962432484127795,229.16439746940378,13.635127998410068
266,9,46.0109916041735,60.64202819249791,5.954357938294468,343.71481519923975,11.730105267504397
266,10,46.0109916041735,60.64202819249791,8.904850293297383,521.3726742568006,12.734338462960247
266,11,46.0109916041735,60.64202819249791,4.165112412150593,400.08810589410365,18.306865217128035
267,0,65.8477081279224,62.72859327783921,6.410274891178776,238.8788167133993,20.833598915144503
267,1,65.8477081279224,62.72859327783921,10.676109244039466,312.65082199472516,23.819376222308442
267,2,65.8477081279224,62.72859327783921,5.835507560564516,326.89359365330904,26.061952312230197
267,3,65.8477081279224,62.72859327783921,5.4099438282393635,146.7362966224823,29.66894814407719
267,4,65.8477081279224,62.72859327783921,10.954435230375955,123.68412205534703,26.559397607118118
267,5,65.8477081279224,62.72859327783921,11.127330511634952,77.33708955109945,23.685573912902473
267,6,65.8477081279224,62.72859327783921,9.470902269695952,147.52292440626104,20.70719983089603
267,7,65.8477081279224,62.72859327783921,7.029599796348546,181.923181236405,16.340323515422845
267,8,65.8477081279224,62.72859327783921,10.833845669368724,353.46566924782877,12.717946408242135
267,9,65.8477081279224,62.72859327783921,10.114002755927032,329.2346302515367,11.499864725308761
267,10,65.8477081279224,62.72859327783921,9.60240257948329,383.4952685180262,12.936392849547815
267,11,65.8477081279224,62.72859327783921,10.338199819289152,410.94494217097287,17.011242091741554
268,0,30.89549589636101,57.71181097974429,9.73057598003947,299.50335698424385,18.747539785055057
268,1,30.89549589636101,57.71181097974429,7.527756895454081,489.5005090061919,24.469109190233983
268,2,30.89549589636101,57.71181097974429,6.06588599690187,425.20773249932256,27.086154656255786
268,3,30.89549589636101,57.71181097974429,10.137382939151202,262.76214192461345,29.368076956190233
268,4,30.89549589636101,57.71181097974429,9.310188734573428,93.97525022045012,24.59361739481827
268,5,30.89549589636101,57.71181097974429,5.565976416526202,117.10264342394343,23.69369670117397
268,6,30.89549589636101,57.71181097974429,9.57281369326332,166.76168820606662,17.23018188045202
268,7,30.89549589636101,57.71181097974429,7.930176649340137,185.4119933872187,14.455701322571684
268,8,30.89549589636101,57.71181097974429,5.589658726914917,333.7604151236335,12.536143559723033
268,9,30.89549589636101,57.71181097974429,10.076776067019937,391.2052114230203,13.234508894748515
268,10,30.89549589636101,57.71181097974429,9.662394533293932,375.2446934789616,13.065023604621102
268,11,30.89549589636101,57.71181097974429,7.260153302072453,350.29978064987944,17.217913259311974
269,0,56.91623230388979,61.58911381520295,8.155068279121506,437.1778008953617,19.96032774852799
269,1,56.91623230388979,61.58911381520295,7.202623910171747,386.98075046761625,22.946176562218355
269,2,56.91623230388979,61.58911381520295,5.959868928965728,293.91325539363703,28.1323948364993
269,3,56.91623230388979,61.58911381520295,6.652069634163704,223.06971432904703,28.62014354257723
269,4,56.91623230388979,61.58911381520295,10.409779558154675,162.3848066320313,25.954524327173836
269,5,56.91623230388979,61.58911381520295,9.814443223416207,98.21097742831131,24.16602837274876
269,6,56.91623230388979,61.58911381520295,9.575185024062295,122.37947142802673,18.272996969618156
269,7,56.91623230388979,61.58911381520295,8.692145864056139,208.34947273685032,16.114543842243354
269,8,56.91623230388979,61.58911381520295,7.229411421068494,353.1142565641359,13.753223263466639
269,9,56.91623230388979,61.58911381520295,9.149130460697515,264.77329103819153,10.418108212111163
269,10,56.91623230388979,61.58911381520295,8.378228091073886,389.20364643054006,14.113087363303508
269,11,56.91623230388979,61.58911381520295,6.630669928471739,361.11976083170987,17.773234283136404
270,0,36.51626502572525,56.6745273305518,7.2033090441290595,372.8003100557623,19.701960673816846
270,1,36.51626502572525,56.6745273305518,5.825261753193921,426.7140682429431,25.67165089983231
270,2,36.51626502572525,56.6745273305518,8.19744574498959,348.49412749164213,24.470696114236222
270,3,36.51626502572525,56.6745273305518,6.888149829353926,203.8664080565567,27.282194781376376
270,4,36.51626502572525,56.6745273305518,9.295111494179476,159.21665933202962,26.057565191979677
270,5,36.51626502572525,56.6745273305518,10.706260567856205,112.86099850587486,24.52649522179773
270,6,36.51626502572525,56.6745273305518,5.69373899370115,154.68991984367756,19.9597454447375
270,7,36.51626502572525,56.6745273305518,9.532980894054564,180.72100067450947,15.5950879902369
270,8,36.51626502572525,56.6745273305518,8.569770083465214,244.16623122516592,13.449074401904804
270,9,36.51626502572525,56.6745273305518,8.526194751948672,442.2167271549307,12.385668271075147
270,10,36.51626502572525,56.6745273305518,5.7572683603008326,378.02493680111405,12.383921788509735
270,11,36.51626502572525,56.6745273305518,5.945497436430691,343.92621675382486,14.52332938063794
271,0,59.59655123020024,56.83401092771478,8.6577867029478,401.4791248487344,21.929104069377328
271,1,59.59655123020024,56.83401092771478,8.392550128900634,340.3646597648096,23.276504674723256
271,2,59.59655123020024,56.83401092771478,10.221442700571917,379.18309448696044,28.343456851198404
271,3,59.59655123020024,56.83401092771478,7.86127428963121,267.8296065432318,26.773358331771423
271,4,59.59655123020024,56.83401092771478,7.489592982750554,175.88329663713105,26.375897296902334
271,5,59.59655123020024,56.83401092771478,7.556162958340851,161.20166811439992,25.280913327622237
271,6,59.59655123020024,56.83401092771478,11.898451325151324,157.10987056936128,19.380976736996914
271,7,59.59655123020024,56.83401092771478,10.656816008919385,136.63633411813296,18.07054331997029
271,8,59.59655123020024,56.83401092771478,11.716945859912169,400.21828010107794,11.1576480541193
271,9,59.59655123020024,56.83401092771478,9.57453490769261,316.9886344054478,9.82274497156874
271,10,59.59655123020024,56.83401092771478,11.245410479601384,446.7830450618314,12.762987395089052
271,11,59.59655123020024,56.83401092771478,6.208686882983896,335.4640556889912,16.80852000852769
272,0,70.35708976122032,57.25809739466635,3.647066414596596,343.09592361243546,20.5883905940573
272,1,70.35708976122032,57.25809739466635,10.287164602799878,373.69030368900246,23.476784676235138
272,2,70.35708976122032,57.25809739466635,2.2188318433676777,364.2781625878758,27.19209157656701
272,3,70.35708976122032,57.25809739466635,8.523457321108756,213.06399294738918,27.136195603750917
272,4,70.35708976122032,57.25809739466635,9.8143376293561,176.26638371261083,25.27065020515786
272,5,70.35708976122032,57.25809739466635,10.789440040715554,155.86835913874995,24.331358467380422
272,6,70.35708976122032,57.25809739466635,6.228286128405363,108.14976770496156,18.65695346391522
272,7,70.35708976122032,57.25809739466635,6.6087772946830565,165.0304282674742,18.04581628376778
272,8,70.35708976122032,57.25809739466635,8.766804026451492,324.2704929610462,12.866029460337584
272,9,70.35708976122032,57.25809739466635,9.609511689722174,371.7334142054944,12.779989941421025
272,10,70.35708976122032,57.25809739466635,5.492436244123922,387.1593017546765,11.738981174249922
272,11,70.35708976122032,57.25809739466635,8.92455528542366,340.16790357674955,17.85435573296878
273,0,71.05543232719378,68.2896033545176,5.927630226531982,382.16924814090527,20.757166367377046
273,1,71.05543232719378,68.2896033545176,8.981455671647023,289.46478514706536,24.18162752081401
273,2,71.05543232719378,68.2896033545176,7.459803629518282,337.778483624618,25.329873402627204
273,3,71.05543232719378,68.2896033545176,8.073483836794846,223.94856319149224,29.59412188075584
273,4,71.05543232719378,68.2896033545176,8.859335254824359,130.6489487600873,26.729088785811786
273,5,71.05543232719378,68.2896033545176,7.571998533914893,116.69396177960972,24.419664172818198
273,6,71.05543232719378,68.2896033545176,9.062474112494183,127.58711332523386,21.494239580073533
273,7,71.05543232719378,68.2896033545176,6.668363101910072,147.45407963103537,16.0808241785048
273,8,71.05543232719378,68.2896033545176,7.550315946941124,304.9532699313206,14.0355327525516
273,9,71.05543232719378,68.2896033545176,5.553385288051523,482.3675722875629,13.547496575538423
273,10,71.05543232719378,68.2896033545176,8.409072621765292,353.4795326493476,11.452983516417326
273,11,71.05543232719378,68.2896033545176,6.114232705765502,365.2471532999489,17.572123734355714
274,0,43.08968653290335,60.65607774431628,7.82177197916495,357.44122109382687,18.879993378683377
274,1,43.08968653290335,60.65607774431628,8.66825908592825,424.50057064372106,24.652976370869144
274,2,43.08968653290335,60.65607774431628,6.587162856815404,419.57378165022635,27.61081304595276
274,3,43.08968653290335,60.65607774431628,9.692331062647458,238.60446719534676,28.31504845131644
274,4,43.08968653290335,60.65607774431628,7.800123420308448,144.07996998758972,26.61955135354508
274,5,43.08968653290335,60.65607774431628,11.125600232222663,106.38559447066092,23.615283174452713
274,6,43.08968653290335,60.65607774431628,7.48604791618016,151.33805759256165,18.372076274768617
274,7,43.08968653290335,60.65607774431628,8.843156999937241,184.14055578474736,14.675059361337533
274,8,43.08968653290335,60.65607774431628,6.842686495969553,259.68211710702417,12.646471945412499
274,9,43.08968653290335,60.65607774431628,8.773437631518433,372.05528507701257,13.071391699232398
274,10,43.08968653290335,60.65607774431628,11.330556082502921,299.5086167986114,12.831164061843152
274,11,43.08968653290335,60.65607774431628,7.705285312109869,311.853669067543,15.11194841461299
275,0,57.151014841656746,67.22838669475608,1.7957009050891948,312.0957209667898,21.011608505910946
275,1,57.151014841656746,67.22838669475608,7.321038105260884,449.5494768291512,24.470791007392734
275,2,57.151014841656746,67.22838669475608,6.416822222927734,294.91202236189145,26.222559512361904
275,3,57.151014841656746,67.22838669475608,7.392543328840524,290.0397245548844,27.708840535629157
275,4,57.151014841656746,67.22838669475608,13.411279399448581,129.4736337849448,25.763270929542855
275,5,57.151014841656746,67.22838669475608,8.265007188692438,102.7513331387109,24.50725197907085
275,6,57.151014841656746,67.22838669475608,8.327194877144457,106.70960020066394,18.085480210679734
275,7,57.151014841656746,67.22838669475608,8.841004078990133,175.0989204802572,16.37224265268397
275,8,57.151014841656746,67.22838669475608,4.971447355474812,250.87607168273593,12.157425874362218
275,9,57.151014841656746,67.22838669475608,4.1032585348543495,265.14167384958535,11.572789243826001
275,10,57.151014841656746,67.22838669475608,7.254748386779695,449.18525929991705,12.499340027551133
275,11,57.151014841656746,67.22838669475608,6.4094781457758545,402.6070855735623,15.974214987257389
276,0,44.73436727102752,55.499214132389895,6.903253813693131,379.0951782978592,20.619951535920343
276,1,44.73436727102752,55.499214132389895,8.63856563003483,402.50468155085576,24.069190305511384
276,2,44.73436727102752,55.499214132389895,5.709950162911674,407.35754766245185,27.233720960967403
276,3,44.73436727102752,55.499214132389895,8.742107003386305,282.33241569578513,29.245324900228944
276,4,44.73436727102752,55.499214132389895,6.616519834909454,134.19251173203304,26.47597747249766
276,5,44.73436727102752,55.499214132389895,7.540564133096798,132.61160220147758,23.999879781277247
276,6,44.73436727102752,55.499214132389895,7.806660112872066,140.15133865578093,20.108080138646965
276,7,44.73436727102752,55.499214132389895,5.714457693320984,188.418737314658,14.98335840691343
276,8,44.73436727102752,55.499214132389895,9.424861801021983,277.83441337566006,12.51306434407107
276,9,44.73436727102752,55.499214132389895,9.431196206433578,493.9797353377059,13.47010611900932
276,10,44.73436727102752,55.499214132389895,9.688298272026103,404.45010631604686,14.51247817284853
276,11,44.73436727102752,55.499214132389895,7.252579263819342,396.2350980240716,15.709136726426578
277,0,107.40981830165467,61.73172456518544,6.833763784379474,278.16254751434843,19.62920557255368
277,1,107.40981830165467,61.73172456518544,7.863132929656127,430.3976522404188,22.586682502836045
277,2,107.40981830165467,61.73172456518544,6.643992284642224,372.851367404354,27.536982246611473
277,3,107.40981830165467,61.73172456518544,8.126184745126253,241.34053314167082,29.07450748091443
277,4,107.40981830165467,61.73172456518544,8.641044872691372,162.45392989727065,26.460714266379835
277,5,107.40981830165467,61.73172456518544,7.592871780020623,120.03969785130754,22.22464953098612
277,6,107.40981830165467,61.73172456518544,4.915167914052864,91.22583363529678,20.81720214032214
277,7,107.40981830165467,61.73172456518544,6.4793917691530005,146.99232134240427,15.358360364449378
277,8,107.40981830165467,61.73172456518544,10.03581188867043,290.1274020357474,13.139047478625862
277,9,107.40981830165467,61.73172456518544,6.489691162774728,413.9426726093438,12.54168242490865
277,10,107.40981830165467,61.73172456518544,9.260665546334472,405.6061414989847,12.679196360083354
277,11,107.40981830165467,61.73172456518544,8.056921468715798,408.3671862911433,16.001631544035543
278,0,44.923328936291966,57.283286507404,8.161183604556935,392.34872843831874,21.689714074311595
278,1,44.923328936291966,57.283286507404,7.644999351870875,351.5539908855283,24.595991906655808
278,2,44.923328936291966,57.283286507404,12.194481453597497,413.4784183790849,25.439252308660755
278,3,44.923328936291966,57.283286507404,7.469327804688481,226.97331845484757,27.60488158198907
278,4,44.923328936291966,57.283286507404,5.182819665798631,159.51606470592472,27.122073848243407
278,5,44.923328936291966,57.283286507404,12.127361323777226,103.73166127339495,22.680550596934147
278,6,44.923328936291966,57.283286507404,4.309259958638643,136.4151272546828,20.62892500017186
278,7,44.923328936291966,57.283286507404,6.6403126647468955,150.77835218205976,15.90562435815463
278,8,44.923328936291966,57.283286507404,8.578063878044677,351.09295597388234,11.93488349644915
278,9,44.923328936291966,57.283286507404,8.866548871554626,332.21848726363913,11.326592854048636
278,10,44.923328936291966,57.283286507404,6.899748700687398,466.6065202106175,14.20988518714957
278,11,44.923328936291966,57.283286507404,10.338179172686576,305.0251382941442,16.092304159133683
279,0,65.25513181850098,61.597393983014264,8.15195725543293,387.7628891333102,20.57671927823752
279,1,65.25513181850098,61.597393983014264,4.447870118224296,503.47106623381796,24.75643393420399
279,2,65.25513181850098,61.597393983014264,7.967021917519935,348.03205131154465,26.225456889862663
279,3,65.25513181850098,61.597393983014264,4.331700887334069,210.99091628082664,29.07079247760942
279,4,65.25513181850098,61.597393983014264,10.25062753664005,145.99271897612638,25.95210378078569
279,5,65.25513181850098,61.597393983014264,6.83554591340494,129.0178807222389,23.901291576874833
279,6,65.25513181850098,61.597393983014264,6.967789037768534,153.9675029330635,19.811389773249697
279,7,65.25513181850098,61.597393983014264,9.506690914156188,153.530596071652,16.99126270790444
279,8,65.25513181850098,61.597393983014264,9.051691553672029,216.12398385158602,13.35754191509048
279,9,65.25513181850098,61.597393983014264,8.831618592786755,306.54545607550403,10.845045218842293
279,10,65.25513181850098,61.597393983014264,9.797101365020218,464.07243332802545,14.05202697181939
279,11,65.25513181850098,61.597393983014264,8.467973569422849,359.587070961524,16.121516689642146
280,0,71.87260674692669,68.01120260419148,6.0817086940144796,300.3313992586108,21.24364523951567
280,1,71.87260674692669,68.01120260419148,9.985923101935647,360.1710054577969,24.43485368083274
280,2,71.87260674692669,68.01120260419148,7.021036298822727,394.42192044077206,26.42308498527719
280,3,71.87260674692669,68.01120260419148,9.091842237226357,153.4228558170848,26.934705091631223
280,4,71.87260674692669,68.01120260419148,9.984547147689288,141.0552144547216,25.251689787258258
280,5,71.87260674692669,68.01120260419148,9.562268809467197,116.7437345525297,21.187740510592985
280,6,71.87260674692669,68.01120260419148,10.830063101917208,136.4277614031283,20.644018051493283
280,7,71.87260674692669,68.01120260419148,8.380639309614335,168.1100802947797,17.377439704041045
280,8,71.87260674692669,68.01120260419148,10.427774101123346,240.34640967554546,14.38439714939106
280,9,71.87260674692669,68.01120260419148,7.2445859511061235,371.1827303183604,12.471685637583098
280,10,71.87260674692669,68.01120260419148,4.9993414991921465,458.4182867049188,12.744876817898204
280,11,71.87260674692669,68.01120260419148,5.698707436387557,308.8752548550767,16.52809151682179
281,0,58.11552166105615,67.4110611154587,10.421777944802239,421.3253204125062,20.206672475067293
281,1,58.11552166105615,67.4110611154587,7.313468553115488,383.35395444027506,24.23540315082419
281,2,58.11552166105615,67.4110611154587,7.9070014738758525,354.00294238147825,28.12045920356484
281,3,58.11552166105615,67.4110611154587,7.91095127154523,295.77393542040113,28.97505305446842
281,4,58.11552166105615,67.4110611154587,11.576946900939394,145.9954832468362,26.64338289919951
281,5,58.11552166105615,67.4110611154587,11.5558654268883,117.33904867043367,23.42848366886114
281,6,58.11552166105615,67.4110611154587,7.997560420815176,96.13366537065485,20.189381894060503
281,7,58.11552166105615,67.4110611154587,6.3494611771311185,161.77490463972205,16.73177831659461
281,8,58.11552166105615,67.4110611154587,7.526236863301855,254.49938026150832,13.277380346085781
281,9,58.11552166105615,67.4110611154587,6.351331704027665,419.87622770715546,12.139318503884772
281,10,58.11552166105615,67.4110611154587,9.301838507261301,507.62279604441,12.555511261108883
281,11,58.11552166105615,67.4110611154587,10.057782922549933,441.7789706340331,17.707720819644347
282,0,34.12336838249828,55.91644988321367,7.424513542566548,350.8980197873571,20.89116950280379
282,1,34.12336838249828,55.91644988321367,7.565624402917678,416.80416149789556,23.11142132641992
282,2,34.12336838249828,55.91644988321367,12.098789150298071,389.240650002354,27.521665132558216
282,3,34.12336838249828,55.91644988321367,6.96027538433035,257.3854169081465,27.730356269419936
282,4,34.12336838249828,55.91644988321367,11.316999950903016,138.48250143036822,26.601235625431613
282,5,34.12336838249828,55.91644988321367,10.502986593893876,119.12300418012993,24.582806699167218
282,6,34.12336838249828,55.91644988321367,9.707031544448261,118.49674711766198,20.140226746105704
282,7,34.12336838249828,55.91644988321367,7.295439567254874,161.23765267231255,15.212957405207812
282,8,34.12336838249828,55.91644988321367,7.272985808058241,242.01002132286723,12.73876227481209
282,9,34.12336838249828,55.91644988321367,11.179593906926337,343.85982975481176,11.705375165952283
282,10,34.12336838249828,55.91644988321367,10.380770421224364,425.3860185469592,14.184194342445123
282,11,34.12336838249828,55.91644988321367,9.682690343615697,450.4513068133349,15.503428442488632
283,0,38.8299580618103,63.71261599400089,6.139435333569347,284.37371275518984,20.852602660456704
283,1,38.8299580618103,63.71261599400089,9.06074301030925,273.7979244117599,24.134021038608978
283,2,38.8299580618103,63.71261599400089,6.735404592471822,400.52873064178675,26.93530320788785
283,3,38.8299580618103,63.71261599400089,4.275876388181511,279.3266575901408,27.28462428726267
283,4,38.8299580618103,63.71261599400089,5.975252701190995,134.60602168460525,27.409665647336904
283,5,38.8299580618103,63.71261599400089,10.646721211311434,107.33218590755752,24.375336261255335
283,6,38.8299580618103,63.71261599400089,6.383343257092292,127.15595855811497,19.696508629501036
283,7,38.8299580618103,63.71261599400089,9.659041738016462,215.25260043135702,15.457446600631316
283,8,38.8299580618103,63.71261599400089,9.965044719007224,260.5641384251537,12.879049877563393
283,9,38.8299580618103,63.71261599400089,8.093382706527612,416.78728316174613,11.578358292965145
283,10,38.8299580618103,63.71261599400089,8.723992093972834,371.0171245356032,14.8993160319523
283,11,38.8299580618103,63.71261599400089,7.462396893670899,315.4169130872462,16.400573918266478
284,0,39.995067935741176,64.22839907303519,7.628429439477589,431.991606663398,19.9122801672792
284,1,39.995067935741176,64.22839907303519,8.62896807377241,391.9956488362017,25.340467733515116
284,2,39.995067935741176,64.22839907303519,6.647994504886168,375.8225992704965,26.756783439505956
284,3,39.995067935741176,64.22839907303519,6.925283813024201,299.299315928946,27.264653780801726
284,4,39.995067935741176,64.22839907303519,5.352770493368222,128.19919596419143,26.93377171454767
284,5,39.995067935741176,64.22839907303519,9.786128930029435,115.43040341097728,24.043745043184746
284,6,39.995067935741176,64.22839907303519,7.672091217670986,151.3492218726706,20.303077992875508
284,7,39.995067935741176,64.22839907303519,11.050449118425659,145.15040581936935,17.293958183759592
284,8,39.995067935741176,64.22839907303519,8.173192354149094,251.25314702139642,14.13091534201723
284,9,39.995067935741176,64.22839907303519,9.706025533607823,333.7740947601425,12.201570963577788
284,10,39.995067935741176,64.22839907303519,8.504115869933148,395.01021627168313,12.925723530623722
284,11,39.995067935741176,64.22839907303519,8.595472077130465,335.7355098608555,16.836800494323622
285,0,56.1311348258296,59.21348371905443,6.852735068803253,403.35665673903776,20.494582570666765
285,1,56.1311348258296,59.21348371905443,9.570852258890948,376.3864109475916,23.87587875337892
285,2,56.1311348258296,59.21348371905443,9.759656605011033,261.156096645456,26.381496025745445
285,3,56.1311348258296,59.21348371905443,5.797932994328413,276.56824087512854,28.227655372513095
285,4,56.1311348258296,59.21348371905443,9.724869921244103,116.93071972288682,26.758542249128137
285,5,56.1311348258296,59.21348371905443,4.232326110424005,116.70730805452777,23.295703153994857
285,6,56.1311348258296,59.21348371905443,7.141315798256873,118.76177322787869,19.367670965525065
285,7,56.1311348258296,59.21348371905443,8.178823221486779,158.9024574292727,16.853629323901984
285,8,56.1311348258296,59.21348371905443,5.63324902430083,212.10986436998311,11.558379453053856
285,9,56.1311348258296,59.21348371905443,7.217766851858373,410.5934939516115,13.788894048579662
285,10,56.1311348258296,59.21348371905443,8.789246066080963,348.20312669905826,12.62775163858973
285,11,56.1311348258296,59.21348371905443,5.734865880219079,383.6363143205414,17.21460189657343
286,0,60.996938881846354,57.99652072950248,7.497823391174468,371.6622284042666,19.220513293728764
286,1,60.996938881846354,57.99652072950248,5.233034005612714,333.49112174468405,23.06914467502019
286,2,60.996938881846354,57.99652072950248,8.122587046804986,331.4890148589967,28.369591215597172
286,3,60.996938881846354,57.99652072950248,9.553609951085251,247.84195463577,27.45830497952851
286,4,60.996938881846354,57.99652072950248,7.497737199175656,100.02808979754462,26.21384110776751
286,5,60.996938881846354,57.99652072950248,7.9663611539363455,103.56960395957014,22.627272322452907
286,6,60.996938881846354,57.99652072950248,5.474714340790939,168.44517687065377,19.230508157856054
286,7,60.996938881846354,57.99652072950248,10.081261621858609,146.0602919125307,14.749441087426105
286,8,60.996938881846354,57.99652072950248,6.7076042937363685,271.87508750067985,12.503261665398812
286,9,60.996938881846354,57.99652072950248,11.188711126294331,407.3322105164026,13.220366909713933
286,10,60.996938881846354,57.99652072950248,6.716828629987033,446.42344172405654,14.391373981068416
286,11,60.996938881846354,57.99652072950248,5.155035854939415,380.7522719148878,12.138555697804929
287,0,24.878601749969334,55.642538052853865,9.991701477074686,295.296742831724,20.38913361025623
287,1,24.878601749969334,55.642538052853865,8.146311591785478,347.0830248729234,25.17345479109844
287,2,24.878601749969334,55.642538052853865,6.998496386321689,405.6520511625083,27.04459227453825
287,3,24.878601749969334,55.642538052853865,11.302164865094433,314.81765378092007,27.736006808809037
287,4,24.878601749969334,55.642538052853865,1.420793110703805,156.86723190466878,26.256853952164263
287,5,24.878601749969334,55.642538052853865,6.1859898292630024,113.52926303353965,22.366568157319424
287,6,24.878601749969334,55.642538052853865,9.432883523518196,150.56660528050782,18.215931625583323
287,7,24.878601749969334,55.642538052853865,10.051030537029487,192.27211826091727,16.545316423921538
287,8,24.878601749969334,55.642538052853865,6.748264384984783,281.6549693882907,12.304464704040134
287,9,24.878601749969334,55.642538052853865,11.909628664333525,342.1257835815861,11.24499041103955
287,10,24.878601749969334,55.642538052853865,10.252606394136858,398.73943878965514,12.16139198217363
287,11,24.878601749969334,55.642538052853865,4.45524216648705,399.37211775932224,15.531119384320762
288,0,49.66846298933588,60.81882655430746,7.123039642607749,428.6243904775421,19.201701173675534
288,1,49.66846298933588,60.81882655430746,5.9758541975710395,286.8803964969619,23.810457844359657
288,2,49.66846298933588,60.81882655430746,3.3405041290070994,331.279366320753,27.70550057978705
288,3,49.66846298933588,60.81882655430746,7.191807877050295,250.22011227488977,29.287735567951902
288,4,49.66846298933588,60.81882655430746,7.659840869272099,162.51739560459558,27.391933251291324
288,5,49.66846298933588,60.81882655430746,8.471673181160336,139.27844828756827,24.558543592740207
288,6,49.66846298933588,60.81882655430746,8.155388938015607,136.60675841070906,20.334212836261923
288,7,49.66846298933588,60.81882655430746,10.211482201967902,149.47684523453722,17.15180736840539
288,8,49.66846298933588,60.81882655430746,11.301379148069248,329.71703109443547,14.796551121045932
288,9,49.66846298933588,60.81882655430746,8.400603659221517,409.55344578003394,12.285155790018221
288,10,49.66846298933588,60.81882655430746,8.611376243390293,441.86515189538045,12.112683055958353
288,11,49.66846298933588,60.81882655430746,8.105509076592524,388.1716730031619,16.83190007938198
289,0,40.19978738186033,53.19836308697525,10.146891758420345,389.38396263984333,21.055182140346655
289,1,40.19978738186033,53.19836308697525,9.749097693913294,437.49637546555056,26.31733019080685
289,2,40.19978738186033,53.19836308697525,8.21688102702986,410.00916919107874,26.61692441598791
289,3,40.19978738186033,53.19836308697525,4.171077823244321,251.35711620286108,27.26710753253096
289,4,40.19978738186033,53.19836308697525,6.4563838257653,140.75077012841192,25.648937433904326
289,5,40.19978738186033,53.19836308697525,8.930217467672845,114.95994818225377,23.475503557680295
289,6,40.19978738186033,53.19836308697525,6.95551493636216,143.12550147995717,20.478280255731956
289,7,40.19978738186033,53.19836308697525,9.05301490907786,205.74872275586586,16.691158906315767
289,8,40.19978738186033,53.19836308697525,8.177306034587136,248.23302175535898,13.128465289689956
289,9,40.19978738186033,53.19836308697525,8.592092876508175,366.03292250042864,12.459656479691471
289,10,40.19978738186033,53.19836308697525,7.57480541810928,416.6113908673605,12.071586796345764
289,11,40.19978738186033,53.19836308697525,9.482663691106923,359.0564524744715,16.83168511723706
290,0,72.06468281870093,58.72566904549877,11.956410984837742,348.37955542507905,19.273674412951145
290,1,72.06468281870093,58.72566904549877,8.696611816115091,289.14615904099117,24.238520216727597
290,2,72.06468281870093,58.72566904549877,7.5770937656849275,421.1746059399294,27.71693379285492
290,3,72.06468281870093,58.72566904549877,11.20997308639487,259.9018313844952,28.036034762430152
290,4,72.06468281870093,58.72566904549877,5.868104947178152,144.69580884333385,26.668649777373677
290,5,72.06468281870093,58.72566904549877,7.600094998470945,116.83932085988577,25.06225213801381
290,6,72.06468281870093,58.72566904549877,6.407706297726917,123.34749196301205,20.16339106466845
290,7,72.06468281870093,58.72566904549877,7.7007868044411305,180.98685527126779,16.285314037674897
290,8,72.06468281870093,58.72566904549877,10.013130100303302,270.3823007867565,13.516132094164252
290,9,72.06468281870093,58.72566904549877,5.595096643113995,435.6249280602001,13.966155013906786
290,10,72.06468281870093,58.72566904549877,7.376848067639287,395.8620554531833,12.905917123706613
290,11,72.06468281870093,58.72566904549877,9.111601335260357,367.8468493613063,16.256809450786637
291,0,45.60634348056291,60.39660783165714,10.206910538319228,326.1925894011182,21.760010808851156
291,1,45.60634348056291,60.39660783165714,8.657640230257197,424.9842202280202,23.610546912986056
291,2,45.60634348056291,60.39660783165714,10.54458647139662,359.9258005757548,26.737157070202763
291,3,45.60634348056291,60.39660783165714,9.425481499649383,270.0672016597471,27.14402340297205
291,4,45.60634348056291,60.39660783165714,8.299198477864762,149.96383480012622,26.0668977409129
291,5,45.60634348056291,60.39660783165714,9.073068903188863,95.57682699834888,24.041963336157735
291,6,45.60634348056291,60.39660783165714,8.466023251158587,96.6771851820893,22.114000532917355
291,7,45.60634348056291,60.39660783165714,9.181756621957671,185.1789978706948,17.633103878083514
291,8,45.60634348056291,60.39660783165714,8.242282797008974,209.3833653093532,14.125198742984916
291,9,45.60634348056291,60.39660783165714,7.206837353979939,387.7592755661689,11.28923188893214
291,10,45.60634348056291,60.39660783165714,6.012080251075872,369.57299748305724,13.34598832510551
291,11,45.60634348056291,60.39660783165714,6.975912155745747,338.37650864002734,15.608490554476925
292,0,70.86706003904276,56.32650773744486,6.190644424150692,331.8742360037761,20.360478797048476
292,1,70.86706003904276,56.32650773744486,7.353923913873641,361.70705616984094,23.281951111813527
292,2,70.86706003904276,56.32650773744486,7.636384776428202,315.0519879111825,26.972543089134966
292,3,70.86706003904276,56.32650773744486,5.223679437734413,218.22587435925516,28.591635619185542
292,4,70.86706003904276,56.32650773744486,13.187057394788905,169.33670944888098,25.586631713315178
292,5,70.86706003904276,56.32650773744486,7.499697088097358,127.70332029055733,23.82959821329502
292,6,70.86706003904276,56.32650773744486,12.406307654097645,157.84769363251547,19.437635296580346
292,7,70.86706003904276,56.32650773744486,6.983830863298792,139.2689307132546,15.88760172393383
292,8,70.86706003904276,56.32650773744486,5.267967630912636,277.89250422947254,13.004910172866742
292,9,70.86706003904276,56.32650773744486,8.502333140965897,395.5516508827899,9.780228638767735
292,10,70.86706003904276,56.32650773744486,9.411712405976635,344.8258194880818,13.014418241048135
292,11,70.86706003904276,56.32650773744486,4.346865465863445,340.54027391351815,16.589577637054166
293,0,35.632785260181855,54.06593185033552,5.744104235496357,436.94159142454885,18.924599935723805
293,1,35.632785260181855,54.06593185033552,3.2171710559498097,382.523409625988,21.63764931295841
293,2,35.632785260181855,54.06593185033552,9.017121162699619,395.067353721993,27.587536226147044
293,3,35.632785260181855,54.06593185033552,9.109609312792285,226.81875246017296,27.81053489870163
293,4,35.632785260181855,54.06593185033552,7.925780927615462,137.45838395215728,26.301386126227484
293,5,35.632785260181855,54.06593185033552,7.885901240432583,134.40605834661093,22.916288607744455
293,6,35.632785260181855,54.06593185033552,6.739709053027348,151.18647142584288,20.41659528018016
293,7,35.632785260181855,54.06593185033552,10.709316669283668,220.4320368592493,15.776909963554665
293,8,35.632785260181855,54.06593185033552,9.312250426756195,357.2025364778604,12.905841539508684
293,9,35.632785260181855,54.06593185033552,9.032777061476166,318.7170327274472,12.469838197366162
293,10,35.632785260181855,54.06593185033552,8.425216232938546,322.2747347291649,13.204505753345217
293,11,35.632785260181855,54.06593185033552,8.205803993835213,319.1183033348279,16.72026209144885
294,0,49.85887611530594,63.614009957770854,7.3379551823416564,375.7028899044618,20.123701287333372
294,1,49.85887611530594,63.614009957770854,10.23621379298217,404.8602084091288,20.17497567241918
294,2,49.85887611530594,63.614009957770854,6.775098517587271,303.1471401776229,27.963870499474332
294,3,49.85887611530594,63.614009957770854,9.628766583938749,270.4894740847654,27.477475690669813
294,4,49.85887611530594,63.614009957770854,8.560444831250535,142.55344224092383,25.488964691244377
294,5,49.85887611530594,63.614009957770854,6.450320072979116,129.66919502509595,23.57245251707808
294,6,49.85887611530594,63.614009957770854,6.676920981340559,150.73988033173674,20.614680517613664
294,7,49.85887611530594,63.614009957770854,5.813880864225933,202.44512020977646,16.46464592609479
294,8,49.85887611530594,63.614009957770854,10.693528196502855,305.9319100223473,12.678244167086719
294,9,49.85887611530594,63.614009957770854,4.477383101692355,403.31916080600877,11.32613942632995
294,10,49.85887611530594,63.614009957770854,11.266023002792679,451.10596748289447,14.620816244145498
294,11,49.85887611530594,63.614009957770854,5.822401244852713,335.3507051415931,15.718981585288692
295,0,46.01582782282207,58.95799751324264,6.600975335906187,276.07862814980587,19.979577249938174
295,1,46.01582782282207,58.95799751324264,7.394072007451288,424.2918354894885,22.8471946269464
295,2,46.01582782282207,58.95799751324264,7.78145439725016,373.5955698079937,23.97838453816742
295,3,46.01582782282207,58.95799751324264,6.35553202304491,222.31600955883837,27.78842433616678
295,4,46.01582782282207,58.95799751324264,5.848766053392872,112.93654345879436,25.626932295849443
295,5,46.01582782282207,58.95799751324264,5.508813185031428,94.14421518085544,24.733299795374155
295,6,46.01582782282207,58.95799751324264,8.21661337063136,158.03447889288614,19.212058721340394
295,7,46.01582782282207,58.95799751324264,10.360484194557761,150.22020741750208,14.088085050115511
295,8,46.01582782282207,58.95799751324264,8.370261871707651,304.56491701049487,13.111974189358731
295,9,46.01582782282207,58.95799751324264,8.230319429645167,367.2303441793525,13.547991358338766
295,10,46.01582782282207,58.95799751324264,10.267369746229498,420.2681239159455,14.51991292154714
295,11,46.01582782282207,58.95799751324264,7.614146305773708,319.2503528604678,14.65835969769724
296,0,35.23540267645413,52.208124574969936,8.44739533904637,359.9922489779338,19.51249320311895
296,1,35.23540267645413,52.208124574969936,4.80928702502605,348.3310863914135,24.71144260119524
296,2,35.23540267645413,52.208124574969936,9.476422541417952,356.7654456885184,24.978760634858247
296,3,35.23540267645413,52.208124574969936,13.095966520260996,266.8099289214844,27.376466840371556
296,4,35.23540267645413,52.208124574969936,4.366876394239534,106.24506334629953,26.96602656241265
296,5,35.23540267645413,52.208124574969936,6.022824724838159,126.90237891696158,24.91422460987464
296,6,35.23540267645413,52.208124574969936,7.591023973430188,179.6543926720017,20.180148252478286
296,7,35.23540267645413,52.208124574969936,4.9025132375796145,164.17565652316082,15.94223756680898
296,8,35.23540267645413,52.208124574969936,10.445454083050537,223.92985682117396,11.879694750365477
296,9,35.23540267645413,52.208124574969936,6.305110975981396,284.9515994717048,11.358188665768603
296,10,35.23540267645413,52.208124574969936,9.751954120615338,401.3975238736982,13.597018441725366
296,11,35.23540267645413,52.208124574969936,6.89575438922276,445.7021679748423,18.52918212959221
297,0,74.60999075447423,58.69596443387215,6.558043090408763,326.2918508090965,20.97412703775787
297,1,74.60999075447423,58.69596443387215,7.157947645986885,359.74114762789605,24.382581187638767
297,2,74.60999075447423,58.69596443387215,4.602650353042088,474.36907986154665,26.828607442879765
297,3,74.60999075447423,58.69596443387215,9.168769724214547,237.81358106164345,28.912290328484254
297,4,74.60999075447423,58.69596443387215,8.26798742221465,135.38551804943083,26.94227173193944
297,5,74.60999075447423,58.69596443387215,7.216967683237523,115.20984359431868,24.149614502201377
297,6,74.60999075447423,58.69596443387215,7.613593062413216,113.77893256211524,18.984603849067074
297,7,74.60999075447423,58.69596443387215,7.615215508938594,186.0012059780016,17.90367259462283
297,8,74.60999075447423,58.69596443387215,7.561604921320161,326.56434149889674,13.303938131094132
297,9,74.60999075447423,58.69596443387215,10.567070090009375,306.5065376043088,11.546052136636893
297,10,74.60999075447423,58.69596443387215,9.47385633437948,471.1256058299648,12.513139186132255
297,11,74.60999075447423,58.69596443387215,10.9719130328685,381.83522081841755,16.52296857190281
298,0,62.60892249928651,61.4682456263832,6.0214660497075085,380.94847757896616,20.246985714432867
298,1,62.60892249928651,61.4682456263832,9.55386822568081,338.9453175093579,23.5638759639542
298,2,62.60892249928651,61.4682456263832,7.662929519601786,464.1957962563687,25.765438660580067
298,3,62.60892249928651,61.4682456263832,6.522893444592325,229.26571462681886,28.35193570838206
298,4,62.60892249928651,61.4682456263832,5.781298927110687,174.34373794494297,27.850920680138742
298,5,62.60892249928651,61.4682456263832,8.53373589941064,95.62973923477858,25.117862991503706
298,6,62.60892249928651,61.4682456263832,8.338330703074913,174.31831898078133,20.907445822642174
298,7,62.60892249928651,61.4682456263832,9.856165476913734,188.77755077973933,16.05849101757729
298,8,62.60892249928651,61.4682456263832,9.213830843907429,285.52659990654934,10.355189212537812
298,9,62.60892249928651,61.4682456263832,8.060169123059692,420.79755000495805,11.823620839215067
298,10,62.60892249928651,61.4682456263832,10.341225867588488,395.4614640392454,13.841185162416329
298,11,62.60892249928651,61.4682456263832,14.055942628493282,461.787641745175,15.556872837429404
299,0,31.05975175560988,56.80597916960537,11.607569594891423,279.4035995385968,18.988437137389848
299,1,31.05975175560988,56.80597916960537,7.134091466763393,360.3147475583912,23.249236147960954
299,2,31.05975175560988,56.80597916960537,9.049214360394311,503.8629663730283,26.626369550699525
299,3,31.05975175560988,56.80597916960537,8.927174493101065,292.65022465401967,26.750779045839142
299,4,31.05975175560988,56.80597916960537,1.923530254899271,89.23114012107922,27.409628797371454
299,5,31.05975175560988,56.80597916960537,8.460466702482124,101.26805417699941,24.021191001532134
299,6,31.05975175560988,56.80597916960537,7.8408344542599995,131.5080173396074,20.137486668596743
299,7,31.05975175560988,56.80597916960537,8.802408040904801,157.6933328138718,15.267281004463001
299,8,31.05975175560988,56.80597916960537,7.109494747636342,292.51271480411674,12.845111370959284
299,9,31.05975175560988,56.80597916960537,6.989785400027066,352.11061104998737,11.489438132475412
299,10,31.05975175560988,56.80597916960537,5.474109968635344,380.0053236942403,13.452106303785692
299,11,31.05975175560988,56.80597916960537,4.957747353401729,320.0464086535463,15.280042083824245
300,0,32.177799980142865,61.85230024271535,8.835667478658193,394.022492211355,19.868039159079128
300,1,32.177799980142865,61.85230024271535,7.865079957884474,383.60950286487235,24.055787697806135
300,2,32.177799980142865,61.85230024271535,9.006592460534295,351.9113295663132,26.933153933815646
300,3,32.177799980142865,61.85230024271535,8.055901657379396,259.02722835610814,28.760470281191274
300,4,32.177799980142865,61.85230024271535,5.318733813410563,144.21353613526838,27.306927272314443
300,5,32.177799980142865,61.85230024271535,9.06573545802971,134.2653373314291,23.560152218871767
300,6,32.177799980142865,61.85230024271535,8.450674901611084,184.71122723778194,20.013112363376607
300,7,32.177799980142865,61.85230024271535,8.715846380839372,169.25518150591927,16.369340671787395
300,8,32.177799980142865,61.85230024271535,9.065846671588446,342.84106592615564,13.887576185882644
300,9,32.177799980142865,61.85230024271535,8.880826045341237,396.83558775036545,11.653475067996226
300,10,32.177799980142865,61.85230024271535,11.125561287697451,377.3073784299944,12.885538609208387
300,11,32.177799980142865,61.85230024271535,5.520550585115618,328.58374519058896,15.199924300455034
301,0,82.10191116813006,60.7655003046432,8.51896485991052,308.1886423911439,20.479700080378944
301,1,82.10191116813006,60.7655003046432,5.773236523451814,393.44979533442216,24.20583754297972
301,2,82.10191116813006,60.7655003046432,8.856369904791894,343.677172706935,27.96630694407621
301,3,82.10191116813006,60.7655003046432,5.226627062082566,235.77439220056831,27.40547085570613
301,4,82.10191116813006,60.7655003046432,7.745175668769545,150.55251018335974,26.48345608464323
301,5,82.10191116813006,60.7655003046432,4.8953466633299545,83.64372101227073,24.11107435239003
301,6,82.10191116813006,60.7655003046432,9.496763826970312,156.94933021101534,19.812045038778162
301,7,82.10191116813006,60.7655003046432,6.31230211571327,202.41570341212656,16.115007680382387
301,8,82.10191116813006,60.7655003046432,8.542607166796627,241.80655861188177,12.593576698697426
301,9,82.10191116813006,60.7655003046432,7.85625700316969,351.35110502731334,11.937217152381873
301,10,82.10191116813006,60.7655003046432,3.512117733103598,377.1806852304209,13.840627739772943
301,11,82.10191116813006,60.7655003046432,8.921587996075289,365.89253291197,15.967269556112699
302,0,48.85621019992359,61.5984091836604,8.962560488260703,300.11110223280764,21.22678856377489
302,1,48.85621019992359,61.5984091836604,5.597138756843787,354.5641794278947,23.579384568449164
302,2,48.85621019992359,61.5984091836604,5.241372254700057,336.042489450009,24.979329198898963
302,3,48.85621019992359,61.5984091836604,4.938718941525266,295.7132723869186,28.710536897746692
302,4,48.85621019992359,61.5984091836604,5.836348535761138,138.96641054536798,26.22971807370067
302,5,48.85621019992359,61.5984091836604,6.6795196787187265,105.66846158551054,24.00615763024154
302,6,48.85621019992359,61.5984091836604,5.247989153830208,136.5016639766538,19.925169018215314
302,7,48.85621019992359,61.5984091836604,10.06154396790985,207.15451807847896,15.961980691960791
302,8,48.85621019992359,61.5984091836604,7.694181567015462,228.05129889593837,12.226136853606524
302,9,48.85621019992359,61.5984091836604,5.8903595059085765,303.0740260986562,10.814275817548413
302,10,48.85621019992359,61.5984091836604,3.875554274967241,383.7946375131665,12.379635259167578
302,11,48.85621019992359,61.5984091836604,7.6322093289703155,408.8414006382734,16.261587435548588
303,0,40.00357247318371,58.05475561838629,7.456336283114926,349.1361096804339,18.892089259505468
303,1,40.00357247318371,58.05475561838629,9.628820495269212,339.97139330857505,22.8258624776852
303,2,40.00357247318371,58.05475561838629,5.090434746901581,286.4461044778011,26.298472945777878
303,3,40.00357247318371,58.05475561838629,6.801996220790076,127.029623244044,28.104760080142608
303,4,40.00357247318371,58.05475561838629,11.207035668395687,134.03660920071033,25.837230101667227
303,5,40.00357247318371,58.05475561838629,6.918593605009442,142.02022550064606,22.749934681631434
303,6,40.00357247318371,58.05475561838629,7.40050963144553,150.623330627346,19.147384716933217
303,7,40.00357247318371,58.05475561838629,9.905743177063613,179.98696973851952,15.601514007384958
303,8,40.00357247318371,58.05475561838629,8.790215155614309,318.01329124251225,12.794676290478941
303,9,40.00357247318371,58.05475561838629,5.94815318589734,298.31172385595835,12.55375447200186
303,10,40.00357247318371,58.05475561838629,8.604910297174344,389.4171725932821,12.004671799468131
303,11,40.00357247318371,58.05475561838629,4.954004721219789,396.6826058887601,16.68727930854255
304,0,57.99404044203171,57.2865694586654,5.672353335169198,357.14645410682317,19.348413805134744
304,1,57.99404044203171,57.2865694586654,7.207996018338555,271.60788410155675,24.916630290286665
304,2,57.99404044203171,57.2865694586654,9.673548935530428,410.17518869886715,27.63108870119845
304,3,57.99404044203171,57.2865694586654,7.758614097248795,218.68568305751185,27.08125245794293
304,4,57.99404044203171,57.2865694586654,9.036459867430139,166.56068902114683,26.798279866595745
304,5,57.99404044203171,57.2865694586654,8.192708184727152,110.42748612580752,22.914470423734638
304,6,57.99404044203171,57.2865694586654,7.924038020137085,145.6375545901463,20.161931501474847
304,7,57.99404044203171,57.2865694586654,8.394346166455946,176.98452400638337,16.165370984580065
304,8,57.99404044203171,57.2865694586654,7.979601715167683,275.9609939871701,14.632895712709315
304,9,57.99404044203171,57.2865694586654,9.854484411040701,405.7536694521362,10.50608243592994
304,10,57.99404044203171,57.2865694586654,8.218574247977362,426.6172344962923,13.218119685082245
304,11,57.99404044203171,57.2865694586654,9.754340124263038,407.08394229849745,16.61821824888076
305,0,63.43361092399946,64.87716132338598,8.260776462777873,274.54259175755664,19.10510772472444
305,1,63.43361092399946,64.87716132338598,3.621552711140322,433.44519614079434,23.63939993763002
305,2,63.43361092399946,64.87716132338598,7.266790925725493,327.5709092263416,26.566021041316688
305,3,63.43361092399946,64.87716132338598,8.61454067525401,254.41074604875337,27.601225938029025
305,4,63.43361092399946,64.87716132338598,7.946106373462203,123.42092797143778,25.689851000051444
305,5,63.43361092399946,64.87716132338598,8.609131015184698,123.30584740474268,23.436642373238865
305,6,63.43361092399946,64.87716132338598,7.366951894352434,129.81768779203117,18.69294642308396
305,7,63.43361092399946,64.87716132338598,5.6378408771548845,173.54396752140406,16.797497998466078
305,8,63.43361092399946,64.87716132338598,11.32564431383351,243.01801048127382,13.2188847353684
305,9,63.43361092399946,64.87716132338598,5.601715782529348,377.46880025050143,12.524916947445845
305,10,63.43361092399946,64.87716132338598,10.645402713171787,443.92491490967296,13.059340025713588
305,11,63.43361092399946,64.87716132338598,8.121386576442216,347.74289816136115,17.57239719660589
306,0,47.16974224839843,61.11865720188596,4.866159134423045,291.6391089159983,20.002159340390563
306,1,47.16974224839843,61.11865720188596,9.489880875432906,470.3692771669654,23.7525151568322
306,2,47.16974224839843,61.11865720188596,4.575553964744061,358.17815100395313,26.151668215248023
306,3,47.16974224839843,61.11865720188596,7.819097054814523,239.9052926210827,30.238737844956095
306,4,47.16974224839843,61.11865720188596,6.534842367382359,104.95567923426677,24.628208777734283
306,5,47.16974224839843,61.11865720188596,4.67723221322895,124.43154658733226,24.144005671822093
306,6,47.16974224839843,61.11865720188596,7.92749023809236,143.25798727564126,19.766068307696194
306,7,47.16974224839843,61.11865720188596,5.716080377898565,189.20277939368458,15.318860938516815
306,8,47.16974224839843,61.11865720188596,9.517922608950796,262.670257890095,13.896734173889339
306,9,47.16974224839843,61.11865720188596,6.167543340679927,332.35029184727057,11.955061544340877
306,10,47.16974224839843,61.11865720188596,3.3710402862076343,418.2686201000944,13.110009388967288
306,11,47.16974224839843,61.11865720188596,10.405730619128512,398.1818855618387,16.48468124480887
307,0,70.45608590100018,61.96475495750868,5.797199185756504,393.8055744167656,20.832778031000252
307,1,70.45608590100018,61.96475495750868,9.59144601625654,375.6244155084337,23.67656611441198
307,2,70.45608590100018,61.96475495750868,4.046279266773113,388.87857767463106,28.137198027451966
307,3,70.45608590100018,61.96475495750868,7.931808909532147,198.29991392525392,27.524637509895005
307,4,70.45608590100018,61.96475495750868,10.985074046162538,149.88810111557342,27.389033789053894
307,5,70.45608590100018,61.96475495750868,8.887610067532645,168.09628152762377,24.23426537910841
307,6,70.45608590100018,61.96475495750868,6.104938782541309,149.00831208777183,20.72789450341074
307,7,70.45608590100018,61.96475495750868,3.485894577090211,155.66445034888588,15.16164044456901
307,8,70.45608590100018,61.96475495750868,7.232555646684944,307.64466582219967,13.367754281049928
307,9,70.45608590100018,61.96475495750868,6.547714594352049,381.5402843032664,12.792220314508798
307,10,70.45608590100018,61.96475495750868,9.07635911038884,394.8564014501081,12.331778865729651
307,11,70.45608590100018,61.96475495750868,8.172951670134106,438.96251628240725,16.800999202860993
308,0,38.30333373895425,62.911899748382204,6.671268922770965,321.07588403075795,20.64638679113135
308,1,38.30333373895425,62.911899748382204,9.3215237233775,384.83813791735895,24.783501292601695
308,2,38.30333373895425,62.911899748382204,7.541558701587447,344.6795044186122,27.216166760556405
308,3,38.30333373895425,62.911899748382204,12.075191322110172,212.10088681047523,29.13419585569004
308,4,38.30333373895425,62.911899748382204,6.582234674451515,158.83307233602252,26.37348072316735
308,5,38.30333373895425,62.911899748382204,8.055653899125932,106.4915165318823,24.086601959015162
308,6,38.30333373895425,62.911899748382204,4.1689535982581205,134.70134809142237,22.719764007566607
308,7,38.30333373895425,62.911899748382204,8.996133717042644,173.2413901665062,16.380572744731428
308,8,38.30333373895425,62.911899748382204,7.711042777488277,289.32469817165907,13.224700194815028
308,9,38.30333373895425,62.911899748382204,9.136000913800974,382.9325132004568,10.925029851150097
308,10,38.30333373895425,62.911899748382204,5.660495851445712,260.18833787973534,11.965948420085816
308,11,38.30333373895425,62.911899748382204,6.541123491167829,344.4990443657068,15.525898508835196
309,0,53.27780101209308,61.67251902896959,6.452750598627515,334.57517088826364,18.84182425795018
309,1,53.27780101209308,61.67251902896959,6.564434336841174,418.90528870728247,24.811102220615542
309,2,53.27780101209308,61.67251902896959,5.105199407863795,451.18905414448824,26.645567902078668
309,3,53.27780101209308,61.67251902896959,9.12148760820088,228.02502415049065,27.379202464113852
309,4,53.27780101209308,61.67251902896959,5.87255027200683,110.46619381338033,28.47980289016158
309,5,53.27780101209308,61.67251902896959,7.6437021326439485,111.08496401511175,23.712272561521303
309,6,53.27780101209308,61.67251902896959,11.559742049284361,163.43141805199903,20.2200470019896
309,7,53.27780101209308,61.67251902896959,8.919140553297808,137.7058688234574,16.1019814417594
309,8,53.27780101209308,61.67251902896959,8.149215821414545,249.56683908035288,11.733741386504256
309,9,53.27780101209308,61.67251902896959,6.841513159133345,337.19499259035115,12.789226682282086
309,10,53.27780101209308,61.67251902896959,9.942960456677467,348.5968178952892,13.88536003262724
309,11,53.27780101209308,61.67251902896959,7.301831912083389,430.42394558783025,15.543703405448493
310,0,30.57668597950253,61.79715789751532,14.226384733240117,452.8850557182925,19.345922050089833
310,1,30.57668597950253,61.79715789751532,9.688745624675299,528.8475558295502,23.486661086668768
310,2,30.57668597950253,61.79715789751532,7.288086799023266,444.33510849202935,27.990582777579053
310,3,30.57668597950253,61.79715789751532,10.098533688362105,202.235682738529,27.834502475174276
310,4,30.57668597950253,61.79715789751532,10.22692790103918,142.81443093618307,27.289161140636374
310,5,30.57668597950253,61.79715789751532,6.210275327859252,113.2628065800687,23.87822537386761
310,6,30.57668597950253,61.79715789751532,10.669578289466285,124.7111237889554,21.598795170314883
310,7,30.57668597950253,61.79715789751532,7.443431490188765,156.2333142821273,16.596659250096273
310,8,30.57668597950253,61.79715789751532,7.945400176068652,274.827242743106,13.18314759763889
310,9,30.57668597950253,61.79715789751532,10.62675065375662,359.8805730043974,12.026769435941977
310,10,30.57668597950253,61.79715789751532,4.222215660691285,300.36391526861087,11.923944628241332
310,11,30.57668597950253,61.79715789751532,11.358468246400202,423.417278707491,15.282785346153815
311,0,32.787124120892784,61.51503700223152,7.466941484702891,455.00464973328786,20.78566714835472
311,1,32.787124120892784,61.51503700223152,5.832562313312437,422.0279633926919,25.755661065039426
311,2,32.787124120892784,61.51503700223152,8.068176417338233,324.83153845000294,27.69576750865769
311,3,32.787124120892784,61.51503700223152,11.93916439377077,201.54288502356542,27.629616399273463
311,4,32.787124120892784,61.51503700223152,8.880826727725434,154.83538237894575,26.307750954036084
311,5,32.787124120892784,61.51503700223152,8.569691011319822,136.5731955032087,22.409524547360657
311,6,32.787124120892784,61.51503700223152,9.962046589333038,143.89466296572107,20.552128412690486
311,7,32.787124120892784,61.51503700223152,7.321916424411183,130.45133348580345,16.334953762050166
311,8,32.787124120892784,61.51503700223152,7.29879319864544,211.074599984956,12.69307952748759
311,9,32.787124120892784,61.51503700223152,7.440070536489318,367.132253358799,11.148389449785162
311,10,32.787124120892784,61.51503700223152,5.6439781081757845,469.17425571669236,12.359297476938364
311,11,32.787124120892784,61.51503700223152,10.419613994212497,409.85983252684827,15.079427886974626
312,0,43.82796455780044,60.19837786984915,7.380422823710795,337.986036318546,19.534565188870687
312,1,43.82796455780044,60.19837786984915,8.60581537077967,414.0605972224715,24.478300233339546
312,2,43.82796455780044,60.19837786984915,8.385618741708875,326.7821412911681,26.237947318039673
312,3,43.82796455780044,60.19837786984915,7.9502862281606035,238.68566457464266,27.664144760825625
312,4,43.82796455780044,60.19837786984915,4.514457936707469,148.1399451661419,26.63631868397515
312,5,43.82796455780044,60.19837786984915,8.109682355959915,115.74420148752439,24.483162701513912
312,6,43.82796455780044,60.19837786984915,8.325934161748958,117.63825315372742,21.095869578673728
312,7,43.82796455780044,60.19837786984915,7.727900574183168,164.17150064858237,13.135201008106506
312,8,43.82796455780044,60.19837786984915,5.003278129364682,315.73804853195065,13.250947534521083
312,9,43.82796455780044,60.19837786984915,8.940400259735735,305.53422495959387,12.445998707399799
312,10,43.82796455780044,60.19837786984915,4.241913222939623,442.393782148811,14.12849705731593
312,11,43.82796455780044,60.19837786984915,9.213504447415435,270.022189867729,16.450984832400064
313,0,64.35675692367086,57.061118304348405,7.492814136793642,333.3272542680348,20.27056479588881
313,1,64.35675692367086,57.061118304348405,8.952846222991102,368.81532031491423,22.780410309781956
313,2,64.35675692367086,57.061118304348405,7.148103670276654,285.76917697610253,26.800290792651243
313,3,64.35675692367086,57.061118304348405,13.289102845771517,270.0068405911015,26.435439506725253
313,4,64.35675692367086,57.061118304348405,9.07762218760139,98.97387624467386,28.155377550486058
313,5,64.35675692367086,57.061118304348405,6.68815816558908,127.80763025429145,23.52610644675508
313,6,64.35675692367086,57.061118304348405,8.919522968992213,156.31220749231633,18.732893082609564
313,7,64.35675692367086,57.061118304348405,5.402390116488814,147.25410039789034,16.398777052568015
313,8,64.35675692367086,57.061118304348405,5.516616301752288,328.8906064282866,11.97020851642763
313,9,64.35675692367086,57.061118304348405,11.184752370821371,382.22354337568777,11.930863555996623
313,10,64.35675692367086,57.061118304348405,6.301524063783637,365.140126677309,13.077571275345168
313,11,64.35675692367086,57.061118304348405,6.780581002865024,482.35557799227223,17.5243638212804
314,0,43.309174577113886,63.80196124319089,10.80210945050831,316.950112822407,21.830228238841983
314,1,43.309174577113886,63.80196124319089,7.205016442621067,403.70517025317747,23.274374394066783
314,2,43.309174577113886,63.80196124319089,7.0373710750057725,278.9128843155891,28.987816640535147
314,3,43.309174577113886,63.80196124319089,8.053253033018557,242.85169113354937,27.244682710196546
314,4,43.309174577113886,63.80196124319089,7.403030680910892,140.28873370764566,26.37171823669283
314,5,43.309174577113886,63.80196124319089,6.823174807655031,125.04378496931805,24.070478115156973
314,6,43.309174577113886,63.80196124319089,8.284717805459435,151.372444793306,20.808245601221174
314,7,43.309174577113886,63.80196124319089,7.158987735599842,194.04732947345107,16.655470594087625
314,8,43.309174577113886,63.80196124319089,7.429882013800947,280.03220186497197,12.8933820924926
314,9,43.309174577113886,63.80196124319089,6.944635942143206,180.89898375614234,10.9176136979859
314,10,43.309174577113886,63.80196124319089,10.188716247595877,442.32182736834307,14.603648072121658
314,11,43.309174577113886,63.80196124319089,4.704125588545924,398.5900255227706,16.219450055691134
315,0,47.873659381755104,61.32910256410569,7.816421414633782,362.5112312006467,20.320312323733233
315,1,47.873659381755104,61.32910256410569,9.113352404152602,300.4159466386937,22.09328337384921
315,2,47.873659381755104,61.32910256410569,5.0869638866660845,355.4521570511662,26.908693791916697
315,3,47.873659381755104,61.32910256410569,7.943271536567801,246.1617557502124,29.135087693654498
315,4,47.873659381755104,61.32910256410569,7.813420793239042,168.29069137062874,26.17445672362822
315,5,47.873659381755104,61.32910256410569,3.6372484000398213,144.8194275017476,23.79696765733365
315,6,47.873659381755104,61.32910256410569,10.08231903760608,150.52762778154738,20.08154754711489
315,7,47.873659381755104,61.32910256410569,6.616345503628307,194.74541421626012,16.04437940107709
315,8,47.873659381755104,61.32910256410569,6.929358696904817,273.094169544461,11.961270513673174
315,9,47.873659381755104,61.32910256410569,7.448970692428121,378.86244690359035,10.823269972745262
315,10,47.873659381755104,61.32910256410569,8.102659852357355,555.0681241948979,11.764059438321667
315,11,47.873659381755104,61.32910256410569,10.072052797337363,268.69217545321607,16.918454563987435
316,0,59.03804800667974,58.45418486605576,7.45621540333048,432.43081684165423,19.429343934734373
316,1,59.03804800667974,58.45418486605576,9.548477452040238,441.8384737718248,24.824299435276075
316,2,59.03804800667974,58.45418486605576,7.022046089494008,432.770725053085,28.470006615303394
316,3,59.03804800667974,58.45418486605576,6.110535054625757,241.2435018597455,28.214225857885374
316,4,59.03804800667974,58.45418486605576,9.261385030302511,155.5192426717733,25.890208194169837
316,5,59.03804800667974,58.45418486605576,11.809314858903322,130.187889692536,22.46110477992203
316,6,59.03804800667974,58.45418486605576,6.0194646488992545,104.63095336739116,19.659431979581296
316,7,59.03804800667974,58.45418486605576,8.468430541373895,191.63091872768192,16.74978504712688
316,8,59.03804800667974,58.45418486605576,11.123139830350054,359.8627785655036,11.876202417869
316,9,59.03804800667974,58.45418486605576,11.554262602295726,340.7423121772231,11.866486176902802
316,10,59.03804800667974,58.45418486605576,8.955535436380556,414.33241046470266,13.180609492942025
316,11,59.03804800667974,58.45418486605576,5.577048933938711,407.34507216284254,15.774234882764185
317,0,37.61115433684897,64.14428106657815,7.16145925566518,388.7589410138027,20.176491427151902
317,1,37.61115433684897,64.14428106657815,6.593517629512349,307.07939676601706,23.324351800818167
317,2,37.61115433684897,64.14428106657815,6.93974940185121,398.5816738430462,27.63041398369102
317,3,37.61115433684897,64.14428106657815,4.394907457062762,226.6243732770008,28.75195080049897
317,4,37.61115433684897,64.14428106657815,7.715361774017179,163.11606785827325,27.37629424030803
317,5,37.61115433684897,64.14428106657815,6.287387835740084,109.76127658279731,23.749802351902282
317,6,37.61115433684897,64.14428106657815,4.201509386968716,151.86387169975674,18.92219976680679
317,7,37.61115433684897,64.14428106657815,6.911643546819565,187.56775863979934,14.492312967975487
317,8,37.61115433684897,64.14428106657815,4.971454468068508,349.6828416238713,11.796217618766171
317,9,37.61115433684897,64.14428106657815,5.970270465241015,352.88835375565577,11.61417689042166
317,10,37.61115433684897,64.14428106657815,10.783662046071617,316.89018164235245,13.68690316478437
317,11,37.61115433684897,64.14428106657815,6.448364664226657,329.91724350457844,17.740949613239064
318,0,20.876599571650033,69.25442744897774,8.2870782909404,418.0994424586224,20.192726337481304
318,1,20.876599571650033,69.25442744897774,9.09655398673528,334.74639103526937,22.147641720721566
318,2,20.876599571650033,69.25442744897774,5.785467723410278,420.13066689580484,26.872826126820573
318,3,20.876599571650033,69.25442744897774,7.8461334983843845,217.02437828329343,27.336224712273488
318,4,20.876599571650033,69.25442744897774,5.607305131069628,118.9891487310433,26.471302942661538
318,5,20.876599571650033,69.25442744897774,8.187233395560265,142.1511145790633,23.819079695192954
318,6,20.876599571650033,69.25442744897774,8.43767739286903,143.3881531469097,19.199882281638235
318,7,20.876599571650033,69.25442744897774,11.079308084228671,174.02187629926385,15.802572339823458
318,8,20.876599571650033,69.25442744897774,10.003695780771942,282.5817376413955,11.682859142522766
318,9,20.876599571650033,69.25442744897774,11.232374707728294,353.9560203075621,10.983810767800858
318,10,20.876599571650033,69.25442744897774,8.06039430378981,430.56774496841643,12.00925414398185
318,11,20.876599571650033,69.25442744897774,7.427354176727954,415.5421432299332,16.904587397497146
319,0,46.32541727793908,55.4604087069641,6.539729893200879,345.8488768300101,20.375995613029772
319,1,46.32541727793908,55.4604087069641,5.093328393889294,370.33915576903297,23.797261860300747
319,2,46.32541727793908,55.4604087069641,6.5798245839936005,418.0355679958138,28.253894352017547
319,3,46.32541727793908,55.4604087069641,7.441053266024195,266.53722930002823,27.598088943267708
319,4,46.32541727793908,55.4604087069641,7.318379350000328,112.29894716552808,26.420747521095496
319,5,46.32541727793908,55.4604087069641,7.628948420890967,146.05436364632,23.192088359508478
319,6,46.32541727793908,55.4604087069641,7.371692648835575,155.06402977055868,21.295973050546692
319,7,46.32541727793908,55.4604087069641,11.088079616642313,167.03539973554004,17.325822485285332
319,8,46.32541727793908,55.4604087069641,9.08383871222254,265.7755091115138,12.443182799295617
319,9,46.32541727793908,55.4604087069641,9.711873363449582,431.19900854867444,12.130277467539253
319,10,46.32541727793908,55.4604087069641,7.151669030755705,351.82538665721364,11.257565656501983
319,11,46.32541727793908,55.4604087069641,8.57917655089646,377.2319833878245,16.37366431653746
320,0,90.75511299020575,61.090724306075074,8.961498157536036,379.9339994733584,19.85383885924367
320,1,90.75511299020575,61.090724306075074,7.2482648782392465,352.4942241784743,25.596567850962256
320,2,90.75511299020575,61.090724306075074,10.859228962277147,379.57840015207097,26.262649167322873
320,3,90.75511299020575,61.090724306075074,7.003679560120133,208.64075881963177,27.724550099647164
320,4,90.75511299020575,61.090724306075074,7.261879198590619,155.4164487885381,28.927678544685662
320,5,90.75511299020575,61.090724306075074,7.9674942742592565,154.49899457138147,21.747173749732195
320,6,90.75511299020575,61.090724306075074,7.133652743320283,151.66217022805304,20.4293805533313
320,7,90.75511299020575,61.090724306075074,7.757205078887074,226.80115503278904,14.569042119513394
320,8,90.75511299020575,61.090724306075074,2.4169868489865367,197.38097250401518,12.603627705300921
320,9,90.75511299020575,61.090724306075074,6.664470338769387,322.64341349470055,12.572142503343096
320,10,90.75511299020575,61.090724306075074,5.299803716834083,407.06176835093555,12.507916883596282
320,11,90.75511299020575,61.090724306075074,8.273469386815195,375.98009498531076,16.109515760993112
321,0,39.709571365027166,66.43114124681838,8.658157463374074,319.2782699812612,18.688801595344554
321,1,39.709571365027166,66.43114124681838,7.916481524250377,387.2910165296258,24.96428662660223
321,2,39.709571365027166,66.43114124681838,9.302715486512607,367.34287442145796,26.28938807672868
321,3,39.709571365027166,66.43114124681838,6.913072465735924,250.19743767188197,29.996180580636956
321,4,39.709571365027166,66.43114124681838,5.8324554527836145,196.75689471052198,27.03374938311514
321,5,39.709571365027166,66.43114124681838,4.526815544159473,138.22640150953572,24.104158998167684
321,6,39.709571365027166,66.43114124681838,6.432519339920697,173.06114458819906,21.242450333071528
321,7,39.709571365027166,66.43114124681838,8.188381282935923,157.83891478044578,15.839168039543203
321,8,39.709571365027166,66.43114124681838,9.983730056310822,344.36012914144,12.713705949389452
321,9,39.709571365027166,66.43114124681838,6.986638140617562,369.2817560181632,12.566797321312684
321,10,39.709571365027166,66.43114124681838,7.506378561495096,476.21171800421797,13.822952713530082
321,11,39.709571365027166,66.43114124681838,6.076793969169283,325.2500492007818,14.604073071298895
322,0,44.087664342440306,53.31924981186532,5.571251658287994,333.94182154921106,21.09503888118553
322,1,44.087664342440306,53.31924981186532,10.25052173035592,449.5404050570712,24.643419543796643
322,2,44.087664342440306,53.31924981186532,13.212988902017214,342.96238786794845,27.90184873455336
322,3,44.087664342440306,53.31924981186532,8.533371741994081,190.73888302146767,28.032999972899603
322,4,44.087664342440306,53.31924981186532,9.411756063759032,144.45249791323877,27.62527446116656
322,5,44.087664342440306,53.31924981186532,7.739260512093447,141.46846741676234,24.330293254039518
322,6,44.087664342440306,53.31924981186532,12.134675757835382,145.9255143494435,20.83119857548828
322,7,44.087664342440306,53.31924981186532,5.085460964887334,211.36305719757993,15.85518262966281
322,8,44.087664342440306,53.31924981186532,10.437284798703075,277.14622476941014,12.927286837592677
322,9,44.087664342440306,53.31924981186532,8.219283448784962,304.6835336701265,12.670451920108341
322,10,44.087664342440306,53.31924981186532,9.195748516262148,309.5131792030078,12.468211950853622
322,11,44.087664342440306,53.31924981186532,10.595470671001356,361.1756160003804,15.688714931749518
323,0,55.02671263316747,60.18987319916123,7.82812582831724,300.4656218103754,21.74301905965038
323,1,55.02671263316747,60.18987319916123,8.328173460813424,373.50368164214836,26.587390561077623
323,2,55.02671263316747,60.18987319916123,8.244777484651316,374.7581119440585,25.911916984963284
323,3,55.02671263316747,60.18987319916123,10.483842406331595,287.73339877911275,26.76077520981979
323,4,55.02671263316747,60.18987319916123,7.769558853713129,152.7399494511833,27.400787929329933
323,5,55.02671263316747,60.18987319916123,7.853041292115415,128.75853135215533,23.84098097387862
323,6,55.02671263316747,60.18987319916123,10.35209036775368,121.48166283830072,20.423889814731773
323,7,55.02671263316747,60.18987319916123,7.928904363301433,180.06680041405917,14.722040961722243
323,8,55.02671263316747,60.18987319916123,7.010774956289086,353.9961408981643,12.836517654665345
323,9,55.02671263316747,60.18987319916123,8.673480581716891,326.73588749338234,13.986427208671454
323,10,55.02671263316747,60.18987319916123,9.072747338576185,258.3913645874371,12.112466355041251
323,11,55.02671263316747,60.18987319916123,12.034977739710293,477.24524260499294,15.927360375249668
324,0,68.21450128502829,59.78290310123349,10.124586585825405,321.1281440559806,19.388132917610996
324,1,68.21450128502829,59.78290310123349,5.247836888197447,458.9926509433423,24.18784475811984
324,2,68.21450128502829,59.78290310123349,8.019971253254072,414.0382286770706,26.652067132119974
324,3,68.21450128502829,59.78290310123349,9.234118666378361,326.29920453281284,29.64694146163634
324,4,68.21450128502829,59.78290310123349,11.77743043882561,132.99150900472057,25.764572606028544
324,5,68.21450128502829,59.78290310123349,10.307133899055305,97.86600452428968,24.763223682645155
324,6,68.21450128502829,59.78290310123349,8.987516554514475,123.77520326339257,20.943966588162386
324,7,68.21450128502829,59.78290310123349,7.863364736697107,146.35737773648367,16.637908199137105
324,8,68.21450128502829,59.78290310123349,10.548290994895504,291.1080902169496,13.914866002670776
324,9,68.21450128502829,59.78290310123349,9.644335715062645,337.8685417078434,10.254658472844856
324,10,68.21450128502829,59.78290310123349,7.17661957876897,397.7873988651769,12.459807703855203
324,11,68.21450128502829,59.78290310123349,11.294060144909809,330.7325617936286,14.806176379845562
325,0,63.95238318945931,57.24745772303925,5.844889771275068,389.7740731970442,19.574972143905196
325,1,63.95238318945931,57.24745772303925,7.856537923985275,322.9192536988161,22.62975710166623
325,2,63.95238318945931,57.24745772303925,5.798659368665875,385.64186621232153,27.60816716422014
325,3,63.95238318945931,57.24745772303925,6.765905729608034,256.0402894012116,26.96365607273089
325,4,63.95238318945931,57.24745772303925,4.917001950741715,147.52286140104937,26.334449560181298
325,5,63.95238318945931,57.24745772303925,11.760141281965678,120.36990543998559,22.743314916515793
325,6,63.95238318945931,57.24745772303925,7.5609723479187005,124.03191923189394,19.459597114473357
325,7,63.95238318945931,57.24745772303925,6.107165239556068,181.143259848717,14.879498677477269
325,8,63.95238318945931,57.24745772303925,9.081723331794633,245.05337173678376,11.500888008158235
325,9,63.95238318945931,57.24745772303925,2.0720675007779414,446.12473243817703,10.227911358678405
325,10,63.95238318945931,57.24745772303925,7.069725186214055,285.0980089980703,15.315504548159968
325,11,63.95238318945931,57.24745772303925,9.680356123924339,427.7831970612789,15.178014283154562
326,0,29.367377219640975,68.04413352906144,12.567903163231732,355.2500027453725,20.51958332676519
326,1,29.367377219640975,68.04413352906144,9.409208705090174,397.3190105207568,22.173799861450412
326,2,29.367377219640975,68.04413352906144,13.297455186333789,335.6187757168951,27.236578185257045
326,3,29.367377219640975,68.04413352906144,7.647833645467158,235.06701728219926,28.01268776814452
326,4,29.367377219640975,68.04413352906144,7.675733055332876,148.4533292949573,28.20709772848664
326,5,29.367377219640975,68.04413352906144,6.118544961160367,104.45025760451848,24.628513516635664
326,6,29.367377219640975,68.04413352906144,8.980479739477676,133.1435832049972,20.37905002653411
326,7,29.367377219640975,68.04413352906144,7.823233883010875,157.9475461426152,15.443496832878054
326,8,29.367377219640975,68.04413352906144,8.619127425440142,311.53942122901975,13.053025321693223
326,9,29.367377219640975,68.04413352906144,11.148103560378901,289.3373844127875,11.644028609169771
326,10,29.367377219640975,68.04413352906144,10.161279482223541,472.54522474805924,13.299762750952162
326,11,29.367377219640975,68.04413352906144,8.929695825600493,332.400432372074,16.383074473135597
327,0,42.233627466202165,64.16405292587035,9.511217434816333,369.978542840958,19.33033635104498
327,1,42.233627466202165,64.16405292587035,5.990567182760408,405.6731374644064,24.20732597852728
327,2,42.233627466202165,64.16405292587035,8.300126316491435,359.105766779783,27.76657693219517
327,3,42.233627466202165,64.16405292587035,10.503657163920874,261.94561099983974,27.20041642000762
327,4,42.233627466202165,64.16405292587035,7.212358532854059,157.45405370726763,29.451248900181703
327,5,42.233627466202165,64.16405292587035,9.1647135303553,99.23696487835221,24.45474297270479
327,6,42.233627466202165,64.16405292587035,7.657939281296063,151.2406725758881,20.493874605554
327,7,42.233627466202165,64.16405292587035,7.4915874483522185,220.83710051736855,16.806459781857995
327,8,42.233627466202165,64.16405292587035,5.0156978418272296,356.4377509271754,14.208232179099154
327,9,42.233627466202165,64.16405292587035,5.420950404553464,361.53494524430675,12.036381151513735
327,10,42.233627466202165,64.16405292587035,8.236481192800285,366.7961746991127,12.251441048655634
327,11,42.233627466202165,64.16405292587035,7.1936314606668,434.25717910961407,16.7947277116325
328,0,49.35854035420221,59.75905305750498,5.189558576827068,279.9082754720916,20.05203817184542
328,1,49.35854035420221,59.75905305750498,10.941025176636781,349.04682534173804,23.4727184066271
328,2,49.35854035420221,59.75905305750498,8.365432681596172,307.5876817684587,25.966398337419406
328,3,49.35854035420221,59.75905305750498,6.250914751235306,190.62525542617846,27.96753077665368
328,4,49.35854035420221,59.75905305750498,8.57818931060128,106.4414935489913,27.603952373434414
328,5,49.35854035420221,59.75905305750498,9.682014473628238,120.26681985703624,24.40347227234713
328,6,49.35854035420221,59.75905305750498,6.955966412484269,126.57476995487326,18.39232121074603
328,7,49.35854035420221,59.75905305750498,8.722096272054348,174.38064828070398,17.66248453933429
328,8,49.35854035420221,59.75905305750498,13.544755679475639,238.80528908468455,13.834466960081318
328,9,49.35854035420221,59.75905305750498,7.796731964475144,323.24539379889205,12.604188745727042
328,10,49.35854035420221,59.75905305750498,5.84270643659682,336.2964340507053,12.351501573928
328,11,49.35854035420221,59.75905305750498,5.959336849958085,323.52889716298387,16.161020023715214
329,0,35.252410026964846,53.42018386797035,7.2581578526058,342.84772679021506,20.173923333460518
329,1,35.252410026964846,53.42018386797035,9.32995797137997,460.77738575237873,21.816204147766175
329,2,35.252410026964846,53.42018386797035,9.193106691698139,436.82862879109837,26.092471508135446
329,3,35.252410026964846,53.42018386797035,8.194768148033454,257.98077155949954,26.57405982177017
329,4,35.252410026964846,53.42018386797035,16.601844599791946,137.37024971225512,27.152457618446533
329,5,35.252410026964846,53.42018386797035,7.85235501493552,86.75852792453935,21.02723929269024
329,6,35.252410026964846,53.42018386797035,7.487700505928031,129.7768282064596,18.90889598097535
329,7,35.252410026964846,53.42018386797035,9.018875443157157,167.46583748666689,16.97221762483358
329,8,35.252410026964846,53.42018386797035,8.947669081651952,241.92118788469188,13.025568309382761
329,9,35.252410026964846,53.42018386797035,8.784870786466414,401.9754264626484,11.916516515744041
329,10,35.252410026964846,53.42018386797035,6.8625124525504235,482.76979390815075,10.846236923873358
329,11,35.252410026964846,53.42018386797035,8.140783403196245,285.01157582882144,15.88226462504031
330,0,58.075710711080696,60.83354873055084,9.167570614520882,337.8635181979772,18.968200747770158
330,1,58.075710711080696,60.83354873055084,4.778574436041124,390.98547501987065,24.829836449426537
330,2,58.075710711080696,60.83354873055084,13.203697886324287,410.4793006569867,27.860462802354892
330,3,58.075710711080696,60.83354873055084,6.2359140877595625,213.84125533912632,29.688900947011305
330,4,58.075710711080696,60.83354873055084,12.407905451497282,135.37868046196397,26.16827122643097
330,5,58.075710711080696,60.83354873055084,8.976156203136034,145.0850596476053,23.578091069994116
330,6,58.075710711080696,60.83354873055084,7.271119650240423,127.47900501520407,19.501745234216045
330,7,58.075710711080696,60.83354873055084,7.578649657156171,150.80808315393537,16.94866263782417
330,8,58.075710711080696,60.83354873055084,6.292318740895359,355.73216308075564,14.464064838465342
330,9,58.075710711080696,60.83354873055084,8.66910003461757,294.61026728131515,11.1864037867344
330,10,58.075710711080696,60.83354873055084,8.153990895299007,364.8254822398228,14.020040500827319
330,11,58.075710711080696,60.83354873055084,6.987827661801239,345.65765758412925,16.600848043242866
331,0,40.923547137152646,55.926333991129574,6.807039320657692,355.2457908069415,19.792235857666967
331,1,40.923547137152646,55.926333991129574,6.007686798398366,417.28560571429637,23.47155093712281
331,2,40.923547137152646,55.926333991129574,8.535494089016028,385.07949072015305,25.53092841087623
331,3,40.923547137152646,55.926333991129574,5.555107392506956,244.25460008782136,27.481800626387795
331,4,40.923547137152646,55.926333991129574,12.020326801443044,153.90497652089246,27.1278424068363
331,5,40.923547137152646,55.926333991129574,8.112841762867392,125.6974348799646,24.544456061680986
331,6,40.923547137152646,55.926333991129574,8.68730202028012,129.49499813192534,20.873295854580856
331,7,40.923547137152646,55.926333991129574,10.734616121963874,133.76080023705575,16.969400086673048
331,8,40.923547137152646,55.926333991129574,9.672356556938947,262.63755393277575,13.065319449993472
331,9,40.923547137152646,55.926333991129574,6.095523963734229,232.38773504520992,11.765727458426513
331,10,40.923547137152646,55.926333991129574,6.107613349871194,437.45833908395906,11.555230525765932
331,11,40.923547137152646,55.926333991129574,8.109538067313991,326.313157329938,15.344245848962652
332,0,48.72790943749319,62.5712252450552,9.464039248717118,385.5871790253756,18.504188602916788
332,1,48.72790943749319,62.5712252450552,9.907557359569259,357.34677532373536,23.373277152010544
332,2,48.72790943749319,62.5712252450552,5.863464388317719,356.6222333600178,28.80223747010237
332,3,48.72790943749319,62.5712252450552,6.0517904805756855,201.00074140092244,26.456078708843467
332,4,48.72790943749319,62.5712252450552,5.02827370643603,151.00114942933186,26.3388093144311
332,5,48.72790943749319,62.5712252450552,9.19739748153719,107.08232100863523,25.489977020797383
332,6,48.72790943749319,62.5712252450552,8.003283476462064,118.19834764482438,18.765946726879434
332,7,48.72790943749319,62.5712252450552,9.682798193388876,192.15905911678732,14.702026145712798
332,8,48.72790943749319,62.5712252450552,9.317421335095297,264.41187421703984,13.507916826162823
332,9,48.72790943749319,62.5712252450552,8.540680080797527,336.0720687852402,12.851490786897427
332,10,48.72790943749319,62.5712252450552,7.276621785922301,374.7050033402281,15.510805940592613
332,11,48.72790943749319,62.5712252450552,8.124869948459404,360.9425780821074,14.210118248213917
333,0,52.910912824913034,58.5826641105011,4.711645353536818,390.9622618698177,19.845001396742717
333,1,52.910912824913034,58.5826641105011,9.062593219420418,402.90628354419755,23.64585173654749
333,2,52.910912824913034,58.5826641105011,4.523968510633416,347.87869827501004,27.593439418118606
333,3,52.910912824913034,58.5826641105011,7.513428964305736,296.3965143715677,26.606055071681944
333,4,52.910912824913034,58.5826641105011,8.86223824406669,123.68554858171915,28.01830068623278
333,5,52.910912824913034,58.5826641105011,9.044497930205765,119.70081881470882,23.895173333537652
333,6,52.910912824913034,58.5826641105011,7.550316330847215,148.50577302438697,20.593222280716976
333,7,52.910912824913034,58.5826641105011,7.093698697827991,167.14911638949798,16.688706190759422
333,8,52.910912824913034,58.5826641105011,7.115893231865629,310.8223694917043,15.765344042949543
333,9,52.910912824913034,58.5826641105011,4.84441219280928,330.2317503158134,12.560022785270409
333,10,52.910912824913034,58.5826641105011,9.245415991696422,454.24872910262445,13.411250300457104
333,11,52.910912824913034,58.5826641105011,7.062443898130409,347.9949704785455,16.31199857374565
334,0,37.17061853226249,61.582127771926835,6.882909320766068,423.91515610970004,20.67016093741963
334,1,37.17061853226249,61.582127771926835,7.759067567139611,389.254607177609,24.495997360247245
334,2,37.17061853226249,61.582127771926835,4.572786840446156,298.31924912290555,26.69058494354146
334,3,37.17061853226249,61.582127771926835,7.336091791831347,241.57385146791762,27.9438175909609
334,4,37.17061853226249,61.582127771926835,8.862287592488062,130.98498338516427,27.500523680879557
334,5,37.17061853226249,61.582127771926835,8.89090751759989,123.98805843004503,23.140903909631124
334,6,37.17061853226249,61.582127771926835,9.72550817491689,140.99285601520515,20.049326836238905
334,7,37.17061853226249,61.582127771926835,6.280806480042924,174.25284934319941,16.383787384048212
334,8,37.17061853226249,61.582127771926835,7.183833065208605,313.3409057347458,14.277765677798682
334,9,37.17061853226249,61.582127771926835,7.149667170288854,366.69282142428096,12.558618547126015
334,10,37.17061853226249,61.582127771926835,6.584646231197831,401.6755423825953,13.440974696118916
334,11,37.17061853226249,61.582127771926835,8.705745224670386,360.824675511802,16.04915383535062
335,0,71.67026957657184,67.29066699598266,6.333986755836326,394.9176633534855,20.25374961402167
335,1,71.67026957657184,67.29066699598266,6.185435121080704,394.9832635189549,24.97979520829656
335,2,71.67026957657184,67.29066699598266,10.466931785952406,444.69075445051124,25.804645159216825
335,3,71.67026957657184,67.29066699598266,7.299282742484726,219.3694635221609,27.088199306711054
335,4,71.67026957657184,67.29066699598266,6.859922245801192,115.0895149451818,28.345435113499686
335,5,71.67026957657184,67.29066699598266,5.992219513986649,107.5034533198783,24.734176890329735
335,6,71.67026957657184,67.29066699598266,9.199103708521168,110.60360829832932,21.727226443031554
335,7,71.67026957657184,67.29066699598266,6.224588738234537,165.59061683046258,15.20066697241561
335,8,71.67026957657184,67.29066699598266,10.432024950205808,300.9841895148922,14.43733782967718
335,9,71.67026957657184,67.29066699598266,9.75190864443595,292.1564063396126,12.283355512402006
335,10,71.67026957657184,67.29066699598266,6.942132564692432,485.0519079806901,13.18847579635572
335,11,71.67026957657184,67.29066699598266,7.260711520858264,380.6742832940427,15.47980462893797
336,0,45.46752191308438,63.92979433129524,9.177677243757064,371.0035164905628,20.11132471293756
336,1,45.46752191308438,63.92979433129524,7.4200544684612595,446.6187373973543,25.583678545475347
336,2,45.46752191308438,63.92979433129524,8.424721555245931,367.73774118330016,26.92529270737327
336,3,45.46752191308438,63.92979433129524,6.263083421539695,281.59893307043717,28.272461994880583
336,4,45.46752191308438,63.92979433129524,4.564769610369513,184.65811962837773,27.734440938963363
336,5,45.46752191308438,63.92979433129524,9.943305872592388,103.28114581385707,24.695350954784733
336,6,45.46752191308438,63.92979433129524,6.227078507749605,114.66353770403245,17.13624727200024
336,7,45.46752191308438,63.92979433129524,8.707154406913789,184.47596289098783,16.171024929105997
336,8,45.46752191308438,63.92979433129524,11.426014196817958,314.306340728855,13.797508827757374
336,9,45.46752191308438,63.92979433129524,5.81742552966206,395.7166817545493,12.19057072926623
336,10,45.46752191308438,63.92979433129524,7.95456499312152,428.7512427426762,12.804055271834233
336,11,45.46752191308438,63.92979433129524,4.677097325786712,315.3060753831428,17.251256677380358
337,0,60.00909423586191,58.926424001736336,8.239396334521924,387.3525672976865,20.379781011707355
337,1,60.00909423586191,58.926424001736336,7.652019094772443,368.32067625106833,25.214500160149075
337,2,60.00909423586191,58.926424001736336,10.242439179722728,316.2077964440307,26.77496323150697
337,3,60.00909423586191,58.926424001736336,9.436074716040828,203.63085639335557,27.384188050518734
337,4,60.00909423586191,58.926424001736336,7.857592892635361,153.48032294775737,27.241439082398202
337,5,60.00909423586191,58.926424001736336,7.692553643635956,99.66141617686779,22.23675253077814
337,6,60.00909423586191,58.926424001736336,12.880781448137476,102.34728658347966,20.314287460597654
337,7,60.00909423586191,58.926424001736336,7.458826137989298,200.32108378564092,16.24599199081608
337,8,60.00909423586191,58.926424001736336,7.271953353372677,337.9958032094387,13.983098084559517
337,9,60.00909423586191,58.926424001736336,9.597615633725102,313.7769441606845,13.144670044883457
337,10,60.00909423586191,58.926424001736336,8.297105926442335,533.6198818196434,12.605272742389054
337,11,60.00909423586191,58.926424001736336,8.58044328019011,310.2829990173821,16.12131469027417
338,0,44.98844513182071,59.62924737888693,9.79269324873912,393.756637997786,20.113292227343038
338,1,44.98844513182071,59.62924737888693,8.637796996908655,369.0072935555817,23.49258309809968
338,2,44.98844513182071,59.62924737888693,7.732473569433679,349.32044965406544,26.869964900513644
338,3,44.98844513182071,59.62924737888693,7.118781121198137,259.2024834356688,28.047479715229105
338,4,44.98844513182071,59.62924737888693,6.182723286631872,155.69349827486855,26.032395679896737
338,5,44.98844513182071,59.62924737888693,8.574645027221703,97.62845459380344,23.0910261221571
338,6,44.98844513182071,59.62924737888693,5.4185563177664875,148.50125228285393,19.813333454268566
338,7,44.98844513182071,59.62924737888693,9.677914631130678,184.0456101014699,14.5547788711074
338,8,44.98844513182071,59.62924737888693,8.628794689264215,274.04171746738507,13.31803455071546
338,9,44.98844513182071,59.62924737888693,9.101579007501076,336.83538649798237,12.017738963501676
338,10,44.98844513182071,59.62924737888693,8.379249180425573,355.1222201604137,12.212735575569923
338,11,44.98844513182071,59.62924737888693,8.77447875157009,402.99709395878074,15.755979126009313
339,0,53.811630567718126,56.03518519751819,7.460534641644678,346.02303819099063,22.249727573522097
339,1,53.811630567718126,56.03518519751819,7.5804306822288,387.60111313438705,22.6154183363641
339,2,53.811630567718126,56.03518519751819,7.147705255889438,408.02154344741695,26.758004109477692
339,3,53.811630567718126,56.03518519751819,12.994664513772515,221.51433573540734,27.40111655987926
339,4,53.811630567718126,56.03518519751819,10.110464980199183,132.94279435060238,27.46334468670589
339,5,53.811630567718126,56.03518519751819,8.058911892342733,116.00834505498804,23.553273949015217
339,6,53.811630567718126,56.03518519751819,7.057390617982984,159.27510013165804,19.302690668691923
339,7,53.811630567718126,56.03518519751819,8.823095729739503,186.1472146823758,16.764292947388675
339,8,53.811630567718126,56.03518519751819,5.808750827418432,295.41602384949516,12.440507666851055
339,9,53.811630567718126,56.03518519751819,10.151013462482323,371.4829483087027,11.796211716528404
339,10,53.811630567718126,56.03518519751819,9.767409908094507,488.7899364426733,13.21926986139278
339,11,53.811630567718126,56.03518519751819,8.221381242178584,311.2066261570662,17.035376282196744
340,0,42.790536523746596,63.93582820147075,7.89431143832294,294.8792124716896,17.930587027960854
340,1,42.790536523746596,63.93582820147075,10.16096374573576,335.6652816698007,25.385858040977283
340,2,42.790536523746596,63.93582820147075,10.636227951225425,282.1274345036152,28.509760547521957
340,3,42.790536523746596,63.93582820147075,12.095815810452766,280.5428216510603,27.871385724958376
340,4,42.790536523746596,63.93582820147075,7.026527953344446,139.09643633983814,26.683967602696022
340,5,42.790536523746596,63.93582820147075,4.448635526957222,122.20439339869155,24.282857121133258
340,6,42.790536523746596,63.93582820147075,6.167589297122929,148.76399967059962,17.83967336225758
340,7,42.790536523746596,63.93582820147075,2.573379055524958,146.7889213489634,14.631502355622859
340,8,42.790536523746596,63.93582820147075,4.789489090498561,279.21606216081045,12.895559267693802
340,9,42.790536523746596,63.93582820147075,8.628242914731764,297.3545053744995,11.701543708515993
340,10,42.790536523746596,63.93582820147075,11.81299630792412,486.65672354760636,11.753044192981879
340,11,42.790536523746596,63.93582820147075,11.276153292788905,306.4370418527251,18.48855168138781
341,0,47.340040263387664,55.84640995428002,8.036271766593073,330.87280398461144,19.48932484134261
341,1,47.340040263387664,55.84640995428002,10.654016528056967,417.8476871327667,24.911407450023287
341,2,47.340040263387664,55.84640995428002,6.367436699740888,414.8550277003808,26.51574955511067
341,3,47.340040263387664,55.84640995428002,4.989448133498314,266.44758819320134,28.302753078799817
341,4,47.340040263387664,55.84640995428002,8.409196867572259,113.60810247105223,25.917439471710257
341,5,47.340040263387664,55.84640995428002,7.498140467997677,139.38465986825517,24.773393060817586
341,6,47.340040263387664,55.84640995428002,5.754820591169562,129.19683896664375,20.750314912084235
341,7,47.340040263387664,55.84640995428002,8.040706778605104,151.46935414071092,14.829430979668283
341,8,47.340040263387664,55.84640995428002,7.965261794971852,208.68725505035007,13.205187156771183
341,9,47.340040263387664,55.84640995428002,7.410218631780346,396.5255695467092,11.982921218365917
341,10,47.340040263387664,55.84640995428002,9.923353034601996,330.73895627796384,12.764841922878073
341,11,47.340040263387664,55.84640995428002,8.958776873832658,344.2912439993106,14.863976546085109
342,0,51.88962098135355,57.47578206070289,10.225276475492834,372.2553977891225,20.52205407841619
342,1,51.88962098135355,57.47578206070289,7.552872657389721,357.0301831414618,23.02342690794424
342,2,51.88962098135355,57.47578206070289,6.985418510348209,488.22109638305915,27.245181494337384
342,3,51.88962098135355,57.47578206070289,8.243881100780929,198.76812570998507,26.977135745010198
342,4,51.88962098135355,57.47578206070289,6.335702400618028,160.44831815482377,27.271653644560256
342,5,51.88962098135355,57.47578206070289,8.69937154704888,111.85215023072953,24.724194931723357
342,6,51.88962098135355,57.47578206070289,10.069157023016198,105.64922951549832,20.48608568167695
342,7,51.88962098135355,57.47578206070289,8.032718741918321,174.4025311005019,16.143226415937157
342,8,51.88962098135355,57.47578206070289,5.544436042436972,200.76965782507148,13.326529837620818
342,9,51.88962098135355,57.47578206070289,8.724722533262888,332.8938905153163,13.782131990943485
342,10,51.88962098135355,57.47578206070289,9.73817007310634,293.4130999050839,14.282353557302672
342,11,51.88962098135355,57.47578206070289,4.360704696639184,382.44224005343244,16.539895211980095
343,0,51.31481983669438,53.271271583539246,6.430477207138151,359.1893482273418,19.472871132200353
343,1,51.31481983669438,53.271271583539246,5.948253823625601,398.0163859355826,23.88553891402267
343,2,51.31481983669438,53.271271583539246,8.329244214493714,377.8314442617948,26.108143208855406
343,3,51.31481983669438,53.271271583539246,6.024170986625076,292.13435319938407,28.321595266875107
343,4,51.31481983669438,53.271271583539246,5.8374553103601965,141.85456860927383,27.728900519892015
343,5,51.31481983669438,53.271271583539246,5.219099734965258,138.36841758367834,23.96320656424569
343,6,51.31481983669438,53.271271583539246,8.63843110611742,115.50137852238,19.48593698593473
343,7,51.31481983669438,53.271271583539246,12.473160278162919,141.93780988942197,15.58496763389986
343,8,51.31481983669438,53.271271583539246,9.26399837235325,408.3957959919432,13.187799145988475
343,9,51.31481983669438,53.271271583539246,9.152543445820484,407.73890659623504,11.450961974954636
343,10,51.31481983669438,53.271271583539246,7.935804339152381,426.6311650590913,13.31381747989916
343,11,51.31481983669438,53.271271583539246,7.07624091649106,320.70987587089496,14.957100260749916
344,0,54.31543515119062,60.589837604262335,7.246303463681726,353.001489882822,18.603009347705544
344,1,54.31543515119062,60.589837604262335,7.694791574339146,422.6697137641022,23.437962408953418
344,2,54.31543515119062,60.589837604262335,4.395177522938587,268.97557503728785,24.977978746080968
344,3,54.31543515119062,60.589837604262335,7.181884292556621,200.62967917026847,28.05185771654157
344,4,54.31543515119062,60.589837604262335,6.382161802796299,119.32874288241464,26.261707167458503
344,5,54.31543515119062,60.589837604262335,8.651336072079424,136.3026418797797,23.167913297795884
344,6,54.31543515119062,60.589837604262335,8.604414321694215,143.02852477383624,20.181750641007064
344,7,54.31543515119062,60.589837604262335,9.639287372851815,171.9303171479381,15.12226985533541
344,8,54.31543515119062,60.589837604262335,9.688062066252028,227.81551511340854,12.51939623360613
344,9,54.31543515119062,60.589837604262335,6.986164878143245,335.0684901327904,10.52823549425116
344,10,54.31543515119062,60.589837604262335,6.591533924513536,393.6565991861662,13.237164136602194
344,11,54.31543515119062,60.589837604262335,9.525349296386695,429.12717249126746,14.860393430570188
345,0,51.19116794004659,69.52153838559035,8.956367775028973,376.392128474583,19.85798162807849
345,1,51.19116794004659,69.52153838559035,6.994696102259109,394.66390368671387,24.32446836593799
345,2,51.19116794004659,69.52153838559035,9.606220975387613,314.7037656980024,26.787469188198106
345,3,51.19116794004659,69.52153838559035,8.63013901471419,269.5136327873863,28.419526057597306
345,4,51.19116794004659,69.52153838559035,7.51888712663003,143.553151476681,26.199653451101337
345,5,51.19116794004659,69.52153838559035,10.83836750002478,118.53881368955376,24.23051238834237
345,6,51.19116794004659,69.52153838559035,8.299438116949027,127.00579349805369,19.962231720683533
345,7,51.19116794004659,69.52153838559035,10.387039958667732,121.45435987228772,15.721314957332408
345,8,51.19116794004659,69.52153838559035,8.544395895299825,296.59912195259545,14.01095950545176
345,9,51.19116794004659,69.52153838559035,9.10273694273239,320.26406136162154,11.642057536174425
345,10,51.19116794004659,69.52153838559035,9.220002135895768,381.29303931124474,12.227980372194436
345,11,51.19116794004659,69.52153838559035,7.65343312328414,407.8494736512832,15.849322565262792
346,0,68.59045487725552,58.037212497693695,9.537780513048025,235.8104221645801,20.51073689225087
346,1,68.59045487725552,58.037212497693695,8.77967051313252,452.99856742099524,23.496316676081396
346,2,68.59045487725552,58.037212497693695,6.567479323330394,389.1384446440378,27.790194474635946
346,3,68.59045487725552,58.037212497693695,10.87210528738832,181.14738232787414,27.39157018220021
346,4,68.59045487725552,58.037212497693695,5.687101652127139,131.93011041433877,27.175146807263893
346,5,68.59045487725552,58.037212497693695,9.807572535551472,139.45387597587754,24.20745195903417
346,6,68.59045487725552,58.037212497693695,7.297314318647537,121.16855745095357,20.72446299189967
346,7,68.59045487725552,58.037212497693695,10.42751478699001,180.92617527778702,15.811700842159183
346,8,68.59045487725552,58.037212497693695,12.274761479869987,311.49676308895977,11.64233983053936
346,9,68.59045487725552,58.037212497693695,10.990990019650457,362.51241936831843,12.506684515767512
346,10,68.59045487725552,58.037212497693695,6.816439763748013,466.59506650947526,11.975037688761562
346,11,68.59045487725552,58.037212497693695,8.079036021669397,430.66482280950345,14.284286491325934
347,0,29.24945373221921,58.09559107089444,6.763083724071039,301.15634526424236,21.078739655867324
347,1,29.24945373221921,58.09559107089444,9.872781574009617,304.41782660702694,23.93260799572292
347,2,29.24945373221921,58.09559107089444,5.8730050887178695,430.62387588649193,28.362428503058272
347,3,29.24945373221921,58.09559107089444,9.99680203522136,227.9936261755982,27.435895634867418
347,4,29.24945373221921,58.09559107089444,8.18094597470153,126.76053241524804,27.700049130255405
347,5,29.24945373221921,58.09559107089444,5.497793221986305,143.49131274731533,23.733328490446336
347,6,29.24945373221921,58.09559107089444,7.830073569694327,123.4973544131777,19.657937229844766
347,7,29.24945373221921,58.09559107089444,8.690827724301313,163.8327899904773,15.93919911998105
347,8,29.24945373221921,58.09559107089444,9.830163727480985,285.8324585285172,13.923720809439766
347,9,29.24945373221921,58.09559107089444,8.666011110901245,297.821957393206,11.986411751865692
347,10,29.24945373221921,58.09559107089444,6.746849598398244,363.3537083782715,12.124990152262656
347,11,29.24945373221921,58.09559107089444,8.139396319579749,371.6166842390351,16.961474296127957
348,0,55.624080123305674,57.66090948777214,6.417684899124789,433.9518405077733,19.833995448530654
348,1,55.624080123305674,57.66090948777214,10.278493532957944,335.9002205554432,26.398417271462502
348,2,55.624080123305674,57.66090948777214,7.5016806311009265,400.0534329532127,28.27123855602205
348,3,55.624080123305674,57.66090948777214,6.795059903316458,222.73228874681695,28.973271001433027
348,4,55.624080123305674,57.66090948777214,4.615647318620498,141.12555424472015,27.434276093634494
348,5,55.624080123305674,57.66090948777214,6.434437105289451,127.48597067100296,23.066798469546402
348,6,55.624080123305674,57.66090948777214,8.524395179768378,164.65605782384617,19.849132317832883
348,7,55.624080123305674,57.66090948777214,9.232364405073984,159.09707028158758,16.676930140824588
348,8,55.624080123305674,57.66090948777214,8.635973396413535,177.10987380183445,15.18884479940507
348,9,55.624080123305674,57.66090948777214,8.55318700041707,305.12276280937465,12.383441470752853
348,10,55.624080123305674,57.66090948777214,9.937282435565816,263.75873041228255,13.154994451367834
348,11,55.624080123305674,57.66090948777214,7.255556116360303,348.6212500261173,16.564197260273918
349,0,52.76567340162112,60.75117531857249,7.8040799581191855,307.97388669390097,18.860526915169952
349,1,52.76567340162112,60.75117531857249,11.286962576669017,402.69498218004287,26.025995047164766
349,2,52.76567340162112,60.75117531857249,10.596325313900994,358.36608467606675,25.70737982726554
349,3,52.76567340162112,60.75117531857249,7.870762961388616,258.0549821305636,26.990535515511198
349,4,52.76567340162112,60.75117531857249,11.360274820428954,104.87327047547798,25.668083538783534
349,5,52.76567340162112,60.75117531857249,7.606654475785786,110.01880416108295,23.549342484358537
349,6,52.76567340162112,60.75117531857249,7.049353607090672,173.62605237997082,19.243464578289398
349,7,52.76567340162112,60.75117531857249,8.31002074103537,199.90287418734516,16.235971365209
349,8,52.76567340162112,60.75117531857249,11.680185583296362,265.5223396108781,14.013310594826793
349,9,52.76567340162112,60.75117531857249,7.2896961105528355,231.57638832685748,12.766536267634818
349,10,52.76567340162112,60.75117531857249,6.347394032825115,355.42389464159504,13.283487250028513
349,11,52.76567340162112,60.75117531857249,8.831661770037806,373.8011137334305,15.346096048414203
350,0,28.35947264535131,62.105382626785925,3.921682778707482,352.96009906435046,19.434340687554577
350,1,28.35947264535131,62.105382626785925,8.366873201127532,263.6194002654069,22.20121744814321
350,2,28.35947264535131,62.105382626785925,11.687943617554374,393.1748966085879,25.72028248121235
350,3,28.35947264535131,62.105382626785925,9.795699555602242,202.90850993531328,27.582647630466013
350,4,28.35947264535131,62.105382626785925,9.527641843854287,144.1355001379185,25.4751011707
350,5,28.35947264535131,62.105382626785925,8.092879882129425,123.04814814464488,25.67314004601112
350,6,28.35947264535131,62.105382626785925,8.383119736358816,154.32823150090613,20.097556276556794
350,7,28.35947264535131,62.105382626785925,8.373856641303288,170.92032445436962,17.156109861042687
350,8,28.35947264535131,62.105382626785925,7.067682838211734,346.2298083290416,11.722817097766162
350,9,28.35947264535131,62.105382626785925,9.496423251636994,361.0005874546507,12.462307325420234
350,10,28.35947264535131,62.105382626785925,7.44073693710871,430.3187256530966,12.50341982721714
350,11,28.35947264535131,62.105382626785925,5.897197839119309,268.4903435558806,18.06576505174379
351,0,53.84223694591193,72.14067938803696,9.36387105753236,385.8971440065153,20.556729885691976
351,1,53.84223694591193,72.14067938803696,8.929159196880093,300.87828005541024,25.42491158669217
351,2,53.84223694591193,72.14067938803696,11.547210930523622,320.83358162326186,26.76946665368132
351,3,53.84223694591193,72.14067938803696,8.518310980361086,215.80471381319646,26.648665746812995
351,4,53.84223694591193,72.14067938803696,8.276491209306087,105.96888020735642,27.813212435008197
351,5,53.84223694591193,72.14067938803696,5.110799058752388,152.8585677072525,23.259879173628196
351,6,53.84223694591193,72.14067938803696,11.509771085035407,164.36801232392463,22.30012669122254
351,7,53.84223694591193,72.14067938803696,6.736996613120405,180.8344635360883,14.698707805154552
351,8,53.84223694591193,72.14067938803696,6.523160480080344,218.33273500032575,13.14855129515479
351,9,53.84223694591193,72.14067938803696,7.526299338572353,350.70433732652566,12.162570117138754
351,10,53.84223694591193,72.14067938803696,8.333886708028075,398.0937732263043,13.268502622086345
351,11,53.84223694591193,72.14067938803696,7.636266968610104,365.06960439077324,15.060344503238829
352,0,62.00602585891205,66.25423816902536,4.1514968648334225,289.1773412413025,21.1544831363426
352,1,62.00602585891205,66.25423816902536,9.95965018826841,351.5126194042999,24.371888757631663
352,2,62.00602585891205,66.25423816902536,10.721479189051353,363.872970089759,28.018233415233805
352,3,62.00602585891205,66.25423816902536,6.475408317429789,270.7615146887791,29.438192036558668
352,4,62.00602585891205,66.25423816902536,8.284517234628225,129.26579368229,24.87775858818805
352,5,62.00602585891205,66.25423816902536,5.957682593377168,109.47410883230465,23.17733922498825
352,6,62.00602585891205,66.25423816902536,9.506998513636873,127.01247760675403,20.56434120499054
352,7,62.00602585891205,66.25423816902536,6.659200661349353,182.30344768466384,15.49263268363533
352,8,62.00602585891205,66.25423816902536,5.939928602056088,267.2164561778798,13.404153940227415
352,9,62.00602585891205,66.25423816902536,7.68206315030283,428.15159033630204,11.47912982202232
352,10,62.00602585891205,66.25423816902536,8.303689425748727,346.2204777400529,13.619336033505371
352,11,62.00602585891205,66.25423816902536,10.443591073739007,399.5834626967013,16.05992504270792
353,0,68.15102073599982,61.36623411029602,7.156363392248982,363.76878513810374,19.41866229831994
353,1,68.15102073599982,61.36623411029602,9.54684200880873,459.3080297336511,23.265707425428506
353,2,68.15102073599982,61.36623411029602,11.124021994849215,419.0809251442924,27.103185825076142
353,3,68.15102073599982,61.36623411029602,6.372476807288958,233.1336155573665,28.167429032791556
353,4,68.15102073599982,61.36623411029602,10.050732417151467,108.83910596670364,28.094367811905062
353,5,68.15102073599982,61.36623411029602,9.340908889451097,120.557796452041,23.85126170589347
353,6,68.15102073599982,61.36623411029602,8.302524388174563,105.64610482054431,20.971356937906645
353,7,68.15102073599982,61.36623411029602,4.6136381050663005,170.75069895272628,15.475140892641832
353,8,68.15102073599982,61.36623411029602,10.244783346425567,335.3890421183182,12.999929738745069
353,9,68.15102073599982,61.36623411029602,10.836514399796705,301.5391185437274,14.030495512817621
353,10,68.15102073599982,61.36623411029602,11.463829355401879,442.1954500624588,12.139412857628612
353,11,68.15102073599982,61.36623411029602,7.541472845301574,326.7603859559645,16.18803291249533
354,0,55.52197619523378,55.31284981969783,8.163016736578534,367.61712749123296,18.571606026358563
354,1,55.52197619523378,55.31284981969783,6.552732886412586,307.7131416977491,25.745425156031267
354,2,55.52197619523378,55.31284981969783,6.530238433101081,413.00627250415204,26.871129725607368
354,3,55.52197619523378,55.31284981969783,9.271184708996953,228.2566524557871,28.2012643729174
354,4,55.52197619523378,55.31284981969783,7.2485367694770435,131.05519415886374,26.00560855599684
354,5,55.52197619523378,55.31284981969783,5.848865415533096,135.41236855665957,22.363122922200258
354,6,55.52197619523378,55.31284981969783,8.156670997507366,132.27191015782074,19.868356159359422
354,7,55.52197619523378,55.31284981969783,7.341862331595047,151.0083788441852,15.011625702790235
354,8,55.52197619523378,55.31284981969783,7.666133208020764,247.1239981971011,12.273313820483192
354,9,55.52197619523378,55.31284981969783,6.493100158171838,357.5470860709607,12.26401951278587
354,10,55.52197619523378,55.31284981969783,10.137256256414442,451.39824260312565,12.019863084490854
354,11,55.52197619523378,55.31284981969783,7.619716953257,323.73722010620355,13.895890457565864
355,0,48.17509174473649,66.73869447296109,9.212528199528522,380.9619234944223,19.03758552766838
355,1,48.17509174473649,66.73869447296109,10.64759775242166,336.3589972819157,23.70696198540421
355,2,48.17509174473649,66.73869447296109,7.7563552029261755,331.78715865736643,26.09864439265747
355,3,48.17509174473649,66.73869447296109,8.206976774347293,271.7504276423741,28.982033464358594
355,4,48.17509174473649,66.73869447296109,9.680283439902919,134.946100030248,27.62411198395165
355,5,48.17509174473649,66.73869447296109,9.00434369216024,88.15909816784027,23.75092970985045
355,6,48.17509174473649,66.73869447296109,7.854874233449004,136.47771244015337,18.77332333034398
355,7,48.17509174473649,66.73869447296109,10.471689427228124,192.29643456666722,14.966410652167658
355,8,48.17509174473649,66.73869447296109,3.299370687839497,308.32361890468604,11.437143592722757
355,9,48.17509174473649,66.73869447296109,7.744583540264005,382.59259877652573,11.958311710679226
355,10,48.17509174473649,66.73869447296109,10.750908231263434,402.5819049935255,14.389459448679986
355,11,48.17509174473649,66.73869447296109,8.825155762370043,387.6579330397244,14.255869845701946
356,0,42.43251679014283,62.63341709098542,8.113968792589768,466.0446440582918,19.350742240625557
356,1,42.43251679014283,62.63341709098542,11.941657933557448,407.8580480677157,24.41220844030387
356,2,42.43251679014283,62.63341709098542,8.871508036762965,366.33612469152155,26.787583937209767
356,3,42.43251679014283,62.63341709098542,9.170026118341976,287.1996544722709,28.0779826512909
356,4,42.43251679014283,62.63341709098542,9.340330037151137,129.35361860934586,26.267280968069254
356,5,42.43251679014283,62.63341709098542,5.473585755596268,136.44156398978959,22.504802050737055
356,6,42.43251679014283,62.63341709098542,7.797997181870369,154.75209794046447,20.145599738885153
356,7,42.43251679014283,62.63341709098542,9.06253911464423,160.27473918064857,15.421354780797326
356,8,42.43251679014283,62.63341709098542,9.952660320412377,273.6373985129504,12.111286997306768
356,9,42.43251679014283,62.63341709098542,10.250800945315854,424.52813019782747,13.871062197943317
356,10,42.43251679014283,62.63341709098542,8.433623723093888,356.07258529761907,12.168270418339079
356,11,42.43251679014283,62.63341709098542,7.968657176541842,423.78513077985644,15.303065010824193
357,0,47.2080558454073,56.79504158101986,7.97884968588028,544.6276822920596,18.66878472530757
357,1,47.2080558454073,56.79504158101986,9.054034623318552,418.00089686005094,22.807050849931066
357,2,47.2080558454073,56.79504158101986,6.761661878919123,393.73594038926973,25.608027687664638
357,3,47.2080558454073,56.79504158101986,7.947881060669193,278.97671001133585,27.204701331643925
357,4,47.2080558454073,56.79504158101986,9.397490474041184,134.82732211867688,25.672185184987953
357,5,47.2080558454073,56.79504158101986,10.201246240912354,112.48896297481504,25.642172518490938
357,6,47.2080558454073,56.79504158101986,12.816652855978038,134.8183475977463,20.824473481987336
357,7,47.2080558454073,56.79504158101986,10.792077469773737,209.61305077381425,16.227591490096113
357,8,47.2080558454073,56.79504158101986,8.299248203536319,241.98752753963328,15.389977469147112
357,9,47.2080558454073,56.79504158101986,9.214926638099737,320.8565663908641,11.895189505946407
357,10,47.2080558454073,56.79504158101986,11.519454409122343,473.6545755075356,14.276427632593617
357,11,47.2080558454073,56.79504158101986,10.628111469305264,254.00054728886778,14.821934809067995
358,0,34.25614462116107,61.80037500797764,6.878709530630239,390.386095806011,17.760165312314346
358,1,34.25614462116107,61.80037500797764,7.969169030285977,327.3921806812998,24.68108466390657
358,2,34.25614462116107,61.80037500797764,7.178048490075824,385.86154009788714,25.635266729739275
358,3,34.25614462116107,61.80037500797764,4.8421086261083754,258.30623952697607,27.37747529893421
358,4,34.25614462116107,61.80037500797764,6.3005610130521985,102.69361127574217,27.029905302419834
358,5,34.25614462116107,61.80037500797764,6.139933748821966,146.85939587692494,24.189171825617198
358,6,34.25614462116107,61.80037500797764,6.548558484226544,135.76031885043645,20.6844990067132
358,7,34.25614462116107,61.80037500797764,5.226719079114455,196.39006149993565,15.37420622631591
358,8,34.25614462116107,61.80037500797764,8.933973942441927,281.07475624023095,13.654785055553239
358,9,34.25614462116107,61.80037500797764,9.84092909002653,353.0040731698442,13.081387144011304
358,10,34.25614462116107,61.80037500797764,11.142658188606504,394.6225676904815,14.492915943730733
358,11,34.25614462116107,61.80037500797764,6.248815007217589,445.5066079263518,15.714500556178447
359,0,60.968182927416095,60.70850003056017,12.306449211769337,295.57778426442655,20.45648758096109
359,1,60.968182927416095,60.70850003056017,8.51121841788415,336.4096795958709,21.833163048230602
359,2,60.968182927416095,60.70850003056017,6.06084950136163,444.66047907944403,25.691763240246985
359,3,60.968182927416095,60.70850003056017,8.605445663325893,309.6484733170131,28.09570698307579
359,4,60.968182927416095,60.70850003056017,9.60525329785483,128.50839753142893,29.903962021896213
359,5,60.968182927416095,60.70850003056017,8.408176164828665,117.20790056959072,24.562082831773804
359,6,60.968182927416095,60.70850003056017,4.740464957948037,142.63322565301903,18.7673247297856
359,7,60.968182927416095,60.70850003056017,10.409095112081761,142.78235042029388,16.636328776080823
359,8,60.968182927416095,60.70850003056017,6.934813686295304,295.74991855776665,11.118869632100013
359,9,60.968182927416095,60.70850003056017,10.694482584248032,378.1934713626817,13.0923350075449
359,10,60.968182927416095,60.70850003056017,6.693920299264144,458.7128990599688,14.197430591784524
359,11,60.968182927416095,60.70850003056017,8.919200794690306,417.75179579243587,14.438895564296153
360,0,68.96075330676186,65.97866719127275,10.062233069174244,390.98259806731363,20.61860849994821
360,1,68.96075330676186,65.97866719127275,10.005679329236921,398.92824456447494,22.97144304420644
360,2,68.96075330676186,65.97866719127275,6.7481072860439895,452.03313487280377,26.52394040810587
360,3,68.96075330676186,65.97866719127275,7.218572688171779,257.2401105927684,27.25693575946648
360,4,68.96075330676186,65.97866719127275,8.050918958898837,128.35484840829565,26.785856503807647
360,5,68.96075330676186,65.97866719127275,10.986177180308653,139.40163279020035,23.871832573401125
360,6,68.96075330676186,65.97866719127275,9.845899230211971,135.76013311401846,18.69788225343848
360,7,68.96075330676186,65.97866719127275,9.233522444928534,175.74476782057752,16.85580212803271
360,8,68.96075330676186,65.97866719127275,4.60469248397721,197.61898494499718,11.298684309785731
360,9,68.96075330676186,65.97866719127275,10.926536715039816,397.8376044439376,11.316852757791231
360,10,68.96075330676186,65.97866719127275,9.221607457104401,341.3437670754157,14.753877097818341
360,11,68.96075330676186,65.97866719127275,5.279966018290699,469.6053610549244,17.126777464394497
361,0,42.95367252534453,62.570698367081455,5.880524696809351,417.84975557062506,20.716468102477297
361,1,42.95367252534453,62.570698367081455,11.356632851071858,404.92361689952526,24.37143100055182
361,2,42.95367252534453,62.570698367081455,9.564217128717447,416.3646325464595,26.18878760193451
361,3,42.95367252534453,62.570698367081455,8.32904254774179,199.1534912325753,27.638737192633943
361,4,42.95367252534453,62.570698367081455,7.8793713027189245,125.16763898883544,26.00388706896896
361,5,42.95367252534453,62.570698367081455,6.955479082169782,140.43395565196096,26.403423191467308
361,6,42.95367252534453,62.570698367081455,6.689278952080915,167.98899889978395,19.806663295505874
361,7,42.95367252534453,62.570698367081455,7.135409202986404,134.4244783962634,16.439480425811283
361,8,42.95367252534453,62.570698367081455,9.386810255849657,270.2270347920473,14.03131169394309
361,9,42.95367252534453,62.570698367081455,8.944400571636704,340.62258755509333,12.619664615672212
361,10,42.95367252534453,62.570698367081455,7.233097714522207,485.52677598884645,11.767066442495436
361,11,42.95367252534453,62.570698367081455,6.73654639760419,400.78493337068096,16.548502793283507
362,0,35.74844059218436,56.69167260823999,6.532428424250258,367.50464071021986,19.300135873038563
362,1,35.74844059218436,56.69167260823999,13.025727834292562,419.1516037948787,24.307987494629415
362,2,35.74844059218436,56.69167260823999,5.42014643460028,441.18881231557987,27.2449671035983
362,3,35.74844059218436,56.69167260823999,7.072965828557352,219.03350560256925,28.547626060861436
362,4,35.74844059218436,56.69167260823999,8.826961260332402,145.94035141456925,27.515628645911104
362,5,35.74844059218436,56.69167260823999,3.26618444265877,137.28031801489956,22.916111806184865
362,6,35.74844059218436,56.69167260823999,9.006154844911485,142.13160518420872,20.09361154562606
362,7,35.74844059218436,56.69167260823999,10.94822316834173,187.4516928386064,16.032175625986202
362,8,35.74844059218436,56.69167260823999,6.9678451309353395,279.5840334309537,13.568141753463342
362,9,35.74844059218436,56.69167260823999,9.077932061718714,271.7866861618988,12.530741434482964
362,10,35.74844059218436,56.69167260823999,9.416034008426399,456.5587712772105,13.26936277233983
362,11,35.74844059218436,56.69167260823999,8.121712858882074,314.7396533758937,16.17457053770671
363,0,17.614247391100005,62.111841340193166,8.830945349000423,253.55667243807042,19.378408479086147
363,1,17.614247391100005,62.111841340193166,8.485145569549053,365.4341693781527,23.36562450459099
363,2,17.614247391100005,62.111841340193166,7.434855657902144,325.76616641728106,26.916419302503297
363,3,17.614247391100005,62.111841340193166,10.37787547299752,258.86211464973167,28.546027510919036
363,4,17.614247391100005,62.111841340193166,6.798817727643113,160.80883508742664,26.126785008950797
363,5,17.614247391100005,62.111841340193166,7.136544783179188,149.13939106537848,23.55918273057342
363,6,17.614247391100005,62.111841340193166,7.982750000507693,127.79444508264926,19.99789661179833
363,7,17.614247391100005,62.111841340193166,7.762992663086819,205.31300538383982,17.13344227800902
363,8,17.614247391100005,62.111841340193166,9.511474846112831,306.1715860791311,11.848244637107085
363,9,17.614247391100005,62.111841340193166,6.235254593423095,365.1036902599902,13.505816481010442
363,10,17.614247391100005,62.111841340193166,6.448390344411155,483.0241527766947,13.037774952202552
363,11,17.614247391100005,62.111841340193166,9.299262354221737,278.0365911064027,15.674779985760532
364,0,68.11484442064784,68.17143607449223,8.105863800966132,301.0089198580116,19.108685843968892
364,1,68.11484442064784,68.17143607449223,10.100196385257627,337.7459172858019,24.27391368433978
364,2,68.11484442064784,68.17143607449223,8.999104378266006,367.6080314772699,26.715933821752262
364,3,68.11484442064784,68.17143607449223,6.365230924624994,210.8320124301796,26.942159941820037
364,4,68.11484442064784,68.17143607449223,4.950463388720678,114.036664303948,28.379575917365855
364,5,68.11484442064784,68.17143607449223,8.315770197531291,133.48654080224205,23.185245921831527
364,6,68.11484442064784,68.17143607449223,7.734264421940068,158.12717267474764,20.210304237592347
364,7,68.11484442064784,68.17143607449223,11.172872119710616,178.06092035430515,15.233336156179002
364,8,68.11484442064784,68.17143607449223,8.552228227995357,287.80165687063777,13.469256009958517
364,9,68.11484442064784,68.17143607449223,11.68064722221851,265.543088706701,12.03895827037769
364,10,68.11484442064784,68.17143607449223,10.216285057844217,468.618222910715,11.672585855578939
364,11,68.11484442064784,68.17143607449223,7.671393275975278,349.80062159701833,15.142244777465628
365,0,50.662309931214665,62.34207898250979,9.954742262544233,357.11392010966654,18.024134395080456
365,1,50.662309931214665,62.34207898250979,9.359476938303851,440.27435447423096,24.443963022235447
365,2,50.662309931214665,62.34207898250979,13.24315249299973,432.30487754792307,28.48249699345673
365,3,50.662309931214665,62.34207898250979,7.426115611648355,251.3717601447571,29.391498689299418
365,4,50.662309931214665,62.34207898250979,5.223553985096297,172.97194663281235,28.565581924432273
365,5,50.662309931214665,62.34207898250979,7.509008852209228,134.48959710604365,25.59792917663575
365,6,50.662309931214665,62.34207898250979,10.551917704788213,158.95583690834437,21.745883303007986
365,7,50.662309931214665,62.34207898250979,4.187235568757952,127.33878615044996,17.717275993884883
365,8,50.662309931214665,62.34207898250979,8.392807566110877,334.815717432706,12.57581826775679
365,9,50.662309931214665,62.34207898250979,10.341913994644107,434.26187928072426,13.347170121507979
365,10,50.662309931214665,62.34207898250979,11.292855417024924,423.05958225261804,12.46379031873439
365,11,50.662309931214665,62.34207898250979,12.895925281121583,449.28949175239626,16.793072784569116
366,0,48.669689973034664,58.54371552784818,7.161888464424642,331.2270359570145,19.48299766994782
366,1,48.669689973034664,58.54371552784818,7.308700854380796,429.31635858641863,24.133596724228312
366,2,48.669689973034664,58.54371552784818,10.685119958488876,374.25641658122396,27.515892641060255
366,3,48.669689973034664,58.54371552784818,10.133805615887661,260.2794311073592,29.13415407589377
366,4,48.669689973034664,58.54371552784818,6.494139990401505,145.89091284893405,27.446640233696172
366,5,48.669689973034664,58.54371552784818,9.275072947549118,107.54728428484188,22.352573710836467
366,6,48.669689973034664,58.54371552784818,9.055893195808341,167.3902696486941,20.64967121010949
366,7,48.669689973034664,58.54371552784818,9.445044742632014,137.82555530340764,17.562952030501936
366,8,48.669689973034664,58.54371552784818,6.745095872696063,421.76012255764164,13.366366025859012
366,9,48.669689973034664,58.54371552784818,6.090468054626276,338.75896073953993,10.434631474448896
366,10,48.669689973034664,58.54371552784818,8.813269334015414,537.2141136169482,14.075913103152374
366,11,48.669689973034664,58.54371552784818,6.850884010636028,449.43845736026407,15.47215818201136
367,0,38.86080989363632,57.74726563671639,8.419016221242362,340.14238395901197,23.241344608605456
367,1,38.86080989363632,57.74726563671639,5.839758525289163,376.1081545914807,22.74478377366881
367,2,38.86080989363632,57.74726563671639,9.166619037761274,302.80728271834283,26.825878807603814
367,3,38.86080989363632,57.74726563671639,6.223819287075887,199.8145826784236,27.379531857549356
367,4,38.86080989363632,57.74726563671639,8.673382364964713,118.74546828275524,26.227064514672236
367,5,38.86080989363632,57.74726563671639,8.74292984823966,140.53549467691005,23.887924438572167
367,6,38.86080989363632,57.74726563671639,6.497009834684439,105.91205817017797,20.9615991438828
367,7,38.86080989363632,57.74726563671639,4.112035386943597,196.59713630874114,15.321799973620635
367,8,38.86080989363632,57.74726563671639,8.525670448728846,287.87700504628674,14.164548823515721
367,9,38.86080989363632,57.74726563671639,8.337828262740896,323.13343876027636,11.350382034796045
367,10,38.86080989363632,57.74726563671639,9.374753426652752,420.467390782461,10.874336111320961
367,11,38.86080989363632,57.74726563671639,10.28917981194129,315.4424218534313,17.032653018009125
368,0,35.44897666287283,71.94883511251119,6.3521811274387705,451.4722908247656,18.86463224712414
368,1,35.44897666287283,71.94883511251119,9.098122060954909,324.64774717356204,25.164500207214907
368,2,35.44897666287283,71.94883511251119,4.671181097941012,282.7877168594971,27.768134533004726
368,3,35.44897666287283,71.94883511251119,6.193594971701527,223.0022733251952,29.50721264935705
368,4,35.44897666287283,71.94883511251119,5.231814243320356,145.12605854166006,27.577050776399787
368,5,35.44897666287283,71.94883511251119,7.940006020707711,159.5653089476091,26.316632759967888
368,6,35.44897666287283,71.94883511251119,7.6104158030493165,133.19131824192894,20.03661587690638
368,7,35.44897666287283,71.94883511251119,5.84651097058288,185.25201871484072,15.975299078143191
368,8,35.44897666287283,71.94883511251119,8.01493176590531,267.3956829108794,12.143704441184298
368,9,35.44897666287283,71.94883511251119,6.870831422159145,367.2290503790336,12.688136889942056
368,10,35.44897666287283,71.94883511251119,6.723299147875616,363.5976326063538,13.385706013967269
368,11,35.44897666287283,71.94883511251119,7.694575285673702,318.81305863894033,16.33145578606232
369,0,42.3594558666761,66.57327579274963,7.991439861321665,278.5532946178299,19.163945933834135
369,1,42.3594558666761,66.57327579274963,9.341988182156982,436.96380947574187,23.14529010935876
369,2,42.3594558666761,66.57327579274963,6.723706638731794,392.41352417554117,28.845910896853773
369,3,42.3594558666761,66.57327579274963,9.11502012070596,211.22289915623065,28.445958227329154
369,4,42.3594558666761,66.57327579274963,5.0271434575989975,137.15645527123888,25.845692875624845
369,5,42.3594558666761,66.57327579274963,4.443866860489685,135.8976690289491,23.913698299200938
369,6,42.3594558666761,66.57327579274963,8.357178885924693,169.54354177028807,20.196045639105318
369,7,42.3594558666761,66.57327579274963,3.2332501677736305,198.7189803379679,15.268549618570804
369,8,42.3594558666761,66.57327579274963,12.191870764114682,265.9131763155976,13.968940339052597
369,9,42.3594558666761,66.57327579274963,7.473401815141932,351.27072674532286,11.282483275977082
369,10,42.3594558666761,66.57327579274963,6.340449303442833,354.43235458475755,13.35520019039839
369,11,42.3594558666761,66.57327579274963,7.597064037500058,405.9514394542937,16.15956579329593
370,0,41.19095569010773,56.023526653011956,10.85921813989826,340.9305023625356,19.57493716384603
370,1,41.19095569010773,56.023526653011956,6.724563239387797,358.1237092860423,23.973491843414955
370,2,41.19095569010773,56.023526653011956,9.219017013876682,409.8120230286391,27.38090056286417
370,3,41.19095569010773,56.023526653011956,13.693178708131528,218.26930311997154,31.030210525494844
370,4,41.19095569010773,56.023526653011956,7.2551433219082035,185.71799674329569,26.35807338660638
370,5,41.19095569010773,56.023526653011956,5.853973532903051,135.83986504048266,22.94904486154482
370,6,41.19095569010773,56.023526653011956,8.028987837755135,160.9683149833477,19.08441825976656
370,7,41.19095569010773,56.023526653011956,9.663514474891219,183.68510275505312,17.03287217510354
370,8,41.19095569010773,56.023526653011956,8.505346896953036,232.11210095024947,13.222903640477792
370,9,41.19095569010773,56.023526653011956,9.441737541707099,339.98553852163275,10.408715271824994
370,10,41.19095569010773,56.023526653011956,5.343361807401637,489.98288885933135,13.20524708257082
370,11,41.19095569010773,56.023526653011956,10.947111313003015,336.8255783946542,13.969677468654371
371,0,43.925520109778816,63.1962577127672,5.443006296811221,401.7360986865327,20.6691966726799
371,1,43.925520109778816,63.1962577127672,4.025375035150131,301.19260674328507,22.588073386579115
371,2,43.925520109778816,63.1962577127672,6.909082127663884,309.78755933358127,27.96921839332893
371,3,43.925520109778816,63.1962577127672,11.765334656915531,264.6398395129675,26.40293761442876
371,4,43.925520109778816,63.1962577127672,5.757594065699395,192.08842104317148,28.554697731382692
371,5,43.925520109778816,63.1962577127672,8.534222965009773,114.53650375403443,23.227572504835194
371,6,43.925520109778816,63.1962577127672,8.19079700679729,157.85117862102578,20.736738019143584
371,7,43.925520109778816,63.1962577127672,3.9463353876498406,142.03897743346934,15.924858933917845
371,8,43.925520109778816,63.1962577127672,6.608546288144713,258.3235400567636,14.521708782135986
371,9,43.925520109778816,63.1962577127672,7.267942112403446,318.0979321338719,12.000913422997296
371,10,43.925520109778816,63.1962577127672,8.335898548463998,348.74004105451473,14.255145739154765
371,11,43.925520109778816,63.1962577127672,8.306180778715836,557.529453570912,18.16671494381169
372,0,57.71777640324695,66.6849428373105,9.376349546657531,284.98147808279145,19.135904475237187
372,1,57.71777640324695,66.6849428373105,7.2661252543006585,357.4190788610734,24.407855915624392
372,2,57.71777640324695,66.6849428373105,12.326223641521091,401.54276190341665,27.382594718989143
372,3,57.71777640324695,66.6849428373105,11.298296626078713,227.07521428399752,27.45780568867112
372,4,57.71777640324695,66.6849428373105,9.71079187035093,140.97476794288244,28.58150639547405
372,5,57.71777640324695,66.6849428373105,8.175644931211702,120.94783539839537,23.10880436041766
372,6,57.71777640324695,66.6849428373105,7.697003774492233,177.89477164793894,20.700597361835317
372,7,57.71777640324695,66.6849428373105,7.575534933404828,182.91694560384965,17.191152021530122
372,8,57.71777640324695,66.6849428373105,7.133910135337137,349.4799719362218,13.008554574422035
372,9,57.71777640324695,66.6849428373105,7.252959366637132,377.30752927159506,10.718209294878491
372,10,57.71777640324695,66.6849428373105,10.240023895777956,436.43604790796627,11.433921116366161
372,11,57.71777640324695,66.6849428373105,4.487776193294989,232.69888433922296,17.18875285002335
373,0,47.5354274313382,64.52260819208158,8.304685861977854,342.38176700310964,19.886041176346634
373,1,47.5354274313382,64.52260819208158,5.328983955326317,347.144217325641,25.312957888933646
373,2,47.5354274313382,64.52260819208158,10.10710913690713,358.9638398864149,25.867548401863246
373,3,47.5354274313382,64.52260819208158,10.679709551061807,263.1105607941042,27.33587113329398
373,4,47.5354274313382,64.52260819208158,5.826166478179911,141.82029994547474,27.827701314081583
373,5,47.5354274313382,64.52260819208158,6.17286177332223,139.67184811569703,23.177165638200247
373,6,47.5354274313382,64.52260819208158,6.7718332027891375,127.21797935034594,21.48882379879956
373,7,47.5354274313382,64.52260819208158,11.331897273580577,155.7264851487776,15.097766093073892
373,8,47.5354274313382,64.52260819208158,6.301510750436854,332.1676809579008,14.96862920873634
373,9,47.5354274313382,64.52260819208158,8.176113289444437,367.02745943155054,9.68724627785769
373,10,47.5354274313382,64.52260819208158,5.751263057326835,429.74224870932767,14.83223863650705
373,11,47.5354274313382,64.52260819208158,7.362036762468843,350.7184173039178,16.931828645319026
374,0,53.9525729368458,58.05053287330616,7.180793080753024,350.03144987357666,19.138754833128313
374,1,53.9525729368458,58.05053287330616,10.696644912069708,441.4225093335132,23.72797859660149
374,2,53.9525729368458,58.05053287330616,7.120828825432519,443.3434350295377,27.84734146987442
374,3,53.9525729368458,58.05053287330616,6.661839691317891,219.53993810836542,27.023496077570265
374,4,53.9525729368458,58.05053287330616,7.781572398520388,109.23042561843532,28.04967188995172
374,5,53.9525729368458,58.05053287330616,7.6112496154887195,140.26470759372373,25.277901124685556
374,6,53.9525729368458,58.05053287330616,9.96620494354801,128.16445223528626,20.318128827471522
374,7,53.9525729368458,58.05053287330616,9.087208907215635,167.86083665803292,13.917070908038285
374,8,53.9525729368458,58.05053287330616,5.07781597098645,251.0678127685093,13.241393662252447
374,9,53.9525729368458,58.05053287330616,6.845502675119954,347.6476321025341,11.832480260692737
374,10,53.9525729368458,58.05053287330616,5.199819879301692,447.43151584822726,12.217056721311652
374,11,53.9525729368458,58.05053287330616,8.472977867917118,357.33039354639783,16.469582021867744
375,0,48.790769953334916,59.79626741469116,8.095293577679383,312.4775367626318,20.390267430560513
375,1,48.790769953334916,59.79626741469116,5.880519364703893,485.5550236323785,24.589517019855254
375,2,48.790769953334916,59.79626741469116,4.828120306631106,273.52848156544377,27.434304869215097
375,3,48.790769953334916,59.79626741469116,9.307094382903715,218.10022591717203,29.718189418715827
375,4,48.790769953334916,59.79626741469116,6.839662057652397,127.42785312743169,27.585325705266484
375,5,48.790769953334916,59.79626741469116,7.51228302573688,115.39072757602848,23.996776949946405
375,6,48.790769953334916,59.79626741469116,9.629629268092621,140.38686958784845,20.251991296829864
375,7,48.790769953334916,59.79626741469116,11.44648671241545,147.83490306880094,16.16173874191152
375,8,48.790769953334916,59.79626741469116,7.655065069491671,256.9940981508136,12.656235507178158
375,9,48.790769953334916,59.79626741469116,8.154614499570222,376.547804494976,12.616450152189309
375,10,48.790769953334916,59.79626741469116,6.903474366863511,410.4665263398099,13.515640053738242
375,11,48.790769953334916,59.79626741469116,6.945347156880766,336.3445842588457,14.621158521838272
376,0,52.89158303939706,50.73552299116953,7.168657717324335,320.99613999670726,19.133570919207116
376,1,52.89158303939706,50.73552299116953,8.622293312946148,301.513824776848,23.775942193026125
376,2,52.89158303939706,50.73552299116953,6.997703772433781,424.75880319975016,27.08504358876
376,3,52.89158303939706,50.73552299116953,6.7044856065483325,263.3517725689639,28.109455365559022
376,4,52.89158303939706,50.73552299116953,10.822296577885966,111.04735577388546,26.888107699327783
376,5,52.89158303939706,50.73552299116953,8.363372537514767,137.99594473595488,24.517754540172255
376,6,52.89158303939706,50.73552299116953,11.402313633619807,194.1539263265105,20.265587178741214
376,7,52.89158303939706,50.73552299116953,13.78599235424484,193.40880332071623,16.76168796325105
376,8,52.89158303939706,50.73552299116953,8.982609726868557,266.592413388941,13.816993524716068
376,9,52.89158303939706,50.73552299116953,9.72897062545759,295.6839500094204,10.081800001686725
376,10,52.89158303939706,50.73552299116953,7.7268241531598525,331.1909567087118,13.945655266294748
376,11,52.89158303939706,50.73552299116953,6.681359178501397,403.9212800238641,15.762745663992007
377,0,60.35260843991973,59.1145356731579,5.450722640596581,368.5401191221402,20.81843898335792
377,1,60.35260843991973,59.1145356731579,7.831571413314195,336.4526994168917,24.03063476073057
377,2,60.35260843991973,59.1145356731579,9.189493200003229,419.36947662154284,26.884267012079377
377,3,60.35260843991973,59.1145356731579,7.43913004772228,215.2867405315467,29.455414489895965
377,4,60.35260843991973,59.1145356731579,7.584159174334668,153.56981502106103,28.17979355878243
377,5,60.35260843991973,59.1145356731579,5.9791814136029835,83.29529856184796,23.126420793648553
377,6,60.35260843991973,59.1145356731579,9.40700175683568,128.6574209673446,21.39764055022349
377,7,60.35260843991973,59.1145356731579,3.231600834910873,174.31725569160318,16.647077924961692
377,8,60.35260843991973,59.1145356731579,7.1648903018354435,271.6684716622744,12.171316005037479
377,9,60.35260843991973,59.1145356731579,4.323386608527855,326.4949029808328,9.466266411687263
377,10,60.35260843991973,59.1145356731579,10.672423438522927,365.4202851676711,14.178578772432937
377,11,60.35260843991973,59.1145356731579,7.944160312011724,330.9362936776361,16.668518883518917
378,0,41.80158414063432,59.432407782528415,1.8526966245644045,321.5319758762779,19.07166142577633
378,1,41.80158414063432,59.432407782528415,9.200512456196044,479.27263680493655,24.443507427442185
378,2,41.80158414063432,59.432407782528415,9.43552472501023,389.6712081805589,26.521093387079922
378,3,41.80158414063432,59.432407782528415,7.52844998109604,236.78679153135192,27.041171396021763
378,4,41.80158414063432,59.432407782528415,8.910302044545407,148.3364504569621,25.973614662459436
378,5,41.80158414063432,59.432407782528415,9.71829723758664,136.0342711119842,24.89094866069492
378,6,41.80158414063432,59.432407782528415,9.552000293994748,119.30936908012487,20.434136969830313
378,7,41.80158414063432,59.432407782528415,7.451642860384249,163.85266271518026,16.236554396226136
378,8,41.80158414063432,59.432407782528415,5.765543122287931,280.5789939489982,12.336398539854319
378,9,41.80158414063432,59.432407782528415,8.908437299133325,366.01667161141415,11.347919363323017
378,10,41.80158414063432,59.432407782528415,7.783780701208181,368.19806385135166,11.842114345391414
378,11,41.80158414063432,59.432407782528415,12.336734754241004,375.0231271649522,15.440121529921282
379,0,34.85056274241309,64.31951263937032,6.974154594489314,446.0906395063222,20.19993436390642
379,1,34.85056274241309,64.31951263937032,7.852894897433539,272.3698395123143,24.241081230394474
379,2,34.85056274241309,64.31951263937032,6.578411696169319,347.3819890864543,26.2085038579676
379,3,34.85056274241309,64.31951263937032,9.498243885143372,205.60146605556267,27.172155673008323
379,4,34.85056274241309,64.31951263937032,10.934234045516806,140.02565164616283,28.87021123185561
379,5,34.85056274241309,64.31951263937032,9.331483660891303,118.49706528039272,21.930653576383577
379,6,34.85056274241309,64.31951263937032,8.572369866547321,112.17476785303246,20.608879217016245
379,7,34.85056274241309,64.31951263937032,3.4870403762382765,167.9168282815653,16.900061799033008
379,8,34.85056274241309,64.31951263937032,7.4365366339011105,250.07590920941587,10.665839238665448
379,9,34.85056274241309,64.31951263937032,6.9811271470694924,313.7758128610363,11.585277571187799
379,10,34.85056274241309,64.31951263937032,8.261135805279508,323.90943306022825,13.86466756788202
379,11,34.85056274241309,64.31951263937032,6.705043339794593,344.99057306544313,15.23662188673324
380,0,90.05990183776062,58.93134519552273,8.090729139082002,430.01057634935086,20.587372193042135
380,1,90.05990183776062,58.93134519552273,8.717778039354771,348.4223411828667,22.479609740527454
380,2,90.05990183776062,58.93134519552273,8.792184057449894,335.7403392223393,27.96574701434685
380,3,90.05990183776062,58.93134519552273,8.006534982522211,284.7872275947378,27.832356056523682
380,4,90.05990183776062,58.93134519552273,8.251224613254834,150.82077911223885,27.06342463597411
380,5,90.05990183776062,58.93134519552273,9.66550869758724,133.54537758787657,23.292582850512307
380,6,90.05990183776062,58.93134519552273,5.090003796894799,117.1590896088692,18.780396351545235
380,7,90.05990183776062,58.93134519552273,5.890567204780114,149.5935516783865,16.07925159329731
380,8,90.05990183776062,58.93134519552273,8.488444220890454,311.68224295425057,13.830591457887149
380,9,90.05990183776062,58.93134519552273,7.319510230242781,362.1897898079326,11.431192488543422
380,10,90.05990183776062,58.93134519552273,7.740020024192596,347.73689367434235,12.472941604872723
380,11,90.05990183776062,58.93134519552273,8.654261734129388,319.7814759168989,15.867705351652921
381,0,60.632321400641544,57.44707418325231,11.673020044120875,330.42853337209016,19.85698268646146
381,1,60.632321400641544,57.44707418325231,7.986933888401959,482.17350370821083,24.250152751396328
381,2,60.632321400641544,57.44707418325231,7.681402471521997,389.9259077772888,27.474370428466784
381,3,60.632321400641544,57.44707418325231,6.982083125234903,272.7061903713835,26.989034857954813
381,4,60.632321400641544,57.44707418325231,8.640999981573804,102.18071109428388,27.289854363534484
381,5,60.632321400641544,57.44707418325231,10.54250781450354,133.24427742469305,23.278311811975644
381,6,60.632321400641544,57.44707418325231,8.270670081962404,109.90773527167248,19.696515698332785
381,7,60.632321400641544,57.44707418325231,9.735523422485999,219.17378461576766,17.750278770776504
381,8,60.632321400641544,57.44707418325231,11.934182751915486,356.2510457907489,13.259579397352525
381,9,60.632321400641544,57.44707418325231,6.728797490309391,395.1689587525454,10.232312540592549
381,10,60.632321400641544,57.44707418325231,6.309077042265187,368.9225749456342,12.39458354183108
381,11,60.632321400641544,57.44707418325231,7.621693384465489,339.13610351536084,17.187201135813236
382,0,53.347362139516456,67.95881278309001,10.544762935548356,344.1767384088288,20.4639195582153
382,1,53.347362139516456,67.95881278309001,6.400137805234416,374.4984995269475,23.617910553590583
382,2,53.347362139516456,67.95881278309001,7.429108303527364,405.139044842379,26.202443158457474
382,3,53.347362139516456,67.95881278309001,7.589715311663115,229.14560139628915,28.437783179583175
382,4,53.347362139516456,67.95881278309001,6.812401997218304,138.8994378956249,26.12967905032597
382,5,53.347362139516456,67.95881278309001,9.426580243765171,100.2226404900302,23.68774442679206
382,6,53.347362139516456,67.95881278309001,6.38917453177185,112.28514349721773,20.019140184476022
382,7,53.347362139516456,67.95881278309001,5.815910574821876,148.56954012366822,17.390163940337782
382,8,53.347362139516456,67.95881278309001,5.759408744734159,323.98172402873445,13.724242193015536
382,9,53.347362139516456,67.95881278309001,8.062455001091221,254.03022343833265,10.929743313287123
382,10,53.347362139516456,67.95881278309001,6.342643409688534,424.5024984069456,11.967711999951137
382,11,53.347362139516456,67.95881278309001,12.636661820583786,317.36793752776936,15.061457620254295
383,0,49.58055789486486,64.93499066155638,9.916176278537105,388.15132559204443,20.319065356659184
383,1,49.58055789486486,64.93499066155638,7.630223755935928,424.033026563244,25.98788610887077
383,2,49.58055789486486,64.93499066155638,7.859133261581283,277.22649894234974,28.031568104272875
383,3,49.58055789486486,64.93499066155638,5.091441676039088,224.23900051803184,28.32242366142236
383,4,49.58055789486486,64.93499066155638,8.134908714199343,188.32673032636794,26.35993884388095
383,5,49.58055789486486,64.93499066155638,8.170950947021314,110.00316918736567,25.216283347747645
383,6,49.58055789486486,64.93499066155638,5.469096487613912,167.72375904166134,19.432873881870254
383,7,49.58055789486486,64.93499066155638,8.852767060150342,173.2586658457933,16.990486192147763
383,8,49.58055789486486,64.93499066155638,5.546313145390462,260.3053214928006,12.014360947624192
383,9,49.58055789486486,64.93499066155638,9.359883108080657,310.8958684390089,13.483811126814704
383,10,49.58055789486486,64.93499066155638,5.701255197268755,362.42359124312173,13.795701288020329
383,11,49.58055789486486,64.93499066155638,10.000484829039209,430.3835401401308,18.52917447186141
384,0,45.74908771632619,57.21293947826461,10.23546108811001,335.06657970136547,19.383939725312974
384,1,45.74908771632619,57.21293947826461,6.819886395129737,291.2713988648759,24.14116181413694
384,2,45.74908771632619,57.21293947826461,8.378974491959285,279.1787643806435,24.569202986384656
384,3,45.74908771632619,57.21293947826461,7.6139315357904955,220.26960618404874,28.652529208370044
384,4,45.74908771632619,57.21293947826461,5.713161853705519,123.48309797162254,26.615905319133457
384,5,45.74908771632619,57.21293947826461,9.640397918765068,138.3600501921134,24.661353071659633
384,6,45.74908771632619,57.21293947826461,4.572117043021411,149.51272541938746,20.81746782827303
384,7,45.74908771632619,57.21293947826461,11.773316076494588,174.3281364330544,15.205829255981033
384,8,45.74908771632619,57.21293947826461,8.135042376711054,294.0580260990596,14.402105963213627
384,9,45.74908771632619,57.21293947826461,9.619914552110963,294.18806257030263,11.856393358161563
384,10,45.74908771632619,57.21293947826461,7.482044832888926,457.5223312956049,13.998566870498685
384,11,45.74908771632619,57.21293947826461,8.220486629858978,381.5884291875155,18.34363035202712
385,0,40.86612257921432,50.0,8.633760043631574,302.6487846727493,19.308195520279778
385,1,40.86612257921432,50.0,8.343306347432984,297.4128447660328,23.857486305626363
385,2,40.86612257921432,50.0,5.7114303075673885,380.3956855867162,27.628514176830283
385,3,40.86612257921432,50.0,6.4413170443057295,257.45170542299195,27.38476345977533
385,4,40.86612257921432,50.0,6.645373924577594,139.06592827013827,25.806387266359675
385,5,40.86612257921432,50.0,8.677747541429463,105.93632070424714,23.733540610712982
385,6,40.86612257921432,50.0,10.40806469600897,130.7608157671049,19.239546135700234
385,7,40.86612257921432,50.0,9.705355932368839,185.83527818318225,15.450971158324167
385,8,40.86612257921432,50.0,8.808834448555954,352.84050933591544,13.538995510270935
385,9,40.86612257921432,50.0,8.381800074613881,387.1511128210126,11.727215662642413
385,10,40.86612257921432,50.0,7.555663432510168,394.6507917298631,13.650322132465321
385,11,40.86612257921432,50.0,6.253079989346988,306.22826518344453,16.126561027248275
386,0,70.02375699957938,51.34966377785861,7.808792986399365,303.5667489713013,20.288803018953182
386,1,70.02375699957938,51.34966377785861,10.137663332192567,435.2070723134858,25.975313193301865
386,2,70.02375699957938,51.34966377785861,9.87809036903171,415.0131142077277,27.688776940949683
386,3,70.02375699957938,51.34966377785861,8.713438793357309,230.06234310506323,27.472434656870668
386,4,70.02375699957938,51.34966377785861,11.190605793130725,135.58048333019764,27.614373535135876
386,5,70.02375699957938,51.34966377785861,8.117868315347286,98.22017006088345,23.881607879370378
386,6,70.02375699957938,51.34966377785861,7.135899448422304,102.8705673210475,19.715543084238966
386,7,70.02375699957938,51.34966377785861,8.354849060489746,179.9540448841819,15.361742130115633
386,8,70.02375699957938,51.34966377785861,9.30305595108949,243.32841433458486,13.35545394537685
386,9,70.02375699957938,51.34966377785861,8.506678869345329,296.656134534739,13.072172959784144
386,10,70.02375699957938,51.34966377785861,11.267463620863538,465.4018078542057,14.535310044594745
386,11,70.02375699957938,51.34966377785861,8.803150570868517,284.0302587513568,16.692596104208903
387,0,76.72342151054357,59.23808230664708,9.381177182923448,356.2978269062104,20.452811242842444
387,1,76.72342151054357,59.23808230664708,5.573372776429552,341.14003360483866,23.853741290278588
387,2,76.72342151054357,59.23808230664708,6.404247582768479,354.7013568978201,27.00203303097582
387,3,76.72342151054357,59.23808230664708,10.91684323861255,238.3356668448433,27.747861356942426
387,4,76.72342151054357,59.23808230664708,5.915657872760585,98.42081478245973,29.582395777151735
387,5,76.72342151054357,59.23808230664708,7.275627918649543,158.72946322387313,24.675015449528146
387,6,76.72342151054357,59.23808230664708,7.254068099880508,143.1075198961266,20.35692874804737
387,7,76.72342151054357,59.23808230664708,3.4736123160385306,124.73853273350905,15.255329156788736
387,8,76.72342151054357,59.23808230664708,8.999787613578903,307.35274327816586,13.588348779862338
387,9,76.72342151054357,59.23808230664708,8.679197154661823,356.36430345759226,13.449763001611071
387,10,76.72342151054357,59.23808230664708,5.903221662818391,343.9521855100018,13.60830741372971
387,11,76.72342151054357,59.23808230664708,8.87246288497911,258.0472772717499,16.405376312765195
388,0,34.025463555816124,59.881010379134466,12.124793235818457,417.43442831750184,17.72853609259309
388,1,34.025463555816124,59.881010379134466,6.988364730579983,368.5893924850657,24.3127894603522
388,2,34.025463555816124,59.881010379134466,9.143980337642297,379.8010847317265,25.54239679217331
388,3,34.025463555816124,59.881010379134466,7.566518168704131,237.3260463671669,28.189342226367344
388,4,34.025463555816124,59.881010379134466,10.280032603779505,151.30280439597414,27.387370870406418
388,5,34.025463555816124,59.881010379134466,4.1599696924742755,125.53482807276555,22.948108503356263
388,6,34.025463555816124,59.881010379134466,6.484073883594569,147.7147314694504,19.96518027469023
388,7,34.025463555816124,59.881010379134466,5.662480779427131,156.90575348706037,17.28493302323301
388,8,34.025463555816124,59.881010379134466,6.413075846890831,249.30084753222525,13.331282001033125
388,9,34.025463555816124,59.881010379134466,10.790889898819408,331.0327167897511,12.95538947574241
388,10,34.025463555816124,59.881010379134466,10.68656283066535,476.27319667329414,13.007105039855803
388,11,34.025463555816124,59.881010379134466,7.855570742460102,429.12498616701225,15.056008626328673
389,0,44.49652377533814,59.323603619112134,9.386360653137702,380.06542593035044,20.93619708483519
389,1,44.49652377533814,59.323603619112134,6.227541965599333,326.0159241971914,25.12248951698156
389,2,44.49652377533814,59.323603619112134,6.356447403076919,464.08220481631867,27.901947585862132
389,3,44.49652377533814,59.323603619112134,10.529385095119661,178.40367485146226,27.121986035607645
389,4,44.49652377533814,59.323603619112134,9.852123243609771,120.40249767087202,26.277177717563546
389,5,44.49652377533814,59.323603619112134,8.841902580635901,107.22868334949942,22.139099434346903
389,6,44.49652377533814,59.323603619112134,7.092825084093127,167.0382137431612,20.16895325207058
389,7,44.49652377533814,59.323603619112134,5.93934596482795,172.82976210887279,17.132828885842653
389,8,44.49652377533814,59.323603619112134,6.406046691075015,245.3157231413194,12.97064904201339
389,9,44.49652377533814,59.323603619112134,9.170551109911058,301.28439336238824,13.938315595796293
389,10,44.49652377533814,59.323603619112134,8.350981022670593,285.6554121685715,12.126305583079711
389,11,44.49652377533814,59.323603619112134,8.588246919039689,326.4292574215551,17.175987982930486
390,0,60.94845627182384,64.21173302786589,5.747624816646654,322.7824086636689,19.581077495800134
390,1,60.94845627182384,64.21173302786589,10.003056967867032,345.5679679694693,21.95301115132027
390,2,60.94845627182384,64.21173302786589,3.353777195349685,343.7753946714463,27.025561456805157
390,3,60.94845627182384,64.21173302786589,10.10576220584447,302.47079248456606,28.91470558126611
390,4,60.94845627182384,64.21173302786589,9.81813164796385,98.36945835871445,26.411365801974977
390,5,60.94845627182384,64.21173302786589,10.338732368273988,109.91108268955514,23.972445254866333
390,6,60.94845627182384,64.21173302786589,4.091058544482438,138.59819657709667,19.508907052830743
390,7,60.94845627182384,64.21173302786589,8.090649739269361,204.95226168016129,15.736865082332404
390,8,60.94845627182384,64.21173302786589,7.701773919831163,284.9372886133163,12.58260126922462
390,9,60.94845627182384,64.21173302786589,9.072684608229126,413.9635111509456,12.982437964381994
390,10,60.94845627182384,64.21173302786589,10.02894623239456,478.4311536198402,11.342572574986688
390,11,60.94845627182384,64.21173302786589,8.47645823205735,428.90286218127153,16.38031444887217
391,0,46.48695700936908,68.87035852719345,9.063203197782194,388.4786801396493,20.233532596328953
391,1,46.48695700936908,68.87035852719345,4.605589701936134,465.6043896480508,24.587641776017126
391,2,46.48695700936908,68.87035852719345,6.896188555278455,458.3943360613667,24.953668385756487
391,3,46.48695700936908,68.87035852719345,7.374136391954853,277.5516321798914,27.63512676161626
391,4,46.48695700936908,68.87035852719345,7.396685753038715,136.62533569789784,24.684398120234892
391,5,46.48695700936908,68.87035852719345,11.859876350423095,144.49791463622157,24.63666054069374
391,6,46.48695700936908,68.87035852719345,7.756904437594432,162.17246405314697,19.507532046741364
391,7,46.48695700936908,68.87035852719345,7.674022621435294,149.31113480565335,16.413320771172785
391,8,46.48695700936908,68.87035852719345,6.492344371036626,245.6711108588868,12.904613641781344
391,9,46.48695700936908,68.87035852719345,4.560075339643419,315.3274580856098,10.65008622861401
391,10,46.48695700936908,68.87035852719345,8.547974344309413,334.90091447847715,11.972599631686759
391,11,46.48695700936908,68.87035852719345,7.594535649891297,425.5816879158043,16.25991192889119
392,0,33.72764689448945,63.84058371975204,6.8334653740270985,278.847294341344,20.88501025907888
392,1,33.72764689448945,63.84058371975204,8.679204941026965,517.2961491286252,22.89023454160515
392,2,33.72764689448945,63.84058371975204,7.955005364665895,348.96275508424293,26.68951920672992
392,3,33.72764689448945,63.84058371975204,7.0672445453066866,269.7010776977965,27.563620590974672
392,4,33.72764689448945,63.84058371975204,5.066465626255573,112.12537926883951,27.84861006380391
392,5,33.72764689448945,63.84058371975204,6.145915274311635,150.21339856152971,23.772973719348123
392,6,33.72764689448945,63.84058371975204,8.975209990315635,134.3398572693589,20.586803638488522
392,7,33.72764689448945,63.84058371975204,8.670375005544894,229.30973723343587,14.532225253748901
392,8,33.72764689448945,63.84058371975204,9.440687889856452,343.60395303393574,14.302171629787557
392,9,33.72764689448945,63.84058371975204,5.9996588607747405,338.1535617088232,11.929147733285424
392,10,33.72764689448945,63.84058371975204,8.504778222896794,338.16025482615413,14.976921516230089
392,11,33.72764689448945,63.84058371975204,11.58263514768473,369.42248705626696,15.632202701044827
393,0,49.0283418832318,61.37741542857523,8.397639987447356,461.64924251716553,18.939558106531926
393,1,49.0283418832318,61.37741542857523,12.736161763518133,371.63288745560845,23.61509269416619
393,2,49.0283418832318,61.37741542857523,10.655512674786735,368.8891510044577,27.94705573829276
393,3,49.0283418832318,61.37741542857523,6.763064459997599,263.5044372149131,27.016898947010755
393,4,49.0283418832318,61.37741542857523,5.586774797482538,127.26953259096199,24.888685026047806
393,5,49.0283418832318,61.37741542857523,6.947649178743138,112.75434820879453,22.794334773085634
393,6,49.0283418832318,61.37741542857523,3.1130539807567725,154.58059591422938,20.16537829057445
393,7,49.0283418832318,61.37741542857523,5.536203691297217,173.49577119090685,15.729761264892632
393,8,49.0283418832318,61.37741542857523,7.766253147384656,288.7797381218808,10.981816140358694
393,9,49.0283418832318,61.37741542857523,5.656285015002533,359.58425597021744,9.818077348156345
393,10,49.0283418832318,61.37741542857523,7.108853924207708,348.011722032546,13.794124367413156
393,11,49.0283418832318,61.37741542857523,11.789530392549546,366.23507159499763,14.217297747573328
394,0,36.10296366245642,61.23760418379257,4.13815399675167,319.13434254531666,19.950194825279787
394,1,36.10296366245642,61.23760418379257,4.59641956972569,308.44193350680075,23.97095570851838
394,2,36.10296366245642,61.23760418379257,8.731871338762414,406.29656660445164,27.240940099300452
394,3,36.10296366245642,61.23760418379257,15.515255951152856,225.76084450897622,28.514040052422875
394,4,36.10296366245642,61.23760418379257,8.368627922342785,134.05942182334115,27.049384742634153
394,5,36.10296366245642,61.23760418379257,11.73417470716716,90.0862046413685,22.916865558862156
394,6,36.10296366245642,61.23760418379257,7.799789775621083,155.60737448350397,21.091919400714836
394,7,36.10296366245642,61.23760418379257,11.965382882446136,167.61108238239834,14.457027610460006
394,8,36.10296366245642,61.23760418379257,11.002983200728892,322.44926417534253,13.915268363966792
394,9,36.10296366245642,61.23760418379257,8.568452778669915,431.93920943024006,10.853216949085915
394,10,36.10296366245642,61.23760418379257,7.984078737623075,413.2629072668367,13.157572125939984
394,11,36.10296366245642,61.23760418379257,7.67837382438482,319.6108873658454,14.931962907394457
395,0,39.153930440692704,52.86142451251147,5.936756976570517,391.8711503345735,21.443645766082774
395,1,39.153930440692704,52.86142451251147,7.873772893735128,378.7269783898791,23.570916450911938
395,2,39.153930440692704,52.86142451251147,6.6510190079086895,500.9934050887868,24.836954473647005
395,3,39.153930440692704,52.86142451251147,6.745976334810936,267.06541466538914,28.048464235160143
395,4,39.153930440692704,52.86142451251147,5.079872669910486,130.21747757300534,27.105096260827125
395,5,39.153930440692704,52.86142451251147,6.440657279670275,109.39549733940314,22.476131770805985
395,6,39.153930440692704,52.86142451251147,10.477441138051102,171.18614824972727,19.292264174748652
395,7,39.153930440692704,52.86142451251147,8.508702045641876,192.4592567863753,15.056173728035029
395,8,39.153930440692704,52.86142451251147,4.2831208680750805,340.4590801606392,13.64527963923239
395,9,39.153930440692704,52.86142451251147,5.357169853304727,300.2415433591322,12.862924093698599
395,10,39.153930440692704,52.86142451251147,4.660901611948648,427.11581695079957,14.836593428671733
395,11,39.153930440692704,52.86142451251147,4.743335863191394,322.4354305282468,15.845896455287475
396,0,47.47961202669376,64.76038508233842,5.263032110604302,364.9695278736868,21.193971946561504
396,1,47.47961202669376,64.76038508233842,5.894433704382881,441.6897995133531,25.94162459161385
396,2,47.47961202669376,64.76038508233842,5.931272165097177,342.81739596039466,26.356375048284107
396,3,47.47961202669376,64.76038508233842,6.8613023977628105,301.39445877921156,27.634612925214302
396,4,47.47961202669376,64.76038508233842,8.231103573057897,159.40696782106824,27.743228525266982
396,5,47.47961202669376,64.76038508233842,10.771576571875796,130.39328463588603,22.60468978544208
396,6,47.47961202669376,64.76038508233842,8.52610719236349,163.63736197363986,20.54795315834869
396,7,47.47961202669376,64.76038508233842,11.683530280247037,185.47991831615218,17.89475987256986
396,8,47.47961202669376,64.76038508233842,7.710742909984473,329.4743767312413,13.291794601289565
396,9,47.47961202669376,64.76038508233842,11.209195737869264,367.29933296925725,10.76683665362114
396,10,47.47961202669376,64.76038508233842,11.156319357565476,456.91422348381195,13.343844999398048
396,11,47.47961202669376,64.76038508233842,7.067627066577103,402.4774646511962,15.617599506768464
397,0,68.03104170246333,58.97274231967282,7.436088958244316,266.0408915452447,22.472275545034428
397,1,68.03104170246333,58.97274231967282,7.32838356716637,421.5770421711766,23.59370156483956
397,2,68.03104170246333,58.97274231967282,6.513158974166194,399.5617921279904,27.38199539549235
397,3,68.03104170246333,58.97274231967282,6.33719471465615,245.5997918482571,27.502022505112723
397,4,68.03104170246333,58.97274231967282,8.763021260600521,134.07558275726421,26.715839036268328
397,5,68.03104170246333,58.97274231967282,6.050441865181285,157.45155052788505,23.59438462968108
397,6,68.03104170246333,58.97274231967282,9.536878215258511,148.44388187737982,21.181341235728414
397,7,68.03104170246333,58.97274231967282,8.643273182130034,160.5555546251676,16.018593064790533
397,8,68.03104170246333,58.97274231967282,6.562583227163295,293.58435136872407,12.188920070843348
397,9,68.03104170246333,58.97274231967282,11.910183082761112,395.09723936438354,12.98602425653423
397,10,68.03104170246333,58.97274231967282,9.675267173166798,427.20374700099507,13.410235286957978
397,11,68.03104170246333,58.97274231967282,8.854252178297049,317.38998172079283,16.352919423344385
398,0,55.16301390355769,64.82558174681887,6.171632969008091,416.4758570810277,20.20809746408293
398,1,55.16301390355769,64.82558174681887,8.525784699663923,392.1922905239969,26.043712786943235
398,2,55.16301390355769,64.82558174681887,4.894061068568461,352.0748072491734,27.122035621776494
398,3,55.16301390355769,64.82558174681887,8.08274837538424,202.8828493249703,29.51029940923826
398,4,55.16301390355769,64.82558174681887,7.891341700840674,149.72871125533706,25.995275998801013
398,5,55.16301390355769,64.82558174681887,10.304666325308439,127.87140692204703,24.574417055588135
398,6,55.16301390355769,64.82558174681887,9.07539832735398,144.30059176698137,21.277730468990516
398,7,55.16301390355769,64.82558174681887,4.387655803599856,215.9485976779683,16.639095558960477
398,8,55.16301390355769,64.82558174681887,9.406662209086377,296.2505443419481,12.518952900044518
398,9,55.16301390355769,64.82558174681887,4.592034185340232,372.3740064364883,12.859970886973011
398,10,55.16301390355769,64.82558174681887,10.104764985636598,475.8757898796343,13.758978588468837
398,11,55.16301390355769,64.82558174681887,10.225770242293423,332.8226293074327,17.779698002587526
399,0,37.33924597846815,54.20608290640236,7.965893350416958,332.3525531297643,18.603984222305773
399,1,37.33924597846815,54.20608290640236,9.060299008489388,341.44955038341465,22.476986047806687
399,2,37.33924597846815,54.20608290640236,8.970871018545195,380.76368335853044,26.701089290612906
399,3,37.33924597846815,54.20608290640236,10.827844145166932,271.73352754583004,27.284061907783833
399,4,37.33924597846815,54.20608290640236,7.08004850434664,113.43567643440647,28.16664137214666
399,5,37.33924597846815,54.20608290640236,6.676325341091141,150.206982042805,23.3805983053181
399,6,37.33924597846815,54.20608290640236,4.931160755547728,130.27478163503073,19.002860384988228
399,7,37.33924597846815,54.20608290640236,3.9768602162722146,125.9767064370275,16.282032864276303
399,8,37.33924597846815,54.20608290640236,7.106250633086768,243.49376643624765,11.899970195462885
399,9,37.33924597846815,54.20608290640236,6.003994428336561,348.69481717469927,10.860699061563352
399,10,37.33924597846815,54.20608290640236,9.957324205673673,414.51352870035925,10.78225858431999
399,11,37.33924597846815,54.20608290640236,8.151200909983903,281.82246139785826,15.71529064845232
400,0,63.955057644725336,58.614689814672026,8.727889152502787,306.2436961623223,20.380142119478922
400,1,63.955057644725336,58.614689814672026,8.412426599331475,440.9235885942902,23.798872002817433
400,2,63.955057644725336,58.614689814672026,8.875132450881914,319.09114160868586,27.6208807286091
400,3,63.955057644725336,58.614689814672026,5.094989779751851,182.13287898899185,27.00781912684542
400,4,63.955057644725336,58.614689814672026,7.8600171771986735,98.6227323239294,26.773351058845275
400,5,63.955057644725336,58.614689814672026,6.721550422644976,117.05446908915417,24.41259139317993
400,6,63.955057644725336,58.614689814672026,11.089171289650103,147.2047134134398,20.407213459374677
400,7,63.955057644725336,58.614689814672026,5.926035110285893,214.86633335167508,14.45680110698729
400,8,63.955057644725336,58.614689814672026,7.544029496155879,172.03756236912997,13.02289521989198
400,9,63.955057644725336,58.614689814672026,8.636741450983855,312.6910346879981,12.382509389255699
400,10,63.955057644725336,58.614689814672026,7.030593980432688,302.45198336172064,13.117616156252328
400,11,63.955057644725336,58.614689814672026,7.41159150424106,282.4605321556096,16.587323929053323
401,0,64.82010617337755,51.85001335596259,8.670015475020623,262.9440189252037,19.806176389371913
401,1,64.82010617337755,51.85001335596259,9.269076731944926,429.28417210730373,23.885558083283474
401,2,64.82010617337755,51.85001335596259,9.568616168497279,358.5692297113755,26.71817343646922
401,3,64.82010617337755,51.85001335596259,9.29612106813135,285.9565369317735,28.697195347545335
401,4,64.82010617337755,51.85001335596259,8.384729203865549,136.02817982785334,27.79725973891978
401,5,64.82010617337755,51.85001335596259,11.545450216931838,135.9699240777285,23.62253534003809
401,6,64.82010617337755,51.85001335596259,4.718655322797124,188.90932370989984,18.450713695826273
401,7,64.82010617337755,51.85001335596259,10.293331474882306,198.98531340440962,16.357367456574515
401,8,64.82010617337755,51.85001335596259,7.449821540872142,263.691124991845,12.973894982687558
401,9,64.82010617337755,51.85001335596259,11.49232895801525,397.4071744247266,12.947313901279793
401,10,64.82010617337755,51.85001335596259,8.383219526210928,443.4360832695329,13.325309053855433
401,11,64.82010617337755,51.85001335596259,4.892444739968125,263.6807858603828,17.066974502888222
402,0,56.05806923166847,58.42093410357268,7.859802191650432,367.66102492829583,21.0923879937088
402,1,56.05806923166847,58.42093410357268,6.173432999043895,396.98138470821203,25.32914057416216
402,2,56.05806923166847,58.42093410357268,10.429771231609648,368.50134844121584,28.481840698798667
402,3,56.05806923166847,58.42093410357268,8.484395125304589,244.2736758086129,28.464449593163582
402,4,56.05806923166847,58.42093410357268,8.798441025343875,112.56985798098283,25.893099846816003
402,5,56.05806923166847,58.42093410357268,9.918825230253322,140.3485809896355,24.604917291999598
402,6,56.05806923166847,58.42093410357268,9.47780784768738,122.6745734974167,19.861780220269576
402,7,56.05806923166847,58.42093410357268,10.876037508518573,193.9434541149599,16.529541288008584
402,8,56.05806923166847,58.42093410357268,8.995596942132654,325.5289596683503,11.126169115922828
402,9,56.05806923166847,58.42093410357268,8.802470537386371,311.04492051880226,11.585251982496512
402,10,56.05806923166847,58.42093410357268,9.14643127349972,417.21626747174605,13.883155009223678
402,11,56.05806923166847,58.42093410357268,9.699027175499603,329.4555613515587,14.70931174871372
403,0,35.29816948086742,68.62397775088085,8.275602670536715,378.58771429079246,20.098171919979574
403,1,35.29816948086742,68.62397775088085,1.9468257948798922,368.3781135936443,24.85261267979095
403,2,35.29816948086742,68.62397775088085,8.77321400659972,457.88481465224356,28.21636434408835
403,3,35.29816948086742,68.62397775088085,13.23700613512783,288.67678526310317,29.618298830834252
403,4,35.29816948086742,68.62397775088085,7.7016160328338685,107.57075500982731,25.101742263256018
403,5,35.29816948086742,68.62397775088085,8.117346418777643,94.73468733625108,23.09824342901851
403,6,35.29816948086742,68.62397775088085,7.341857283936792,118.05222814701173,20.389735762336606
403,7,35.29816948086742,68.62397775088085,8.869313551956253,157.00921719922178,15.812156214480293
403,8,35.29816948086742,68.62397775088085,7.1646243647255226,226.7183128019223,12.568278151032596
403,9,35.29816948086742,68.62397775088085,11.739560677564201,367.85085973054163,12.309438981631164
403,10,35.29816948086742,68.62397775088085,9.148387432818112,386.7287457621732,13.348841538915785
403,11,35.29816948086742,68.62397775088085,9.31581391299443,351.85681990435194,15.394813746791561
404,0,46.458085566505055,56.31193592030434,10.79037915807709,329.12603917827016,19.523333839494565
404,1,46.458085566505055,56.31193592030434,9.988283181703446,392.4649303808282,24.659527070028787
404,2,46.458085566505055,56.31193592030434,6.43363564143732,389.16217916344885,25.83813490771262
404,3,46.458085566505055,56.31193592030434,8.78753680302867,261.4894878163238,26.4687849861055
404,4,46.458085566505055,56.31193592030434,8.312738718872831,124.45199266660569,28.9043108244048
404,5,46.458085566505055,56.31193592030434,8.17955691982435,133.95617281222118,24.19023054121035
404,6,46.458085566505055,56.31193592030434,5.915480228175208,166.1645763397243,19.260285812103383
404,7,46.458085566505055,56.31193592030434,9.42165539782373,151.11149437830835,15.869393484351164
404,8,46.458085566505055,56.31193592030434,5.236437980238379,288.0073943831121,15.322310667380698
404,9,46.458085566505055,56.31193592030434,14.219801665732945,429.20067012016654,11.04345287648587
404,10,46.458085566505055,56.31193592030434,8.082404913195585,369.88071729821115,12.507399366688738
404,11,46.458085566505055,56.31193592030434,7.866256125191843,354.1655537918516,16.784571464235817
405,0,69.43817582939624,57.75322100078975,8.15526700417671,337.3822267896014,18.87279928985563
405,1,69.43817582939624,57.75322100078975,11.103871044845185,378.2508518819919,23.70526340946865
405,2,69.43817582939624,57.75322100078975,6.452026515972358,269.44963262602147,28.106925453509785
405,3,69.43817582939624,57.75322100078975,8.13920315471703,250.62263406620613,27.368297180601456
405,4,69.43817582939624,57.75322100078975,7.872164491631036,142.2633648584438,28.67235425947895
405,5,69.43817582939624,57.75322100078975,8.2435438685764,120.13470387382127,22.314341239486964
405,6,69.43817582939624,57.75322100078975,7.800190941383822,123.8344590624257,18.112932237237995
405,7,69.43817582939624,57.75322100078975,9.726402376130125,157.95896774581627,16.724353715612608
405,8,69.43817582939624,57.75322100078975,9.346600755479944,203.08276332741826,11.900843326158995
405,9,69.43817582939624,57.75322100078975,9.42733941379521,437.3919457965252,11.850532748968325
405,10,69.43817582939624,57.75322100078975,10.248160187693212,384.59518658311777,14.0874201230055
405,11,69.43817582939624,57.75322100078975,8.005427472293267,313.1683627857758,15.984544150971132
406,0,57.104117551746846,57.524455498147766,9.547179325359489,356.86885636910637,20.7699903453046
406,1,57.104117551746846,57.524455498147766,7.436234632319311,511.9115315863178,24.308435815903117
406,2,57.104117551746846,57.524455498147766,4.802301708715501,336.04220126268643,26.99973902780338
406,3,57.104117551746846,57.524455498147766,8.060253034294927,239.60519025915457,28.041749989777422
406,4,57.104117551746846,57.524455498147766,8.766759833906162,147.91501387385162,26.764258969060137
406,5,57.104117551746846,57.524455498147766,7.71965062585246,98.98300815939,24.536744480105092
406,6,57.104117551746846,57.524455498147766,6.851315650648106,100.21316550219059,18.67900095813031
406,7,57.104117551746846,57.524455498147766,7.105506509799022,120.61114771985405,15.90414213006651
406,8,57.104117551746846,57.524455498147766,7.0048666092231935,267.9906980875296,12.24148270361166
406,9,57.104117551746846,57.524455498147766,6.926561511347277,347.0189066564352,11.54441493899183
406,10,57.104117551746846,57.524455498147766,10.058170074752976,419.6996381235957,13.648536147662396
406,11,57.104117551746846,57.524455498147766,7.449293615188657,300.6459735128095,17.0207022873084
407,0,62.81833823584848,61.56375996704243,7.4978497587054544,354.379589356052,21.532267114813195
407,1,62.81833823584848,61.56375996704243,7.901154759752276,459.0493612839659,23.534622736018676
407,2,62.81833823584848,61.56375996704243,8.463330036148262,411.07489978637085,25.710324148131797
407,3,62.81833823584848,61.56375996704243,9.41528776982433,260.0767384675605,29.053699110211856
407,4,62.81833823584848,61.56375996704243,2.547254349944371,140.05997047407809,27.20867464589608
407,5,62.81833823584848,61.56375996704243,7.639555742441144,103.13187262439146,23.151566972071482
407,6,62.81833823584848,61.56375996704243,10.827968348247117,152.9147613907531,21.236387836441914
407,7,62.81833823584848,61.56375996704243,6.6344017469886065,153.66164230440202,16.06337253768255
407,8,62.81833823584848,61.56375996704243,11.020062835186994,282.24007043322393,12.077670415533985
407,9,62.81833823584848,61.56375996704243,9.105402278066416,426.66273513573805,12.897501617959714
407,10,62.81833823584848,61.56375996704243,10.166036337544721,328.6889690375979,15.233297471103475
407,11,62.81833823584848,61.56375996704243,4.886959816751888,340.452336372759,15.922535676803053
408,0,80.92222555673713,54.86027141586802,8.494018215691005,434.86352365908175,18.979183073505077
408,1,80.92222555673713,54.86027141586802,8.07953279001105,364.0612279974251,22.922054046520945
408,2,80.92222555673713,54.86027141586802,8.696773625386388,408.2960891485357,26.19767543098798
408,3,80.92222555673713,54.86027141586802,9.677703660707465,249.67193219662494,28.379982060122575
408,4,80.92222555673713,54.86027141586802,10.218843111287557,134.78824651957876,27.8569413533506
408,5,80.92222555673713,54.86027141586802,9.830661127751076,94.68670410445547,24.328625076431123
408,6,80.92222555673713,54.86027141586802,7.268671834060797,160.96845504243063,17.507529328940876
408,7,80.92222555673713,54.86027141586802,8.78205563162082,202.16831004328512,16.5013400319231
408,8,80.92222555673713,54.86027141586802,10.705509780399499,325.1638889014842,12.44024136039199
408,9,80.92222555673713,54.86027141586802,10.158187233462593,254.1574789001279,12.111689971034117
408,10,80.92222555673713,54.86027141586802,8.508818963930537,443.4414343766938,15.185771189000064
408,11,80.92222555673713,54.86027141586802,6.2093578490261585,476.47119884477456,13.571388991826597
409,0,49.45393175600266,57.36794125382723,4.44286795273355,329.31814327078695,17.621981370526466
409,1,49.45393175600266,57.36794125382723,5.302534451049382,459.69142712552866,24.069976731590007
409,2,49.45393175600266,57.36794125382723,6.178195895481242,365.0725060509081,27.921218347414175
409,3,49.45393175600266,57.36794125382723,6.072940060488308,229.5986195715073,27.9503818758976
409,4,49.45393175600266,57.36794125382723,9.04224116878228,119.2540871043287,27.495760232992595
409,5,49.45393175600266,57.36794125382723,7.179581695688766,128.94174821976537,23.176173820872435
409,6,49.45393175600266,57.36794125382723,8.464872731287398,147.7178642364659,20.472694936873623
409,7,49.45393175600266,57.36794125382723,8.555804915477564,161.5358901745522,17.03052767612386
409,8,49.45393175600266,57.36794125382723,6.553973355391061,237.7882362723269,12.425469808936503
409,9,49.45393175600266,57.36794125382723,8.304928880705292,330.73666171847634,11.942976366719176
409,10,49.45393175600266,57.36794125382723,7.048535669165182,419.74175799444896,11.927782040890175
409,11,49.45393175600266,57.36794125382723,11.066922091548303,335.2086927031439,15.9058861613911
410,0,76.28492584893495,53.122161182363186,7.0797158678387415,294.43184923651853,21.977911583758097
410,1,76.28492584893495,53.122161182363186,8.223296544162569,343.4417480402131,24.780506306790592
410,2,76.28492584893495,53.122161182363186,7.736143396732631,360.28234328727126,26.64664006398613
410,3,76.28492584893495,53.122161182363186,10.152803259013302,297.6139516149841,28.487180144551882
410,4,76.28492584893495,53.122161182363186,8.381423137870355,173.144182518405,26.00211315214613
410,5,76.28492584893495,53.122161182363186,9.9021871967998,119.47032156258453,23.83076850867127
410,6,76.28492584893495,53.122161182363186,8.423418077427065,166.28988124511045,20.597644397380737
410,7,76.28492584893495,53.122161182363186,9.342756685498522,206.85738726935642,15.471766292897401
410,8,76.28492584893495,53.122161182363186,6.570865709444208,191.6448057176176,12.348831376634521
410,9,76.28492584893495,53.122161182363186,6.864489661257392,406.030306289743,13.108496782180733
410,10,76.28492584893495,53.122161182363186,10.848351979603056,446.2563083731931,12.024046920117433
410,11,76.28492584893495,53.122161182363186,6.994052674499292,319.1584413925362,17.0599101959165
411,0,53.87796292909336,73.5245859480286,6.986651619099662,429.820531950939,20.941334238459557
411,1,53.87796292909336,73.5245859480286,8.32641990352271,336.8763450168135,23.88009025562723
411,2,53.87796292909336,73.5245859480286,7.570043868502179,334.60555758282345,26.364748475225955
411,3,53.87796292909336,73.5245859480286,8.434912549193642,267.8124259115269,27.29948007146671
411,4,53.87796292909336,73.5245859480286,10.05857904536808,113.82924077152396,26.780688673126647
411,5,53.87796292909336,73.5245859480286,4.7479034359603665,91.30505063475893,23.90934989825509
411,6,53.87796292909336,73.5245859480286,5.804407270579449,118.20196820041771,20.078888633820835
411,7,53.87796292909336,73.5245859480286,6.119313291276016,200.3788310112546,16.938073241418834
411,8,53.87796292909336,73.5245859480286,11.258821984009765,300.44496950645015,13.784129005810728
411,9,53.87796292909336,73.5245859480286,9.115526398618746,297.78060032463185,12.689612993444138
411,10,53.87796292909336,73.5245859480286,11.531625710075293,344.14026022092366,12.410149476523742
411,11,53.87796292909336,73.5245859480286,8.715674849768162,368.47266975816274,16.786150923656155
412,0,62.102428020383265,56.73675149137899,8.078643350969658,347.12147495692864,19.542331386339843
412,1,62.102428020383265,56.73675149137899,5.810439009843573,381.72223827630677,24.181080912376423
412,2,62.102428020383265,56.73675149137899,8.340415391975423,329.76112737986523,27.468307847900675
412,3,62.102428020383265,56.73675149137899,3.4020556725089817,284.59177232632726,28.27143802905274
412,4,62.102428020383265,56.73675149137899,9.85176491255074,118.9998022054653,29.782292097535496
412,5,62.102428020383265,56.73675149137899,12.544092449119661,143.8482837743865,21.584013873988777
412,6,62.102428020383265,56.73675149137899,11.147857273198193,157.07994865636934,19.55529615893647
412,7,62.102428020383265,56.73675149137899,5.934305243981033,209.1535208439045,15.293453546683708
412,8,62.102428020383265,56.73675149137899,8.613158248933942,362.8064876344845,11.339671974354141
412,9,62.102428020383265,56.73675149137899,9.146556488921838,290.1001664161596,10.378290601765736
412,10,62.102428020383265,56.73675149137899,9.355927641896027,354.7269968682633,12.62512837032812
412,11,62.102428020383265,56.73675149137899,8.395178991181826,359.0008971579102,15.913241739240371
413,0,35.81600527927035,58.81712771420693,6.927804369617386,340.7341054290803,20.573093044228788
413,1,35.81600527927035,58.81712771420693,4.564407103114727,373.5059307243594,23.419279560832262
413,2,35.81600527927035,58.81712771420693,9.454322439015138,335.5441133905591,26.860765739457644
413,3,35.81600527927035,58.81712771420693,8.761493339855482,208.08145343119406,27.62095932031461
413,4,35.81600527927035,58.81712771420693,7.626233381305163,119.36729706132571,26.244556611530186
413,5,35.81600527927035,58.81712771420693,7.00484477615732,121.66418751746808,24.822529837271016
413,6,35.81600527927035,58.81712771420693,7.034860843798104,151.31844332473517,20.366692971177308
413,7,35.81600527927035,58.81712771420693,7.959801950804387,187.57333699408687,17.614021967594336
413,8,35.81600527927035,58.81712771420693,10.589961874379382,343.43607425180187,15.509394152978611
413,9,35.81600527927035,58.81712771420693,5.486801764127428,370.5549929483465,12.63283145809316
413,10,35.81600527927035,58.81712771420693,4.537327126708393,458.0484731148437,12.064886338644557
413,11,35.81600527927035,58.81712771420693,9.660061546840028,331.5658816397501,17.20860288158728
414,0,60.04220011853645,53.75173742998054,6.451999001383653,292.8541205234685,18.67221465071794
414,1,60.04220011853645,53.75173742998054,7.819032770579582,322.5025474415211,22.76989863422656
414,2,60.04220011853645,53.75173742998054,8.559840553399912,362.41130968040176,26.496234291194348
414,3,60.04220011853645,53.75173742998054,6.777118507092361,284.58358021336016,28.12446079120364
414,4,60.04220011853645,53.75173742998054,7.393699801214936,131.67556945633635,26.136429815687073
414,5,60.04220011853645,53.75173742998054,7.652473435126875,130.70893072448465,24.61811433014733
414,6,60.04220011853645,53.75173742998054,9.138080833638886,151.21614876977935,22.491890351743958
414,7,60.04220011853645,53.75173742998054,8.075774717146555,165.78794206779315,17.056524514788627
414,8,60.04220011853645,53.75173742998054,9.024515366669423,266.63539656824673,12.724240910133677
414,9,60.04220011853645,53.75173742998054,8.644590196066467,327.56965030417814,11.805269979153383
414,10,60.04220011853645,53.75173742998054,7.016430188519824,506.4649263245521,13.582873614489182
414,11,60.04220011853645,53.75173742998054,5.080568071708295,398.10363342359415,16.239527875810385
415,0,38.053490703189524,60.07144851070474,6.664105066420336,292.44716578431445,20.040661967067308
415,1,38.053490703189524,60.07144851070474,6.21989866960444,380.18838652134,22.56305680320822
415,2,38.053490703189524,60.07144851070474,8.891199671434089,324.80007142089516,27.64387995410209
415,3,38.053490703189524,60.07144851070474,7.991413463263497,260.52132023149915,27.549861507220136
415,4,38.053490703189524,60.07144851070474,8.788795671664133,180.78308683300634,27.3051438329748
415,5,38.053490703189524,60.07144851070474,10.435899024520538,132.03560709083945,25.233677636248594
415,6,38.053490703189524,60.07144851070474,10.388712649439395,131.81333245177814,21.85432111212674
415,7,38.053490703189524,60.07144851070474,7.11252875928765,165.13697252597842,13.271619386199946
415,8,38.053490703189524,60.07144851070474,6.641622190002237,317.3041928812135,14.284737132253412
415,9,38.053490703189524,60.07144851070474,5.225853339728424,215.6761197533113,11.708615789500195
415,10,38.053490703189524,60.07144851070474,8.087571393209055,369.0370331787248,13.473465159548379
415,11,38.053490703189524,60.07144851070474,10.072943715340427,427.6558823246303,15.875841828245596
416,0,33.251131089886165,58.346430569624,9.780308621142918,406.8357875512811,19.827461473951658
416,1,33.251131089886165,58.346430569624,5.751821071515456,447.8750577460571,23.028079932546095
416,2,33.251131089886165,58.346430569624,9.16126996310481,386.50008504865247,28.0065726150533
416,3,33.251131089886165,58.346430569624,7.3990505485988445,227.74127806404962,28.200227144788624
416,4,33.251131089886165,58.346430569624,10.276275936101367,152.33840501107915,25.325427151836248
416,5,33.251131089886165,58.346430569624,9.715364980258904,147.26201241864672,23.689333030530516
416,6,33.251131089886165,58.346430569624,8.98107814410636,149.32830602837598,19.406301267853053
416,7,33.251131089886165,58.346430569624,8.900818404899661,207.25982622733193,15.420914893231858
416,8,33.251131089886165,58.346430569624,6.604905680326425,258.7057219928664,12.909536066669826
416,9,33.251131089886165,58.346430569624,10.030709164132428,325.8386656883424,13.220739724526247
416,10,33.251131089886165,58.346430569624,4.541885679865221,402.53435594222685,13.292689859489851
416,11,33.251131089886165,58.346430569624,7.423191576428129,351.91290001939393,17.094043895040627
417,0,43.015491290935415,50.03957888964346,7.366458522601857,370.4250177085538,21.252798214638997
417,1,43.015491290935415,50.03957888964346,9.253054670511482,368.1088746960203,23.03907148329821
417,2,43.015491290935415,50.03957888964346,6.0341434394084486,372.2631216681517,27.46314523475265
417,3,43.015491290935415,50.03957888964346,5.207855473369431,266.08545683622276,27.208220804512372
417,4,43.015491290935415,50.03957888964346,9.562600028943843,117.46082294976739,26.225235951833152
417,5,43.015491290935415,50.03957888964346,5.052152680925353,133.1164824699729,24.139738158684082
417,6,43.015491290935415,50.03957888964346,10.776120610643774,167.73154728244876,18.750333206005397
417,7,43.015491290935415,50.03957888964346,5.471304630174916,204.98664035399233,16.181450003747518
417,8,43.015491290935415,50.03957888964346,7.1314359092731605,289.62551797831424,13.469000890087374
417,9,43.015491290935415,50.03957888964346,4.881847353908878,363.3096926022201,12.372559579963953
417,10,43.015491290935415,50.03957888964346,9.25349491797701,492.4038353647463,12.10235466902412
417,11,43.015491290935415,50.03957888964346,8.170080514289948,198.17185905284745,16.152549937821618
418,0,53.50078519162174,74.28212757133366,10.440685331865607,291.3896882195078,20.45169372396406
418,1,53.50078519162174,74.28212757133366,6.03437470348487,420.07088530800485,22.928049082650567
418,2,53.50078519162174,74.28212757133366,9.496597318541498,421.2306177664965,27.624511235258517
418,3,53.50078519162174,74.28212757133366,11.765825626678332,241.69842100204562,28.203343485898998
418,4,53.50078519162174,74.28212757133366,9.26104634568164,163.75423165214437,28.826767044929312
418,5,53.50078519162174,74.28212757133366,6.64902092947448,127.18875204327952,23.59572474361072
418,6,53.50078519162174,74.28212757133366,8.216898051468997,120.83839858644335,20.535308609193788
418,7,53.50078519162174,74.28212757133366,9.579988613702538,140.48392945788933,17.562437753139402
418,8,53.50078519162174,74.28212757133366,11.940172085849506,300.66902762997586,14.352899182235667
418,9,53.50078519162174,74.28212757133366,7.032145094058373,356.0062339340464,13.53543384580579
418,10,53.50078519162174,74.28212757133366,6.628188911328531,407.38507530634973,13.340324923247142
418,11,53.50078519162174,74.28212757133366,6.209131773892265,369.73657219802567,15.480092179316333
419,0,38.345740597705046,57.69687584325807,7.163851781634305,290.8786929723854,22.44167182580594
419,1,38.345740597705046,57.69687584325807,9.285579841686838,380.77481455141776,23.821698930562533
419,2,38.345740597705046,57.69687584325807,8.284767904320807,344.6415283587055,27.076954091657573
419,3,38.345740597705046,57.69687584325807,6.403247062188086,200.93668400027704,28.529440440241796
419,4,38.345740597705046,57.69687584325807,11.584597177214825,87.33054548989219,27.713919092099353
419,5,38.345740597705046,57.69687584325807,6.314151376136183,138.7305127774563,23.06048088390359
419,6,38.345740597705046,57.69687584325807,8.175569465812083,148.59823153427763,20.363609788497637
419,7,38.345740597705046,57.69687584325807,9.37399210466462,144.7635159608333,15.623078086697847
419,8,38.345740597705046,57.69687584325807,8.774164184870722,271.2671985144526,14.667745045954565
419,9,38.345740597705046,57.69687584325807,5.188142715800274,516.8298189649774,12.889989988885722
419,10,38.345740597705046,57.69687584325807,8.525888670134142,366.4463112832316,13.409486731835434
419,11,38.345740597705046,57.69687584325807,6.804065808719499,335.88445587738374,17.664557889999248
420,0,41.61016583325401,57.77572828120649,9.937757218650905,372.85526489932704,21.052431907632013
420,1,41.61016583325401,57.77572828120649,7.255676105285274,416.0760754884911,24.959772081679816
420,2,41.61016583325401,57.77572828120649,9.047399682086043,295.1739936884548,24.119216801552373
420,3,41.61016583325401,57.77572828120649,6.833693843357525,238.76528140616279,27.816897896869463
420,4,41.61016583325401,57.77572828120649,9.006444653323657,147.05309820049834,27.044458767735474
420,5,41.61016583325401,57.77572828120649,10.136328726053861,63.88045183813161,23.77580225747608
420,6,41.61016583325401,57.77572828120649,8.42091320182781,129.25661840879292,18.86025272112327
420,7,41.61016583325401,57.77572828120649,9.333388074129566,186.93965920225247,16.6418371778041
420,8,41.61016583325401,57.77572828120649,10.1390260577423,284.65939860369116,13.882684369599597
420,9,41.61016583325401,57.77572828120649,8.065300195292664,333.7187056103625,11.888814173299972
420,10,41.61016583325401,57.77572828120649,6.214513582049999,430.303311228605,12.876593836200167
420,11,41.61016583325401,57.77572828120649,10.580932166850323,362.04575524705956,16.11453729383183
421,0,43.86200765985923,63.64108629984342,5.980521739664941,258.5281136996117,18.532946835350256
421,1,43.86200765985923,63.64108629984342,8.58651195727751,378.95842753223974,24.50591869527505
421,2,43.86200765985923,63.64108629984342,8.968914935166513,283.8546138148404,28.60953622099502
421,3,43.86200765985923,63.64108629984342,7.495159476385849,256.5525991018503,28.490923254534287
421,4,43.86200765985923,63.64108629984342,8.066979165707343,124.30702974322642,26.2132249197473
421,5,43.86200765985923,63.64108629984342,8.022457498464,117.46025023548563,24.893193238956865
421,6,43.86200765985923,63.64108629984342,5.797509286294849,163.89117158890068,20.936154138778658
421,7,43.86200765985923,63.64108629984342,10.466225585423937,113.75877395837041,14.054086643611468
421,8,43.86200765985923,63.64108629984342,6.221521583027481,330.95729381926157,13.995429457207305
421,9,43.86200765985923,63.64108629984342,7.8542530167850435,326.32194390731905,9.943031743645422
421,10,43.86200765985923,63.64108629984342,8.798384880352154,394.1691400034556,12.427374741867814
421,11,43.86200765985923,63.64108629984342,8.065655546273906,431.176420793588,15.80977893678758
422,0,68.93733052040095,50.0,8.84169731124392,320.7008028536658,20.7333959881778
422,1,68.93733052040095,50.0,4.650395957113227,379.7779570501474,23.863926627679604
422,2,68.93733052040095,50.0,5.414113895957951,503.35945089949826,24.919940186461133
422,3,68.93733052040095,50.0,5.531144206458414,203.63361521792163,28.89674601749933
422,4,68.93733052040095,50.0,8.088032553668786,173.73880603156542,26.650530722779806
422,5,68.93733052040095,50.0,8.561559012279076,146.48020924657797,21.960501566676594
422,6,68.93733052040095,50.0,8.69783587983578,100.51158528483445,21.239357807588917
422,7,68.93733052040095,50.0,11.75886440331601,145.79884380086983,16.21377433003965
422,8,68.93733052040095,50.0,7.071220279846092,288.8156504124562,13.198071055259142
422,9,68.93733052040095,50.0,8.952666636833587,371.8350524367963,12.298100453406928
422,10,68.93733052040095,50.0,5.775250785495464,387.4646333154309,13.279257227063328
422,11,68.93733052040095,50.0,10.546970281821354,379.6155593401924,17.18611301062546
423,0,76.93374371298596,58.83294760695727,6.146186847727139,329.0989334539221,19.733151099949822
423,1,76.93374371298596,58.83294760695727,7.564794382863639,357.4913206842679,22.76959177613318
423,2,76.93374371298596,58.83294760695727,8.310804980783875,367.02583874346664,27.504268195857215
423,3,76.93374371298596,58.83294760695727,10.545080355356902,253.7603194029253,27.547509662556283
423,4,76.93374371298596,58.83294760695727,8.481667601744558,126.6865230582613,27.683568651626516
423,5,76.93374371298596,58.83294760695727,9.614748397041948,139.01674050473338,24.295234325867757
423,6,76.93374371298596,58.83294760695727,9.881957852839317,158.7842126837527,19.695292460989887
423,7,76.93374371298596,58.83294760695727,6.640771927072926,132.3897855462307,15.352259635480145
423,8,76.93374371298596,58.83294760695727,9.737633791427893,282.5789420964357,14.61960183868311
423,9,76.93374371298596,58.83294760695727,8.302236285784456,408.91880227349094,11.449891749622365
423,10,76.93374371298596,58.83294760695727,14.204817975037741,430.8102371459574,12.225423368818026
423,11,76.93374371298596,58.83294760695727,9.320919457920928,367.94945539289125,15.129682948548357
424,0,65.15909287014813,53.324736809098326,8.863211511020564,313.4202645315203,20.55779573769836
424,1,65.15909287014813,53.324736809098326,6.426680472773489,367.3181923208103,24.300193268949997
424,2,65.15909287014813,53.324736809098326,7.317609714552147,456.71595948206414,26.45794236061012
424,3,65.15909287014813,53.324736809098326,3.4390731537458716,270.158411519354,28.307721539000035
424,4,65.15909287014813,53.324736809098326,8.506428434197337,147.23602606004724,26.50737786342175
424,5,65.15909287014813,53.324736809098326,9.43948016246644,96.61974676448168,24.46441999336855
424,6,65.15909287014813,53.324736809098326,3.3491751176177793,129.25708133010986,20.751680474545253
424,7,65.15909287014813,53.324736809098326,9.937750318887637,172.27303065435473,17.522940682797778
424,8,65.15909287014813,53.324736809098326,3.450184582320632,296.1050447493232,13.462274621287962
424,9,65.15909287014813,53.324736809098326,7.884929856154119,402.18636998771444,11.824043109388827
424,10,65.15909287014813,53.324736809098326,9.00401182409452,437.0355254261622,12.704051080241735
424,11,65.15909287014813,53.324736809098326,7.9226037951636945,373.57282463559045,14.667162891036842
425,0,52.47881853587346,56.187729189869074,8.371429246138149,302.6565586109888,19.660396568030016
425,1,52.47881853587346,56.187729189869074,8.893380637288363,312.7624093651247,22.890519851347733
425,2,52.47881853587346,56.187729189869074,5.606759449515991,337.6145979613362,26.570076844873384
425,3,52.47881853587346,56.187729189869074,7.920924226841999,243.34710419548398,27.59681990740741
425,4,52.47881853587346,56.187729189869074,8.843344418331345,113.3372865757985,26.37475607419683
425,5,52.47881853587346,56.187729189869074,3.1251257510576167,120.3914652912809,23.198517186350113
425,6,52.47881853587346,56.187729189869074,5.795980120756324,110.88031043185214,19.80785765923707
425,7,52.47881853587346,56.187729189869074,1.1106890000424015,221.04337590842346,16.09644601612167
425,8,52.47881853587346,56.187729189869074,9.119045935879914,332.1751601497704,14.157695610635237
425,9,52.47881853587346,56.187729189869074,10.466923530913363,320.86289348959684,12.210341219448008
425,10,52.47881853587346,56.187729189869074,8.51950640333743,450.903620101978,13.79567120624375
425,11,52.47881853587346,56.187729189869074,8.363909940443744,379.71865830757156,14.634401553259544
426,0,46.852521530639876,57.36271219627374,5.2201632353223495,387.5778959770084,21.762139349043164
426,1,46.852521530639876,57.36271219627374,11.162350126056884,356.01180333836953,24.29262882309251
426,2,46.852521530639876,57.36271219627374,9.333518482613533,368.71620197217874,27.3748179163341
426,3,46.852521530639876,57.36271219627374,10.136343284242177,271.41983945125355,29.062498355296217
426,4,46.852521530639876,57.36271219627374,9.610412256857067,107.45468776838754,27.9031656283777
426,5,46.852521530639876,57.36271219627374,5.266385036846479,106.68349387136641,24.768614960851227
426,6,46.852521530639876,57.36271219627374,8.250369521171763,103.71026603008171,19.678498124309108
426,7,46.852521530639876,57.36271219627374,9.013716613991399,187.34886491955285,16.24069008589261
426,8,46.852521530639876,57.36271219627374,10.171036976159566,335.58133721526264,13.105993995123027
426,9,46.852521530639876,57.36271219627374,8.453672432162898,461.3376123799258,11.570858168343198
426,10,46.852521530639876,57.36271219627374,6.481249756641813,417.60246432028833,13.219031477056845
426,11,46.852521530639876,57.36271219627374,10.56754935497879,407.6040695794669,16.47191991809711
427,0,50.66420174774171,50.0,6.522906323227719,311.91618843706965,21.2170673633778
427,1,50.66420174774171,50.0,10.171498294321893,376.78119445322204,23.650196779743364
427,2,50.66420174774171,50.0,8.061976448935171,341.1692295504027,27.968416047865393
427,3,50.66420174774171,50.0,10.276871480937054,296.5099788242804,28.441889553244682
427,4,50.66420174774171,50.0,7.670027080676287,133.21215091274334,27.12077312306946
427,5,50.66420174774171,50.0,6.0141508125565695,144.21518320519644,24.87611402466119
427,6,50.66420174774171,50.0,9.051058616341269,141.22932177461985,22.374309891909906
427,7,50.66420174774171,50.0,8.915616933578876,189.18166022615307,15.737111269800291
427,8,50.66420174774171,50.0,9.741168247366563,302.94512547600493,13.358686333995442
427,9,50.66420174774171,50.0,11.222126795744508,330.94342852489746,11.04531568524814
427,10,50.66420174774171,50.0,7.53742761608302,311.1199693240009,12.156758509495491
427,11,50.66420174774171,50.0,9.781447832747611,441.2448991891002,14.755833180087079
428,0,64.8437737612715,56.97788173228043,8.324536986650072,353.5162044811045,19.279835034705314
428,1,64.8437737612715,56.97788173228043,8.77643774281902,307.3569717508492,24.55146656537532
428,2,64.8437737612715,56.97788173228043,11.288922392661616,331.8869298150034,26.396930400287463
428,3,64.8437737612715,56.97788173228043,8.410777346607057,185.4073966878409,28.253717455236043
428,4,64.8437737612715,56.97788173228043,10.845632113352885,112.54444430808688,27.3656504067051
428,5,64.8437737612715,56.97788173228043,6.0680763956528745,109.40268974226719,23.224348690167574
428,6,64.8437737612715,56.97788173228043,9.97414889604085,118.5732386953224,21.015429083602708
428,7,64.8437737612715,56.97788173228043,8.42661446609708,166.4468176211807,14.427809931147067
428,8,64.8437737612715,56.97788173228043,8.417847395219294,293.5700662990745,12.572932115765934
428,9,64.8437737612715,56.97788173228043,10.780258032920337,351.1874737390522,10.741904444862595
428,10,64.8437737612715,56.97788173228043,7.048996400622844,267.9632754761031,14.609397780666585
428,11,64.8437737612715,56.97788173228043,9.624839352779073,318.2135224632015,16.46716996043248
429,0,75.53525500666245,60.996923757100426,8.244974787903425,330.35288721974723,19.825144768681007
429,1,75.53525500666245,60.996923757100426,3.961547086358345,291.5680493035344,23.49432265251579
429,2,75.53525500666245,60.996923757100426,10.16922199930088,425.9221240567327,26.213482857740054
429,3,75.53525500666245,60.996923757100426,6.151456467068809,223.66581296455783,27.96362018705901
429,4,75.53525500666245,60.996923757100426,8.41950053395148,152.5872388837852,25.61660741435938
429,5,75.53525500666245,60.996923757100426,9.933096296288255,138.9413637154886,24.574033837322066
429,6,75.53525500666245,60.996923757100426,7.6765486710823785,140.2315734471809,21.5497838639115
429,7,75.53525500666245,60.996923757100426,7.970651610682123,184.28631904504246,15.263499414667155
429,8,75.53525500666245,60.996923757100426,5.477646717718688,258.47395904058976,10.744415728268022
429,9,75.53525500666245,60.996923757100426,8.926326574152371,387.45218108964065,11.741236601815094
429,10,75.53525500666245,60.996923757100426,12.840644280323925,343.31915008178726,12.50881170458526
429,11,75.53525500666245,60.996923757100426,9.228705004302556,370.54568586693426,15.861650804951548
430,0,28.412081589169357,54.776764956066785,7.3903108359864635,295.3042236811373,21.060841974387177
430,1,28.412081589169357,54.776764956066785,5.567551176399185,448.3012319193938,25.89383106398944
430,2,28.412081589169357,54.776764956066785,5.178676579165219,306.9248199284053,27.634719949594484
430,3,28.412081589169357,54.776764956066785,8.303324359997715,197.70420101811277,27.951212739474464
430,4,28.412081589169357,54.776764956066785,9.080065830700486,148.7947817793666,27.695929645102943
430,5,28.412081589169357,54.776764956066785,8.215106122052806,134.1098877720022,24.051564114817815
430,6,28.412081589169357,54.776764956066785,12.037358137509534,116.72975895243414,19.57509211574734
430,7,28.412081589169357,54.776764956066785,10.58938259876885,159.4418982416452,18.501143580674036
430,8,28.412081589169357,54.776764956066785,5.22468081607724,270.34344447566815,14.642624374351266
430,9,28.412081589169357,54.776764956066785,9.421532303297056,370.9265635482371,12.06586608911067
430,10,28.412081589169357,54.776764956066785,6.948904537741573,317.0119325432686,12.188193351570149
430,11,28.412081589169357,54.776764956066785,6.655881325523552,368.624530888849,14.829948119689476
431,0,72.88667264050787,60.575220122293025,8.09452132387497,290.1217552006327,19.728044505000486
431,1,72.88667264050787,60.575220122293025,9.902273630619609,366.40464160769164,23.5259071304328
431,2,72.88667264050787,60.575220122293025,7.377997405438425,353.48142414029616,25.650095084240146
431,3,72.88667264050787,60.575220122293025,6.467939815816441,224.25212012526245,28.119497932307056
431,4,72.88667264050787,60.575220122293025,6.836021577658979,128.950678211151,26.01150616164961
431,5,72.88667264050787,60.575220122293025,6.639978969701401,141.4711684489218,23.916415715081833
431,6,72.88667264050787,60.575220122293025,6.660248803449917,135.14133204003514,20.1658147553056
431,7,72.88667264050787,60.575220122293025,8.05309540185861,208.86666196265972,18.37764991865778
431,8,72.88667264050787,60.575220122293025,7.078134993029773,279.4096387525257,12.010142024421558
431,9,72.88667264050787,60.575220122293025,11.74632689294699,313.98027078735345,12.793529527377885
431,10,72.88667264050787,60.575220122293025,9.865736552734885,488.4143980313421,11.943715048512512
431,11,72.88667264050787,60.575220122293025,5.759680292194924,368.3107176476492,14.913865154244242
432,0,40.66787449969134,58.37151656366284,9.065992792655036,356.7290015788987,20.357134708688314
432,1,40.66787449969134,58.37151656366284,10.376313795781655,388.39321698274904,24.809247089614615
432,2,40.66787449969134,58.37151656366284,5.779820389451894,349.75539103066757,26.787099083081564
432,3,40.66787449969134,58.37151656366284,7.030496158756286,222.23524086821374,27.13650230787702
432,4,40.66787449969134,58.37151656366284,8.341730790792273,169.18828076722514,28.418106500711403
432,5,40.66787449969134,58.37151656366284,7.546995956651144,99.95833051066818,23.320366944739952
432,6,40.66787449969134,58.37151656366284,7.44929419903772,120.74101761512627,20.52694816016191
432,7,40.66787449969134,58.37151656366284,10.133231964253191,148.53126816663706,15.340502839221816
432,8,40.66787449969134,58.37151656366284,7.895584040233454,244.27298328365413,13.832498950344187
432,9,40.66787449969134,58.37151656366284,9.49585729312868,321.63926261840777,11.573698132297288
432,10,40.66787449969134,58.37151656366284,6.610508296862703,408.30183531683895,12.25665283549099
432,11,40.66787449969134,58.37151656366284,7.639721166661209,372.0377491626226,15.656101573070853
433,0,74.16560992752744,66.54794868478844,8.65909112581083,336.9638008994575,20.419137290344437
433,1,74.16560992752744,66.54794868478844,10.049473566946288,375.16597999235285,24.338478495331145
433,2,74.16560992752744,66.54794868478844,7.532594456902391,395.0810252832435,26.787774085073902
433,3,74.16560992752744,66.54794868478844,5.608453934298659,208.75165459262092,26.372752209092795
433,4,74.16560992752744,66.54794868478844,9.568117024061506,162.67544593532713,25.6929047830864
433,5,74.16560992752744,66.54794868478844,9.590980529354338,127.9463744644668,24.22639788149965
433,6,74.16560992752744,66.54794868478844,12.471945957194798,155.66215670413987,21.602414683089258
433,7,74.16560992752744,66.54794868478844,10.013920769507767,191.15342892632322,15.131646654935667
433,8,74.16560992752744,66.54794868478844,10.204582601559444,304.9083194501994,14.43900668640701
433,9,74.16560992752744,66.54794868478844,9.77746320831917,365.4622858724027,12.951946289221443
433,10,74.16560992752744,66.54794868478844,11.95298240125562,430.15180166491047,12.46760731506829
433,11,74.16560992752744,66.54794868478844,7.62321595456883,442.21307094611984,16.56629084361091
434,0,37.78100404280474,58.99499721873892,7.552757879233628,468.51310620799353,20.5697449288506
434,1,37.78100404280474,58.99499721873892,8.39867629814284,364.5077193564632,24.445877212117335
434,2,37.78100404280474,58.99499721873892,7.5149939387339355,454.1666360452222,23.63989317365728
434,3,37.78100404280474,58.99499721873892,5.667400709199747,292.60524842599216,26.824223021324773
434,4,37.78100404280474,58.99499721873892,7.7133891588238574,130.29698829898626,27.298058239807784
434,5,37.78100404280474,58.99499721873892,10.63398158000247,133.15540024150414,24.20228226520949
434,6,37.78100404280474,58.99499721873892,9.796418997930044,130.72151707499884,18.565368162574593
434,7,37.78100404280474,58.99499721873892,8.078163812582194,179.87861289542855,17.831925953885612
434,8,37.78100404280474,58.99499721873892,9.128054057192635,187.94976186118802,11.953498253172091
434,9,37.78100404280474,58.99499721873892,9.68274625693773,390.3914329741372,13.043695058652185
434,10,37.78100404280474,58.99499721873892,8.825416054945721,378.6912347291423,12.143860995121821
434,11,37.78100404280474,58.99499721873892,8.320363921915726,335.3932364755207,15.044959759697763
435,0,50.175458417514506,61.338958122711105,8.62175452694475,383.98535503841924,22.888962184931803
435,1,50.175458417514506,61.338958122711105,8.15706946614457,437.0109456901674,23.61328866193284
435,2,50.175458417514506,61.338958122711105,3.502678589056587,376.3672732269184,27.07358908197642
435,3,50.175458417514506,61.338958122711105,5.517333421183947,228.41295288541122,27.026410198024923
435,4,50.175458417514506,61.338958122711105,10.88296861689113,150.32924830849134,28.188490958770107
435,5,50.175458417514506,61.338958122711105,2.9208734899133075,115.73108244092973,23.639311302204717
435,6,50.175458417514506,61.338958122711105,8.551244581380471,162.45304441202467,17.82643586896508
435,7,50.175458417514506,61.338958122711105,7.920608762633005,184.6083318910585,15.890727682944613
435,8,50.175458417514506,61.338958122711105,6.698365758378618,403.56601061389875,14.659879238921107
435,9,50.175458417514506,61.338958122711105,8.57541576361206,392.99109014925006,11.374024463193425
435,10,50.175458417514506,61.338958122711105,10.55115227784938,388.3292522609645,12.509106868578108
435,11,50.175458417514506,61.338958122711105,9.660671873828148,368.9885331645174,16.4538350539394
436,0,32.22593972965405,60.21935911376563,8.62078312076334,353.2971801730243,19.316670431128852
436,1,32.22593972965405,60.21935911376563,6.4164875838784905,377.73135723706855,21.265694681456978
436,2,32.22593972965405,60.21935911376563,4.2932051233188195,350.0856514731697,27.76815433815753
436,3,32.22593972965405,60.21935911376563,9.580989388189426,297.7113192466425,27.563780490502864
436,4,32.22593972965405,60.21935911376563,7.737817161610906,120.50543304239326,27.498496623223353
436,5,32.22593972965405,60.21935911376563,12.130236339540561,123.36180303758692,22.321795753305704
436,6,32.22593972965405,60.21935911376563,9.890005356288105,125.23193772295694,21.601017932108086
436,7,32.22593972965405,60.21935911376563,5.90334462068146,161.38862375964828,18.183140643705183
436,8,32.22593972965405,60.21935911376563,8.00427781595601,295.3429734882263,14.29443519415008
436,9,32.22593972965405,60.21935911376563,7.16772806770805,328.35261866577287,11.552485330550985
436,10,32.22593972965405,60.21935911376563,10.329974519360642,397.3539080946742,12.583365394555791
436,11,32.22593972965405,60.21935911376563,9.546623784812788,375.2760923137919,17.077279098745432
437,0,49.26272119004202,58.484371434560856,7.461692109517494,292.1053230810268,18.95334037585927
437,1,49.26272119004202,58.484371434560856,6.678574703807511,440.52827142474825,24.718708712826484
437,2,49.26272119004202,58.484371434560856,7.462773120482038,396.38822182599876,25.549204531262657
437,3,49.26272119004202,58.484371434560856,3.0229653324719967,273.53749044517974,27.68402474470661
437,4,49.26272119004202,58.484371434560856,8.870339963218296,123.51948748885656,24.855481961402067
437,5,49.26272119004202,58.484371434560856,4.837084601185994,104.5610259276744,22.571483088211348
437,6,49.26272119004202,58.484371434560856,7.980910179300921,162.77340249136424,20.121727188371022
437,7,49.26272119004202,58.484371434560856,8.82735639375356,177.25966866533895,16.028345973583107
437,8,49.26272119004202,58.484371434560856,7.2431466166309315,286.8205591477118,14.318944749453378
437,9,49.26272119004202,58.484371434560856,7.845417271953426,401.0987937599992,10.810690798681915
437,10,49.26272119004202,58.484371434560856,11.47079989598239,393.511167337897,12.822983674655461
437,11,49.26272119004202,58.484371434560856,7.913639774386707,417.0649803958202,16.032481034372854
438,0,91.19059259842986,68.06985535182568,10.482523055851612,432.9032918201531,18.661236005436084
438,1,91.19059259842986,68.06985535182568,9.702421145914583,333.71863989986844,22.858953057265065
438,2,91.19059259842986,68.06985535182568,8.22123422207763,439.8161513888777,28.257549486529193
438,3,91.19059259842986,68.06985535182568,7.778553924296416,185.4029890727403,27.01117777865993
438,4,91.19059259842986,68.06985535182568,6.1657715720287545,132.11076785029616,27.671625871810743
438,5,91.19059259842986,68.06985535182568,6.4161355764498555,144.62651781827634,22.463008726884038
438,6,91.19059259842986,68.06985535182568,10.789005222023253,106.37495455112025,19.269367692022016
438,7,91.19059259842986,68.06985535182568,8.2389163853749,186.14198770826252,15.43427131374755
438,8,91.19059259842986,68.06985535182568,8.98642729436161,260.7910948323675,12.790346522540133
438,9,91.19059259842986,68.06985535182568,5.774671666861774,439.2322243991272,11.922896802976716
438,10,91.19059259842986,68.06985535182568,9.763598373266124,382.60785756274055,13.228527109677579
438,11,91.19059259842986,68.06985535182568,7.867590110580655,342.5072606691286,15.780682039779093
439,0,56.9682673795443,62.03692660689625,6.7483902378671985,298.63145025494913,20.952736879300467
439,1,56.9682673795443,62.03692660689625,9.381876637870587,324.6378823285012,24.155060924867463
439,2,56.9682673795443,62.03692660689625,4.779337104644394,346.3051461711188,28.117846227439614
439,3,56.9682673795443,62.03692660689625,9.909564736183212,267.59803599479926,27.63252869792442
439,4,56.9682673795443,62.03692660689625,7.721880079328294,159.47962963329243,26.885754000385305
439,5,56.9682673795443,62.03692660689625,7.0455411904712975,165.37791780876458,24.399946438867758
439,6,56.9682673795443,62.03692660689625,7.679123407201183,133.68419913102736,21.10230968135862
439,7,56.9682673795443,62.03692660689625,10.221683025549444,140.45773871525267,17.160959574749878
439,8,56.9682673795443,62.03692660689625,10.906000972188409,302.28749870503844,11.505712650349004
439,9,56.9682673795443,62.03692660689625,9.648326604286444,331.5737756525453,12.900124754119588
439,10,56.9682673795443,62.03692660689625,4.782375111371216,404.5989254080274,14.512598691440935
439,11,56.9682673795443,62.03692660689625,8.941074562780866,508.84825088324044,15.610878091485398
440,0,23.872977695477076,61.617612990453345,8.67615452429712,306.90985551717137,21.173144458741078
440,1,23.872977695477076,61.617612990453345,6.099714950198646,406.4031201889136,22.835621473029818
440,2,23.872977695477076,61.617612990453345,5.325872693116038,456.3114554408315,24.694360042145732
440,3,23.872977695477076,61.617612990453345,9.88125858209159,268.4368560292868,28.173677714089248
440,4,23.872977695477076,61.617612990453345,8.116091198384984,144.10272298346996,27.02446815120277
440,5,23.872977695477076,61.617612990453345,3.544104250360289,162.6453894728263,22.551113127558775
440,6,23.872977695477076,61.617612990453345,9.66699019369654,140.86675165713174,19.865481444462457
440,7,23.872977695477076,61.617612990453345,8.037097010047887,153.9513885347846,16.572173310377334
440,8,23.872977695477076,61.617612990453345,6.776875940533239,315.71222454875016,11.459665062230139
440,9,23.872977695477076,61.617612990453345,7.292649627563717,303.86479593638285,12.090987658999133
440,10,23.872977695477076,61.617612990453345,10.169462035452066,330.43689699041033,13.090815441275199
440,11,23.872977695477076,61.617612990453345,7.699431063418875,404.141338465694,16.285879151611255
441,0,56.82154838978496,63.65252281293969,7.3718364869370845,369.19796986269375,20.045865642586687
441,1,56.82154838978496,63.65252281293969,9.433730506145512,410.2101007287091,25.001837553357195
441,2,56.82154838978496,63.65252281293969,11.658586848521155,382.9039431171608,29.13090602238896
441,3,56.82154838978496,63.65252281293969,11.835176262978836,247.8966539103466,27.577442886759815
441,4,56.82154838978496,63.65252281293969,10.00195684079228,126.95570777561223,28.484026143906192
441,5,56.82154838978496,63.65252281293969,8.568389891566776,120.53850655379361,24.187768356180598
441,6,56.82154838978496,63.65252281293969,5.644290448573676,134.3934991160725,18.776085559414025
441,7,56.82154838978496,63.65252281293969,11.774512779919561,149.3433385731919,14.293405207262467
441,8,56.82154838978496,63.65252281293969,8.372306989583306,270.5514152040409,12.595433590082758
441,9,56.82154838978496,63.65252281293969,4.790813969793954,425.6943922370437,12.113723002887683
441,10,56.82154838978496,63.65252281293969,9.813880429083659,465.87713950688266,13.536789694308968
441,11,56.82154838978496,63.65252281293969,7.362286792642877,416.9042141929737,14.338551229661388
442,0,53.67668368252385,70.5047623461784,10.91107795245621,420.1305090371673,19.873467665566878
442,1,53.67668368252385,70.5047623461784,7.573149754363381,376.17750489536064,24.177400259923356
442,2,53.67668368252385,70.5047623461784,8.813101483636663,317.5690822999504,26.38027999484317
442,3,53.67668368252385,70.5047623461784,8.598946941589436,249.213653295899,28.227260121322136
442,4,53.67668368252385,70.5047623461784,6.875431880817361,101.85739826934379,26.112455666628392
442,5,53.67668368252385,70.5047623461784,11.24614128646526,103.91592742316072,24.67981702669459
442,6,53.67668368252385,70.5047623461784,8.217785900988542,149.68005085884056,18.678736097769832
442,7,53.67668368252385,70.5047623461784,7.965656557280963,182.18560670416144,15.21993100322167
442,8,53.67668368252385,70.5047623461784,6.4771738113152555,278.8552174918638,12.64532023168093
442,9,53.67668368252385,70.5047623461784,7.922858657568107,335.91880117042973,11.602681549262096
442,10,53.67668368252385,70.5047623461784,9.01864874177698,439.2943934847102,14.378107971592142
442,11,53.67668368252385,70.5047623461784,7.142161079014021,382.86620269862607,16.035391353625723
443,0,74.84068801952881,55.7416256248089,4.155622747104341,472.24742140092945,20.300670606886126
443,1,74.84068801952881,55.7416256248089,10.715777979450133,472.91345187484706,26.05605344524612
443,2,74.84068801952881,55.7416256248089,7.629109768961313,397.670583247108,26.577134403694927
443,3,74.84068801952881,55.7416256248089,6.98965962414484,235.04401112038363,29.047681230368713
443,4,74.84068801952881,55.7416256248089,9.003054244266156,142.96151135678917,27.25310832582148
443,5,74.84068801952881,55.7416256248089,9.567570717888348,142.9608747279701,23.92617921625082
443,6,74.84068801952881,55.7416256248089,7.18689116782055,105.10076068759534,18.137077879330622
443,7,74.84068801952881,55.7416256248089,10.412927485704888,153.94859834150841,14.389657467447353
443,8,74.84068801952881,55.7416256248089,6.825419629784445,270.1612161778209,13.422462533472626
443,9,74.84068801952881,55.7416256248089,4.600575639863715,443.6305487307154,13.391645367694542
443,10,74.84068801952881,55.7416256248089,7.027424501273763,585.9364362754226,13.979408476629374
443,11,74.84068801952881,55.7416256248089,9.405580412285941,336.5780168037014,13.656999173200795
444,0,41.19256213200599,66.93906894635128,8.524736597649156,420.4147955907825,21.410562297543315
444,1,41.19256213200599,66.93906894635128,4.727420491011419,382.28529504274627,23.96355310780357
444,2,41.19256213200599,66.93906894635128,5.476222333348611,387.9149160647792,27.42747330268774
444,3,41.19256213200599,66.93906894635128,10.657890597638348,237.47228185621978,26.846478146399004
444,4,41.19256213200599,66.93906894635128,9.524203621462785,135.6191606540617,26.777728750710814
444,5,41.19256213200599,66.93906894635128,8.301028905210746,166.1010127766992,20.889264267657104
444,6,41.19256213200599,66.93906894635128,6.943898365463517,154.8749986033284,20.456413797112923
444,7,41.19256213200599,66.93906894635128,5.0789694763093,194.32477174787974,17.350668539182806
444,8,41.19256213200599,66.93906894635128,7.56955381610001,234.50014350196946,14.142379952922685
444,9,41.19256213200599,66.93906894635128,8.643141476810548,310.67352101594787,11.89325117579377
444,10,41.19256213200599,66.93906894635128,8.967553110458832,485.5057261942656,13.878001913757139
444,11,41.19256213200599,66.93906894635128,10.120783610650047,300.48390832661767,15.952829272873435
445,0,42.127356876227644,54.91808380038606,2.8151908399640826,317.7817503885506,19.187926811474448
445,1,42.127356876227644,54.91808380038606,6.655383853675004,358.1580568699358,21.60606614879996
445,2,42.127356876227644,54.91808380038606,9.57696753971128,435.05654557595375,27.93691746552501
445,3,42.127356876227644,54.91808380038606,4.346161416790546,191.3046706142935,28.41288011981096
445,4,42.127356876227644,54.91808380038606,8.988219375276634,141.4400200619388,26.948620211564247
445,5,42.127356876227644,54.91808380038606,3.9726675731920587,148.55942724058607,24.017761928513103
445,6,42.127356876227644,54.91808380038606,6.897437198418888,137.97384619014366,21.02947266485071
445,7,42.127356876227644,54.91808380038606,11.13071839820908,206.68524117930508,15.46633179373181
445,8,42.127356876227644,54.91808380038606,11.057348679886456,239.64379213978413,13.50477120833835
445,9,42.127356876227644,54.91808380038606,8.777044966197726,309.44546929491827,11.39267779869124
445,10,42.127356876227644,54.91808380038606,6.81861412180932,401.216911880662,11.837852445311695
445,11,42.127356876227644,54.91808380038606,7.200831447459427,408.1709765045536,14.755619467283026
446,0,53.60696949105826,59.42155199810526,7.967475982493393,353.94969000165656,20.716902584922202
446,1,53.60696949105826,59.42155199810526,10.466854208619939,315.4255390924965,23.730636181300294
446,2,53.60696949105826,59.42155199810526,10.997828363765285,399.00039372169374,27.344745452266235
446,3,53.60696949105826,59.42155199810526,5.991202260425432,267.5920476704391,27.520473731957004
446,4,53.60696949105826,59.42155199810526,10.006007375569633,125.64077323206813,26.07665221942074
446,5,53.60696949105826,59.42155199810526,7.513447154356277,146.97575823152013,23.841893160645334
446,6,53.60696949105826,59.42155199810526,8.139572126532002,170.6600662119933,22.156312034396247
446,7,53.60696949105826,59.42155199810526,8.703711674350512,132.40772728042757,16.968751231997302
446,8,53.60696949105826,59.42155199810526,5.562244158040903,248.76795084810718,13.411960527117696
446,9,53.60696949105826,59.42155199810526,10.649328472203692,303.569319062962,13.134053617476534
446,10,53.60696949105826,59.42155199810526,8.591897479588262,489.7404448557449,10.77720620274931
446,11,53.60696949105826,59.42155199810526,5.681335686767979,350.74584537264747,15.808266876674798
447,0,45.80758156938835,63.67059619647744,9.661105378540448,407.0625927616157,20.070932101283816
447,1,45.80758156938835,63.67059619647744,4.774277742222,328.9102037547507,22.330291346167918
447,2,45.80758156938835,63.67059619647744,8.033725651468085,298.50749677882317,27.063479551035552
447,3,45.80758156938835,63.67059619647744,8.546957706867042,296.998447986829,26.837521007354653
447,4,45.80758156938835,63.67059619647744,8.018366026355563,157.84515110632907,27.660926863535572
447,5,45.80758156938835,63.67059619647744,12.65957193226796,155.68304958937483,22.629451066432324
447,6,45.80758156938835,63.67059619647744,10.638023933028933,136.96451885730087,18.062562325457012
447,7,45.80758156938835,63.67059619647744,6.663040158639621,183.86182833927134,16.520668372550244
447,8,45.80758156938835,63.67059619647744,5.952708628913199,355.93407197224775,13.378387824342736
447,9,45.80758156938835,63.67059619647744,8.427690917707151,281.56021959284146,12.330730697576586
447,10,45.80758156938835,63.67059619647744,5.336238266306747,397.796601563241,12.188821404313597
447,11,45.80758156938835,63.67059619647744,9.885865152434043,362.45351518172754,13.358914930156148
448,0,53.697501029906334,66.16859899966197,5.786550437090159,361.2609449103381,19.60546049144051
448,1,53.697501029906334,66.16859899966197,6.625107097349155,441.38234924183405,24.588600973054863
448,2,53.697501029906334,66.16859899966197,8.85684502987826,383.05994894265183,27.328024453889
448,3,53.697501029906334,66.16859899966197,7.284888042446337,223.52876382304345,28.626035143851848
448,4,53.697501029906334,66.16859899966197,6.6794584167669795,128.7184829691468,26.639380442822464
448,5,53.697501029906334,66.16859899966197,5.893189838649279,151.02724045382632,25.087636361521536
448,6,53.697501029906334,66.16859899966197,8.615714201015242,148.8379742015394,20.755022134700543
448,7,53.697501029906334,66.16859899966197,6.459699731192516,156.65458096854758,16.126747069132296
448,8,53.697501029906334,66.16859899966197,7.794774506172118,298.5186736105016,13.63618842565966
448,9,53.697501029906334,66.16859899966197,6.741846785804714,384.2430177444682,11.783715825223046
448,10,53.697501029906334,66.16859899966197,7.853682150988951,423.34126872451213,13.473950602394503
448,11,53.697501029906334,66.16859899966197,5.782586388335851,299.7497240459771,15.742974808786549
449,0,47.04731623504799,55.91930533791119,10.486135417511226,388.5586436811342,20.64917436531187
449,1,47.04731623504799,55.91930533791119,6.878889814612206,431.23700063346155,24.138444405819584
449,2,47.04731623504799,55.91930533791119,8.619184260838491,352.5708351846165,27.400924763628122
449,3,47.04731623504799,55.91930533791119,9.418716968441945,213.87705563512924,29.01462125613627
449,4,47.04731623504799,55.91930533791119,12.732606272357048,120.98353564072238,26.567158501945542
449,5,47.04731623504799,55.91930533791119,8.54762908633926,114.40739113176602,24.49100183695702
449,6,47.04731623504799,55.91930533791119,5.500157785091831,173.87362772576338,20.222627996981686
449,7,47.04731623504799,55.91930533791119,10.185987019376743,185.61782927430312,14.75426703705134
449,8,47.04731623504799,55.91930533791119,6.860772755031935,343.58401664866585,12.070234434814578
449,9,47.04731623504799,55.91930533791119,6.838783554833983,342.60789471566875,11.721814830581584
449,10,47.04731623504799,55.91930533791119,11.790501306504709,439.453820603307,12.196947261798012
449,11,47.04731623504799,55.91930533791119,7.881455118805631,419.958928377683,16.306255433666852
450,0,74.80094890784464,66.05930485929208,5.186719025834789,298.1343921880028,19.233602269093335
450,1,74.80094890784464,66.05930485929208,10.621391282143456,406.9522590318415,24.002898218674915
450,2,74.80094890784464,66.05930485929208,9.22398565900694,322.1138157667103,24.394112825696524
450,3,74.80094890784464,66.05930485929208,10.867695121361344,220.2958840927798,27.67014965499897
450,4,74.80094890784464,66.05930485929208,8.865465093633746,139.39889850617752,25.81911503698439
450,5,74.80094890784464,66.05930485929208,7.123775353470646,140.41911548909792,22.776478433162698
450,6,74.80094890784464,66.05930485929208,8.385514782839758,121.88767829533008,18.69710525028474
450,7,74.80094890784464,66.05930485929208,11.460018531960387,181.1223303681103,15.457605107401402
450,8,74.80094890784464,66.05930485929208,3.6276120245130166,274.06415760878207,12.55206536824506
450,9,74.80094890784464,66.05930485929208,7.170505801212167,305.69184915994344,12.67920022566666
450,10,74.80094890784464,66.05930485929208,6.894557697532576,405.49647448449224,13.280268484666996
450,11,74.80094890784464,66.05930485929208,8.93814341661267,281.8870540617591,16.317276279529466
451,0,38.302295750220345,63.40805217834385,6.256379236976715,275.2803155200722,21.850083986312008
451,1,38.302295750220345,63.40805217834385,11.469668537157244,375.5931847560938,24.257353740295375
451,2,38.302295750220345,63.40805217834385,7.851275942609392,341.0052814471836,28.501609527763907
451,3,38.302295750220345,63.40805217834385,7.5753994075507665,175.08729255345358,28.86431005794402
451,4,38.302295750220345,63.40805217834385,0.08612432516858348,121.05445442601456,27.224116335295307
451,5,38.302295750220345,63.40805217834385,6.154852234243412,113.17810741332845,23.459678729318735
451,6,38.302295750220345,63.40805217834385,7.774841968142256,158.93981981388038,20.358330508019385
451,7,38.302295750220345,63.40805217834385,9.021963918608549,146.98703100561843,16.235619497608273
451,8,38.302295750220345,63.40805217834385,10.230053438119672,247.25760548677354,12.930488132832458
451,9,38.302295750220345,63.40805217834385,10.783039361120457,404.19251776110895,13.380714919410892
451,10,38.302295750220345,63.40805217834385,7.435808125936388,470.82643534681284,12.071167385496219
451,11,38.302295750220345,63.40805217834385,6.547350502541152,310.5020940777058,17.279598907517766
452,0,50.603500094600186,71.7273649116132,6.151528858574054,379.9088944615869,20.616621944563295
452,1,50.603500094600186,71.7273649116132,6.926020717400959,435.57983914275906,24.222675061121393
452,2,50.603500094600186,71.7273649116132,3.7417771175952472,381.76779548937174,27.156628732309823
452,3,50.603500094600186,71.7273649116132,8.530446798442677,280.49989946630143,28.154938523414096
452,4,50.603500094600186,71.7273649116132,12.875549911661494,147.33033648987765,28.055600903813545
452,5,50.603500094600186,71.7273649116132,7.099326765925031,123.35391040265307,24.432913598147763
452,6,50.603500094600186,71.7273649116132,11.4234742999762,107.49627147496332,21.35649720869581
452,7,50.603500094600186,71.7273649116132,6.276320319413982,174.16470917184742,17.10458163514238
452,8,50.603500094600186,71.7273649116132,8.256872355902011,271.8756646438917,12.05155895820308
452,9,50.603500094600186,71.7273649116132,9.88521165096418,372.274600767781,13.670205484039027
452,10,50.603500094600186,71.7273649116132,5.615882701529608,426.77855753818653,12.999483794573067
452,11,50.603500094600186,71.7273649116132,6.894063095572959,487.48661515421657,16.05737429392867
453,0,43.84616734299784,53.6881274026906,10.762487889852988,355.79443724761677,21.135244337374775
453,1,43.84616734299784,53.6881274026906,8.53124818217596,357.27331616695596,23.9374369001838
453,2,43.84616734299784,53.6881274026906,9.89941023533612,329.1753698793817,26.170610769083723
453,3,43.84616734299784,53.6881274026906,11.065138284280216,207.88774483484917,28.01123043756054
453,4,43.84616734299784,53.6881274026906,6.785582928629755,151.88671296041355,26.491583811142544
453,5,43.84616734299784,53.6881274026906,8.970808358070578,157.02479671377822,22.790829896248542
453,6,43.84616734299784,53.6881274026906,10.084702638469356,145.5583603654719,18.867077200858198
453,7,43.84616734299784,53.6881274026906,7.154327656795804,176.68280165205596,14.347706114318132
453,8,43.84616734299784,53.6881274026906,6.686474502646304,284.46250423572735,13.59098053099652
453,9,43.84616734299784,53.6881274026906,8.413165385358202,367.01542962734874,11.052514208473227
453,10,43.84616734299784,53.6881274026906,9.094197851577817,397.6752663807846,12.691014860599825
453,11,43.84616734299784,53.6881274026906,3.2173416821065812,434.4567737298263,16.550321353970286
454,0,43.3853374457447,62.78186929563922,8.813369621494243,322.08927388703296,19.532262563014275
454,1,43.3853374457447,62.78186929563922,10.94450718091227,425.8288174028755,22.627830212688693
454,2,43.3853374457447,62.78186929563922,8.495358423477766,390.34418246108976,28.237639804849305
454,3,43.3853374457447,62.78186929563922,7.895391747857372,332.37361046757945,27.551122529948138
454,4,43.3853374457447,62.78186929563922,6.638267653720944,144.89355696616147,26.878339956311322
454,5,43.3853374457447,62.78186929563922,5.650491803607604,133.43658924693386,23.628724527466414
454,6,43.3853374457447,62.78186929563922,8.887703621841974,123.74737865935336,19.683868718765535
454,7,43.3853374457447,62.78186929563922,7.794880337197759,154.3654023767329,19.057078951596157
454,8,43.3853374457447,62.78186929563922,4.943582928390695,254.26223324050082,13.424439457704343
454,9,43.3853374457447,62.78186929563922,8.41394181244312,365.41391734789164,12.560332091765854
454,10,43.3853374457447,62.78186929563922,10.039617496756172,325.9835989474793,12.523237168486633
454,11,43.3853374457447,62.78186929563922,4.763779862848127,288.730314935342,16.03769568908795
455,0,73.04706554056433,57.85140724333647,13.181985656099863,376.19621655710796,18.157700455705093
455,1,73.04706554056433,57.85140724333647,7.440626417198065,358.42432807034874,23.969320907918004
455,2,73.04706554056433,57.85140724333647,6.434100871152635,421.94654934634684,27.78496872205781
455,3,73.04706554056433,57.85140724333647,11.13698054143202,266.30067315318786,29.40221343774395
455,4,73.04706554056433,57.85140724333647,7.96085450554259,114.54180332076074,26.82602582480884
455,5,73.04706554056433,57.85140724333647,6.313268255509168,97.35714595946435,23.89520166746227
455,6,73.04706554056433,57.85140724333647,10.116431955790983,132.34546397101343,20.646230738298666
455,7,73.04706554056433,57.85140724333647,9.260925336217285,169.62254556082036,18.489931277203247
455,8,73.04706554056433,57.85140724333647,4.460610291248351,308.43253872180406,12.947441697592517
455,9,73.04706554056433,57.85140724333647,6.147921324832785,294.35904923795806,13.352369253605522
455,10,73.04706554056433,57.85140724333647,7.850280934998787,364.3568113908227,13.967444591954989
455,11,73.04706554056433,57.85140724333647,6.744809441515808,508.8903631255655,15.5037423143921
456,0,44.946672581170404,58.311964709443195,4.077748868446389,301.22529792893687,19.61301761132887
456,1,44.946672581170404,58.311964709443195,9.755800104384765,449.46144945582284,24.491461996209942
456,2,44.946672581170404,58.311964709443195,5.844765990253062,394.53230727351854,26.742084974922818
456,3,44.946672581170404,58.311964709443195,6.906140244713616,217.75097549135677,26.429966014481124
456,4,44.946672581170404,58.311964709443195,8.556371650739303,119.29881525954619,28.087889079902606
456,5,44.946672581170404,58.311964709443195,8.100634035418777,132.71479772662136,24.34997698988262
456,6,44.946672581170404,58.311964709443195,8.969618536228689,139.03963785781465,19.133468119565297
456,7,44.946672581170404,58.311964709443195,11.86105370931358,203.2649025754527,16.001851878463157
456,8,44.946672581170404,58.311964709443195,5.339767467588238,307.84303206791446,12.96671766432647
456,9,44.946672581170404,58.311964709443195,9.743745519841921,321.7703191303,10.173311889689995
456,10,44.946672581170404,58.311964709443195,7.714027683803061,430.4488145105508,15.00667430411839
456,11,44.946672581170404,58.311964709443195,5.9171137614278795,361.09906167114286,17.44875882683652
457,0,46.93209290026727,60.11362946641451,10.929161543347359,321.3713775575392,20.468208879063404
457,1,46.93209290026727,60.11362946641451,12.856887700768388,337.83791452837085,25.21218954000178
457,2,46.93209290026727,60.11362946641451,6.467673093574306,360.29699127752656,27.529875727609564
457,3,46.93209290026727,60.11362946641451,7.708473734182775,243.65810260975238,28.49934628437957
457,4,46.93209290026727,60.11362946641451,9.088705284078063,123.90345159213983,27.55957418164377
457,5,46.93209290026727,60.11362946641451,4.852671996538199,146.88336541533545,23.08791943231781
457,6,46.93209290026727,60.11362946641451,8.187654946177643,142.05268427700187,19.31958820813179
457,7,46.93209290026727,60.11362946641451,7.16431265209926,195.46376152102104,16.42906264378194
457,8,46.93209290026727,60.11362946641451,11.222253448511001,264.3481148374849,13.501440012036149
457,9,46.93209290026727,60.11362946641451,5.214430337630044,289.344166490631,12.308301469130022
457,10,46.93209290026727,60.11362946641451,8.021604858016753,320.2153438087185,13.14350531948497
457,11,46.93209290026727,60.11362946641451,8.889246758476155,346.69753354271893,15.571327609823808
458,0,35.578777329014045,57.50362360632292,10.025998695254518,201.5006078581772,20.41644183057173
458,1,35.578777329014045,57.50362360632292,4.8931896536708095,322.900242808668,23.01819862783416
458,2,35.578777329014045,57.50362360632292,8.708919777329864,338.88426472394264,27.47491652789817
458,3,35.578777329014045,57.50362360632292,5.500719308251703,175.7545394294793,28.382757216796072
458,4,35.578777329014045,57.50362360632292,7.891337443957212,111.66997423922932,29.114261380773463
458,5,35.578777329014045,57.50362360632292,8.343294016851006,114.24924715958683,22.6170596770149
458,6,35.578777329014045,57.50362360632292,8.371235439640277,163.05791922047953,20.19172174008441
458,7,35.578777329014045,57.50362360632292,8.184181256174833,154.44881029164506,15.852775273190437
458,8,35.578777329014045,57.50362360632292,4.97819673026347,262.1358801578285,14.311161511476971
458,9,35.578777329014045,57.50362360632292,4.5290997140627685,369.7456111099267,11.863910820686186
458,10,35.578777329014045,57.50362360632292,9.006368017156607,445.7247343279737,12.91231502011018
458,11,35.578777329014045,57.50362360632292,7.931252161345936,340.05589401160546,16.229635435647076
459,0,67.19533657144422,62.51539549777196,8.20990444350781,296.55461256416265,19.916871261674444
459,1,67.19533657144422,62.51539549777196,7.12366008168614,330.3562324651011,22.66697884783242
459,2,67.19533657144422,62.51539549777196,9.710077274232594,379.95792445034294,27.023918108762466
459,3,67.19533657144422,62.51539549777196,8.780186399469883,280.53098383742554,27.56767665859037
459,4,67.19533657144422,62.51539549777196,3.8682330201084385,163.38519099146092,27.37911806805361
459,5,67.19533657144422,62.51539549777196,9.30910943461221,119.48793934674785,24.073142689569764
459,6,67.19533657144422,62.51539549777196,5.709643443361107,145.98403495503678,17.88640979523851
459,7,67.19533657144422,62.51539549777196,5.815028256522456,202.90314695960433,16.990236652854108
459,8,67.19533657144422,62.51539549777196,11.701374594464486,280.8700419334728,11.644297451073824
459,9,67.19533657144422,62.51539549777196,7.81916804759122,441.32213899990836,12.186364636850055
459,10,67.19533657144422,62.51539549777196,6.256598038423267,388.26031858518076,12.689555937381943
459,11,67.19533657144422,62.51539549777196,7.4753470221527625,342.84826851751285,17.477313081876666
460,0,54.9635911705348,60.63961707574339,6.305180989271257,398.53667609359195,20.224253354435053
460,1,54.9635911705348,60.63961707574339,8.08476343566432,367.3921833986576,23.899166130251572
460,2,54.9635911705348,60.63961707574339,5.841865441202716,393.78257503529875,26.98365422133115
460,3,54.9635911705348,60.63961707574339,6.160809506167997,291.50010041930204,27.459544067414793
460,4,54.9635911705348,60.63961707574339,8.032914693509415,135.46114946055795,26.571767999762585
460,5,54.9635911705348,60.63961707574339,8.746845716605687,111.76151063847678,24.42603095011265
460,6,54.9635911705348,60.63961707574339,10.863958807568034,120.09893358781486,21.37601214888428
460,7,54.9635911705348,60.63961707574339,9.785311457596647,162.77327911353638,16.149115063295238
460,8,54.9635911705348,60.63961707574339,9.14437207270851,290.3254008777155,14.71471769778817
460,9,54.9635911705348,60.63961707574339,10.37391565533804,320.6163191489226,13.023052917459774
460,10,54.9635911705348,60.63961707574339,6.719418004061518,343.19185491826903,12.785046780680478
460,11,54.9635911705348,60.63961707574339,6.818541858004991,371.78169673257685,14.756057661970932
461,0,56.993375398330926,55.07293268895508,7.218524934746777,358.75453257382935,20.576582355294626
461,1,56.993375398330926,55.07293268895508,6.43497691819821,444.93722907274747,23.155385587327682
461,2,56.993375398330926,55.07293268895508,9.212897365199403,365.4077781698418,26.617202142956625
461,3,56.993375398330926,55.07293268895508,9.294357736836071,266.58025506590553,29.182703490472836
461,4,56.993375398330926,55.07293268895508,7.616576026055126,131.18031462344376,26.464611050020114
461,5,56.993375398330926,55.07293268895508,9.004603019062053,104.1392156456652,26.213410763447513
461,6,56.993375398330926,55.07293268895508,8.507903708063642,118.53422355387256,17.38706662765549
461,7,56.993375398330926,55.07293268895508,10.562950191343877,162.158409623204,14.973971205543819
461,8,56.993375398330926,55.07293268895508,9.020409561484032,237.13798653518757,12.529607092212139
461,9,56.993375398330926,55.07293268895508,7.820661160912829,384.9363982399623,11.34854068871773
461,10,56.993375398330926,55.07293268895508,7.158516160358743,420.7265088359823,11.959323077963855
461,11,56.993375398330926,55.07293268895508,7.497529306982816,269.83570370908285,15.283919847521659
462,0,57.38454442566463,71.66899290341694,4.112973715479482,431.44655820505653,21.60742274616391
462,1,57.38454442566463,71.66899290341694,7.948762823150156,386.61378684662725,23.624984185024314
462,2,57.38454442566463,71.66899290341694,8.963689006019921,332.4550047146164,28.685863485183052
462,3,57.38454442566463,71.66899290341694,8.423326174124712,211.71785624436427,28.995200149953302
462,4,57.38454442566463,71.66899290341694,7.828002421826132,130.13282336069244,27.8577345658962
462,5,57.38454442566463,71.66899290341694,9.651893570212518,164.22984264575982,24.125792481957742
462,6,57.38454442566463,71.66899290341694,9.224153602381907,136.53338609728505,20.322888377676225
462,7,57.38454442566463,71.66899290341694,9.822360158769147,166.26314027784395,16.451317437150756
462,8,57.38454442566463,71.66899290341694,8.79353982531442,310.48528220253627,11.664826913074096
462,9,57.38454442566463,71.66899290341694,5.669260578876948,388.08203048493124,13.104162618262317
462,10,57.38454442566463,71.66899290341694,7.815107686374144,360.1206967674999,12.488050429720303
462,11,57.38454442566463,71.66899290341694,6.8832923703867746,381.3691849759495,15.301490031480514
463,0,35.05525085807282,60.343187168476895,10.562080430367294,344.39454255796,21.0145640517052
463,1,35.05525085807282,60.343187168476895,6.176607618999276,316.48355473018916,23.891371230648513
463,2,35.05525085807282,60.343187168476895,10.9096559297941,336.59951618207464,28.25694803990858
463,3,35.05525085807282,60.343187168476895,10.329525844176441,277.67299413068196,26.615011675384295
463,4,35.05525085807282,60.343187168476895,8.83405603991155,107.77468874873442,26.583843828075825
463,5,35.05525085807282,60.343187168476895,9.131815304643588,103.17251680631878,25.069968477358834
463,6,35.05525085807282,60.343187168476895,7.501025810700937,138.0862377254033,21.22659528264119
463,7,35.05525085807282,60.343187168476895,10.256368749940876,188.6900048873259,14.956304605243277
463,8,35.05525085807282,60.343187168476895,5.946927957895982,242.11875009375171,11.960211757101543
463,9,35.05525085807282,60.343187168476895,8.723990221641134,333.49524701850714,14.793692524847373
463,10,35.05525085807282,60.343187168476895,4.891880239012481,351.63976932129066,14.754053010759993
463,11,35.05525085807282,60.343187168476895,9.293238821023607,360.8600850870637,16.14774779802526
464,0,58.221422335218286,51.147743398681655,8.550853651301503,488.2976211730038,20.560991145210497
464,1,58.221422335218286,51.147743398681655,11.252209796158471,384.50632961428175,24.67706478035737
464,2,58.221422335218286,51.147743398681655,6.322186793035227,341.8471426152381,28.166364562777158
464,3,58.221422335218286,51.147743398681655,10.013589181904111,290.1915459496258,26.150873500667856
464,4,58.221422335218286,51.147743398681655,7.152374453082386,155.64087580548804,27.11799016134962
464,5,58.221422335218286,51.147743398681655,7.310093097791097,114.9478926670617,24.807661382382467
464,6,58.221422335218286,51.147743398681655,6.749674043815258,121.6280981848712,20.446906762135036
464,7,58.221422335218286,51.147743398681655,7.2556183194369535,126.47095645212174,15.143532927289675
464,8,58.221422335218286,51.147743398681655,6.538091570850651,289.4993527686447,14.261564129885986
464,9,58.221422335218286,51.147743398681655,6.134228251750347,331.20805440599656,11.754786921784019
464,10,58.221422335218286,51.147743398681655,11.690732424538595,459.32429910048444,12.84900578851821
464,11,58.221422335218286,51.147743398681655,2.662630519919455,412.24756405399,16.38096956425585
465,0,48.45321129377195,58.81692307710881,10.78035852730532,417.88407429565746,20.316430676627913
465,1,48.45321129377195,58.81692307710881,8.491445635930171,433.5534022608266,25.68574356119801
465,2,48.45321129377195,58.81692307710881,6.617851829688576,438.98325688660884,25.992371082616543
465,3,48.45321129377195,58.81692307710881,8.983755156789941,144.59577398288923,28.18239257523235
465,4,48.45321129377195,58.81692307710881,7.495329884367771,145.75088090658835,24.99304704016646
465,5,48.45321129377195,58.81692307710881,6.734161343027349,119.52830985677917,24.363494560321058
465,6,48.45321129377195,58.81692307710881,8.32481678540751,135.07158260931863,21.52506434352404
465,7,48.45321129377195,58.81692307710881,7.326437296597194,160.85029682438147,17.228165137524453
465,8,48.45321129377195,58.81692307710881,9.955512192246802,300.2502310575298,11.715566268757467
465,9,48.45321129377195,58.81692307710881,7.09687237924367,357.2389700032551,11.884578089634239
465,10,48.45321129377195,58.81692307710881,10.31864112425822,407.23640536741897,14.887512238794752
465,11,48.45321129377195,58.81692307710881,4.022887996932256,345.2882772982402,16.614240354822233
466,0,41.766409835025975,60.34392763892541,8.306439980849767,361.7056969421079,20.927696763087802
466,1,41.766409835025975,60.34392763892541,6.112130337424106,353.30292011081,23.309239341726595
466,2,41.766409835025975,60.34392763892541,11.501465449619221,352.51457825789436,27.320811456410414
466,3,41.766409835025975,60.34392763892541,11.238655708755804,191.61561702140605,28.809459388194597
466,4,41.766409835025975,60.34392763892541,5.506661460629347,115.6021155646587,25.915963856900138
466,5,41.766409835025975,60.34392763892541,6.921199931073899,115.49767223714079,23.48267444398604
466,6,41.766409835025975,60.34392763892541,8.62600528500912,149.4076722956061,20.52460186386348
466,7,41.766409835025975,60.34392763892541,5.4882023468333525,181.58716121779716,18.313216363004532
466,8,41.766409835025975,60.34392763892541,5.101310079747836,268.6852101068973,13.840952285158735
466,9,41.766409835025975,60.34392763892541,8.276637297005914,414.1224100792487,11.957835931462485
466,10,41.766409835025975,60.34392763892541,7.662481774651588,500.8346816431223,11.075858701958053
466,11,41.766409835025975,60.34392763892541,9.558891246589205,347.8365183332063,15.544426758330722
467,0,64.89751709819791,58.631459277330755,7.392238235094876,353.6190253848798,20.282322348237017
467,1,64.89751709819791,58.631459277330755,9.411394191506705,425.26840040044794,23.797359853250015
467,2,64.89751709819791,58.631459277330755,10.390749590720594,457.60662889732765,26.570758989631354
467,3,64.89751709819791,58.631459277330755,9.086318134036418,230.5774060433337,29.577991507678565
467,4,64.89751709819791,58.631459277330755,8.747472677517568,147.73936244127145,26.53453303579726
467,5,64.89751709819791,58.631459277330755,8.902018490649585,170.4416216897134,22.73762584424332
467,6,64.89751709819791,58.631459277330755,7.3834757028182025,128.2713186379108,19.94143112613581
467,7,64.89751709819791,58.631459277330755,7.996356805800533,181.9204046583718,15.18313037729055
467,8,64.89751709819791,58.631459277330755,10.32562572702122,234.21413344920433,13.530392603924435
467,9,64.89751709819791,58.631459277330755,8.14252436350809,269.88044402348305,14.172539561954943
467,10,64.89751709819791,58.631459277330755,11.060820715349532,416.93015804844384,12.890106590152307
467,11,64.89751709819791,58.631459277330755,8.226213263593277,390.5828685330609,15.9574414256613
468,0,63.59348718616644,58.678750538628,3.5153679266022566,245.45518119483603,19.850354141123653
468,1,63.59348718616644,58.678750538628,10.223240101034921,446.7343373939645,23.23665576269999
468,2,63.59348718616644,58.678750538628,5.8435273896540405,386.44074533232174,27.26503902563134
468,3,63.59348718616644,58.678750538628,7.334901032489507,299.92457375402427,28.327699339841924
468,4,63.59348718616644,58.678750538628,4.986035595656104,169.2279270304774,27.997616185727694
468,5,63.59348718616644,58.678750538628,9.379815307210375,121.63641814425148,24.249078151944325
468,6,63.59348718616644,58.678750538628,10.32850354811044,119.24460830549818,20.6093732679301
468,7,63.59348718616644,58.678750538628,9.646473185433123,168.60883203914187,13.72341766248285
468,8,63.59348718616644,58.678750538628,7.745895805950856,303.4928457099206,12.41080204526104
468,9,63.59348718616644,58.678750538628,11.30361880629119,280.07585358441224,10.866969360979674
468,10,63.59348718616644,58.678750538628,4.257178192808807,518.5097335391542,11.464426549132341
468,11,63.59348718616644,58.678750538628,10.91195885979483,419.8949100631828,15.7837959807711
469,0,52.97245110498638,66.39399681855005,10.831481382127745,314.2294534585695,20.669639205809652
469,1,52.97245110498638,66.39399681855005,10.069854792880365,401.60304510947196,22.448844520451217
469,2,52.97245110498638,66.39399681855005,7.60558798822586,344.9445607319487,25.603192151176287
469,3,52.97245110498638,66.39399681855005,9.195199234676235,291.6160320017218,27.33604321652736
469,4,52.97245110498638,66.39399681855005,9.629182983300963,175.98172066665893,27.265827482756002
469,5,52.97245110498638,66.39399681855005,13.053975544956357,119.89841487814482,24.835552291155054
469,6,52.97245110498638,66.39399681855005,8.641049063699985,145.7922427567058,22.071001111015885
469,7,52.97245110498638,66.39399681855005,7.9804503659690775,179.39277514077799,17.20868280654412
469,8,52.97245110498638,66.39399681855005,8.434548945224842,280.77811609036485,13.463147904526164
469,9,52.97245110498638,66.39399681855005,8.297958912847726,423.57430065091523,13.85494639127445
469,10,52.97245110498638,66.39399681855005,6.1369079135853495,392.72109208262134,10.633895414465886
469,11,52.97245110498638,66.39399681855005,10.890795745490529,327.6171736154047,17.733825811358244
470,0,58.287593485515394,57.23868360077444,9.846366857600058,396.3242591260055,18.300119535708067
470,1,58.287593485515394,57.23868360077444,8.712428156682583,352.9214981692926,24.217490796085478
470,2,58.287593485515394,57.23868360077444,9.683214690390342,441.3618535991788,27.00918053858929
470,3,58.287593485515394,57.23868360077444,12.403496626120337,260.8984129948234,28.223315893769385
470,4,58.287593485515394,57.23868360077444,7.937098038461029,147.7457407588785,26.473844987238913
470,5,58.287593485515394,57.23868360077444,8.492781772998436,97.04404190391891,24.335885920803292
470,6,58.287593485515394,57.23868360077444,8.778803194673351,151.1657063401834,19.86703350505949
470,7,58.287593485515394,57.23868360077444,9.096556047339861,161.74753555631355,14.813658273571049
470,8,58.287593485515394,57.23868360077444,6.996693427468371,309.97353667471737,10.66056930338135
470,9,58.287593485515394,57.23868360077444,4.182255902947353,350.44043430924245,11.118004575437707
470,10,58.287593485515394,57.23868360077444,7.491772698294228,393.3537478458427,14.371525579770879
470,11,58.287593485515394,57.23868360077444,8.812891778103257,352.477074703439,16.83628970943457
471,0,68.6410430841584,57.78327268823891,8.813369626139936,244.33614448798107,19.9627478260507
471,1,68.6410430841584,57.78327268823891,2.7647953417323894,481.35460391872186,22.99467222174443
471,2,68.6410430841584,57.78327268823891,7.072585151414533,418.2609170552438,25.53628221381214
471,3,68.6410430841584,57.78327268823891,9.665256925457696,287.2936344420646,27.911884825369203
471,4,68.6410430841584,57.78327268823891,8.281196189586732,132.8907019890771,26.458833210231344
471,5,68.6410430841584,57.78327268823891,7.451763705209745,113.83464823387867,25.55785761246671
471,6,68.6410430841584,57.78327268823891,8.073641723524423,139.5208307590444,18.366603865851523
471,7,68.6410430841584,57.78327268823891,8.033100422739821,172.99238326436682,15.663294736794349
471,8,68.6410430841584,57.78327268823891,8.951592662878522,333.0334595952047,12.749816100566303
471,9,68.6410430841584,57.78327268823891,3.4468284624095995,367.51722423552053,11.434776055208449
471,10,68.6410430841584,57.78327268823891,6.71429051875023,454.3305400113064,13.920713052621057
471,11,68.6410430841584,57.78327268823891,5.693547738849125,434.9589045384878,15.591809389819762
472,0,38.76512603644937,57.38689144600696,7.973403962461241,343.584706178892,19.767908415171927
472,1,38.76512603644937,57.38689144600696,11.225916625236362,321.005322352339,25.18746905001701
472,2,38.76512603644937,57.38689144600696,8.07324829562406,367.7954776806575,26.827250209654082
472,3,38.76512603644937,57.38689144600696,7.002509325290852,245.50665780828814,27.144278068597913
472,4,38.76512603644937,57.38689144600696,8.750811673028075,101.4636567989141,26.354719433885982
472,5,38.76512603644937,57.38689144600696,10.350858455857104,125.66312444940428,23.314059462726746
472,6,38.76512603644937,57.38689144600696,9.566622391623621,147.37404346032875,18.90417092879678
472,7,38.76512603644937,57.38689144600696,7.474931231396173,159.0914883217283,15.621862434730543
472,8,38.76512603644937,57.38689144600696,4.9535801605085235,261.9629754948739,15.471522865463395
472,9,38.76512603644937,57.38689144600696,6.713237736751112,317.0093962097158,13.565048155458229
472,10,38.76512603644937,57.38689144600696,6.1268568034111945,336.580559803228,12.456769496005395
472,11,38.76512603644937,57.38689144600696,3.688049317589786,332.8744246917132,15.362616384231503
473,0,60.426762258703874,58.113949669621725,8.038639938764574,332.8492672360918,20.77837758309097
473,1,60.426762258703874,58.113949669621725,6.712594173929131,411.1574861916532,23.893810399798387
473,2,60.426762258703874,58.113949669621725,8.179956873543183,368.39431177562085,27.32105609715509
473,3,60.426762258703874,58.113949669621725,7.353620895283078,233.87436613913664,28.060040693211505
473,4,60.426762258703874,58.113949669621725,9.270024914928404,151.13523075075534,26.218973447566192
473,5,60.426762258703874,58.113949669621725,11.937475205563109,89.27197785892254,23.932969872399976
473,6,60.426762258703874,58.113949669621725,6.9652106135638725,140.0012274070517,19.14530884378435
473,7,60.426762258703874,58.113949669621725,11.145323731736216,177.0938713381943,15.555373190084083
473,8,60.426762258703874,58.113949669621725,6.099944765096703,318.1748717762415,12.734412000090847
473,9,60.426762258703874,58.113949669621725,6.361020253874062,413.4935003548427,13.094353677354817
473,10,60.426762258703874,58.113949669621725,11.10586987163654,377.8061386536241,12.095692852303149
473,11,60.426762258703874,58.113949669621725,6.8923754217338615,262.4140300111917,16.08881077807324
474,0,79.39698633418743,56.67576314337025,13.531606210884586,344.4722387031878,18.85578353994026
474,1,79.39698633418743,56.67576314337025,8.92219473457247,405.9528247561299,26.031860717979185
474,2,79.39698633418743,56.67576314337025,6.036962453256982,333.8572822696224,27.38579551124082
474,3,79.39698633418743,56.67576314337025,7.209295705939846,264.31544987869984,30.647746564555575
474,4,79.39698633418743,56.67576314337025,8.014445098119484,106.10779920635663,25.76976636126202
474,5,79.39698633418743,56.67576314337025,8.934515692347782,125.20280244627041,25.559344307390983
474,6,79.39698633418743,56.67576314337025,8.988578183034237,161.82811360315702,19.480984174365027
474,7,79.39698633418743,56.67576314337025,7.6264243268172605,132.3726006949253,14.922700457981682
474,8,79.39698633418743,56.67576314337025,6.658402927903969,272.096863822577,13.219907697682746
474,9,79.39698633418743,56.67576314337025,4.855716780956408,267.82917982715543,13.05125787157961
474,10,79.39698633418743,56.67576314337025,6.45194184655821,409.4919152856409,12.154799784544483
474,11,79.39698633418743,56.67576314337025,8.096563417183226,383.9421588339566,15.821034097335417
475,0,99.23252804056803,60.662939377739676,8.343615724523175,442.49470581144953,18.587913482635773
475,1,99.23252804056803,60.662939377739676,11.207177346244773,406.3880442656767,25.123676075778835
475,2,99.23252804056803,60.662939377739676,8.366732372243824,317.9180040314735,26.739321822668135
475,3,99.23252804056803,60.662939377739676,6.966699693951431,267.3654319750718,27.92876907322534
475,4,99.23252804056803,60.662939377739676,8.869727823663187,135.16303376820304,27.44439873326839
475,5,99.23252804056803,60.662939377739676,6.873964231562968,149.82764869854978,23.38489230630935
475,6,99.23252804056803,60.662939377739676,9.165337971716932,95.37390420041433,19.130487848262753
475,7,99.23252804056803,60.662939377739676,7.529522617333835,221.52354547734512,15.256316519209445
475,8,99.23252804056803,60.662939377739676,6.273054389995367,231.6328632980302,13.190456146493913
475,9,99.23252804056803,60.662939377739676,8.828867993342739,328.17090242761117,11.991529455230294
475,10,99.23252804056803,60.662939377739676,13.04624628404845,469.6527337555614,13.783335199839083
475,11,99.23252804056803,60.662939377739676,11.4398772587009,309.33594067220633,15.309375231585559
476,0,62.97057628212006,65.56476226927074,9.268699560701451,304.5450074636599,20.681141189883796
476,1,62.97057628212006,65.56476226927074,5.576246021473309,374.581278990846,22.852885063807506
476,2,62.97057628212006,65.56476226927074,10.084015691656486,438.7818219637846,26.06586254389242
476,3,62.97057628212006,65.56476226927074,5.960255012145435,235.98153494922227,28.267507428847665
476,4,62.97057628212006,65.56476226927074,8.378282867477244,140.07514969682413,26.760334726723368
476,5,62.97057628212006,65.56476226927074,9.299090366620838,129.02383380493993,21.42321295914545
476,6,62.97057628212006,65.56476226927074,6.975568382816029,128.02314001429139,20.887354513929107
476,7,62.97057628212006,65.56476226927074,8.008403905299199,213.0542302875576,15.38813233091997
476,8,62.97057628212006,65.56476226927074,8.741078706010875,326.50798758811794,12.124068826788816
476,9,62.97057628212006,65.56476226927074,6.559795114955056,385.0174001915435,11.224219989480723
476,10,62.97057628212006,65.56476226927074,4.582929581793103,487.6076401505516,13.7758828800555
476,11,62.97057628212006,65.56476226927074,8.81666368917827,334.18821599537324,16.341715632266606
477,0,63.54832543027364,60.75422938414359,7.315092475902187,293.2060318444404,19.118894644909346
477,1,63.54832543027364,60.75422938414359,11.570631352320358,442.9370155448955,23.626120046937455
477,2,63.54832543027364,60.75422938414359,7.486224880229583,395.8203635691836,27.140519221224697
477,3,63.54832543027364,60.75422938414359,7.259925719905039,215.56327368465085,27.781563090273476
477,4,63.54832543027364,60.75422938414359,8.598199348287965,112.28092561378915,26.22305454743599
477,5,63.54832543027364,60.75422938414359,6.621664279724833,111.33354973144976,23.69797817923142
477,6,63.54832543027364,60.75422938414359,9.099065734950674,105.31910817831617,19.43019508732246
477,7,63.54832543027364,60.75422938414359,7.768048696077044,140.6797371863982,14.819885728215429
477,8,63.54832543027364,60.75422938414359,5.258639962433312,401.5803682910563,13.368506620054456
477,9,63.54832543027364,60.75422938414359,6.864380183137184,263.7073866551412,11.657743523141043
477,10,63.54832543027364,60.75422938414359,6.646777389933844,350.57863993451696,12.651174580712587
477,11,63.54832543027364,60.75422938414359,9.275861142568512,344.24725317224517,15.534023288782361
478,0,31.070699610869656,60.843384969771094,10.703672601816503,364.50553069705074,20.135508672272437
478,1,31.070699610869656,60.843384969771094,10.524849707552283,408.041159585409,24.879077865644696
478,2,31.070699610869656,60.843384969771094,4.6846408979633924,376.7149499623145,24.764534637142102
478,3,31.070699610869656,60.843384969771094,6.535168226765518,202.25557901674605,28.64869719142698
478,4,31.070699610869656,60.843384969771094,7.787130101073742,171.66407161329772,27.82163015325299
478,5,31.070699610869656,60.843384969771094,9.83988008847325,112.69818926839984,24.082527357272483
478,6,31.070699610869656,60.843384969771094,9.424662460588152,150.87649075692903,19.46934059611594
478,7,31.070699610869656,60.843384969771094,9.847732343931003,154.83532731181955,16.21206217557134
478,8,31.070699610869656,60.843384969771094,9.586706650267141,265.5399274535661,13.65583371743252
478,9,31.070699610869656,60.843384969771094,5.092127650923606,370.47926390767424,11.536206659643769
478,10,31.070699610869656,60.843384969771094,7.357204129132661,370.0131992404683,13.093036435733847
478,11,31.070699610869656,60.843384969771094,9.557282188312676,361.7553854088256,18.553562328896827
479,0,59.56041613780768,57.68923505315331,9.570131988391344,392.8772193423595,19.986464298079405
479,1,59.56041613780768,57.68923505315331,7.390326152836654,336.53779484396307,23.97821877465076
479,2,59.56041613780768,57.68923505315331,10.588622182966162,403.03056600289074,27.345526844386292
479,3,59.56041613780768,57.68923505315331,9.896406726214414,184.69086341310336,28.273731855681028
479,4,59.56041613780768,57.68923505315331,6.980313559675012,122.30177760519977,25.67857465786644
479,5,59.56041613780768,57.68923505315331,7.878960546130303,91.28975675748082,23.850255470369923
479,6,59.56041613780768,57.68923505315331,9.444744986843668,124.0670133326819,18.969611533316804
479,7,59.56041613780768,57.68923505315331,8.029815716280055,159.66817042510445,17.218854096391418
479,8,59.56041613780768,57.68923505315331,6.901447314659204,338.0410366928247,14.493567010892091
479,9,59.56041613780768,57.68923505315331,7.765484154977407,476.2713142081998,12.057686191651511
479,10,59.56041613780768,57.68923505315331,6.375079035985597,320.8463256162937,12.912509646652767
479,11,59.56041613780768,57.68923505315331,8.229232006357728,323.2925312237344,14.816469907819135
480,0,45.189754060176355,57.48668513274938,7.516040791274667,326.68361668025466,21.032344563196464
480,1,45.189754060176355,57.48668513274938,8.227846977042718,283.7309786385974,24.018172897724774
480,2,45.189754060176355,57.48668513274938,8.917490631925206,279.45790785288307,26.856393403487402
480,3,45.189754060176355,57.48668513274938,4.897552218471253,254.78782075929237,28.551394513277092
480,4,45.189754060176355,57.48668513274938,7.943165785386809,156.37695796706927,27.06879109175019
480,5,45.189754060176355,57.48668513274938,9.65084997986245,135.6892109327245,24.96549713153752
480,6,45.189754060176355,57.48668513274938,9.038945056166838,137.71117047259327,19.385040581801913
480,7,45.189754060176355,57.48668513274938,2.5579315076051197,198.23898968751857,18.767742931759653
480,8,45.189754060176355,57.48668513274938,8.004975343546223,356.9981059624177,14.574628922753362
480,9,45.189754060176355,57.48668513274938,10.627618681929501,346.1750101495196,11.453023553838744
480,10,45.189754060176355,57.48668513274938,10.991835965040982,451.17215078943855,12.920896640201176
480,11,45.189754060176355,57.48668513274938,6.081975451026948,457.48398914566724,16.139910997687224
481,0,51.49530147588345,52.741983742881715,5.6711916031083796,370.40864757482547,19.087150679561457
481,1,51.49530147588345,52.741983742881715,9.660183478323514,403.2965541988534,22.13384605211018
481,2,51.49530147588345,52.741983742881715,6.692282376847329,396.30679878525103,26.216995004774045
481,3,51.49530147588345,52.741983742881715,4.998162101211684,332.4257384600099,29.864133706793883
481,4,51.49530147588345,52.741983742881715,9.905054728213363,183.66960748300775,27.27199620663705
481,5,51.49530147588345,52.741983742881715,7.205898990187159,133.58555628561425,21.25085454858308
481,6,51.49530147588345,52.741983742881715,6.71963355119372,135.08111726732804,20.59587852187331
481,7,51.49530147588345,52.741983742881715,8.319306021567982,152.48198805463738,16.518743284661863
481,8,51.49530147588345,52.741983742881715,6.876023204983026,282.72447547309287,12.562595318241907
481,9,51.49530147588345,52.741983742881715,9.848708448859766,318.05950021530714,12.08214668320151
481,10,51.49530147588345,52.741983742881715,5.209566956741113,370.22673709177644,15.261541494183602
481,11,51.49530147588345,52.741983742881715,6.579815764646004,281.0235155791027,15.498536896816102
482,0,44.147413089721155,69.34054097638405,9.868018404389558,271.2921049668949,20.675146741474524
482,1,44.147413089721155,69.34054097638405,7.183521065505205,344.80241351393954,22.74551680131684
482,2,44.147413089721155,69.34054097638405,5.142670326099472,341.1290367423752,26.23718637425417
482,3,44.147413089721155,69.34054097638405,7.53223465835671,235.37279380912543,27.22632948878077
482,4,44.147413089721155,69.34054097638405,9.73451063495795,168.1093343724848,28.385135889879177
482,5,44.147413089721155,69.34054097638405,12.488054772616305,113.32236512070202,23.48593363681072
482,6,44.147413089721155,69.34054097638405,10.135212007126611,128.64596222224745,19.858048098755855
482,7,44.147413089721155,69.34054097638405,7.694257003121067,190.95545702471082,17.069648697901396
482,8,44.147413089721155,69.34054097638405,7.240682421623611,377.54185962131777,14.967980934243627
482,9,44.147413089721155,69.34054097638405,9.527900327075809,437.1147936815213,13.988638608424635
482,10,44.147413089721155,69.34054097638405,12.199250625995873,366.1463332900317,13.228251080659229
482,11,44.147413089721155,69.34054097638405,10.625515723220898,220.21315964972095,15.590025315134115
483,0,69.28839704152352,58.777026596947174,10.47531232218321,397.1259132874726,20.4065540446913
483,1,69.28839704152352,58.777026596947174,9.41202864352804,333.3938438054422,22.59573454166232
483,2,69.28839704152352,58.777026596947174,6.416597971793144,396.5695758642755,26.86260693796371
483,3,69.28839704152352,58.777026596947174,9.251081585333111,201.49576089270957,27.399020006807714
483,4,69.28839704152352,58.777026596947174,8.016758483389662,134.00923378528202,26.71897431117309
483,5,69.28839704152352,58.777026596947174,7.384778525125208,114.38396142254771,24.31403625533511
483,6,69.28839704152352,58.777026596947174,8.996909089340045,153.19944541706133,19.446986169492284
483,7,69.28839704152352,58.777026596947174,10.711908429563001,165.72340643187528,15.223463154223726
483,8,69.28839704152352,58.777026596947174,7.875359403957149,275.1534612407675,12.174653204426148
483,9,69.28839704152352,58.777026596947174,3.673253312817569,389.6831454659268,12.35166741655136
483,10,69.28839704152352,58.777026596947174,10.25401824586746,505.416107115803,13.260548281477726
483,11,69.28839704152352,58.777026596947174,5.153142631573825,365.91001537401485,16.039641319224785
484,0,58.64504833731904,55.2794013317431,5.634531221132733,450.0654145268185,20.653095998300138
484,1,58.64504833731904,55.2794013317431,4.060664570352435,459.22703231923356,23.977017765021177
484,2,58.64504833731904,55.2794013317431,8.579450758767802,433.8028992840883,27.795268180706405
484,3,58.64504833731904,55.2794013317431,5.823089981504886,186.4702821548064,27.267126757367077
484,4,58.64504833731904,55.2794013317431,5.734472457911327,114.58209944230236,26.55052054399891
484,5,58.64504833731904,55.2794013317431,8.248109254428485,137.16922959063638,24.278067830668455
484,6,58.64504833731904,55.2794013317431,6.280236613938702,124.65213382720655,20.868292154373922
484,7,58.64504833731904,55.2794013317431,11.220291108044606,155.88919204851615,15.60812747233125
484,8,58.64504833731904,55.2794013317431,8.357851458269206,239.6618419004356,12.946307702846097
484,9,58.64504833731904,55.2794013317431,9.302520794411938,316.7462152323161,12.111833193089666
484,10,58.64504833731904,55.2794013317431,7.719234128438295,513.1823932444871,12.330917116137146
484,11,58.64504833731904,55.2794013317431,12.028466383923313,298.0156583104171,16.108881982040703
485,0,49.97118464033853,60.277039768313564,11.966469523079544,332.27300516572006,20.645988476975575
485,1,49.97118464033853,60.277039768313564,3.889775772745657,334.3293556778424,25.80142340011505
485,2,49.97118464033853,60.277039768313564,8.684951875284002,339.68511910028786,28.42202603540709
485,3,49.97118464033853,60.277039768313564,9.192611502701443,260.62561578886556,27.881689112151292
485,4,49.97118464033853,60.277039768313564,11.220335771392023,135.81406534648264,27.88940218598336
485,5,49.97118464033853,60.277039768313564,10.28943646153508,171.5168283214227,22.61237284341841
485,6,49.97118464033853,60.277039768313564,6.3872289070046655,121.6891688610759,20.39949904157797
485,7,49.97118464033853,60.277039768313564,8.075599285535931,188.34439509383407,15.681309252315698
485,8,49.97118464033853,60.277039768313564,7.14055518812017,237.0286656053014,10.91656886495056
485,9,49.97118464033853,60.277039768313564,7.731097321019533,365.71795106360463,11.152105004807321
485,10,49.97118464033853,60.277039768313564,7.608736266028637,428.8117182441898,13.720884892825874
485,11,49.97118464033853,60.277039768313564,7.86835297850972,447.4923018531782,15.883304643550924
486,0,68.8716615145061,58.97872773404347,9.4562262873916,321.66844113571653,18.883857675694895
486,1,68.8716615145061,58.97872773404347,10.791406466913127,290.2734479388738,24.904995350037503
486,2,68.8716615145061,58.97872773404347,10.225558281073711,341.8749607336825,26.3257639389965
486,3,68.8716615145061,58.97872773404347,7.680202038661908,261.93565140412056,28.085916719708198
486,4,68.8716615145061,58.97872773404347,5.635393832407203,153.1833931800143,27.870047086373674
486,5,68.8716615145061,58.97872773404347,7.730631345703513,73.46534943995677,24.517158390890636
486,6,68.8716615145061,58.97872773404347,4.86840201731682,127.03913314083715,20.011367887132906
486,7,68.8716615145061,58.97872773404347,5.787341632801782,159.28489883244288,15.002399373076685
486,8,68.8716615145061,58.97872773404347,6.445093031798542,289.45040968658185,12.47034968084779
486,9,68.8716615145061,58.97872773404347,4.650626603235182,416.5931696396031,14.29596774092999
486,10,68.8716615145061,58.97872773404347,8.80207945558888,414.7981225519952,12.73332176868795
486,11,68.8716615145061,58.97872773404347,6.865204516092887,384.96734875295556,16.59700037548154
487,0,33.87931238816979,65.80537508393675,6.85995666784716,322.2005521021525,20.08861990553696
487,1,33.87931238816979,65.80537508393675,9.785861954132185,315.04024257698217,24.51831549588026
487,2,33.87931238816979,65.80537508393675,6.903481420126208,412.49943962196687,27.394598280970122
487,3,33.87931238816979,65.80537508393675,8.010031081155333,262.6464003777737,29.883077802508037
487,4,33.87931238816979,65.80537508393675,8.635448654320522,131.2985335663928,27.4915630136537
487,5,33.87931238816979,65.80537508393675,10.180123512846768,101.69081797121083,24.078663728892035
487,6,33.87931238816979,65.80537508393675,7.7287898812040945,128.4282908581228,18.750318179739686
487,7,33.87931238816979,65.80537508393675,5.521549253070438,170.89446071794094,16.064296262040603
487,8,33.87931238816979,65.80537508393675,8.628380226024637,226.65462435059172,13.45099410612769
487,9,33.87931238816979,65.80537508393675,9.0633071846189,336.4888568325293,12.886820761462783
487,10,33.87931238816979,65.80537508393675,6.4021305675098645,392.92558960763284,12.682845784037598
487,11,33.87931238816979,65.80537508393675,7.045003726984215,305.4316512419823,16.520333003378042
488,0,41.57560850148679,61.979023465206616,10.327619288516852,311.9950175316834,20.20752231524848
488,1,41.57560850148679,61.979023465206616,10.93139333430836,502.35744718767234,22.3791203413199
488,2,41.57560850148679,61.979023465206616,10.427940074980041,376.0137772456638,26.177415169681485
488,3,41.57560850148679,61.979023465206616,11.305395785962991,273.05656740251095,27.448862512487114
488,4,41.57560850148679,61.979023465206616,8.41683000104934,130.5572590287621,27.00215456971792
488,5,41.57560850148679,61.979023465206616,7.09533432031243,116.00607594639449,25.09181129774023
488,6,41.57560850148679,61.979023465206616,6.552118017684031,121.43125122946921,20.164368427415457
488,7,41.57560850148679,61.979023465206616,8.61631430347961,189.27648882179264,15.265695390711604
488,8,41.57560850148679,61.979023465206616,8.638364162130912,269.6186955066455,11.49856668111469
488,9,41.57560850148679,61.979023465206616,8.828977792739614,407.03125268902994,13.187729514407142
488,10,41.57560850148679,61.979023465206616,4.256881760945296,429.924860818322,13.21343608146138
488,11,41.57560850148679,61.979023465206616,9.470411696617516,393.8971249516827,15.81772210559613
489,0,55.41063346703465,54.55661133933722,6.207590640221609,311.9965865375499,19.441805426492362
489,1,55.41063346703465,54.55661133933722,7.457599746449989,384.6870851736308,24.31691820717685
489,2,55.41063346703465,54.55661133933722,9.762300311057388,431.9160701898464,27.511361613620405
489,3,55.41063346703465,54.55661133933722,7.435065895845588,214.14915526677797,28.725068919768677
489,4,55.41063346703465,54.55661133933722,5.773155524085091,162.42009794148862,24.88294063537585
489,5,55.41063346703465,54.55661133933722,5.67095883863744,122.31186526831651,25.439213425899997
489,6,55.41063346703465,54.55661133933722,8.940227379462822,117.30673735438018,20.833089669109622
489,7,55.41063346703465,54.55661133933722,10.279388885237823,228.50765007273475,14.864815235019364
489,8,55.41063346703465,54.55661133933722,5.842838529884503,307.96583984340975,12.05251114516225
489,9,55.41063346703465,54.55661133933722,10.177678122449162,221.9747620329192,12.511860734000077
489,10,55.41063346703465,54.55661133933722,9.42204824700186,475.0469382783995,12.644390549811927
489,11,55.41063346703465,54.55661133933722,6.474334708567349,282.8530816864938,15.414603728452024
490,0,34.26173341265918,57.38243633839957,7.071992668313154,358.00243801294283,20.91694196089612
490,1,34.26173341265918,57.38243633839957,8.291240142419264,366.31451108854515,24.100725777699093
490,2,34.26173341265918,57.38243633839957,11.21498124561952,414.0240809851316,26.750273494297833
490,3,34.26173341265918,57.38243633839957,10.333179511712,234.61231545601763,29.648991965674952
490,4,34.26173341265918,57.38243633839957,9.846278186042817,106.30254899457012,26.8666581025992
490,5,34.26173341265918,57.38243633839957,9.55685152880359,142.235288856903,23.553583841383375
490,6,34.26173341265918,57.38243633839957,5.545353508547878,157.96292570898962,21.661908079689823
490,7,34.26173341265918,57.38243633839957,7.636283679558022,198.61620560083597,16.385830187101877
490,8,34.26173341265918,57.38243633839957,7.512937854632039,297.42400726358755,14.244600791839849
490,9,34.26173341265918,57.38243633839957,6.704382957039175,339.83179631338936,10.343039162175943
490,10,34.26173341265918,57.38243633839957,5.1568358774371355,348.4258639333401,13.033859648378446
490,11,34.26173341265918,57.38243633839957,9.667455926166976,418.26072705981886,15.146592905638366
491,0,45.69609718674391,55.5504611173999,7.631033710261886,449.45042674304443,21.911955696814335
491,1,45.69609718674391,55.5504611173999,7.254712877388254,335.60609311481,24.626544466675004
491,2,45.69609718674391,55.5504611173999,8.050202512862906,376.98719534549434,26.93646347842495
491,3,45.69609718674391,55.5504611173999,7.888321077318387,326.9982156915467,29.77192925561576
491,4,45.69609718674391,55.5504611173999,8.505186187254388,156.66353731434978,28.439238257169865
491,5,45.69609718674391,55.5504611173999,7.432444137878076,118.16600962892439,25.039901139433994
491,6,45.69609718674391,55.5504611173999,7.44825400739089,126.12066592951172,20.664551258015496
491,7,45.69609718674391,55.5504611173999,6.580179890355756,177.50317308198922,16.5605091076711
491,8,45.69609718674391,55.5504611173999,8.340987295973461,298.86193147042275,12.503795093084085
491,9,45.69609718674391,55.5504611173999,6.101995530152506,368.0731283227734,11.858713486468256
491,10,45.69609718674391,55.5504611173999,6.154722524080937,395.75316081857756,11.992586849217398
491,11,45.69609718674391,55.5504611173999,13.855882525801073,327.6789417457514,15.437178217030176
492,0,50.414821315648396,59.072375990742685,6.181414227000456,370.7610923467944,19.44644097767148
492,1,50.414821315648396,59.072375990742685,7.784657939145237,474.6117875697966,22.642397374528834
492,2,50.414821315648396,59.072375990742685,7.596309786979957,405.47893718525785,26.533615841435036
492,3,50.414821315648396,59.072375990742685,8.02733165661796,279.96669405028405,28.225685162110945
492,4,50.414821315648396,59.072375990742685,7.560449103762159,173.57264108984927,26.23538859906428
492,5,50.414821315648396,59.072375990742685,8.058630516823362,121.52399436625811,25.538580459029298
492,6,50.414821315648396,59.072375990742685,3.706954862431906,165.25667611961083,18.93051223491915
492,7,50.414821315648396,59.072375990742685,8.43969973700435,191.3507124799361,14.614657209870751
492,8,50.414821315648396,59.072375990742685,7.645913909392323,246.28736210139073,12.72499916793228
492,9,50.414821315648396,59.072375990742685,8.140388172220085,255.90831115167336,10.375242674346385
492,10,50.414821315648396,59.072375990742685,4.92557143234869,417.9200233688767,13.589246460149322
492,11,50.414821315648396,59.072375990742685,5.764019024811998,484.8048436353972,17.02374290941803
493,0,38.1792882773002,52.211186108298705,9.057844268649225,352.38965244879125,20.902646969072745
493,1,38.1792882773002,52.211186108298705,8.302861996372583,296.7454924049142,25.039643752867192
493,2,38.1792882773002,52.211186108298705,9.167937749578899,433.76639875423575,25.55732764016942
493,3,38.1792882773002,52.211186108298705,6.2344103112898726,226.56733817736247,28.756893168339182
493,4,38.1792882773002,52.211186108298705,9.821838713683816,145.8353582435888,26.927430490983745
493,5,38.1792882773002,52.211186108298705,8.303743949851512,111.73323726856866,23.491628848768404
493,6,38.1792882773002,52.211186108298705,8.69189255767866,159.6438997113676,20.118768039377105
493,7,38.1792882773002,52.211186108298705,7.372458702750137,189.6698521712273,15.362970796708492
493,8,38.1792882773002,52.211186108298705,7.156543669338495,248.03299929560768,11.731572842177767
493,9,38.1792882773002,52.211186108298705,7.699682565678703,282.71476990819895,13.05009838088091
493,10,38.1792882773002,52.211186108298705,9.503474684812536,365.5188769003978,12.317298748835695
493,11,38.1792882773002,52.211186108298705,8.085417709702376,330.31006686034056,16.048677419349968
494,0,62.47979171791375,68.45034575469124,4.68507821008502,333.3674108466916,19.12960637007823
494,1,62.47979171791375,68.45034575469124,5.428320149145472,320.83568064085335,23.19843215286259
494,2,62.47979171791375,68.45034575469124,9.110919614412353,263.09739145514556,27.80344982066145
494,3,62.47979171791375,68.45034575469124,7.851389949579995,251.34331541934108,27.920094290291296
494,4,62.47979171791375,68.45034575469124,8.277855123326912,132.0962193428519,27.477907186351967
494,5,62.47979171791375,68.45034575469124,4.227794491739933,133.7914707103996,22.75275679666161
494,6,62.47979171791375,68.45034575469124,8.084599598290827,170.1026902790384,19.856286508964445
494,7,62.47979171791375,68.45034575469124,6.773626689291063,191.5741325490766,16.66764769615388
494,8,62.47979171791375,68.45034575469124,8.291234996408923,254.3085174435904,10.43776690532574
494,9,62.47979171791375,68.45034575469124,6.792482133738,415.67781863023936,11.302911750465887
494,10,62.47979171791375,68.45034575469124,6.810982354726036,355.95299913023126,13.85717521487131
494,11,62.47979171791375,68.45034575469124,5.326362051439806,381.1003819655341,14.99096796060088
495,0,47.02731104699879,61.88172100737493,5.7320364978166864,204.1051284769193,20.465572362395847
495,1,47.02731104699879,61.88172100737493,9.190138103848325,304.57662206503596,23.068682021576553
495,2,47.02731104699879,61.88172100737493,8.88913654190943,302.804153611757,25.970226066503134
495,3,47.02731104699879,61.88172100737493,9.736525150048665,264.9480559973327,28.708649350984853
495,4,47.02731104699879,61.88172100737493,10.966775133793995,155.6095846545002,26.493210345058564
495,5,47.02731104699879,61.88172100737493,6.169933590853978,137.63555181885368,24.3341674592672
495,6,47.02731104699879,61.88172100737493,12.478690392933306,144.0377226260901,20.527501879150346
495,7,47.02731104699879,61.88172100737493,9.173846397193373,213.53382866210654,16.735317859012063
495,8,47.02731104699879,61.88172100737493,9.074878542113552,252.9952707113871,11.701915933591145
495,9,47.02731104699879,61.88172100737493,6.64648776738744,369.43626385616386,13.333369651110113
495,10,47.02731104699879,61.88172100737493,9.26508964922942,450.74060663809576,11.963548134648764
495,11,47.02731104699879,61.88172100737493,13.089048628793895,376.4825056606677,14.667766247862474
496,0,45.3924313424284,60.93196930689665,6.121406856541311,434.0400291888209,21.157717803780894
496,1,45.3924313424284,60.93196930689665,7.888779854870779,453.8316420695505,24.76039951770246
496,2,45.3924313424284,60.93196930689665,4.956937454344643,356.7425904685933,29.56021192596425
496,3,45.3924313424284,60.93196930689665,8.352750461743176,270.9510689503957,27.472970881511852
496,4,45.3924313424284,60.93196930689665,8.813899459127231,141.4110942382716,27.201792224324077
496,5,45.3924313424284,60.93196930689665,6.583015382576035,116.87893416676614,23.929637399417377
496,6,45.3924313424284,60.93196930689665,9.35169617483132,114.97784084534014,20.287010535878053
496,7,45.3924313424284,60.93196930689665,7.096319832810131,150.5678228300147,14.217779186099845
496,8,45.3924313424284,60.93196930689665,9.431373470185632,225.73675649242776,12.803003521907666
496,9,45.3924313424284,60.93196930689665,6.588061839328256,405.96575573752324,11.255144159470174
496,10,45.3924313424284,60.93196930689665,8.369281743882228,454.15299704902316,13.587543567256967
496,11,45.3924313424284,60.93196930689665,8.789067224017058,414.6209034175998,15.629540675583854
497,0,40.5139740511503,61.383177926178654,6.812137809042446,333.5643550920541,20.60671270628678
497,1,40.5139740511503,61.383177926178654,7.50438370543912,381.149819825846,23.35305433782759
497,2,40.5139740511503,61.383177926178654,8.871103519589655,292.06822044321405,26.39059396788321
497,3,40.5139740511503,61.383177926178654,10.517190813622209,260.3782728355284,29.465274442787383
497,4,40.5139740511503,61.383177926178654,6.6147942227085075,154.2464223983025,25.877613835259403
497,5,40.5139740511503,61.383177926178654,6.305662990423823,109.75228772556171,24.091398875159964
497,6,40.5139740511503,61.383177926178654,8.271792864595625,115.4888590423968,20.82612506654142
497,7,40.5139740511503,61.383177926178654,7.240420133129325,174.99852580995517,15.853329551648443
497,8,40.5139740511503,61.383177926178654,7.177973576938461,221.5177678780012,13.16112396699165
497,9,40.5139740511503,61.383177926178654,5.790424859732671,296.2930087806498,11.978030419032123
497,10,40.5139740511503,61.383177926178654,6.643056606430792,408.58737902056794,12.967498537723019
497,11,40.5139740511503,61.383177926178654,6.975082980316323,384.1859217791916,14.613992117353964
498,0,38.752005193094504,63.09233782074772,12.15241218395365,389.64365955600425,20.86771188555156
498,1,38.752005193094504,63.09233782074772,8.562343348342742,351.1385520650288,24.28493467475787
498,2,38.752005193094504,63.09233782074772,7.975563737584464,384.9502750427122,26.74787372169432
498,3,38.752005193094504,63.09233782074772,10.606385599579546,234.97935493131314,28.144427734697388
498,4,38.752005193094504,63.09233782074772,7.097620505908951,145.25459622265728,28.568348707797856
498,5,38.752005193094504,63.09233782074772,5.313128580855054,121.62917766482907,25.415432544069763
498,6,38.752005193094504,63.09233782074772,11.091051987439362,118.58459733263061,18.982697493845485
498,7,38.752005193094504,63.09233782074772,9.707469839087226,173.055151675747,15.640012761749848
498,8,38.752005193094504,63.09233782074772,4.228766600468929,308.2560696047759,11.331196094144683
498,9,38.752005193094504,63.09233782074772,11.320657260112338,412.15095781421905,10.611296862056482
498,10,38.752005193094504,63.09233782074772,6.774541433520797,459.3814646690125,13.876128490566725
498,11,38.752005193094504,63.09233782074772,11.452528641681859,358.6226327524606,16.359982390482195
499,0,39.35045024511068,55.84743348277929,9.349661242160835,433.63543882892196,21.025825765412623
499,1,39.35045024511068,55.84743348277929,8.606720130795468,421.6395455706253,25.02679149551536
499,2,39.35045024511068,55.84743348277929,8.203197682841628,361.4286823528576,27.581385758797982
499,3,39.35045024511068,55.84743348277929,9.874530043620169,233.7615094206359,29.425248141380436
499,4,39.35045024511068,55.84743348277929,10.693458115655242,141.07700557328755,26.389685247496228
499,5,39.35045024511068,55.84743348277929,5.689374842821829,119.82937393402759,23.648261900539648
499,6,39.35045024511068,55.84743348277929,10.575261627970029,132.08797219789852,20.227674476015768
499,7,39.35045024511068,55.84743348277929,6.629318170104786,163.43514179292103,15.91298241751532
499,8,39.35045024511068,55.84743348277929,4.1881083626235815,237.03132977642204,13.542538339708567
499,9,39.35045024511068,55.84743348277929,5.685492971064885,274.8093264831363,10.491847985678444
499,10,39.35045024511068,55.84743348277929,8.047813220506287,380.5784290776834,14.583105434875888
499,11,39.35045024511068,55.84743348277929,8.304996739026558,333.07659702325265,14.384004217730203
