anio,mes,precipitacion_anual_mm,fusion_anual_mm,afluente_m3s,demanda_hm3,temperatura_c
0,0,0.04666920921054618,51.980310992969535,0.6443416399290155,316.8640986416247,20.987563409183817
0,1,0.04666920921054618,51.980310992969535,0.39057108809896074,404.4121604808203,25.07877039458127
0,2,0.04666920921054618,51.980310992969535,0.4531012546856285,377.86283512227703,27.083513237187926
0,3,0.04666920921054618,51.980310992969535,0.47063109250975504,257.13218529189334,27.646987344024915
0,4,0.04666920921054618,51.980310992969535,0.31666621107892834,119.17906640821894,26.39603603744503
0,5,0.04666920921054618,51.980310992969535,0.43887045585994616,56.447091962546885,24.572397559269884
0,6,0.04666920921054618,51.980310992969535,0.4977187104790796,114.90450762720891,19.72674092736122
0,7,0.04666920921054618,51.980310992969535,0.5507845338068964,199.82172986786904,16.08008413708649
0,8,0.04666920921054618,51.980310992969535,0.4837412171099554,296.762856987715,13.729587158293471
0,9,0.04666920921054618,51.980310992969535,0.3570006533910812,352.4278221209542,11.544548141888535
0,10,0.04666920921054618,51.980310992969535,0.4764262616193484,496.9888995311889,13.43536880131171
0,11,0.04666920921054618,51.980310992969535,0.42216558450466607,354.439340134862,17.61754619325517
1,0,0.13435854206989917,52.13498996425074,0.5956898716470168,348.5035322309213,19.76731225399667
1,1,0.13435854206989917,52.13498996425074,0.5876076342632828,416.0283663871052,23.52091935635448
1,2,0.13435854206989917,52.13498996425074,0.45199919777062264,368.4051761121111,27.47827162336768
1,3,0.13435854206989917,52.13498996425074,0.6308930691662559,237.64805142052086,27.669990107946468
1,4,0.13435854206989917,52.13498996425074,0.4690087202452186,68.16198517326451,26.167039096366622
1,5,0.13435854206989917,52.13498996425074,0.5325763723300679,121.02675565262074,24.3204492913329
1,6,0.13435854206989917,52.13498996425074,0.6459774686658032,141.9759376082372,21.052137468637746
1,7,0.13435854206989917,52.13498996425074,0.5713294530023171,150.6110482049834,15.89663509044727
1,8,0.13435854206989917,52.13498996425074,0.481623947896291,327.9763604846095,14.296507964886409
1,9,0.13435854206989917,52.13498996425074,0.5204987965376514,298.9411026375722,12.125736146563135
1,10,0.13435854206989917,52.13498996425074,0.7715728465886083,351.60475867190695,12.197624970339662
1,11,0.13435854206989917,52.13498996425074,0.48355095817589006,391.0551454207723,16.651302325876607
2,0,0.0529164503880844,51.75737709855015,0.5445685017458256,287.24891974447956,18.16744659340031
2,1,0.0529164503880844,51.75737709855015,0.4021342952508594,329.29516027284285,24.196295185478082
2,2,0.0529164503880844,51.75737709855015,0.5613953125127267,349.44954642552545,26.477414254450576
2,3,0.0529164503880844,51.75737709855015,0.4622854871107047,261.0598929565961,27.62712557442758
2,4,0.0529164503880844,51.75737709855015,0.5920775685607258,154.16109036183377,26.478215131953366
2,5,0.0529164503880844,51.75737709855015,0.42246120188002473,114.41244747073817,22.03225050859206
2,6,0.0529164503880844,51.75737709855015,0.572347669123046,154.80145362412213,19.869464786034953
2,7,0.0529164503880844,51.75737709855015,0.5124915093398427,147.9556389015464,15.602528122297697
2,8,0.0529164503880844,51.75737709855015,0.5412453881839653,259.32777938700497,12.203443074815377
2,9,0.0529164503880844,51.75737709855015,0.5581180873597049,286.7758927228325,10.267190286645878
2,10,0.0529164503880844,51.75737709855015,0.585538544417127,360.8800116013816,15.169461529246576
2,11,0.0529164503880844,51.75737709855015,0.4213220167279735,403.70264902227285,16.72698218599541
3,0,0.1295135277365934,51.295142346392716,0.32108068898395403,311.4931959258019,19.9275158996813
3,1,0.1295135277365934,51.295142346392716,0.49491701942013994,418.58068722424827,24.911270817541748
3,2,0.1295135277365934,51.295142346392716,0.5779562782359007,342.18786009972945,27.447481833330418
3,3,0.1295135277365934,51.295142346392716,0.395072913274901,290.5921530961058,27.61378943321082
3,4,0.1295135277365934,51.295142346392716,0.6126582937895648,128.02410574810494,28.68938075922293
3,5,0.1295135277365934,51.295142346392716,0.41770790815803105,114.1441730687791,23.791792019089634
3,6,0.1295135277365934,51.295142346392716,0.5220438411399985,137.61362172551077,20.761286489129372
3,7,0.1295135277365934,51.295142346392716,0.5100375527009333,167.07242827436804,16.275799172091062
3,8,0.1295135277365934,51.295142346392716,0.5151065008325245,257.93837210373044,12.491349894472911
3,9,0.1295135277365934,51.295142346392716,0.6444393810292461,400.96813167899137,11.159937642852272
3,10,0.1295135277365934,51.295142346392716,0.39136195504995086,305.77976740545637,10.916716894013796
3,11,0.1295135277365934,51.295142346392716,0.4120930158965014,406.80165126380416,16.209281213158533
4,0,0.1321598038429239,51.25678928732286,0.4585442757125284,297.4534430321569,20.69214444734251
4,1,0.1321598038429239,51.25678928732286,0.5295270146271969,312.9233630158054,22.333405491087127
4,2,0.1321598038429239,51.25678928732286,0.41957143762618293,383.79059270235393,26.977050078453427
4,3,0.1321598038429239,51.25678928732286,0.6365886369154677,266.247943900597,28.362879003398998
4,4,0.1321598038429239,51.25678928732286,0.5084962405340175,137.03933669980296,26.73057228828109
4,5,0.1321598038429239,51.25678928732286,0.499918767782399,81.08345160453048,22.75293488527252
4,6,0.1321598038429239,51.25678928732286,0.4600857003385829,142.0657502210408,20.884761401530504
4,7,0.1321598038429239,51.25678928732286,0.5971918296617034,186.61989338186976,14.716263868971176
4,8,0.1321598038429239,51.25678928732286,0.6426748499549726,267.12868845116617,14.797178616608036
4,9,0.1321598038429239,51.25678928732286,0.25987464670690885,344.22892940476135,10.776110772754162
4,10,0.1321598038429239,51.25678928732286,0.5561744503936684,454.37725675663893,13.348323571778245
4,11,0.1321598038429239,51.25678928732286,0.3954819110924546,286.78627242740976,15.43591999851831
5,0,0.24642164858027402,51.907428274313496,0.5437962017517463,453.24233820068343,18.74079956492117
5,1,0.24642164858027402,51.907428274313496,0.5218626020689574,275.1002655072141,25.98004260896881
5,2,0.24642164858027402,51.907428274313496,0.5332410637737257,313.0448647650239,25.513513832939974
5,3,0.24642164858027402,51.907428274313496,0.49235613135401146,266.52066725642766,27.645830702468423
5,4,0.24642164858027402,51.907428274313496,0.45807508253973295,164.2228795787666,28.33562386156436
5,5,0.24642164858027402,51.907428274313496,0.5824519066267787,116.47621281546917,23.985884061888942
5,6,0.24642164858027402,51.907428274313496,0.4096683571190262,128.91087240011402,20.49236270922212
5,7,0.24642164858027402,51.907428274313496,0.6469820192463202,200.48523022745817,16.955444148667336
5,8,0.24642164858027402,51.907428274313496,0.5761640149300632,317.60122405088924,14.485390659969394
5,9,0.24642164858027402,51.907428274313496,0.37546715634511696,313.8751552876324,13.949132608012661
5,10,0.24642164858027402,51.907428274313496,0.34090003199069696,406.9388832326571,12.401050284367164
5,11,0.24642164858027402,51.907428274313496,0.6647602391393279,389.62340861335224,15.2619870404489
6,0,0.09394535500571265,52.4402354540198,0.4913784919504374,313.07819209224937,19.654684424757807
6,1,0.09394535500571265,52.4402354540198,0.3977219620169056,417.8102252531127,24.77696859480705
6,2,0.09394535500571265,52.4402354540198,0.594877143115919,282.06390621321435,28.114938107408637
6,3,0.09394535500571265,52.4402354540198,0.513713778115775,249.5075704394797,27.37915430745423
6,4,0.09394535500571265,52.4402354540198,0.550945927380091,123.24281289466165,29.01476887259236
6,5,0.09394535500571265,52.4402354540198,0.5042735719550274,118.34306012058009,22.99252229621008
6,6,0.09394535500571265,52.4402354540198,0.51294172231691,171.17025748234732,18.740818481548644
6,7,0.09394535500571265,52.4402354540198,0.5638883697762389,161.774237297375,15.45363615944882
6,8,0.09394535500571265,52.4402354540198,0.5864071095989672,234.80775441644275,13.576700974415848
6,9,0.09394535500571265,52.4402354540198,0.3115743937083633,292.1249351924427,11.504212597945772
6,10,0.09394535500571265,52.4402354540198,0.4930628819690441,358.74517694349,14.508405595164838
6,11,0.09394535500571265,52.4402354540198,0.5723309523780115,290.929522797013,15.580286744756387
7,0,0.04137579279648377,52.440880107372784,0.6051407291318474,291.71981349640555,21.419590921575125
7,1,0.04137579279648377,52.440880107372784,0.467597140006452,273.85209016994486,26.405744089145504
7,2,0.04137579279648377,52.440880107372784,0.4935917735989567,411.5562787569873,28.66858932402529
7,3,0.04137579279648377,52.440880107372784,0.4230310871925811,264.95770603836564,29.319763394945035
7,4,0.04137579279648377,52.440880107372784,0.33020532607439657,119.08017786369633,26.856963179002864
7,5,0.04137579279648377,52.440880107372784,0.44548958644071524,151.1086308334396,24.86738153375581
7,6,0.04137579279648377,52.440880107372784,0.5528872765804825,130.74468694223032,21.13844487446798
7,7,0.04137579279648377,52.440880107372784,0.49223159560842683,181.84989401361122,16.322648256617583
7,8,0.04137579279648377,52.440880107372784,0.6128026736730803,362.61107935347843,13.518581916837013
7,9,0.04137579279648377,52.440880107372784,0.4422090951622968,306.1710867843303,13.106878219262695
7,10,0.04137579279648377,52.440880107372784,0.5451616021335435,529.0869763982323,12.842436919998596
7,11,0.04137579279648377,52.440880107372784,0.4809683106874809,312.14294520236444,15.710266098042448
8,0,0.06247678616167068,52.1901326973233,0.5399132830064224,411.94018367587046,19.76177908677689
8,1,0.06247678616167068,52.1901326973233,0.4250164436985324,363.01294677671126,23.745708269568595
8,2,0.06247678616167068,52.1901326973233,0.485237297254646,315.510303309366,27.341924304071878
8,3,0.06247678616167068,52.1901326973233,0.4923484676313249,238.87134818823063,27.85374534287875
8,4,0.06247678616167068,52.1901326973233,0.5218272760622298,107.01115870879981,26.894841780302126
8,5,0.06247678616167068,52.1901326973233,0.6898388105553865,78.96296997710562,23.22287169873145
8,6,0.06247678616167068,52.1901326973233,0.376013238722353,165.53348984503572,20.044200037271597
8,7,0.06247678616167068,52.1901326973233,0.5845292545105025,150.46192870946956,15.439567778324808
8,8,0.06247678616167068,52.1901326973233,0.4321488480238141,255.78209251075958,14.417246463606109
8,9,0.06247678616167068,52.1901326973233,0.509779180252442,253.43645058367358,9.906478574576349
8,10,0.06247678616167068,52.1901326973233,0.4728493209840928,359.9670980571008,13.008556797796338
8,11,0.06247678616167068,52.1901326973233,0.49837418119748805,379.6903265704706,15.959386609256304
9,0,0.11632374553541895,52.40486787786022,0.6505745557252158,350.77668661280956,20.107213820581155
9,1,0.11632374553541895,52.40486787786022,0.470999487240706,499.63512676333795,23.88499255543103
9,2,0.11632374553541895,52.40486787786022,0.6737898242641976,347.0859881569033,27.57065450390788
9,3,0.11632374553541895,52.40486787786022,0.39212187286655903,277.8271906093939,28.570753601079442
9,4,0.11632374553541895,52.40486787786022,0.5067658851720805,151.40442813740674,26.178409082951628
9,5,0.11632374553541895,52.40486787786022,0.4609825348344653,95.23306643613205,24.308851728992355
9,6,0.11632374553541895,52.40486787786022,0.38648514517171473,158.87747693563594,19.513224241372775
9,7,0.11632374553541895,52.40486787786022,0.534859635040065,172.87696872130988,16.657884004935344
9,8,0.11632374553541895,52.40486787786022,0.43568579119388556,322.5258885457867,12.79458576008973
9,9,0.11632374553541895,52.40486787786022,0.5792112250932616,305.4873185787354,11.139785912363381
9,10,0.11632374553541895,52.40486787786022,0.42158582114652005,394.1046173241143,11.994484830572752
9,11,0.11632374553541895,52.40486787786022,0.5236062009132767,352.27058357108524,15.122071145799627
10,0,0.05189110952649686,52.00612979507416,0.524700785515393,403.2627061584586,21.156104444052808
10,1,0.05189110952649686,52.00612979507416,0.67751478440044,429.2086149945993,25.610252517088504
10,2,0.05189110952649686,52.00612979507416,0.5431891495099703,391.292555285779,26.072612803651104
10,3,0.05189110952649686,52.00612979507416,0.4403299011967447,261.8288064826987,27.712223375854318
10,4,0.05189110952649686,52.00612979507416,0.33770961075330974,143.26371471717337,26.30426359914606
10,5,0.05189110952649686,52.00612979507416,0.48728076962317146,108.9086620775389,24.025699913840903
10,6,0.05189110952649686,52.00612979507416,0.6198618363859059,136.62825406142312,19.18601131755884
10,7,0.05189110952649686,52.00612979507416,0.554908544772605,119.68150293333198,16.478746235077818
10,8,0.05189110952649686,52.00612979507416,0.42300358073106403,230.95859827926796,14.390665719167403
10,9,0.05189110952649686,52.00612979507416,0.5135979693991363,364.8145291245882,11.138020175593319
10,10,0.05189110952649686,52.00612979507416,0.5554981193064397,373.01921012212136,14.824554850045386
10,11,0.05189110952649686,52.00612979507416,0.4740953714096313,392.4514601563752,16.03555059901234
11,0,0.0810428864241411,51.953352056604196,0.5058102565677692,452.15693066034754,21.57113233321991
11,1,0.0810428864241411,51.953352056604196,0.4894853492215809,287.56219121355514,23.8623151977463
11,2,0.0810428864241411,51.953352056604196,0.5087005099617091,312.8141644166944,26.36889553693163
11,3,0.0810428864241411,51.953352056604196,0.599047425534091,273.63038807197535,28.388398545448677
11,4,0.0810428864241411,51.953352056604196,0.25637830671092754,150.930163228615,26.643484749105728
11,5,0.0810428864241411,51.953352056604196,0.23290985471347675,140.69636152098056,23.040734845860587
11,6,0.0810428864241411,51.953352056604196,0.6047205282361664,117.23445551887156,21.649492108869513
11,7,0.0810428864241411,51.953352056604196,0.45708632733856003,185.92730058846246,16.960456674920362
11,8,0.0810428864241411,51.953352056604196,0.6119570071119441,287.30146244257793,11.4497524686523
11,9,0.0810428864241411,51.953352056604196,0.6478084160259888,346.93921110667446,11.850581542098405
11,10,0.0810428864241411,51.953352056604196,0.4559917993788653,416.6237080256794,13.523570569872728
11,11,0.0810428864241411,51.953352056604196,0.4806099395879514,407.1280658298926,14.994701672182755
12,0,0.18500816075493334,52.219385916237556,0.6059273475343505,294.67997363859024,20.3735245703907
12,1,0.18500816075493334,52.219385916237556,0.6085395948729374,336.5257329991869,24.815869817292267
12,2,0.18500816075493334,52.219385916237556,0.5360175785864637,396.5405910601407,27.720250531770073
12,3,0.18500816075493334,52.219385916237556,0.5801299774505215,262.660754899707,29.231494701164973
12,4,0.18500816075493334,52.219385916237556,0.46865225144472933,105.1249122852238,27.656925519039966
12,5,0.18500816075493334,52.219385916237556,0.5425910518888305,121.45292540289141,23.905126319691004
12,6,0.18500816075493334,52.219385916237556,0.4584033062460529,114.76779807889429,19.00078060427733
12,7,0.18500816075493334,52.219385916237556,0.5755596256559377,104.3513594284011,17.198132943396576
12,8,0.18500816075493334,52.219385916237556,0.4296163742520715,312.3041524755264,14.65175788702857
12,9,0.18500816075493334,52.219385916237556,0.4993387385788626,314.2373451747295,10.596176472483524
12,10,0.18500816075493334,52.219385916237556,0.5237961841426031,378.8830217332432,12.22953377530479
12,11,0.18500816075493334,52.219385916237556,0.273199878896655,434.4816072016498,18.524349686901946
13,0,0.200609196763823,52.56167262917497,0.653847662177808,393.3052395265238,18.954893907260846
13,1,0.200609196763823,52.56167262917497,0.33864283734334244,437.55614621195707,23.730614862835584
13,2,0.200609196763823,52.56167262917497,0.46857245799638725,386.79368642060314,27.704057559571744
13,3,0.200609196763823,52.56167262917497,0.4591936200023819,284.76620033760787,29.163325709250046
13,4,0.200609196763823,52.56167262917497,0.4839017347803167,179.7977707762863,26.2784427059788
13,5,0.200609196763823,52.56167262917497,0.2952971115256804,111.61964635604868,22.987581364239464
13,6,0.200609196763823,52.56167262917497,0.5632268737971302,112.77211806748245,20.48592265591294
13,7,0.200609196763823,52.56167262917497,0.5360636642720332,176.96204892393774,14.541283066537869
13,8,0.200609196763823,52.56167262917497,0.5234636406320078,315.2016594566888,12.16498114223565
13,9,0.200609196763823,52.56167262917497,0.5444430703501735,315.5432510902358,11.474660140390354
13,10,0.200609196763823,52.56167262917497,0.6296735933559678,374.9498209552582,12.85929592313491
13,11,0.200609196763823,52.56167262917497,0.47235737752944223,463.69686250744337,15.788925055325198
14,0,0.10528293522748308,52.577147942456875,0.4375965821191796,333.1843825734259,19.63240875717121
14,1,0.10528293522748308,52.577147942456875,0.5921983587585962,395.0658687944985,24.510187764683277
14,2,0.10528293522748308,52.577147942456875,0.38892152564073695,370.8150364674866,27.2826706468779
14,3,0.10528293522748308,52.577147942456875,0.46148468893693173,313.0572663711963,27.40270670762727
14,4,0.10528293522748308,52.577147942456875,0.40876437721069375,121.00672224928303,25.329640981510455
14,5,0.10528293522748308,52.577147942456875,0.6124825818938667,129.84122525176693,25.153747843890336
14,6,0.10528293522748308,52.577147942456875,0.4940375567704896,146.18982081359079,19.801295271984788
14,7,0.10528293522748308,52.577147942456875,0.5999128983105921,189.607818204574,15.945507120396726
14,8,0.10528293522748308,52.577147942456875,0.5585855086587231,286.1769870589146,13.514425771834494
14,9,0.10528293522748308,52.577147942456875,0.3969319819653081,489.8897664165717,10.854911556401637
14,10,0.10528293522748308,52.577147942456875,0.4920972284428998,350.1930107328304,12.8209534371234
14,11,0.10528293522748308,52.577147942456875,0.39905150536608486,339.01706153511753,15.161395693852755
15,0,0.0922191705092456,52.190274088717786,0.31840817040481434,433.69574180284843,18.688939955705994
15,1,0.0922191705092456,52.190274088717786,0.5013050097693663,365.75907980459624,23.60211001786031
15,2,0.0922191705092456,52.190274088717786,0.3946435073122795,418.8140195804191,26.68726157583248
15,3,0.0922191705092456,52.190274088717786,0.4864021814346949,133.45600138204068,27.371976547157665
15,4,0.0922191705092456,52.190274088717786,0.47683580977182766,176.59004690140068,26.943784691619566
15,5,0.0922191705092456,52.190274088717786,0.6495227042024413,87.03269744153356,23.706047986441167
15,6,0.0922191705092456,52.190274088717786,0.46009148981490533,133.043384808853,20.687438078054683
15,7,0.0922191705092456,52.190274088717786,0.43915275689641303,177.5915267251918,17.91441296587741
15,8,0.0922191705092456,52.190274088717786,0.4840820446707829,320.0363958664721,13.167333896907204
15,9,0.0922191705092456,52.190274088717786,0.38841817367207043,369.43805903302376,13.221004245835063
15,10,0.0922191705092456,52.190274088717786,0.511032984210646,490.5331942993023,11.913624399891837
15,11,0.0922191705092456,52.190274088717786,0.5487606067286883,425.08489603731095,15.605767133486445
16,0,0.10864156945003049,51.475797031493045,0.4435680557913663,318.785925728839,19.635816783906655
16,1,0.10864156945003049,51.475797031493045,0.3745848884531664,444.11280963034153,23.81604160196103
16,2,0.10864156945003049,51.475797031493045,0.4188713381844901,372.65753283061173,26.902089276205
16,3,0.10864156945003049,51.475797031493045,0.5757962652891859,177.36306263685827,27.460864186257012
16,4,0.10864156945003049,51.475797031493045,0.4232425086398869,109.61544459279725,27.453807593804292
16,5,0.10864156945003049,51.475797031493045,0.49104504105082963,102.57376131362125,24.71043290180038
16,6,0.10864156945003049,51.475797031493045,0.41795512686707303,134.44747071900954,19.362741625715817
16,7,0.10864156945003049,51.475797031493045,0.41342600262728535,188.28606560351824,17.052145903428006
16,8,0.10864156945003049,51.475797031493045,0.5644236096318278,288.1437488863953,11.967089752947087
16,9,0.10864156945003049,51.475797031493045,0.31724412492811194,319.62240489726304,12.144776648898539
16,10,0.10864156945003049,51.475797031493045,0.6318661232648253,413.6414250991833,14.357763339162657
16,11,0.10864156945003049,51.475797031493045,0.518937586765538,343.75448256770784,15.205369228907163
17,0,0.10353006152783961,51.7738801908306,0.5706923161210457,302.08807738395745,19.773792357616703
17,1,0.10353006152783961,51.7738801908306,0.43668799313761203,402.21521233542063,25.363311716737048
17,2,0.10353006152783961,51.7738801908306,0.37920169016209604,404.15341510929164,27.486028010375012
17,3,0.10353006152783961,51.7738801908306,0.2482671625518187,246.6529367479995,26.639351735252937
17,4,0.10353006152783961,51.7738801908306,0.4323843669668051,143.68245036823322,26.879451683594695
17,5,0.10353006152783961,51.7738801908306,0.5576507488272662,168.01613751061586,23.98999044086162
17,6,0.10353006152783961,51.7738801908306,0.5177390678161835,137.4107207931653,18.067941109460598
17,7,0.10353006152783961,51.7738801908306,0.529355617428029,205.0078685772958,15.676966456342026
17,8,0.10353006152783961,51.7738801908306,0.39723311396158323,244.50698124562874,13.33119020037592
17,9,0.10353006152783961,51.7738801908306,0.43073604148884737,398.5896402853097,12.582522060765198
17,10,0.10353006152783961,51.7738801908306,0.5989817058726541,469.7519990979853,13.48302101279393
17,11,0.10353006152783961,51.7738801908306,0.3615257480006232,334.99365430800935,17.49548794221686
18,0,0.057775420930766375,51.05739822164383,0.3765948448319554,430.21815668922494,18.45687553903703
18,1,0.057775420930766375,51.05739822164383,0.6551772068726951,224.39278483586102,24.295474119695697
18,2,0.057775420930766375,51.05739822164383,0.5597934073804871,386.03425347743166,26.400405119784125
18,3,0.057775420930766375,51.05739822164383,0.5897338835523528,290.26181214902806,28.071320320687015
18,4,0.057775420930766375,51.05739822164383,0.4627873505631942,160.5926185673558,26.220018379270428
18,5,0.057775420930766375,51.05739822164383,0.3937099460727612,160.10786459839107,24.489743304610368
18,6,0.057775420930766375,51.05739822164383,0.4793637907049614,146.2902546928065,19.355058870189016
18,7,0.057775420930766375,51.05739822164383,0.5261347579769406,179.5559348206316,16.754064189677386
18,8,0.057775420930766375,51.05739822164383,0.6208113502135499,296.47965538621526,12.962845239810173
18,9,0.057775420930766375,51.05739822164383,0.6639936607808835,373.40363212133565,10.950256423756139
18,10,0.057775420930766375,51.05739822164383,0.4590977514745063,426.08876361047265,10.529799952221705
18,11,0.057775420930766375,51.05739822164383,0.557933402383523,433.0168126227858,17.055255161350424
19,0,0.06350396518850476,52.433936623501666,0.43202471357584504,373.1637960405216,18.19587893647713
19,1,0.06350396518850476,52.433936623501666,0.45129932327406697,412.8362669843669,23.621511643091164
19,2,0.06350396518850476,52.433936623501666,0.4622407887833508,364.9484885481085,27.186442577964247
19,3,0.06350396518850476,52.433936623501666,0.3776149410725689,261.22831971325974,29.76777182794413
19,4,0.06350396518850476,52.433936623501666,0.3903254344094494,174.12655351662127,26.408532212794842
19,5,0.06350396518850476,52.433936623501666,0.7320063153260182,112.68314214243756,21.582011754478845
19,6,0.06350396518850476,52.433936623501666,0.4015528995297664,116.43732451466794,19.27218383528793
19,7,0.06350396518850476,52.433936623501666,0.6645596311339612,212.35479071741523,15.77289115768107
19,8,0.06350396518850476,52.433936623501666,0.4405071439775046,347.2494716430559,12.751643840886583
19,9,0.06350396518850476,52.433936623501666,0.5427286492897586,425.053216683654,10.219422032197253
19,10,0.06350396518850476,52.433936623501666,0.351829377661771,431.5895257751113,11.989339250540219
19,11,0.06350396518850476,52.433936623501666,0.6991146191026907,352.77237752987975,16.226509413424782
20,0,0.11041082691790524,51.99151282947862,0.5560139642497476,395.3171288953074,18.936667412820306
20,1,0.11041082691790524,51.99151282947862,0.362768268401211,351.7428999891895,22.53837356273126
20,2,0.11041082691790524,51.99151282947862,0.5013829426002288,393.25779634298124,26.512842710662955
20,3,0.11041082691790524,51.99151282947862,0.5756889501665514,214.42727635767466,27.674086847548985
20,4,0.11041082691790524,51.99151282947862,0.36498250608409477,143.7129402215165,29.429322242316292
20,5,0.11041082691790524,51.99151282947862,0.6397838281757506,138.17752186551374,24.62386939051264
20,6,0.11041082691790524,51.99151282947862,0.47380722181139756,138.60982485159295,20.632984185514154
20,7,0.11041082691790524,51.99151282947862,0.49666747875337636,162.00838808861545,17.73214815199079
20,8,0.11041082691790524,51.99151282947862,0.35065296744573843,308.9126088414371,13.003435260749603
20,9,0.11041082691790524,51.99151282947862,0.4683286389045646,249.10190741749665,11.095505159457446
20,10,0.11041082691790524,51.99151282947862,0.6169550312930336,346.3942585864341,13.13123764392943
20,11,0.11041082691790524,51.99151282947862,0.5020624398595799,349.7213831194736,13.525158316155654
21,0,0.08799619095770787,52.54434225035946,0.443261563082407,347.9419440446337,19.060416372063848
21,1,0.08799619095770787,52.54434225035946,0.39593202844348196,356.70650456432935,25.82219936698818
21,2,0.08799619095770787,52.54434225035946,0.42973100452795876,321.5869458024598,26.754854364844658
21,3,0.08799619095770787,52.54434225035946,0.6041807767616122,302.7591539184031,27.697851703037188
21,4,0.08799619095770787,52.54434225035946,0.4793325420100556,169.87650233480542,27.02539141948719
21,5,0.08799619095770787,52.54434225035946,0.3943256679438535,113.99513724661547,25.562628661805675
21,6,0.08799619095770787,52.54434225035946,0.6104922907024195,170.2276328134492,20.07177620508295
21,7,0.08799619095770787,52.54434225035946,0.4977379070957938,180.49740403156997,16.090784712508682
21,8,0.08799619095770787,52.54434225035946,0.6637618480298372,271.2077394458579,11.908896423161044
21,9,0.08799619095770787,52.54434225035946,0.6715506608621472,366.06951117762145,11.709021786334116
21,10,0.08799619095770787,52.54434225035946,0.5263392793704649,432.0086388073342,13.54118229085745
21,11,0.08799619095770787,52.54434225035946,0.39508733993135536,426.4279706059302,14.664817405159846
22,0,0.10313987554859527,52.54925081645148,0.43825098012130537,473.23260913045857,20.270230587621562
22,1,0.10313987554859527,52.54925081645148,0.5903477989549217,357.0965285428432,23.690547005745604
22,2,0.10313987554859527,52.54925081645148,0.5751016463956431,324.20162271558934,26.863712603697373
22,3,0.10313987554859527,52.54925081645148,0.48839131673404584,219.5572336140898,29.551133298524103
22,4,0.10313987554859527,52.54925081645148,0.5739635465270722,85.92701285160018,27.841886420123195
22,5,0.10313987554859527,52.54925081645148,0.5044330015412075,116.13807196627745,23.036692131685076
22,6,0.10313987554859527,52.54925081645148,0.3306609403498222,165.83040701077215,20.46111358534084
22,7,0.10313987554859527,52.54925081645148,0.5541463173493603,181.8174691563559,16.357672232009385
22,8,0.10313987554859527,52.54925081645148,0.48341443783201626,275.29036520472476,11.646065939722234
22,9,0.10313987554859527,52.54925081645148,0.5013835108276656,299.7512709763867,9.914796210152563
22,10,0.10313987554859527,52.54925081645148,0.4515233457433306,411.2473130073925,11.258843598787484
22,11,0.10313987554859527,52.54925081645148,0.6708404547967722,421.72389001462597,17.155075146182966
23,0,0.15328818230593572,51.9438362666785,0.5140817840122486,368.36148393453146,19.88098849649731
23,1,0.15328818230593572,51.9438362666785,0.38442923470697876,354.4052234745249,24.323100237832865
23,2,0.15328818230593572,51.9438362666785,0.48225585247965924,377.0536718681422,27.651749976512043
23,3,0.15328818230593572,51.9438362666785,0.6852673377188867,240.61168767159165,27.419134150226732
23,4,0.15328818230593572,51.9438362666785,0.4623126110540046,164.49282169848055,26.500246062891502
23,5,0.15328818230593572,51.9438362666785,0.4074376359729751,137.15019338584148,25.366023945196186
23,6,0.15328818230593572,51.9438362666785,0.51422374613873,120.81407875405347,19.788774039452125
23,7,0.15328818230593572,51.9438362666785,0.540651093949695,154.190184567886,16.622809518231545
23,8,0.15328818230593572,51.9438362666785,0.5398062595804389,291.713998598264,13.888751008691862
23,9,0.15328818230593572,51.9438362666785,0.44420009293353224,379.43649318661153,12.116506854039187
23,10,0.15328818230593572,51.9438362666785,0.4794479509562323,405.6042772043082,13.536575581830355
23,11,0.15328818230593572,51.9438362666785,0.4728269047207001,307.4683221019428,15.844692746426729
24,0,0.2087215533607963,52.27898423544422,0.5757568110379385,371.47791729017877,19.99731550410792
24,1,0.2087215533607963,52.27898423544422,0.48499109056149897,346.0146186642023,22.946348425169976
24,2,0.2087215533607963,52.27898423544422,0.5557919059115509,347.84402294774344,26.725800281955806
24,3,0.2087215533607963,52.27898423544422,0.8168848743508725,160.76829980844607,26.588808695476757
24,4,0.2087215533607963,52.27898423544422,0.5288123672987238,127.20535801565693,27.034582913548277
24,5,0.2087215533607963,52.27898423544422,0.5245051804464332,111.24051491393664,25.68898666791567
24,6,0.2087215533607963,52.27898423544422,0.5174080379265864,135.76375007522992,20.06086669259981
24,7,0.2087215533607963,52.27898423544422,0.3999744424427505,167.72563996505522,17.043373716240584
24,8,0.2087215533607963,52.27898423544422,0.5995212306600457,195.24539689597384,13.886141764736609
24,9,0.2087215533607963,52.27898423544422,0.4396333300452654,330.6664182606557,10.137732865229667
24,10,0.2087215533607963,52.27898423544422,0.6829084063203157,388.0063705304376,14.095050912271395
24,11,0.2087215533607963,52.27898423544422,0.4535343028460048,501.8320162602284,17.654540497675395
25,0,0.20731968746559354,51.99439318797447,0.6680565680750838,350.71016344276666,20.48028421160232
25,1,0.20731968746559354,51.99439318797447,0.46275256938443604,392.76747396224476,23.914764337378298
25,2,0.20731968746559354,51.99439318797447,0.5928829843044958,453.42733398773953,27.78641502821186
25,3,0.20731968746559354,51.99439318797447,0.48606057749144044,244.2427147607906,26.884766583211363
25,4,0.20731968746559354,51.99439318797447,0.658323233410927,127.4375460153969,27.312913401425682
25,5,0.20731968746559354,51.99439318797447,0.7008478638213174,129.91954971040587,23.834556302116674
25,6,0.20731968746559354,51.99439318797447,0.508890377270483,113.94390787206203,19.9609021409832
25,7,0.20731968746559354,51.99439318797447,0.4986291414748095,174.93836104488128,17.136144929366903
25,8,0.20731968746559354,51.99439318797447,0.48236555248993296,229.10388617174826,12.146322036316072
25,9,0.20731968746559354,51.99439318797447,0.5004640925092259,378.4784844710905,12.86115117946373
25,10,0.20731968746559354,51.99439318797447,0.5200015623222523,342.6170141355893,12.667394054267955
25,11,0.20731968746559354,51.99439318797447,0.551732838285087,293.4330828928458,15.323907763622627
26,0,0.04664854399909652,51.4265717844037,0.5747697741606357,428.9773295960675,19.154852031600296
26,1,0.04664854399909652,51.4265717844037,0.473755187361159,451.3078641303111,23.543003465741172
26,2,0.04664854399909652,51.4265717844037,0.5183900872901106,314.8267430102338,26.66616228957046
26,3,0.04664854399909652,51.4265717844037,0.490222789583645,202.2897835816092,25.267981230455582
26,4,0.04664854399909652,51.4265717844037,0.4544710773139231,168.26464579718547,29.803265675665422
26,5,0.04664854399909652,51.4265717844037,0.6267756808144471,159.52014108499532,23.67663347034582
26,6,0.04664854399909652,51.4265717844037,0.46321170623526187,125.35250947403739,20.06373946770655
26,7,0.04664854399909652,51.4265717844037,0.49200845230158147,182.34059287648205,15.071274194698
26,8,0.04664854399909652,51.4265717844037,0.4924710516251914,251.67498004320993,13.750410393259987
26,9,0.04664854399909652,51.4265717844037,0.4867417102292126,398.1539984384812,11.591463112559243
26,10,0.04664854399909652,51.4265717844037,0.441484612527475,379.83702416677187,14.110258866110382
26,11,0.04664854399909652,51.4265717844037,0.49753355838639485,252.97496793824988,17.61924410740128
27,0,0.15558597991310733,52.18818211540097,0.7276852419815895,408.1476658423931,19.44769880385523
27,1,0.15558597991310733,52.18818211540097,0.429804738613951,455.29138615806727,24.5433799442101
27,2,0.15558597991310733,52.18818211540097,0.4229859807495141,350.90704124689466,26.68157625491848
27,3,0.15558597991310733,52.18818211540097,0.5799665434677446,236.45025444583018,27.445862229896846
27,4,0.15558597991310733,52.18818211540097,0.351053519627266,131.0006741566132,26.321063287357916
27,5,0.15558597991310733,52.18818211540097,0.5362653652590338,124.57143919575259,24.295967201076397
27,6,0.15558597991310733,52.18818211540097,0.41387595576875047,126.3971280577817,20.94352639309625
27,7,0.15558597991310733,52.18818211540097,0.39169116497180934,147.67695103643098,15.802839347199166
27,8,0.15558597991310733,52.18818211540097,0.33411447679319195,313.67686498297707,12.473334394211303
27,9,0.15558597991310733,52.18818211540097,0.5621488959036117,384.56216017221624,11.532551510559152
27,10,0.15558597991310733,52.18818211540097,0.3743891670405316,323.9552513976065,12.215018707329806
27,11,0.15558597991310733,52.18818211540097,0.5094940276277681,459.90064743174327,17.007854216971108
28,0,0.16779013634335427,52.091167888798076,0.4544213207937132,311.68840945652346,20.05944646773964
28,1,0.16779013634335427,52.091167888798076,0.575305890701191,406.9431532891689,24.483524044476205
28,2,0.16779013634335427,52.091167888798076,0.4479489588720584,397.9192272870225,26.524258214269384
28,3,0.16779013634335427,52.091167888798076,0.6770941538941655,283.20111505406265,26.20904614428969
28,4,0.16779013634335427,52.091167888798076,0.5809951439123183,133.0884335262031,26.183548146636
28,5,0.16779013634335427,52.091167888798076,0.6415926549077294,128.15192225811205,23.18458461222573
28,6,0.16779013634335427,52.091167888798076,0.37339280099597916,151.67953674848863,20.147472488791045
28,7,0.16779013634335427,52.091167888798076,0.540127064684926,118.98852894958767,17.05075748838631
28,8,0.16779013634335427,52.091167888798076,0.6212769597189192,267.4421367205615,13.834534400021735
28,9,0.16779013634335427,52.091167888798076,0.5702050505154791,283.8622506631043,11.733785969308489
28,10,0.16779013634335427,52.091167888798076,0.3655374013555265,391.83827929538285,13.171902368767569
28,11,0.16779013634335427,52.091167888798076,0.3515289131431719,377.59381032818067,17.109253396437722
29,0,0.07634363427694772,52.09732993468263,0.41659643132533203,400.7968443159623,20.134581382018737
29,1,0.07634363427694772,52.09732993468263,0.4185843287723571,381.608731171279,21.321155143120087
29,2,0.07634363427694772,52.09732993468263,0.5797497490861958,351.43451191593067,26.73278830523715
29,3,0.07634363427694772,52.09732993468263,0.5287633087456346,231.39127653554107,27.281563177749078
29,4,0.07634363427694772,52.09732993468263,0.3317089320977983,179.43782941475024,28.292701167428323
29,5,0.07634363427694772,52.09732993468263,0.5313948440394447,119.12908101640426,22.862947964287606
29,6,0.07634363427694772,52.09732993468263,0.5384418291663937,111.29442071010376,19.331019408410093
29,7,0.07634363427694772,52.09732993468263,0.5521385960698038,178.16037731139346,17.829813579932882
29,8,0.07634363427694772,52.09732993468263,0.45795581639197896,256.7846503353703,11.85410505213318
29,9,0.07634363427694772,52.09732993468263,0.3959361038224854,271.0953605886092,12.29033947536818
29,10,0.07634363427694772,52.09732993468263,0.37325322898254953,364.13485471131565,14.17191187015107
29,11,0.07634363427694772,52.09732993468263,0.522492487545797,390.882701219765,17.9593288138924
30,0,0.025888742682152383,52.6655131475123,0.33120497698944495,357.51235776449914,21.493221696556287
30,1,0.025888742682152383,52.6655131475123,0.3912868988533813,365.58589568005897,23.680409297588902
30,2,0.025888742682152383,52.6655131475123,0.5960002469191966,337.01711704485484,25.647557667501538
30,3,0.025888742682152383,52.6655131475123,0.6006086934490094,227.00667522957932,28.45352290948415
30,4,0.025888742682152383,52.6655131475123,0.5586203398049508,167.5284165122087,25.688132087816673
30,5,0.025888742682152383,52.6655131475123,0.4357980079840907,140.86061182577777,24.655128515425925
30,6,0.025888742682152383,52.6655131475123,0.6263298907379669,134.12680722545477,21.07949504755669
30,7,0.025888742682152383,52.6655131475123,0.3097436221985732,165.73896306464164,17.205647321894084
30,8,0.025888742682152383,52.6655131475123,0.3791948946406861,269.9117780200976,13.097144157387442
30,9,0.025888742682152383,52.6655131475123,0.46608818578777506,344.7745688210112,12.355519129192814
30,10,0.025888742682152383,52.6655131475123,0.5459019884457591,479.01531934738995,13.310844724461601
30,11,0.025888742682152383,52.6655131475123,0.3472751054669645,417.2138341424773,16.149588319423
31,0,0.19022379903852085,51.639736737959666,0.5734434728453786,328.9909605298039,19.268999837512183
31,1,0.19022379903852085,51.639736737959666,0.4669180837211696,329.6142963066982,24.178640690804855
31,2,0.19022379903852085,51.639736737959666,0.4714842374310649,311.39181896505767,27.501368680570327
31,3,0.19022379903852085,51.639736737959666,0.43513065957200675,251.52571051810173,28.668910666784058
31,4,0.19022379903852085,51.639736737959666,0.617665100325636,136.44288021220692,26.85122638344795
31,5,0.19022379903852085,51.639736737959666,0.4101704550167517,100.15961786662739,24.06456827801724
31,6,0.19022379903852085,51.639736737959666,0.3357980867918343,125.70055299880232,19.719515653385393
31,7,0.19022379903852085,51.639736737959666,0.5296089274942717,202.59102354913446,14.966958824587746
31,8,0.19022379903852085,51.639736737959666,0.5585043810402196,235.33385317659122,12.833436351086132
31,9,0.19022379903852085,51.639736737959666,0.5157920173824123,351.8508966203181,12.302941924996832
31,10,0.19022379903852085,51.639736737959666,0.24574673503503874,389.3560087545936,13.5247988919093
31,11,0.19022379903852085,51.639736737959666,0.5456772100496066,404.76053828253106,16.244964615276697
32,0,0.05926823492736294,51.40083689121434,0.44612174450913017,317.1500143708111,18.563406760647293
32,1,0.05926823492736294,51.40083689121434,0.38660749879505085,373.47024700069784,23.091028163069534
32,2,0.05926823492736294,51.40083689121434,0.5616270026203034,261.687837385637,28.51259056171575
32,3,0.05926823492736294,51.40083689121434,0.6307084387564696,297.598341156566,27.402617427824797
32,4,0.05926823492736294,51.40083689121434,0.38775795281443504,131.6964541718552,27.16730639642685
32,5,0.05926823492736294,51.40083689121434,0.4894711127271698,123.93029115597521,23.683479027860663
32,6,0.05926823492736294,51.40083689121434,0.4091489883842167,148.89285828596144,18.950881574346084
32,7,0.05926823492736294,51.40083689121434,0.5057156808523178,151.35776501595808,17.455194520718923
32,8,0.05926823492736294,51.40083689121434,0.48288204437167237,377.8355277909419,13.69605699051991
32,9,0.05926823492736294,51.40083689121434,0.5634798945774684,413.8189341616251,12.479876817330446
32,10,0.05926823492736294,51.40083689121434,0.4489810406938956,461.3448693353874,15.037783806162171
32,11,0.05926823492736294,51.40083689121434,0.34693173466876487,322.84552697055494,16.087912423414192
33,0,0.06673500388222658,52.385518620941006,0.53931536550263,336.26385482388486,20.885432525276318
33,1,0.06673500388222658,52.385518620941006,0.5229954310426012,420.31020096945076,24.25288115573844
33,2,0.06673500388222658,52.385518620941006,0.6204065523468858,352.9411900968982,29.71682230209547
33,3,0.06673500388222658,52.385518620941006,0.3775516363589752,315.46807096070415,29.733398184126656
33,4,0.06673500388222658,52.385518620941006,0.5009247174290454,168.964193732166,28.29584865948239
33,5,0.06673500388222658,52.385518620941006,0.6706103941994781,142.84980788621735,25.226328918273538
33,6,0.06673500388222658,52.385518620941006,0.4774284535953649,130.63492331969366,19.38844108400466
33,7,0.06673500388222658,52.385518620941006,0.5834455989889601,168.39771170188916,16.945619346437603
33,8,0.06673500388222658,52.385518620941006,0.5368286344610506,363.52200708334334,13.773821798472365
33,9,0.06673500388222658,52.385518620941006,0.5572251952667714,413.64182356037696,10.935377711855569
33,10,0.06673500388222658,52.385518620941006,0.427415897832314,291.5585439960391,13.855098606507726
33,11,0.06673500388222658,52.385518620941006,0.38489277439501635,335.5872002084167,17.688254784096166
34,0,0.1372285084036948,52.49584028604923,0.35350549679945364,389.572775467751,20.95120814852325
34,1,0.1372285084036948,52.49584028604923,0.41500993681321574,448.822972622364,24.403632389169903
34,2,0.1372285084036948,52.49584028604923,0.5463990115576701,355.46646106112274,27.85518005507859
34,3,0.1372285084036948,52.49584028604923,0.6200862108026113,222.58923289336119,29.645225223253526
34,4,0.1372285084036948,52.49584028604923,0.4359432342238957,110.52553519368263,28.033585049881577
34,5,0.1372285084036948,52.49584028604923,0.5218455151566537,110.35640429774939,23.87989112457584
34,6,0.1372285084036948,52.49584028604923,0.5786694983849148,126.23810652421776,21.281747796507677
34,7,0.1372285084036948,52.49584028604923,0.332138999402668,186.28165579372953,16.957143742297422
34,8,0.1372285084036948,52.49584028604923,0.4704510921650772,315.2348559174075,12.341109392278796
34,9,0.1372285084036948,52.49584028604923,0.6195533360929373,309.2069883590853,11.006998512520779
34,10,0.1372285084036948,52.49584028604923,0.5395379174511356,455.1721460926546,12.65469929012955
34,11,0.1372285084036948,52.49584028604923,0.5023599790208183,379.87164234046134,16.438173818961033
35,0,0.05550463973755809,52.26704040737975,0.5255517190562649,374.4481738840954,19.86059669265754
35,1,0.05550463973755809,52.26704040737975,0.48858486477211266,400.1579155471189,23.84729181279579
35,2,0.05550463973755809,52.26704040737975,0.6218757528458397,380.55580180802326,27.144106454917907
35,3,0.05550463973755809,52.26704040737975,0.5440517082262899,218.69108813438427,28.413388732241373
35,4,0.05550463973755809,52.26704040737975,0.4789447903612517,155.0693148828817,23.308817334956768
35,5,0.05550463973755809,52.26704040737975,0.6100916183548265,136.8509153738163,25.017205485184885
35,6,0.05550463973755809,52.26704040737975,0.6207555378413632,159.97663515473664,18.719309843648652
35,7,0.05550463973755809,52.26704040737975,0.5351114639137937,187.7887574072974,16.27893445674164
35,8,0.05550463973755809,52.26704040737975,0.5578085482748549,321.49514047715087,13.155793218044787
35,9,0.05550463973755809,52.26704040737975,0.46372833839201166,379.7548430740495,11.583928079870669
35,10,0.05550463973755809,52.26704040737975,0.45877428568134543,397.407880556972,11.28735057046842
35,11,0.05550463973755809,52.26704040737975,0.561493014099683,303.6233287696152,15.796010523813022
36,0,0.0834426989356955,52.05994808751036,0.5932043396415757,396.92690450535304,19.20130527444456
36,1,0.0834426989356955,52.05994808751036,0.3721419837884371,316.75941066193707,24.70023697162559
36,2,0.0834426989356955,52.05994808751036,0.5192589133520816,342.16641004556254,27.949535338115837
36,3,0.0834426989356955,52.05994808751036,0.45316634444065973,242.57285897150894,28.5574471758681
36,4,0.0834426989356955,52.05994808751036,0.42746452841876226,162.7436960378774,26.573943370463308
36,5,0.0834426989356955,52.05994808751036,0.3831985848714476,140.26950336371928,23.15393224382408
36,6,0.0834426989356955,52.05994808751036,0.3738496569590527,148.42236972094267,18.062670948519745
36,7,0.0834426989356955,52.05994808751036,0.39235401787623436,183.7641656348418,15.530080846705864
36,8,0.0834426989356955,52.05994808751036,0.5127366577040005,318.53166716916604,13.608760766739067
36,9,0.0834426989356955,52.05994808751036,0.5344006716515102,370.13617238616956,11.162810395174194
36,10,0.0834426989356955,52.05994808751036,0.5751615211315136,406.9702780779979,12.186083323984661
36,11,0.0834426989356955,52.05994808751036,0.4369588884546449,442.2317715383252,15.931969499017526
37,0,0.12550744331901703,52.133856230033594,0.3850661847258173,315.6791558993843,18.26135803453594
37,1,0.12550744331901703,52.133856230033594,0.4722164220866744,438.27987317937436,23.72667695276752
37,2,0.12550744331901703,52.133856230033594,0.8112204482349905,288.3661542573532,26.55077792407843
37,3,0.12550744331901703,52.133856230033594,0.45637014332809356,287.9693247509565,28.48098478583446
37,4,0.12550744331901703,52.133856230033594,0.38697892371271825,127.25919597497978,26.148047304921047
37,5,0.12550744331901703,52.133856230033594,0.34651366403959255,136.49181794413988,24.518228179018994
37,6,0.12550744331901703,52.133856230033594,0.5154179361675386,171.33909862962355,19.500010323372596
37,7,0.12550744331901703,52.133856230033594,0.6299940680562159,176.71236074629184,16.44805319508918
37,8,0.12550744331901703,52.133856230033594,0.46124347905062324,309.1223375281453,11.694173631553905
37,9,0.12550744331901703,52.133856230033594,0.654061957905344,416.0473262914582,14.624965504146177
37,10,0.12550744331901703,52.133856230033594,0.43212171915483605,392.54938190370177,12.118894898228431
37,11,0.12550744331901703,52.133856230033594,0.4034423034655851,408.71395668232253,15.536601442320206
38,0,0.11124366165752846,52.11524193765346,0.46527123277584864,325.56453042045536,18.665419007724413
38,1,0.11124366165752846,52.11524193765346,0.6181753267936543,328.27977830646296,24.126207700604116
38,2,0.11124366165752846,52.11524193765346,0.458914452141234,331.77118905894343,28.5949892312533
38,3,0.11124366165752846,52.11524193765346,0.4458561332653738,261.51069591086423,28.37570714983547
38,4,0.11124366165752846,52.11524193765346,0.493470967123655,105.17037517594463,26.68429724453251
38,5,0.11124366165752846,52.11524193765346,0.628639143635613,128.87350869350456,25.304363727634883
38,6,0.11124366165752846,52.11524193765346,0.5435525928131719,105.97518780140201,19.91297056462139
38,7,0.11124366165752846,52.11524193765346,0.5295411727334317,176.01744295082358,16.847878532596667
38,8,0.11124366165752846,52.11524193765346,0.32037977550707686,243.56104580793004,12.85173666945861
38,9,0.11124366165752846,52.11524193765346,0.47054007179416235,379.9979806803189,13.385146692298294
38,10,0.11124366165752846,52.11524193765346,0.5348144876746657,356.92281508478754,11.797587950849412
38,11,0.11124366165752846,52.11524193765346,0.5713092815556724,420.1922261359019,16.530219272274195
39,0,0.13087882228266715,52.070266087267555,0.5779855749435743,332.3034556451277,19.751222962865658
39,1,0.13087882228266715,52.070266087267555,0.36670732408200185,432.8504572016889,22.301694335539487
39,2,0.13087882228266715,52.070266087267555,0.614953041284438,352.31412811395177,28.110425558934004
39,3,0.13087882228266715,52.070266087267555,0.42059283810337067,193.8009204272104,28.308033862163548
39,4,0.13087882228266715,52.070266087267555,0.636114146162828,106.39683035991017,26.937779964537313
39,5,0.13087882228266715,52.070266087267555,0.29552339108051967,117.36135616467321,23.915128615376936
39,6,0.13087882228266715,52.070266087267555,0.5718099476919994,127.08567203431296,20.47529959716348
39,7,0.13087882228266715,52.070266087267555,0.5141470087878951,204.70428201726602,15.86159121565821
39,8,0.13087882228266715,52.070266087267555,0.72622725497899,319.4820963246152,13.31972904022948
39,9,0.13087882228266715,52.070266087267555,0.49617493716643035,343.6527527096655,10.627612945672478
39,10,0.13087882228266715,52.070266087267555,0.27648366106708444,414.0998037347168,12.713851639970741
39,11,0.13087882228266715,52.070266087267555,0.5574958888731918,304.56339208427755,16.040647043470805
40,0,0.06931581801584508,51.900364946503224,0.45869706402942356,372.370445871565,19.49331219698799
40,1,0.06931581801584508,51.900364946503224,0.4308649710813705,470.22201299310575,24.60606326284477
40,2,0.06931581801584508,51.900364946503224,0.6451348195119481,373.88531455759016,25.597756341884043
40,3,0.06931581801584508,51.900364946503224,0.5845894534093983,263.89787880999074,28.254854157545765
40,4,0.06931581801584508,51.900364946503224,0.5295067281558001,154.43438018368195,26.17373287262566
40,5,0.06931581801584508,51.900364946503224,0.5168683862389954,97.840406607465,24.668862470914057
40,6,0.06931581801584508,51.900364946503224,0.5528590943411097,127.25757238375422,19.243765014819655
40,7,0.06931581801584508,51.900364946503224,0.6978920589489375,182.87868806630252,15.778096140021793
40,8,0.06931581801584508,51.900364946503224,0.767857653306379,286.8066888192589,12.766367459944586
40,9,0.06931581801584508,51.900364946503224,0.4705050764193851,352.1440619818663,12.78477057548678
40,10,0.06931581801584508,51.900364946503224,0.39317906505234906,465.0587026615899,12.267962846297939
40,11,0.06931581801584508,51.900364946503224,0.3308813780448659,420.2164383051533,14.032519870533795
41,0,0.07441664208365309,52.505432731889265,0.3986197247058835,285.3237046231584,19.56350800749566
41,1,0.07441664208365309,52.505432731889265,0.5197677476271981,410.66114631467536,23.01255917289429
41,2,0.07441664208365309,52.505432731889265,0.3868439221529739,416.59656594420255,28.387862495974108
41,3,0.07441664208365309,52.505432731889265,0.49177222571465323,269.2130139510984,27.474316399569386
41,4,0.07441664208365309,52.505432731889265,0.4771018038096412,91.4837564489614,27.67798166697728
41,5,0.07441664208365309,52.505432731889265,0.7051656897283898,83.59115592550118,23.69592787065962
41,6,0.07441664208365309,52.505432731889265,0.50230603310186,149.31994141824325,20.42167813751633
41,7,0.07441664208365309,52.505432731889265,0.5552845335351806,118.86343209837439,16.23196269050373
41,8,0.07441664208365309,52.505432731889265,0.6031333509839476,302.06016378743215,11.916288489488007
41,9,0.07441664208365309,52.505432731889265,0.3037883342430182,315.2747021924912,11.527356055128573
41,10,0.07441664208365309,52.505432731889265,0.6046378183839428,445.9814011549813,13.966534358916661
41,11,0.07441664208365309,52.505432731889265,0.5245835433958121,393.0505664619363,16.066220712302062
42,0,0.15909498123547838,51.80041267415705,0.5659819566015863,503.97125969326055,20.232443198454153
42,1,0.15909498123547838,51.80041267415705,0.4780504432166104,388.02226323727587,24.93300110736307
42,2,0.15909498123547838,51.80041267415705,0.6322327963249904,333.7533831333469,27.025377760632136
42,3,0.15909498123547838,51.80041267415705,0.48059012743576035,212.09406780396972,29.07253639530199
42,4,0.15909498123547838,51.80041267415705,0.5356878201584606,159.79068418073723,25.819184953993588
42,5,0.15909498123547838,51.80041267415705,0.6757841789427951,86.17113349714288,22.940616525146567
42,6,0.15909498123547838,51.80041267415705,0.6480510286032819,164.96264606729335,19.450607919303188
42,7,0.15909498123547838,51.80041267415705,0.37985114951077464,166.13366502432305,16.3240390998751
42,8,0.15909498123547838,51.80041267415705,0.4450870813037813,278.489727627056,13.98157531336218
42,9,0.15909498123547838,51.80041267415705,0.501875824964051,384.57154840888603,10.578452553413102
42,10,0.15909498123547838,51.80041267415705,0.47512552086508264,248.40192854072828,13.614449658532633
42,11,0.15909498123547838,51.80041267415705,0.5064784355982069,341.26611618212866,17.704990367744163
43,0,0.11565265924195904,51.49473561976716,0.5979573538590066,346.9745023728138,19.002930884300394
43,1,0.11565265924195904,51.49473561976716,0.576323926718385,398.5437500813497,24.01301652723139
43,2,0.11565265924195904,51.49473561976716,0.5679019256163722,400.82250734487826,26.792663067620648
43,3,0.11565265924195904,51.49473561976716,0.6024769363505051,278.675435350403,29.034134322305
43,4,0.11565265924195904,51.49473561976716,0.38919618075084056,116.90308957201094,27.7372286722977
43,5,0.11565265924195904,51.49473561976716,0.45462897059578855,112.54530521479889,23.309862953124313
43,6,0.11565265924195904,51.49473561976716,0.6313137946314727,127.13500359084833,19.43668963050996
43,7,0.11565265924195904,51.49473561976716,0.40509092791004225,204.66588514954006,18.552150076677883
43,8,0.11565265924195904,51.49473561976716,0.37433391718738007,252.95783876459456,12.915756482318733
43,9,0.11565265924195904,51.49473561976716,0.45645571553701325,382.5014913554403,11.107001248909572
43,10,0.11565265924195904,51.49473561976716,0.3850128220136805,359.29198005982164,12.596176166721335
43,11,0.11565265924195904,51.49473561976716,0.46109271264855867,396.98194844137555,14.722729005687539
44,0,0.09921518837568238,52.02489781414479,0.6231600737497183,422.6964947207301,20.060774328977267
44,1,0.09921518837568238,52.02489781414479,0.5124165652004655,311.3596620580749,24.407676506858024
44,2,0.09921518837568238,52.02489781414479,0.5040194284840952,454.49461974418216,25.600931983096274
44,3,0.09921518837568238,52.02489781414479,0.4014897764681091,180.7624847837455,29.40935148587476
44,4,0.09921518837568238,52.02489781414479,0.36582590544229365,145.025995941525,25.267592301867094
44,5,0.09921518837568238,52.02489781414479,0.621993364418816,123.98309155392259,22.216733581576705
44,6,0.09921518837568238,52.02489781414479,0.30383402056739944,186.52274018303592,20.728483835866495
44,7,0.09921518837568238,52.02489781414479,0.39013093796961096,164.68672471826724,15.96416444125607
44,8,0.09921518837568238,52.02489781414479,0.6666046368612127,350.94343967170676,12.846088121483536
44,9,0.09921518837568238,52.02489781414479,0.4986372084816362,376.79636854551643,11.062359632366736
44,10,0.09921518837568238,52.02489781414479,0.3793641796818772,505.1980844113912,12.466094693736599
44,11,0.09921518837568238,52.02489781414479,0.6314584737683855,353.06654867371725,16.377927984481463
45,0,0.16174020062197295,51.734127216853594,0.46383081887833233,264.464133922639,19.72730907752315
45,1,0.16174020062197295,51.734127216853594,0.507303164765523,427.8939848173301,23.870509814807164
45,2,0.16174020062197295,51.734127216853594,0.6133358160191107,318.493562139916,26.177802496818593
45,3,0.16174020062197295,51.734127216853594,0.4447655417903543,279.79260408449613,27.730100004419242
45,4,0.16174020062197295,51.734127216853594,0.30685828465567766,125.76008290224809,28.050558124799576
45,5,0.16174020062197295,51.734127216853594,0.5062935105250227,86.11016037245471,23.150344480803227
45,6,0.16174020062197295,51.734127216853594,0.6482764365751447,150.5695567704831,19.47500764532384
45,7,0.16174020062197295,51.734127216853594,0.5431297626668208,126.98004010652713,16.94834270495713
45,8,0.16174020062197295,51.734127216853594,0.546131571406748,291.0737912085396,14.02390177690396
45,9,0.16174020062197295,51.734127216853594,0.4183480824220316,384.5611519648465,12.702939464081092
45,10,0.16174020062197295,51.734127216853594,0.5314502979538852,420.3073594133694,12.670835523962644
45,11,0.16174020062197295,51.734127216853594,0.6728639066695282,382.26994032407697,15.548460199456224
46,0,0.10961735674314685,51.652841288752114,0.6331046140328412,242.60078972461537,19.712456638644078
46,1,0.10961735674314685,51.652841288752114,0.4909634774536417,382.8925131358693,24.998199267637286
46,2,0.10961735674314685,51.652841288752114,0.6200669198406833,419.8534315750979,27.34665704008182
46,3,0.10961735674314685,51.652841288752114,0.4776018884262071,242.23026696958215,28.124931718673242
46,4,0.10961735674314685,51.652841288752114,0.6542959497513642,134.62289796733197,27.66199492509928
46,5,0.10961735674314685,51.652841288752114,0.3695536207867073,160.38858039813184,25.488751308611274
46,6,0.10961735674314685,51.652841288752114,0.517457956453576,131.46038803342694,19.82663346551754
46,7,0.10961735674314685,51.652841288752114,0.27119825561124156,141.39682414680541,15.04779198867265
46,8,0.10961735674314685,51.652841288752114,0.4708303395485802,314.77654081489004,11.443372331580033
46,9,0.10961735674314685,51.652841288752114,0.8207153956371871,389.4880990983671,15.4838773050204
46,10,0.10961735674314685,51.652841288752114,0.4806740360839369,415.3465954006527,12.708782400489929
46,11,0.10961735674314685,51.652841288752114,0.6577327796815106,429.46398156784295,17.59667246908574
47,0,0.0456159506855637,52.241927925240816,0.557852824034534,329.2020228601918,20.42317927869151
47,1,0.0456159506855637,52.241927925240816,0.6600890853318181,342.94661177004224,24.60544457255386
47,2,0.0456159506855637,52.241927925240816,0.45336199448372944,390.6981224545235,28.070286917332346
47,3,0.0456159506855637,52.241927925240816,0.45471828831250305,299.93040838083346,28.271720058326636
47,4,0.0456159506855637,52.241927925240816,0.4939238259343038,165.7129299232674,27.659428597956662
47,5,0.0456159506855637,52.241927925240816,0.5114033897279894,123.53414346746253,23.10010254553134
47,6,0.0456159506855637,52.241927925240816,0.5065107120433079,155.76115842791046,19.04446247654309
47,7,0.0456159506855637,52.241927925240816,0.5543095890798503,167.07803624828938,17.242527394675697
47,8,0.0456159506855637,52.241927925240816,0.42034177732203176,388.0511184128294,12.828279285991659
47,9,0.0456159506855637,52.241927925240816,0.5660996129741372,399.36554993863376,9.798893828956784
47,10,0.0456159506855637,52.241927925240816,0.635671546790535,255.87283545771334,12.660977930463789
47,11,0.0456159506855637,52.241927925240816,0.41690047184391166,418.2682011612132,17.373635466679016
48,0,0.04893948528232381,51.5475850755466,0.4011055148895212,412.8279052486322,21.63191892730244
48,1,0.04893948528232381,51.5475850755466,0.5853950299459438,415.8775375590948,24.381358841237272
48,2,0.04893948528232381,51.5475850755466,0.5202533978230858,433.3092990150178,25.78830565277166
48,3,0.04893948528232381,51.5475850755466,0.5923612755382606,293.2706382434501,29.288519803456214
48,4,0.04893948528232381,51.5475850755466,0.39759325716474847,64.43453653290105,27.135032855829042
48,5,0.04893948528232381,51.5475850755466,0.46213924829669506,113.97013745441447,24.440780580872268
48,6,0.04893948528232381,51.5475850755466,0.5490266949713516,139.5828843215849,20.166601442684343
48,7,0.04893948528232381,51.5475850755466,0.43892130298950977,163.88878842266047,15.863865435176379
48,8,0.04893948528232381,51.5475850755466,0.5317518060396063,268.9776523195325,12.92169680822875
48,9,0.04893948528232381,51.5475850755466,0.5098805379914048,292.7186214110623,11.27371390214175
48,10,0.04893948528232381,51.5475850755466,0.4216160828213844,373.25307132038915,11.599190139471313
48,11,0.04893948528232381,51.5475850755466,0.470390922290205,392.7490475490884,14.465962466208364
49,0,0.10855753585509617,51.62117085752003,0.4072249519338893,451.4072139839217,19.825069297982406
49,1,0.10855753585509617,51.62117085752003,0.37767878210790995,471.39167369586653,23.890700715396036
49,2,0.10855753585509617,51.62117085752003,0.4331282992169532,380.5457683408892,26.83612438211563
49,3,0.10855753585509617,51.62117085752003,0.6571957873993968,228.40572937309864,26.865100982535292
49,4,0.10855753585509617,51.62117085752003,0.49472681025481524,137.7655153885127,28.91401170045321
49,5,0.10855753585509617,51.62117085752003,0.5356768636142266,121.78295329211949,23.246196080275688
49,6,0.10855753585509617,51.62117085752003,0.44434808411814053,155.85114954624007,20.7164755521992
49,7,0.10855753585509617,51.62117085752003,0.45815626596466635,198.4206772263997,14.046479038534825
49,8,0.10855753585509617,51.62117085752003,0.5029116459351822,331.6275115465036,14.526296033350494
49,9,0.10855753585509617,51.62117085752003,0.3156028849150876,425.26939410970436,11.670707850580111
49,10,0.10855753585509617,51.62117085752003,0.3479828757387011,322.77046782061166,12.980509878408345
49,11,0.10855753585509617,51.62117085752003,0.3898272662122442,379.619373681236,14.865235501631384
50,0,0.09995474713995597,51.767184047617775,0.6288831861501343,413.0650302568565,20.554882418825308
50,1,0.09995474713995597,51.767184047617775,0.5675514156906326,390.85852981337297,23.316982971160563
50,2,0.09995474713995597,51.767184047617775,0.37020600295632333,442.5804137837414,28.38766945451134
50,3,0.09995474713995597,51.767184047617775,0.428444059592196,293.31470264707525,27.670184051536804
50,4,0.09995474713995597,51.767184047617775,0.5636632397729326,157.87857550928473,27.040491029196268
50,5,0.09995474713995597,51.767184047617775,0.46703672579725297,108.18425672567497,24.472080254679476
50,6,0.09995474713995597,51.767184047617775,0.6784818299131967,160.6000583943472,21.03515178468445
50,7,0.09995474713995597,51.767184047617775,0.5447953068162518,165.33199206409125,16.108492815381076
50,8,0.09995474713995597,51.767184047617775,0.4714764926960004,321.9977846572112,12.875373981126165
50,9,0.09995474713995597,51.767184047617775,0.534733181841456,333.03552506286917,12.91726059086542
50,10,0.09995474713995597,51.767184047617775,0.597047863705175,512.7677485195679,11.59954119626767
50,11,0.09995474713995597,51.767184047617775,0.5376782868453063,424.9332924170435,15.486166487257124
51,0,0.12209171190867384,51.65616947854416,0.4573591605872821,345.747944371715,19.837395467610055
51,1,0.12209171190867384,51.65616947854416,0.609058481644443,499.323879253012,24.611839304051305
51,2,0.12209171190867384,51.65616947854416,0.6103283945263849,404.65211562732486,28.59179372378054
51,3,0.12209171190867384,51.65616947854416,0.5268379271025275,244.14416550635573,28.184585954936765
51,4,0.12209171190867384,51.65616947854416,0.6093791904344987,131.4483556524162,25.235706212719148
51,5,0.12209171190867384,51.65616947854416,0.610616854031272,136.43496343016346,23.679678572785473
51,6,0.12209171190867384,51.65616947854416,0.5789273921631484,140.8311808741512,20.035896787936938
51,7,0.12209171190867384,51.65616947854416,0.3714650322386721,163.84343010101608,17.083069123108324
51,8,0.12209171190867384,51.65616947854416,0.3353118497190055,233.91219716405928,11.643404209338462
51,9,0.12209171190867384,51.65616947854416,0.5196861333352057,299.31703030360694,14.048075190529302
51,10,0.12209171190867384,51.65616947854416,0.576775802865815,526.3958475814132,11.999619905775289
51,11,0.12209171190867384,51.65616947854416,0.49915646448241396,382.65799299553026,14.828889164524917
52,0,0.15370811674584914,51.838418891854644,0.4113330724203794,317.9095849928167,19.115347184051412
52,1,0.15370811674584914,51.838418891854644,0.5385412580403098,375.21396732975904,24.277559882543365
52,2,0.15370811674584914,51.838418891854644,0.40436559992735804,213.76871756036414,26.50474349594483
52,3,0.15370811674584914,51.838418891854644,0.42538772732608215,245.31751813742244,27.242127231887522
52,4,0.15370811674584914,51.838418891854644,0.5025831905286632,132.10200248733986,25.480426264420537
52,5,0.15370811674584914,51.838418891854644,0.5716056246305292,143.2370124742819,24.900072705104034
52,6,0.15370811674584914,51.838418891854644,0.5719090274518159,147.46130819529583,20.207300304570715
52,7,0.15370811674584914,51.838418891854644,0.4749802043978386,194.73062965705267,17.42878038121504
52,8,0.15370811674584914,51.838418891854644,0.4996736035755537,310.9081596940383,13.07960951875449
52,9,0.15370811674584914,51.838418891854644,0.653250299420086,364.36448914962904,12.14259590621842
52,10,0.15370811674584914,51.838418891854644,0.3199710940604052,407.7188365196209,11.609804989853073
52,11,0.15370811674584914,51.838418891854644,0.5285488774517418,359.13218870748005,16.026636691651966
53,0,0.17170077855221416,51.86749803378258,0.5654083041256537,327.1292561697576,19.135307781673657
53,1,0.17170077855221416,51.86749803378258,0.6020954580546227,497.0291293338649,25.835896229716067
53,2,0.17170077855221416,51.86749803378258,0.5128901272050985,355.53764905657096,27.71178675887026
53,3,0.17170077855221416,51.86749803378258,0.46463319795999625,232.0306327773483,29.341551801835674
53,4,0.17170077855221416,51.86749803378258,0.6504568626122003,146.96785524214422,27.272346422224857
53,5,0.17170077855221416,51.86749803378258,0.4765170238161906,120.31987133463346,23.55727272857337
53,6,0.17170077855221416,51.86749803378258,0.5076394622277459,121.0685575773252,21.305104189285334
53,7,0.17170077855221416,51.86749803378258,0.6859194917130303,165.4575522569971,17.01544326705167
53,8,0.17170077855221416,51.86749803378258,0.5400027877806762,254.19513295922735,13.575253534466572
53,9,0.17170077855221416,51.86749803378258,0.48051702105026944,239.222510762163,11.684082669760441
53,10,0.17170077855221416,51.86749803378258,0.4517124519095704,511.91468449072005,13.939788865652911
53,11,0.17170077855221416,51.86749803378258,0.5869997888192163,430.21739524536406,16.197857429113064
54,0,0.10378075222382739,51.50040942227135,0.29422184860183576,343.10892000674505,21.75042479829526
54,1,0.10378075222382739,51.50040942227135,0.4497776629192076,399.7878171084256,22.668156983034038
54,2,0.10378075222382739,51.50040942227135,0.5037272476212638,281.43319479118526,28.283121761802853
54,3,0.10378075222382739,51.50040942227135,0.5240919563727077,229.2817025293919,27.443687945486566
54,4,0.10378075222382739,51.50040942227135,0.2963985813573419,154.27024616613784,25.69688524779703
54,5,0.10378075222382739,51.50040942227135,0.45718577776301944,101.75808773447814,24.88843388279525
54,6,0.10378075222382739,51.50040942227135,0.5441714066710115,125.52820629795428,20.431089307970385
54,7,0.10378075222382739,51.50040942227135,0.3963291424431674,209.79360545780506,16.63350255146821
54,8,0.10378075222382739,51.50040942227135,0.4160722286551055,239.39009133654588,14.366018437138363
54,9,0.10378075222382739,51.50040942227135,0.33755983510588694,334.88530019442175,11.812811426437367
54,10,0.10378075222382739,51.50040942227135,0.626005771563824,346.03444875191974,13.990427155142067
54,11,0.10378075222382739,51.50040942227135,0.6369275571299384,354.68998422411147,16.200488848260278
55,0,0.06857311670602312,51.46355446172176,0.636471089208881,311.42165674775947,18.326366338262243
55,1,0.06857311670602312,51.46355446172176,0.43121681248160826,394.0833949858695,24.01024798983394
55,2,0.06857311670602312,51.46355446172176,0.5085434370100511,390.2523058198834,26.40822194891334
55,3,0.06857311670602312,51.46355446172176,0.5577249056848217,292.0655647675206,28.590769178496327
55,4,0.06857311670602312,51.46355446172176,0.6387249651021885,151.23808651826798,25.896200856243404
55,5,0.06857311670602312,51.46355446172176,0.41502910230002205,96.7030877956213,23.522428223065933
55,6,0.06857311670602312,51.46355446172176,0.5988373085966704,162.4544828882088,20.9673235904125
55,7,0.06857311670602312,51.46355446172176,0.5459593333181378,173.7800325250887,16.562146150228976
55,8,0.06857311670602312,51.46355446172176,0.5992190452965291,360.42540537254143,14.053330309047912
55,9,0.06857311670602312,51.46355446172176,0.590201690508563,349.6598079698076,14.242174170497671
55,10,0.06857311670602312,51.46355446172176,0.45568426069836265,372.97924909933363,12.554224066276715
55,11,0.06857311670602312,51.46355446172176,0.5429496842124211,418.52297355930085,15.912366502909428
56,0,0.11820052654946642,52.82198643769291,0.4564647564212139,322.54038420242836,20.59716155271887
56,1,0.11820052654946642,52.82198643769291,0.3625759069344293,477.28110885356165,22.529905591330007
56,2,0.11820052654946642,52.82198643769291,0.5257914538075465,425.6657506269049,25.69319533831668
56,3,0.11820052654946642,52.82198643769291,0.3335638734163573,300.81032144162043,26.58154895702862
56,4,0.11820052654946642,52.82198643769291,0.6514297399601556,141.21619861778797,28.032701563600362
56,5,0.11820052654946642,52.82198643769291,0.5776282758960454,119.53703510187538,23.5321807916605
56,6,0.11820052654946642,52.82198643769291,0.4641939143112277,139.0251576170194,21.761967410898986
56,7,0.11820052654946642,52.82198643769291,0.5636156648285924,177.07787126103216,16.65703899225543
56,8,0.11820052654946642,52.82198643769291,0.46999670228355117,243.76329120519733,10.657610988018295
56,9,0.11820052654946642,52.82198643769291,0.5226161931153828,380.73908838685065,11.870609567255277
56,10,0.11820052654946642,52.82198643769291,0.40146898430397293,370.84351388574385,10.303274054655159
56,11,0.11820052654946642,52.82198643769291,0.6060909247471291,427.2716054332332,16.18846007798599
57,0,0.09393518524775686,52.08328799639707,0.3857429378458297,328.61014791324334,21.86040752452491
57,1,0.09393518524775686,52.08328799639707,0.42079591078212425,333.05664782282656,25.853190254147222
57,2,0.09393518524775686,52.08328799639707,0.7775597281837047,382.52078317188574,27.00616612929256
57,3,0.09393518524775686,52.08328799639707,0.5781896551307819,250.38657149842754,27.734763694503176
57,4,0.09393518524775686,52.08328799639707,0.42536121578144737,185.55234727214136,26.42474620961817
57,5,0.09393518524775686,52.08328799639707,0.5828999400715283,161.4282286182151,22.649469027527445
57,6,0.09393518524775686,52.08328799639707,0.37520149803956626,177.90494285580658,19.86345906375147
57,7,0.09393518524775686,52.08328799639707,0.49203265484859593,177.36804642807536,17.16006001689076
57,8,0.09393518524775686,52.08328799639707,0.4152922213452513,334.42918065697074,11.29342661873348
57,9,0.09393518524775686,52.08328799639707,0.43651379934858264,345.2908869886547,12.613963320072266
57,10,0.09393518524775686,52.08328799639707,0.5029741306375618,371.60057638169945,12.381057457410536
57,11,0.09393518524775686,52.08328799639707,0.5611389884601785,374.79244751654704,16.57901117923291
58,0,0.07771067017391137,51.842970799393875,0.6075098364544621,278.87156769177466,22.16270882282523
58,1,0.07771067017391137,51.842970799393875,0.4829805134362805,403.52924696834367,22.982901438467575
58,2,0.07771067017391137,51.842970799393875,0.3311467378670732,430.75341470688613,26.557276178617162
58,3,0.07771067017391137,51.842970799393875,0.5320924613716541,272.3700364250991,30.79222281762509
58,4,0.07771067017391137,51.842970799393875,0.5175324778168601,132.11393049759698,27.248394513594825
58,5,0.07771067017391137,51.842970799393875,0.636579360280021,121.10441726662002,23.736401279961456
58,6,0.07771067017391137,51.842970799393875,0.5408647426799638,139.05376848897245,20.92418821508553
58,7,0.07771067017391137,51.842970799393875,0.7001454256826679,137.00321862349224,13.937111713411314
58,8,0.07771067017391137,51.842970799393875,0.6142786689841824,254.3206094629915,12.406734356650745
58,9,0.07771067017391137,51.842970799393875,0.4852461501478842,431.65376148800215,12.888396999428677
58,10,0.07771067017391137,51.842970799393875,0.5548919001950149,363.9260491396416,15.250751322757242
58,11,0.07771067017391137,51.842970799393875,0.5076973973015068,306.23658305908816,14.786518209165084
59,0,0.22122033784951983,52.209473888236026,0.7000525018435475,351.1465142650811,18.092278760270553
59,1,0.22122033784951983,52.209473888236026,0.40544574117723414,355.13539543781127,23.009713331493433
59,2,0.22122033784951983,52.209473888236026,0.4876034836256036,354.86407151465744,27.368202887027834
59,3,0.22122033784951983,52.209473888236026,0.5718240219126847,207.0110912862397,29.428455430543487
59,4,0.22122033784951983,52.209473888236026,0.3969512329302807,82.90447493844428,26.95926834413368
59,5,0.22122033784951983,52.209473888236026,0.6016293669845223,134.69952077341014,22.86466768355132
59,6,0.22122033784951983,52.209473888236026,0.34389981826000504,136.03484631882176,20.70943656261143
59,7,0.22122033784951983,52.209473888236026,0.6236546225140115,153.1565089930734,15.203251865865496
59,8,0.22122033784951983,52.209473888236026,0.5428579534089931,273.48309831844017,12.293072286720323
59,9,0.22122033784951983,52.209473888236026,0.48739993749927396,318.03025982467665,12.984205685071792
59,10,0.22122033784951983,52.209473888236026,0.5031110840286778,398.74199762312264,12.567809984048276
59,11,0.22122033784951983,52.209473888236026,0.3847804156092689,418.0691185554132,16.311727813804286
60,0,0.18497733311179004,52.08522186764067,0.5954404661374078,342.71598421860574,20.703303744776907
60,1,0.18497733311179004,52.08522186764067,0.5849837281482695,226.75371593377,22.65811736955799
60,2,0.18497733311179004,52.08522186764067,0.3898534959240277,325.2621135621408,25.19967927456405
60,3,0.18497733311179004,52.08522186764067,0.5428715407316813,256.31570743284243,29.83207868046434
60,4,0.18497733311179004,52.08522186764067,0.49645161385107095,136.48264990116743,27.50416756505698
60,5,0.18497733311179004,52.08522186764067,0.5042027354157942,134.18020581654855,25.386317544495384
60,6,0.18497733311179004,52.08522186764067,0.3793218376215196,141.75927959484636,18.441461092254933
60,7,0.18497733311179004,52.08522186764067,0.6849822892926487,157.7113716079617,16.64896800894124
60,8,0.18497733311179004,52.08522186764067,0.6128760484755473,177.2233081531681,12.145923157846072
60,9,0.18497733311179004,52.08522186764067,0.4523000679378234,351.09891563653963,12.22594399266665
60,10,0.18497733311179004,52.08522186764067,0.5126425762391501,460.4511771516957,13.91625315757425
60,11,0.18497733311179004,52.08522186764067,0.6978021361565279,286.2736769422507,16.14204103503504
61,0,0.16234205418870346,52.056736995438975,0.5081950257012593,373.3885741383021,18.385535752130867
61,1,0.16234205418870346,52.056736995438975,0.4956416055564965,337.29079372074983,23.769552331154976
61,2,0.16234205418870346,52.056736995438975,0.5556556024704689,349.5486704916026,28.052438701717126
61,3,0.16234205418870346,52.056736995438975,0.5789510591792445,266.46473239286445,28.31077686706699
61,4,0.16234205418870346,52.056736995438975,0.49820601164808215,113.18183071147693,28.53885512783384
61,5,0.16234205418870346,52.056736995438975,0.5155873634833196,121.68253702333514,24.470542231029736
61,6,0.16234205418870346,52.056736995438975,0.6100259150532708,114.37965241958213,18.579574782923157
61,7,0.16234205418870346,52.056736995438975,0.4572621696943921,141.55758992581804,15.616885909132725
61,8,0.16234205418870346,52.056736995438975,0.4431330448887133,231.45357467497126,13.550682025619233
61,9,0.16234205418870346,52.056736995438975,0.5056996265156298,335.73872905676365,11.413839670110852
61,10,0.16234205418870346,52.056736995438975,0.30039397202791807,434.86564547210133,12.951516214110391
61,11,0.16234205418870346,52.056736995438975,0.3923250128696771,354.6679927207689,16.323393199286183
62,0,0.06079247300655829,51.85660390826578,0.5380372871465605,217.01957353611917,21.13479153470328
62,1,0.06079247300655829,51.85660390826578,0.4138915856956613,407.95883076195946,25.713074542956882
62,2,0.06079247300655829,51.85660390826578,0.5263011928142141,416.38405650893804,26.812530824930825
62,3,0.06079247300655829,51.85660390826578,0.46582953690260837,271.488310845264,28.529548003311966
62,4,0.06079247300655829,51.85660390826578,0.49383906690090235,159.95868079073105,26.031823956243517
62,5,0.06079247300655829,51.85660390826578,0.34000595781198384,130.70987262698782,23.974134485859008
62,6,0.06079247300655829,51.85660390826578,0.3350498133641261,148.31966910367103,19.797241007359037
62,7,0.06079247300655829,51.85660390826578,0.3288436431487324,178.86228924300687,16.612202813457614
62,8,0.06079247300655829,51.85660390826578,0.6164955166929977,307.89911569117123,11.96465051434048
62,9,0.06079247300655829,51.85660390826578,0.45662260958261097,308.1161912427054,11.765778168171554
62,10,0.06079247300655829,51.85660390826578,0.5138280874509998,360.2025765242256,10.460762226554287
62,11,0.06079247300655829,51.85660390826578,0.5712112377325655,292.4140043501926,15.523718807369187
63,0,0.05404043459828474,51.89669395381149,0.5818424827739903,313.78507793291004,19.43285761169725
63,1,0.05404043459828474,51.89669395381149,0.433619835701631,433.49187018800603,22.93318527461153
63,2,0.05404043459828474,51.89669395381149,0.3298834922552607,409.4069046616253,26.499683263141716
63,3,0.05404043459828474,51.89669395381149,0.42109109735543976,229.30485311099284,27.23185746259171
63,4,0.05404043459828474,51.89669395381149,0.4707340107914892,191.89280031333172,26.661930618820985
63,5,0.05404043459828474,51.89669395381149,0.4484684493894556,134.97366286942085,22.744134086872954
63,6,0.05404043459828474,51.89669395381149,0.478409248917525,141.67988992769176,18.75405031366086
63,7,0.05404043459828474,51.89669395381149,0.2955838783556536,172.71412982363165,15.585905393206513
63,8,0.05404043459828474,51.89669395381149,0.42267515285887836,329.26229449547327,12.88221814502233
63,9,0.05404043459828474,51.89669395381149,0.37058479362319474,287.2143204197994,12.544511641328056
63,10,0.05404043459828474,51.89669395381149,0.596815489603017,457.9328262982495,14.157125405540338
63,11,0.05404043459828474,51.89669395381149,0.38962469118414667,356.48845949385964,16.59187904644266
64,0,0.08798415765654309,51.825968079805676,0.30286416290616514,329.0592248830072,19.730681714861312
64,1,0.08798415765654309,51.825968079805676,0.5273904809491919,277.86639165432007,23.979416394191496
64,2,0.08798415765654309,51.825968079805676,0.6236324293983756,356.467998540047,24.314613071100183
64,3,0.08798415765654309,51.825968079805676,0.5805861696714781,265.16904491364204,29.255101863193335
64,4,0.08798415765654309,51.825968079805676,0.5722991873894213,134.87232231237826,28.27459017047392
64,5,0.08798415765654309,51.825968079805676,0.5525687333295257,128.4555256325102,25.444047282134655
64,6,0.08798415765654309,51.825968079805676,0.49879384173212993,142.9730502278573,22.26132727130249
64,7,0.08798415765654309,51.825968079805676,0.4802837070896948,182.329022919905,15.113836214083285
64,8,0.08798415765654309,51.825968079805676,0.3863999582959969,251.86005337621617,11.36745095178762
64,9,0.08798415765654309,51.825968079805676,0.5246876312742337,358.97526179612817,12.091885566268457
64,10,0.08798415765654309,51.825968079805676,0.6071318357469562,414.66017677955443,12.207984820138847
64,11,0.08798415765654309,51.825968079805676,0.5906718800260766,305.5793900448252,16.05924396431923
65,0,0.07885149033379166,52.6674391964386,0.3694274800427232,402.4322991651264,18.558119854861186
65,1,0.07885149033379166,52.6674391964386,0.6064870348207362,440.53763072297915,23.664729648719224
65,2,0.07885149033379166,52.6674391964386,0.47483959682040994,305.12998137265856,26.12999187767017
65,3,0.07885149033379166,52.6674391964386,0.5402740218153769,221.85982488194736,26.461148171182742
65,4,0.07885149033379166,52.6674391964386,0.5700149246990733,155.10933117215603,26.325164950139907
65,5,0.07885149033379166,52.6674391964386,0.4023323262640472,82.9381224723064,24.857922124684794
65,6,0.07885149033379166,52.6674391964386,0.471929614332826,124.40658661147326,19.668757237464966
65,7,0.07885149033379166,52.6674391964386,0.556302836690089,176.33978623930975,15.951797080442523
65,8,0.07885149033379166,52.6674391964386,0.3926632716345686,298.5588991321316,11.787888190431318
65,9,0.07885149033379166,52.6674391964386,0.43957122401384163,308.1436158208311,12.205901313125855
65,10,0.07885149033379166,52.6674391964386,0.5245918854690764,386.4588046467055,13.015596677491933
65,11,0.07885149033379166,52.6674391964386,0.2979280038805422,364.2354655147088,14.144043253066584
66,0,0.03574292038159163,51.88397671872469,0.3302651911664805,337.84553380308745,19.42461513900762
66,1,0.03574292038159163,51.88397671872469,0.43531988940466093,436.1699132587156,22.2491008581615
66,2,0.03574292038159163,51.88397671872469,0.3486173406907147,340.8257152236878,28.373298828923566
66,3,0.03574292038159163,51.88397671872469,0.4168730397661288,213.54143688077065,27.24572126261693
66,4,0.03574292038159163,51.88397671872469,0.6180047590752065,130.5094262326724,24.971022080683035
66,5,0.03574292038159163,51.88397671872469,0.5293354426404614,107.89108027390203,24.245389542503652
66,6,0.03574292038159163,51.88397671872469,0.5806130276150743,130.3115169862251,20.514888990878163
66,7,0.03574292038159163,51.88397671872469,0.3856860362839648,252.11895078555287,17.105224952869058
66,8,0.03574292038159163,51.88397671872469,0.5707143727996364,301.98655071001343,12.980954857777334
66,9,0.03574292038159163,51.88397671872469,0.4778843194686234,370.6780651011183,12.117456226116794
66,10,0.03574292038159163,51.88397671872469,0.6151142836707894,384.95637935032465,12.698519522595861
66,11,0.03574292038159163,51.88397671872469,0.4372453850516581,310.9367375230868,17.51250878185151
67,0,0.08428573815070874,52.18102085643788,0.52458463418169,273.3218717784843,20.29080708873359
67,1,0.08428573815070874,52.18102085643788,0.5407049639295667,296.9656735645166,24.15942204503897
67,2,0.08428573815070874,52.18102085643788,0.677193738035899,331.8261665132663,29.757639981625974
67,3,0.08428573815070874,52.18102085643788,0.545663811549072,235.85041476166353,27.789969862212768
67,4,0.08428573815070874,52.18102085643788,0.40864551304895763,119.45590426122422,26.998197925527837
67,5,0.08428573815070874,52.18102085643788,0.5188165459276296,116.81259079178346,23.628573923187286
67,6,0.08428573815070874,52.18102085643788,0.6858012164626266,157.55352569238704,21.33068176258001
67,7,0.08428573815070874,52.18102085643788,0.4234664230718699,201.69813728678736,15.60457100340575
67,8,0.08428573815070874,52.18102085643788,0.34279783343953596,245.92381791448193,14.51810117693738
67,9,0.08428573815070874,52.18102085643788,0.4339115273873398,397.28869486417295,12.912280118779623
67,10,0.08428573815070874,52.18102085643788,0.5812005416713594,349.49556682944603,13.867508212270181
67,11,0.08428573815070874,52.18102085643788,0.3262119798528911,289.2011628552757,15.549192032052328
68,0,0.13034659442037763,52.20717528403212,0.3884972820450815,357.0525723642774,20.249517019820587
68,1,0.13034659442037763,52.20717528403212,0.7234017117971101,345.6646009776295,24.427920273656934
68,2,0.13034659442037763,52.20717528403212,0.46465980657857914,381.73850395347665,28.452315080251307
68,3,0.13034659442037763,52.20717528403212,0.47086668193653536,261.82216039104713,26.063793746460632
68,4,0.13034659442037763,52.20717528403212,0.5164378423305007,135.62286556690017,26.14057638484952
68,5,0.13034659442037763,52.20717528403212,0.5118595501191228,111.55237100507368,22.143075153235593
68,6,0.13034659442037763,52.20717528403212,0.4264615195438821,179.1648800531182,20.26612970751859
68,7,0.13034659442037763,52.20717528403212,0.46472363856104776,199.32310524376655,15.120974724694621
68,8,0.13034659442037763,52.20717528403212,0.32707383129417794,355.08133121955257,13.986418268113045
68,9,0.13034659442037763,52.20717528403212,0.5425160702104656,353.58031283694544,11.23984077326627
68,10,0.13034659442037763,52.20717528403212,0.5112008910118329,410.6589451962826,12.65686936941803
68,11,0.13034659442037763,52.20717528403212,0.7053515475085688,311.758642437265,14.736284735598446
69,0,0.28043493044559475,51.27221063687538,0.42262143639543126,322.686363478278,20.814201894438398
69,1,0.28043493044559475,51.27221063687538,0.44245832222339315,468.019039363067,23.432682289939212
69,2,0.28043493044559475,51.27221063687538,0.42389977802216344,347.7141298767305,27.355652104897654
69,3,0.28043493044559475,51.27221063687538,0.46114038087216935,216.86806093807658,25.92934624525884
69,4,0.28043493044559475,51.27221063687538,0.5568121429014266,143.4360001211893,25.969288059117584
69,5,0.28043493044559475,51.27221063687538,0.5963216746682523,142.42415950243088,22.557239919554085
69,6,0.28043493044559475,51.27221063687538,0.4534220418659101,168.99301294780378,20.088839947512664
69,7,0.28043493044559475,51.27221063687538,0.4805918348170705,149.83214182878632,16.852194071161428
69,8,0.28043493044559475,51.27221063687538,0.4243581762991623,265.4987240833158,14.112807831938754
69,9,0.28043493044559475,51.27221063687538,0.5879230398938157,388.4739871639723,11.66709607177733
69,10,0.28043493044559475,51.27221063687538,0.38706192441176174,384.7916404697431,13.053291027912278
69,11,0.28043493044559475,51.27221063687538,0.4136816009665234,433.63301251285844,16.29770907232863
70,0,0.1641822676195649,52.44827737241741,0.48261889079675446,435.9956556865673,20.429367258765346
70,1,0.1641822676195649,52.44827737241741,0.5007943013330978,415.7685913387412,24.75468180499872
70,2,0.1641822676195649,52.44827737241741,0.36043699158940257,463.3485399674264,26.59024411774876
70,3,0.1641822676195649,52.44827737241741,0.43476445102874284,285.36623457186994,28.37723867496479
70,4,0.1641822676195649,52.44827737241741,0.4645865051384383,123.22991040088807,26.432127510273688
70,5,0.1641822676195649,52.44827737241741,0.5457018675626053,99.29633418617084,22.108528941196873
70,6,0.1641822676195649,52.44827737241741,0.4211655458124798,125.21953310773424,19.45925526453872
70,7,0.1641822676195649,52.44827737241741,0.4260242935231112,220.48669202127786,17.845209953312427
70,8,0.1641822676195649,52.44827737241741,0.6789272648625552,294.04755861083646,13.279473189442633
70,9,0.1641822676195649,52.44827737241741,0.5870714850639104,352.41013448598983,11.004563155588674
70,10,0.1641822676195649,52.44827737241741,0.6981638442154214,415.76873576345866,11.369117352990996
70,11,0.1641822676195649,52.44827737241741,0.6633776157732365,487.14842313249267,16.928863598714795
71,0,0.06166928320886983,52.095153128575916,0.5572538840607579,290.5949426474958,19.063388614677017
71,1,0.06166928320886983,52.095153128575916,0.589398837291871,456.14007484586114,24.23046433349095
71,2,0.06166928320886983,52.095153128575916,0.31530856335291,370.23575231266267,28.359984765264535
71,3,0.06166928320886983,52.095153128575916,0.36848272990397835,197.27851976734914,27.743443731006884
71,4,0.06166928320886983,52.095153128575916,0.45921202583276616,143.2830935362963,25.58799881251836
71,5,0.06166928320886983,52.095153128575916,0.5780305706365022,121.19108379286969,22.339963669057607
71,6,0.06166928320886983,52.095153128575916,0.5037899781577205,164.87727515570074,20.6675158958884
71,7,0.06166928320886983,52.095153128575916,0.42849919666349384,230.3179259910131,17.70658298029153
71,8,0.06166928320886983,52.095153128575916,0.3687718427276836,329.0896857853026,13.087483384563061
71,9,0.06166928320886983,52.095153128575916,0.6236354876810639,389.5190738888484,14.24043167297174
71,10,0.06166928320886983,52.095153128575916,0.38006017531655634,390.1055138465245,12.743512800741904
71,11,0.06166928320886983,52.095153128575916,0.5062531296348445,418.3959178652991,15.98333538510231
72,0,0.06101857192240952,51.29913616320927,0.49783581704600227,290.94381839708063,20.32115540478377
72,1,0.06101857192240952,51.29913616320927,0.458723126507253,489.7640329083439,24.183166770117126
72,2,0.06101857192240952,51.29913616320927,0.5043026832363297,377.49970822062727,26.116473101053682
72,3,0.06101857192240952,51.29913616320927,0.5126849872908671,299.4200531704241,27.887586290983954
72,4,0.06101857192240952,51.29913616320927,0.6478089931660221,137.4340272540063,26.6341304665245
72,5,0.06101857192240952,51.29913616320927,0.397951479968353,139.93816323293893,22.860937581541087
72,6,0.06101857192240952,51.29913616320927,0.460926876848346,145.5577543303831,18.416689082494294
72,7,0.06101857192240952,51.29913616320927,0.3878541226729031,164.3106400403139,15.882956310668899
72,8,0.06101857192240952,51.29913616320927,0.625090925161289,324.54863884267286,15.188747633235833
72,9,0.06101857192240952,51.29913616320927,0.5660277380285451,366.9591964019708,11.435088477990625
72,10,0.06101857192240952,51.29913616320927,0.5184493623222041,462.23904061559836,12.060577397783549
72,11,0.06101857192240952,51.29913616320927,0.5059833524879506,285.20469521705036,17.06077682033153
73,0,0.10338115891114527,52.58562463367575,0.4720243018672845,381.0475283046871,19.381269061477532
73,1,0.10338115891114527,52.58562463367575,0.5331604421509037,442.04138148770716,23.04423347430152
73,2,0.10338115891114527,52.58562463367575,0.5828809637246373,291.45095523471883,26.20659479075283
73,3,0.10338115891114527,52.58562463367575,0.568606984767167,208.81576192904984,27.663340111162594
73,4,0.10338115891114527,52.58562463367575,0.49747891715091486,144.32765161893064,28.02854276335658
73,5,0.10338115891114527,52.58562463367575,0.5843449781648308,115.02186789670127,25.198973050096384
73,6,0.10338115891114527,52.58562463367575,0.4909993646054816,168.8601571407538,18.693426859335393
73,7,0.10338115891114527,52.58562463367575,0.2650696834848285,226.81053591555607,16.125445578130428
73,8,0.10338115891114527,52.58562463367575,0.609011444669058,256.52418124172453,11.901702218785546
73,9,0.10338115891114527,52.58562463367575,0.45338959678562685,330.05315361427307,12.012881074568757
73,10,0.10338115891114527,52.58562463367575,0.4404103722832129,478.0424089014076,12.145728174967566
73,11,0.10338115891114527,52.58562463367575,0.5499903760686925,473.54542633851986,17.85082992845918
74,0,0.11444144494683697,52.38479741275772,0.4929721294510817,304.6546406014254,19.659553922286175
74,1,0.11444144494683697,52.38479741275772,0.4632908891312987,427.1021894419498,23.59229847042047
74,2,0.11444144494683697,52.38479741275772,0.48555953096090365,409.19300575519435,25.703252228589314
74,3,0.11444144494683697,52.38479741275772,0.5633344277630346,207.36331567440362,27.664126866833378
74,4,0.11444144494683697,52.38479741275772,0.5034436643174688,129.71247778216477,26.947313270948033
74,5,0.11444144494683697,52.38479741275772,0.48461661923366245,135.68143658699006,22.79313971617224
74,6,0.11444144494683697,52.38479741275772,0.38370584969872973,79.92548996974881,17.02918166371843
74,7,0.11444144494683697,52.38479741275772,0.5955672260548204,131.2198748918828,14.564033247678651
74,8,0.11444144494683697,52.38479741275772,0.3813687111188024,232.1489790046786,13.446675855443031
74,9,0.11444144494683697,52.38479741275772,0.4236876166647167,209.92581703447604,12.109059302306507
74,10,0.11444144494683697,52.38479741275772,0.540745229719184,406.85491303931383,14.424489912088209
74,11,0.11444144494683697,52.38479741275772,0.45679430533317233,326.79191198722083,14.564686679452752
75,0,0.17540935663693735,52.11733095435228,0.5347783341791275,359.14279635399913,21.145164815131352
75,1,0.17540935663693735,52.11733095435228,0.38107615262927097,387.2530736755616,25.90760857838555
75,2,0.17540935663693735,52.11733095435228,0.4819749975446215,318.0995618163305,24.56436583532443
75,3,0.17540935663693735,52.11733095435228,0.5671781481434337,250.6089015043796,27.281306335173685
75,4,0.17540935663693735,52.11733095435228,0.6186377994767007,176.62027586079995,29.199854551947723
75,5,0.17540935663693735,52.11733095435228,0.4662472034635241,116.69547907874629,23.63676550735572
75,6,0.17540935663693735,52.11733095435228,0.5194753311607143,84.13274642922215,20.682330046539274
75,7,0.17540935663693735,52.11733095435228,0.5406113273818687,186.87637162551113,15.82456945448802
75,8,0.17540935663693735,52.11733095435228,0.7096788252555328,304.64153137745785,12.855438680667538
75,9,0.17540935663693735,52.11733095435228,0.3998894191121556,275.8444382927544,13.137581557043827
75,10,0.17540935663693735,52.11733095435228,0.6574795320868849,390.0043445569612,13.525349768687441
75,11,0.17540935663693735,52.11733095435228,0.4095420746209396,474.42636073562676,16.712606128361454
76,0,0.06849261015122397,51.746155626885304,0.5288767271533061,253.824885315371,20.324035328875425
76,1,0.06849261015122397,51.746155626885304,0.6078153638528165,392.5166914329754,23.806287575188016
76,2,0.06849261015122397,51.746155626885304,0.3721592112432337,434.7005882446481,26.884751863835643
76,3,0.06849261015122397,51.746155626885304,0.5546653971053487,158.52755565230845,27.413256197881307
76,4,0.06849261015122397,51.746155626885304,0.335825217998591,167.3445571934041,26.253276690667718
76,5,0.06849261015122397,51.746155626885304,0.5617663352223561,84.46802954094645,23.55790359121722
76,6,0.06849261015122397,51.746155626885304,0.5153287824966891,133.91622142176828,20.760925440704437
76,7,0.06849261015122397,51.746155626885304,0.682880742748667,193.71285138216942,15.655029146666644
76,8,0.06849261015122397,51.746155626885304,0.5313254996150777,320.7418213240667,13.571847727072775
76,9,0.06849261015122397,51.746155626885304,0.5526939437599769,325.5459004889829,11.14669384778204
76,10,0.06849261015122397,51.746155626885304,0.4767857530397945,436.9101035816921,14.084683304677728
76,11,0.06849261015122397,51.746155626885304,0.6147380170069248,396.1775296287176,16.0732272936132
77,0,0.18066020900231022,51.645570085654846,0.44089527188104755,371.9878307195715,19.92419300229019
77,1,0.18066020900231022,51.645570085654846,0.40407091190347555,343.10931744429433,25.157036478225905
77,2,0.18066020900231022,51.645570085654846,0.496208314337362,368.15910645195464,27.872805917995088
77,3,0.18066020900231022,51.645570085654846,0.5598073420780499,268.2566317420485,27.840725916095163
77,4,0.18066020900231022,51.645570085654846,0.5569103844156154,118.6768732067635,27.81027809742031
77,5,0.18066020900231022,51.645570085654846,0.49262500372321283,148.139099090718,26.030108359867306
77,6,0.18066020900231022,51.645570085654846,0.4596445903645509,142.89382330165154,20.34056774467322
77,7,0.18066020900231022,51.645570085654846,0.35038365486405854,194.9534847352876,13.526087735747655
77,8,0.18066020900231022,51.645570085654846,0.35835445497987944,296.2354909905833,13.176943917452176
77,9,0.18066020900231022,51.645570085654846,0.48929931091424256,331.1937415222825,11.542442602749025
77,10,0.18066020900231022,51.645570085654846,0.5647396437248766,374.09251107145167,12.082243782163722
77,11,0.18066020900231022,51.645570085654846,0.651125688298133,356.34150297894007,15.132195746109598
78,0,0.06685541256641296,51.93802193361218,0.6076185069023771,430.27171336583774,21.199869194170454
78,1,0.06685541256641296,51.93802193361218,0.5756371394825739,405.31038080723437,23.80548425411213
78,2,0.06685541256641296,51.93802193361218,0.46985155155044955,340.51206159561616,28.01807238393083
78,3,0.06685541256641296,51.93802193361218,0.3707079514166113,248.8570779505123,27.693753659081285
78,4,0.06685541256641296,51.93802193361218,0.4790821063645573,126.43982661863411,27.122619206988134
78,5,0.06685541256641296,51.93802193361218,0.4409838169356739,125.72345939097139,25.919205829978512
78,6,0.06685541256641296,51.93802193361218,0.44966852321594714,146.26231508427554,20.712164073686516
78,7,0.06685541256641296,51.93802193361218,0.5668007231964559,210.02521059655143,15.58945380796081
78,8,0.06685541256641296,51.93802193361218,0.454073002786037,296.21089418937174,14.312260047579079
78,9,0.06685541256641296,51.93802193361218,0.4635220041287417,398.4179713056489,12.523840503723601
78,10,0.06685541256641296,51.93802193361218,0.514521381351333,301.5749692334994,14.40389728822036
78,11,0.06685541256641296,51.93802193361218,0.533192887892341,353.7581023494341,16.663213459476204
79,0,0.05023663218532558,51.82047097028108,0.5237744764131822,259.00131557561076,21.359323776861885
79,1,0.05023663218532558,51.82047097028108,0.6174692866749616,313.54300157776674,23.869618222553015
79,2,0.05023663218532558,51.82047097028108,0.35899702836266134,416.3272699851108,28.265493926826462
79,3,0.05023663218532558,51.82047097028108,0.6706182139787601,281.17696959281915,29.975358687217692
79,4,0.05023663218532558,51.82047097028108,0.4656010646930392,87.08533408640584,27.97658450611795
79,5,0.05023663218532558,51.82047097028108,0.400850689225438,108.66297069524832,23.712120959893678
79,6,0.05023663218532558,51.82047097028108,0.6146861517551584,145.3566274790134,19.726372944755038
79,7,0.05023663218532558,51.82047097028108,0.291841968185648,191.89932822284644,16.766644929097456
79,8,0.05023663218532558,51.82047097028108,0.5242393963593378,266.6007389410277,12.855658629734723
79,9,0.05023663218532558,51.82047097028108,0.28910304216611044,426.3639842861228,13.00595170938203
79,10,0.05023663218532558,51.82047097028108,0.6101515904016014,415.69354313499304,13.160438617876506
79,11,0.05023663218532558,51.82047097028108,0.4368265174477093,398.0596757847708,15.309358550292744
80,0,0.12266259671224744,52.394843556306455,0.8079329260150936,378.4496749875056,21.0299154271782
80,1,0.12266259671224744,52.394843556306455,0.3855897784490119,405.9210297792349,23.64647984967618
80,2,0.12266259671224744,52.394843556306455,0.6643401531433046,358.8400399461349,27.47661319648001
80,3,0.12266259671224744,52.394843556306455,0.47933047739479395,176.4841040442426,28.11567151708632
80,4,0.12266259671224744,52.394843556306455,0.48816168639345314,102.73363352019824,26.3252123761486
80,5,0.12266259671224744,52.394843556306455,0.43919193761108827,105.2370359143517,23.446394034984685
80,6,0.12266259671224744,52.394843556306455,0.43241509182854987,132.24962330938232,18.578153882844646
80,7,0.12266259671224744,52.394843556306455,0.46259626921504443,181.84433149057284,15.806140520960886
80,8,0.12266259671224744,52.394843556306455,0.6434288652819566,275.0634281004328,13.070657754071506
80,9,0.12266259671224744,52.394843556306455,0.5742437924622362,401.2778291381743,12.580028333429725
80,10,0.12266259671224744,52.394843556306455,0.5659251317685615,411.67472684328453,14.60031710631908
80,11,0.12266259671224744,52.394843556306455,0.3954389702221623,432.3919621800251,14.127713343012275
81,0,0.06221051313298727,52.250695645757865,0.512551890275098,365.05632073955417,19.244005958730234
81,1,0.06221051313298727,52.250695645757865,0.5713581068123728,392.5619295191792,25.158643137135172
81,2,0.06221051313298727,52.250695645757865,0.3849304713993743,274.0607876913181,27.89888757556037
81,3,0.06221051313298727,52.250695645757865,0.5791108038557837,304.28581185041344,29.100095156314005
81,4,0.06221051313298727,52.250695645757865,0.6283271945545332,149.6437918509672,25.209906199061336
81,5,0.06221051313298727,52.250695645757865,0.5298829628055765,122.68287961411882,24.90904685527116
81,6,0.06221051313298727,52.250695645757865,0.509801005315375,143.27731734803731,20.309662594160717
81,7,0.06221051313298727,52.250695645757865,0.5532220716637868,125.9961508874843,16.212272938009647
81,8,0.06221051313298727,52.250695645757865,0.4250233604240292,265.13080792843243,12.197868950690815
81,9,0.06221051313298727,52.250695645757865,0.6067054448106243,402.5837535110016,12.739078141140046
81,10,0.06221051313298727,52.250695645757865,0.6908977136712924,462.4308769515841,12.693886603007934
81,11,0.06221051313298727,52.250695645757865,0.488727796460282,399.42146509875795,15.219714609817371
82,0,0.16875427867139817,52.42964894254246,0.5265570354996831,384.63107455631825,20.8920214180288
82,1,0.16875427867139817,52.42964894254246,0.459165803752849,490.61863779054295,22.670790963108768
82,2,0.16875427867139817,52.42964894254246,0.4581251293568418,341.92374277081046,26.73521988320956
82,3,0.16875427867139817,52.42964894254246,0.44856677703203784,267.10484525361306,27.181779705851586
82,4,0.16875427867139817,52.42964894254246,0.4176826408510145,123.8706012036484,26.82811020197061
82,5,0.16875427867139817,52.42964894254246,0.6045154816844668,131.60732153678305,24.59426270575894
82,6,0.16875427867139817,52.42964894254246,0.4700585368069186,135.44645553382836,19.634136900374703
82,7,0.16875427867139817,52.42964894254246,0.48639692563921605,137.95957272496508,15.46040822940545
82,8,0.16875427867139817,52.42964894254246,0.5113315273670337,324.2468784715762,13.67092315049635
82,9,0.16875427867139817,52.42964894254246,0.400644923397323,503.232822298038,12.764290793631615
82,10,0.16875427867139817,52.42964894254246,0.6007757909339353,416.8607347612744,13.491626226551752
82,11,0.16875427867139817,52.42964894254246,0.5870615994369703,243.47237521411836,17.071529636829066
83,0,0.2527893929553078,52.0803354566523,0.638293889231622,341.5257700102755,20.344251153835604
83,1,0.2527893929553078,52.0803354566523,0.35658291293985567,368.24713271102644,23.742859167103905
83,2,0.2527893929553078,52.0803354566523,0.5232369595714453,296.07299566277,27.80923301145649
83,3,0.2527893929553078,52.0803354566523,0.634318780728295,226.29048681694493,28.99406414348156
83,4,0.2527893929553078,52.0803354566523,0.3328975756241058,118.6131296938454,28.06499946103125
83,5,0.2527893929553078,52.0803354566523,0.4470892068781583,112.32047240018225,25.25143055683349
83,6,0.2527893929553078,52.0803354566523,0.3808314292968981,141.5167073117623,18.656302008653306
83,7,0.2527893929553078,52.0803354566523,0.5069807865586864,142.929541875058,17.143628333833117
83,8,0.2527893929553078,52.0803354566523,0.5364209871333206,262.9842522354639,13.347826257348954
83,9,0.2527893929553078,52.0803354566523,0.5197966639294934,288.2231122154925,13.544033730719441
83,10,0.2527893929553078,52.0803354566523,0.45782911711191265,341.75976810792764,12.70384379715291
83,11,0.2527893929553078,52.0803354566523,0.5476877213334882,351.487207256275,15.024538339407336
84,0,0.04731067116550906,51.94046987389408,0.4063287755475166,349.5704159895328,20.524415393574312
84,1,0.04731067116550906,51.94046987389408,0.6136720103916287,514.1360267091309,24.444935694740384
84,2,0.04731067116550906,51.94046987389408,0.4955946453798182,286.4290377419233,26.81351284999185
84,3,0.04731067116550906,51.94046987389408,0.3053838525026088,271.0415811693787,27.41595150666592
84,4,0.04731067116550906,51.94046987389408,0.48412311683583076,110.86270871802105,27.0386839900562
84,5,0.04731067116550906,51.94046987389408,0.5414614007670181,120.70940334272169,25.584063650942227
84,6,0.04731067116550906,51.94046987389408,0.2435751318104647,111.28774222646408,20.229778273387346
84,7,0.04731067116550906,51.94046987389408,0.752834608452249,220.8554861249318,15.793335534068442
84,8,0.04731067116550906,51.94046987389408,0.4360841749044066,248.04575608418858,12.043997716479561
84,9,0.04731067116550906,51.94046987389408,0.31028214498198486,364.63916983398934,11.327752112576771
84,10,0.04731067116550906,51.94046987389408,0.6118285260011607,319.04391978330926,12.65203897225382
84,11,0.04731067116550906,51.94046987389408,0.6613549044056234,358.02413475368814,15.149774332410736
85,0,0.11295244757329807,51.907338312718785,0.6079425603187412,450.0362451053532,18.187482302244387
85,1,0.11295244757329807,51.907338312718785,0.5291448709376076,315.79006475449205,22.35714631242799
85,2,0.11295244757329807,51.907338312718785,0.4832183803997018,426.31790712456325,25.85790031105347
85,3,0.11295244757329807,51.907338312718785,0.6857290192312259,211.3332051317173,28.551994765371884
85,4,0.11295244757329807,51.907338312718785,0.577520574742144,172.73451859192758,27.59750284353567
85,5,0.11295244757329807,51.907338312718785,0.32320372193584246,131.63643667752868,24.46186076337919
85,6,0.11295244757329807,51.907338312718785,0.6116847780054184,132.8732886208736,20.48850382640782
85,7,0.11295244757329807,51.907338312718785,0.6233238002578363,192.56931445431903,15.91563281128642
85,8,0.11295244757329807,51.907338312718785,0.32200457511193087,260.14474172260935,12.669672822151337
85,9,0.11295244757329807,51.907338312718785,0.3361898345320091,237.48804547276308,11.90220487117393
85,10,0.11295244757329807,51.907338312718785,0.6300467940580659,338.2121372173713,14.02814475139935
85,11,0.11295244757329807,51.907338312718785,0.4933372159894939,477.08240275775904,17.124139549245704
86,0,0.12649937205616574,51.88849493165997,0.4398079038562826,312.2482535799213,20.958791616456672
86,1,0.12649937205616574,51.88849493165997,0.4490439362274945,369.44951364426043,24.719379023517565
86,2,0.12649937205616574,51.88849493165997,0.6109102410593827,365.4414969636148,26.550000980335568
86,3,0.12649937205616574,51.88849493165997,0.4698033827602478,199.1286565281176,27.18302643747118
86,4,0.12649937205616574,51.88849493165997,0.3863502262527753,160.98809176419934,26.83771585428904
86,5,0.12649937205616574,51.88849493165997,0.5577953606847402,119.45915067269537,25.258476171626548
86,6,0.12649937205616574,51.88849493165997,0.4828934793541266,144.33222949137763,19.94644737829267
86,7,0.12649937205616574,51.88849493165997,0.5100814677768278,162.2811115997735,16.904840212251223
86,8,0.12649937205616574,51.88849493165997,0.5114111699549153,284.07652556549397,13.724456429645157
86,9,0.12649937205616574,51.88849493165997,0.2944786011119317,282.8846939693154,13.258687696921848
86,10,0.12649937205616574,51.88849493165997,0.500017977161954,429.58649564711334,12.525464774477772
86,11,0.12649937205616574,51.88849493165997,0.4908703007154213,271.37549863147746,16.30163053790447
87,0,0.08578623959210413,51.93678693048096,0.5295233506414005,433.1809095208898,21.76858334911319
87,1,0.08578623959210413,51.93678693048096,0.5292738550221732,310.3567992280182,23.05676016339811
87,2,0.08578623959210413,51.93678693048096,0.5250734296441262,269.51156953218634,28.203842241381565
87,3,0.08578623959210413,51.93678693048096,0.5052372301368445,282.71892226054234,27.95984287327938
87,4,0.08578623959210413,51.93678693048096,0.5774852192189754,147.06376238484984,27.143501761520586
87,5,0.08578623959210413,51.93678693048096,0.5102240253341399,83.92321321772897,22.951282413761383
87,6,0.08578623959210413,51.93678693048096,0.6573248603861537,131.1292727340605,20.95918246708828
87,7,0.08578623959210413,51.93678693048096,0.4531784027140491,190.81636383540234,15.236142023861513
87,8,0.08578623959210413,51.93678693048096,0.44933363317120956,223.03659373644402,13.637282534076252
87,9,0.08578623959210413,51.93678693048096,0.6710415485132208,391.8698155674786,12.87150993394575
87,10,0.08578623959210413,51.93678693048096,0.5310451216054641,424.1882366046713,13.920819526457871
87,11,0.08578623959210413,51.93678693048096,0.48626556495112244,327.4116963086626,15.466911442191867
88,0,0.12289990929922381,52.13555486872338,0.3582266794475949,277.75088581336854,19.56312475241566
88,1,0.12289990929922381,52.13555486872338,0.5388294022363591,403.73723496542266,25.242320066292336
88,2,0.12289990929922381,52.13555486872338,0.3501284432524143,339.2212091047807,26.348521881898694
88,3,0.12289990929922381,52.13555486872338,0.4291498356562352,223.11247969198823,29.041120178132147
88,4,0.12289990929922381,52.13555486872338,0.4729983012379811,154.6857058919779,25.978938676863052
88,5,0.12289990929922381,52.13555486872338,0.6246031652870943,139.05552110313548,21.84961153557432
88,6,0.12289990929922381,52.13555486872338,0.5922387147399243,139.66789607788596,21.568158250457955
88,7,0.12289990929922381,52.13555486872338,0.5283877678949842,153.49158276582688,16.63225962502105
88,8,0.12289990929922381,52.13555486872338,0.5584444670056965,296.88588641107765,13.072025445579586
88,9,0.12289990929922381,52.13555486872338,0.48288351522249645,341.2578226432484,12.366330679721681
88,10,0.12289990929922381,52.13555486872338,0.5726265699634827,392.22028166576104,12.744554194230853
88,11,0.12289990929922381,52.13555486872338,0.49582274877175775,380.7409604594897,16.00896998610117
89,0,0.08314066787101816,52.08405524501674,0.5547417103913197,382.37825472319173,18.612371253490913
89,1,0.08314066787101816,52.08405524501674,0.5546121883858838,336.67397654186067,23.953944216342954
89,2,0.08314066787101816,52.08405524501674,0.28118987808266016,387.24510000829576,26.112753245154984
89,3,0.08314066787101816,52.08405524501674,0.32818007673551086,259.9705151637098,26.468138465737233
89,4,0.08314066787101816,52.08405524501674,0.23556834939030918,99.04817568381748,26.453784392494736
89,5,0.08314066787101816,52.08405524501674,0.2533490947306075,105.83058816949247,23.014671266153606
89,6,0.08314066787101816,52.08405524501674,0.4490647219957864,125.38348777389245,21.950386459418063
89,7,0.08314066787101816,52.08405524501674,0.4777120580528166,224.60696576503645,16.222570959989287
89,8,0.08314066787101816,52.08405524501674,0.607229103831914,279.57479463156074,14.051501780433258
89,9,0.08314066787101816,52.08405524501674,0.718352153175047,321.82908722335935,11.196749976320612
89,10,0.08314066787101816,52.08405524501674,0.4511962623316278,379.87649962513404,12.24814014234711
89,11,0.08314066787101816,52.08405524501674,0.6276931683158629,329.74873629630014,16.887118253130037
90,0,0.04684837892993586,51.99561411422967,0.6404318460370317,299.22037830051374,19.302873975171515
90,1,0.04684837892993586,51.99561411422967,0.5631159562784763,381.73044089261987,23.21980098792278
90,2,0.04684837892993586,51.99561411422967,0.31140442084774417,425.95825417844185,26.166175918494343
90,3,0.04684837892993586,51.99561411422967,0.3805220771236542,252.053350305748,27.650640682420065
90,4,0.04684837892993586,51.99561411422967,0.3936625282213605,141.62150295497025,27.884542051288562
90,5,0.04684837892993586,51.99561411422967,0.5376886324162408,120.79636682033156,23.180727849854453
90,6,0.04684837892993586,51.99561411422967,0.6397242919499199,135.76287866810765,19.868033553274312
90,7,0.04684837892993586,51.99561411422967,0.3784286741385917,166.40485431291268,15.230461833559353
90,8,0.04684837892993586,51.99561411422967,0.43383858448620044,320.2557287723918,12.58281872954184
90,9,0.04684837892993586,51.99561411422967,0.4894309163482738,363.9318403043257,12.677725749108019
90,10,0.04684837892993586,51.99561411422967,0.5395621453091748,377.9389234287705,13.31335753220527
90,11,0.04684837892993586,51.99561411422967,0.41845189990245263,357.57093723595654,15.469439960891012
91,0,0.1470959361727467,52.961015062128276,0.6184074590417963,376.244982927313,22.9630149659357
91,1,0.1470959361727467,52.961015062128276,0.5448510937120778,245.8533739949606,25.662309002437453
91,2,0.1470959361727467,52.961015062128276,0.6243055370327683,349.5254436063962,27.603134421410733
91,3,0.1470959361727467,52.961015062128276,0.4016440821085055,219.8718836021675,27.518921960280444
91,4,0.1470959361727467,52.961015062128276,0.5862493648006515,150.70870437351996,27.1560229378994
91,5,0.1470959361727467,52.961015062128276,0.38575772051938717,127.5698972946833,23.434728923474445
91,6,0.1470959361727467,52.961015062128276,0.5764516900767103,127.13613004639497,19.844987702962634
91,7,0.1470959361727467,52.961015062128276,0.5529047680707695,155.1974024409013,16.135414723300393
91,8,0.1470959361727467,52.961015062128276,0.5797270929800598,343.9442696511126,13.469178034041372
91,9,0.1470959361727467,52.961015062128276,0.5840137382197276,356.2827829482119,11.564183520265212
91,10,0.1470959361727467,52.961015062128276,0.5691627100564177,373.3959624876305,12.723925018531782
91,11,0.1470959361727467,52.961015062128276,0.46226400072652873,345.2252051488583,16.25738633022677
92,0,0.0845883586240196,52.04746060678204,0.6883932630849259,344.2557716786909,21.018199188394757
92,1,0.0845883586240196,52.04746060678204,0.33341358833156853,438.9990045259238,24.93047943683466
92,2,0.0845883586240196,52.04746060678204,0.6343268314067652,375.1313884842955,27.666515721250697
92,3,0.0845883586240196,52.04746060678204,0.5188021320975851,254.69111992633574,27.303741160855957
92,4,0.0845883586240196,52.04746060678204,0.4667969981710361,137.8453139817785,25.235592609370393
92,5,0.0845883586240196,52.04746060678204,0.38973288290668867,115.14011955198788,24.438587862502523
92,6,0.0845883586240196,52.04746060678204,0.446722817132274,159.6321533332797,21.09142814193175
92,7,0.0845883586240196,52.04746060678204,0.44538027349107834,112.79127124348177,15.667443765001352
92,8,0.0845883586240196,52.04746060678204,0.255859292853726,329.4128791895366,13.850688405231876
92,9,0.0845883586240196,52.04746060678204,0.5356139281633153,315.7178748347922,10.097541378745568
92,10,0.0845883586240196,52.04746060678204,0.33255077427969604,370.4392685837999,12.588196801018597
92,11,0.0845883586240196,52.04746060678204,0.4107660510982372,345.5931589256383,16.781360604292725
93,0,0.12601625003945605,52.133513926228126,0.3347371002075728,299.5166048490213,20.261145420016828
93,1,0.12601625003945605,52.133513926228126,0.7065074141489317,445.4086765957228,24.16624849679884
93,2,0.12601625003945605,52.133513926228126,0.5008704335710656,341.57418517625047,26.43869497050047
93,3,0.12601625003945605,52.133513926228126,0.550727532826427,226.53104687296877,29.976347421263885
93,4,0.12601625003945605,52.133513926228126,0.5134913673537409,140.16317461948975,27.893612748479608
93,5,0.12601625003945605,52.133513926228126,0.5152195010676796,123.1146709367418,25.281978905791245
93,6,0.12601625003945605,52.133513926228126,0.4908714900102115,128.69970521561444,18.943159775303393
93,7,0.12601625003945605,52.133513926228126,0.4085260077026932,203.01769898062977,15.971656771375066
93,8,0.12601625003945605,52.133513926228126,0.6709255107277332,230.83391199410715,12.168365398372769
93,9,0.12601625003945605,52.133513926228126,0.5667397857745875,369.6586390876446,11.642122336151047
93,10,0.12601625003945605,52.133513926228126,0.38078165919894685,343.11218155763225,13.57184168937084
93,11,0.12601625003945605,52.133513926228126,0.5380670948942723,310.7557586603721,16.38966387648266
94,0,0.23006116918001207,51.91886786732065,0.42876918653636753,411.6369939516909,19.1863417164412
94,1,0.23006116918001207,51.91886786732065,0.3671089799796624,413.25405067763757,20.84345108997953
94,2,0.23006116918001207,51.91886786732065,0.340059289674968,429.6163253619533,25.449339240179164
94,3,0.23006116918001207,51.91886786732065,0.4542073494757368,246.5434247899037,28.027370620608433
94,4,0.23006116918001207,51.91886786732065,0.34353853626614805,132.93616621097098,25.887700596200947
94,5,0.23006116918001207,51.91886786732065,0.40892843713692195,136.5804386109968,24.307252393786708
94,6,0.23006116918001207,51.91886786732065,0.48188563597086953,89.3689106359536,19.025276080006964
94,7,0.23006116918001207,51.91886786732065,0.35724908758487317,198.86147332561612,16.449877790229337
94,8,0.23006116918001207,51.91886786732065,0.45581105229321867,288.35801595999675,13.034549978654077
94,9,0.23006116918001207,51.91886786732065,0.404908675266734,308.4850954278734,11.535384524671978
94,10,0.23006116918001207,51.91886786732065,0.6609255188502922,441.5417518944605,13.481420234749702
94,11,0.23006116918001207,51.91886786732065,0.48328285136104593,380.7819791860617,15.881182320837155
95,0,0.14882116472593548,52.39834800783125,0.6395541503914058,311.26028689755736,20.917896027509016
95,1,0.14882116472593548,52.39834800783125,0.6083215340435313,403.0962775653,23.84373391844074
95,2,0.14882116472593548,52.39834800783125,0.5915892854868312,304.1242040442702,25.910696205601035
95,3,0.14882116472593548,52.39834800783125,0.43721746938552863,216.92989163592887,27.774734095038436
95,4,0.14882116472593548,52.39834800783125,0.4726572097765566,189.4590978982823,28.063492861905438
95,5,0.14882116472593548,52.39834800783125,0.6208564861906551,148.4849548266179,24.328352695826773
95,6,0.14882116472593548,52.39834800783125,0.596423129343633,152.06659822398103,19.90933346871751
95,7,0.14882116472593548,52.39834800783125,0.4039032873951931,266.0223617428547,15.631368681702794
95,8,0.14882116472593548,52.39834800783125,0.22107550371158902,284.9093198154511,10.83902606731459
95,9,0.14882116472593548,52.39834800783125,0.50621161042806,352.950004931152,12.277205104541373
95,10,0.14882116472593548,52.39834800783125,0.4283994849241985,388.4582423267386,11.008309887718298
95,11,0.14882116472593548,52.39834800783125,0.5296562428037251,367.2563880705201,15.40802502478011
96,0,0.16985814823548043,52.343812110110285,0.5970891915759287,376.2914694503061,20.317963027257374
96,1,0.16985814823548043,52.343812110110285,0.5710581625041448,367.5175415305219,24.937320322050944
96,2,0.16985814823548043,52.343812110110285,0.4582193031583091,370.4832352325451,27.431435416367528
96,3,0.16985814823548043,52.343812110110285,0.2859589267758056,239.84174915746237,29.221067061842152
96,4,0.16985814823548043,52.343812110110285,0.6135021342700119,117.68473626141834,25.869552199776727
96,5,0.16985814823548043,52.343812110110285,0.5573503439366774,101.59157489803052,22.971723968228726
96,6,0.16985814823548043,52.343812110110285,0.4524543647279074,149.36288005630337,20.143326862327733
96,7,0.16985814823548043,52.343812110110285,0.5109902220691682,175.61629526236985,15.603176192532121
96,8,0.16985814823548043,52.343812110110285,0.5039146499826449,292.0136480465363,12.970170575675233
96,9,0.16985814823548043,52.343812110110285,0.4861098186090413,345.7969874774448,13.652240642047676
96,10,0.16985814823548043,52.343812110110285,0.48442201229640774,306.8290312623957,11.522242683905155
96,11,0.16985814823548043,52.343812110110285,0.5257480740733244,332.10625129792857,16.094364079097193
97,0,0.27555388832863065,52.040135710397834,0.448800511062879,438.59470142242697,20.19260239774543
97,1,0.27555388832863065,52.040135710397834,0.4874740231614334,369.33977426292967,24.7438626481367
97,2,0.27555388832863065,52.040135710397834,0.5162909779828024,402.13604264848294,26.674913594808686
97,3,0.27555388832863065,52.040135710397834,0.4057444405028059,257.2093605284639,28.26888961317084
97,4,0.27555388832863065,52.040135710397834,0.43388891280570246,177.8448257756107,26.140367917023646
97,5,0.27555388832863065,52.040135710397834,0.35467820259270366,100.67779416616743,23.651036958261546
97,6,0.27555388832863065,52.040135710397834,0.6445095899808788,153.43352224194794,21.71029945257184
97,7,0.27555388832863065,52.040135710397834,0.45599684758706377,152.93849447804652,16.176038313721563
97,8,0.27555388832863065,52.040135710397834,0.6709202428943819,391.76419157751775,12.787984597656624
97,9,0.27555388832863065,52.040135710397834,0.3446187486640715,440.4727416239193,12.291627774723972
97,10,0.27555388832863065,52.040135710397834,0.5950833881394889,462.7591692254903,13.932940904042702
97,11,0.27555388832863065,52.040135710397834,0.6191871328679273,378.67962447828256,14.224067496934826
98,0,0.10221773059602954,52.41371003670027,0.5663300317457207,276.79548770248886,20.76247249716867
98,1,0.10221773059602954,52.41371003670027,0.5739610057442096,407.4391009594624,24.477545837844378
98,2,0.10221773059602954,52.41371003670027,0.6716621953059964,289.63900796653235,26.61904400917565
98,3,0.10221773059602954,52.41371003670027,0.6879183712712467,208.58131391677298,26.546361637262013
98,4,0.10221773059602954,52.41371003670027,0.39048291484167597,165.13565719810362,26.462204475359506
98,5,0.10221773059602954,52.41371003670027,0.3111932250164931,123.23150669518205,24.042348229506967
98,6,0.10221773059602954,52.41371003670027,0.3078774747060431,133.09355893969783,21.494474243996372
98,7,0.10221773059602954,52.41371003670027,0.45062783507513043,142.27994454872783,16.87221505174986
98,8,0.10221773059602954,52.41371003670027,0.4341696498747638,307.0073394942876,13.06147465026345
98,9,0.10221773059602954,52.41371003670027,0.44897734280580814,356.2925189561136,12.025169977866724
98,10,0.10221773059602954,52.41371003670027,0.4443439284483853,496.70923548747066,13.039929021955661
98,11,0.10221773059602954,52.41371003670027,0.502886001388458,381.0187347676359,14.74233055743946
99,0,0.1256232600774265,52.25231248330779,0.4932580739391844,341.3141200838926,19.072401950199854
99,1,0.1256232600774265,52.25231248330779,0.5460157885033634,321.393509122547,24.59682132576322
99,2,0.1256232600774265,52.25231248330779,0.3722427012927424,442.67617478843397,28.50452872538276
99,3,0.1256232600774265,52.25231248330779,0.4809672400977562,218.44862019484182,27.241877782824677
99,4,0.1256232600774265,52.25231248330779,0.5439226863094807,139.40265093519247,26.489554372350984
99,5,0.1256232600774265,52.25231248330779,0.6806492198226446,101.78295519301545,25.26561935142646
99,6,0.1256232600774265,52.25231248330779,0.5548391860052585,153.01539817676158,19.522745594025157
99,7,0.1256232600774265,52.25231248330779,0.4678306519713833,176.7264742403033,16.25010980703868
99,8,0.1256232600774265,52.25231248330779,0.5489463025660396,258.6144072344433,12.428585618412308
99,9,0.1256232600774265,52.25231248330779,0.5887309165361494,383.1818606477593,12.264140347617058
99,10,0.1256232600774265,52.25231248330779,0.5179729610805378,401.2282526407056,12.49764576450712
99,11,0.1256232600774265,52.25231248330779,0.48354914821614786,438.1963567781524,15.637792102727243
100,0,0.10393291082988454,51.488632900176086,0.44748992556222794,335.195779936046,20.597406059951645
100,1,0.10393291082988454,51.488632900176086,0.36816679517504747,457.8975788310427,24.326288893005184
100,2,0.10393291082988454,51.488632900176086,0.5394174319883678,386.34454487380174,26.90152021270999
100,3,0.10393291082988454,51.488632900176086,0.37090354389824476,294.9325362866485,28.216037758973528
100,4,0.10393291082988454,51.488632900176086,0.5181176543577908,156.3486124408585,25.832255543483583
100,5,0.10393291082988454,51.488632900176086,0.40530556026769204,113.20377250410264,24.753711071345307
100,6,0.10393291082988454,51.488632900176086,0.4285804412758105,114.23059583297787,19.768621998327145
100,7,0.10393291082988454,51.488632900176086,0.5285171318481366,219.42081226250102,15.443988180589178
100,8,0.10393291082988454,51.488632900176086,0.5674044912435109,275.7920808075544,14.778870099964816
100,9,0.10393291082988454,51.488632900176086,0.5153341382930264,409.94262158325796,13.062285777296648
100,10,0.10393291082988454,51.488632900176086,0.480076167865881,440.17519213732203,12.317644366566723
100,11,0.10393291082988454,51.488632900176086,0.5129101363588819,411.83922008168656,16.26714845433237
101,0,0.13604491540167726,51.50217605011859,0.6325567215101209,368.95812686387103,19.710426700485783
101,1,0.13604491540167726,51.50217605011859,0.3846171001238517,368.9886347219171,24.56517665395358
101,2,0.13604491540167726,51.50217605011859,0.6916952367848832,346.34750726010026,25.88904211624241
101,3,0.13604491540167726,51.50217605011859,0.6170628582166099,192.71223599095407,29.597291932467105
101,4,0.13604491540167726,51.50217605011859,0.4912493874221932,131.26069830484084,24.627687553496642
101,5,0.13604491540167726,51.50217605011859,0.6232617373296649,119.38895843943806,25.395303107236753
101,6,0.13604491540167726,51.50217605011859,0.5146629782370937,127.24466420961257,20.014033842425384
101,7,0.13604491540167726,51.50217605011859,0.5109259170225116,131.32961734656362,16.994523111690672
101,8,0.13604491540167726,51.50217605011859,0.6375340136604343,268.8385000433111,12.69902834861832
101,9,0.13604491540167726,51.50217605011859,0.5890814554737529,344.85602646480027,12.314032594408165
101,10,0.13604491540167726,51.50217605011859,0.35782780274042064,510.2082655253136,12.051113846729729
101,11,0.13604491540167726,51.50217605011859,0.48741257542942745,334.8533359643647,15.434580422655518
102,0,0.024319291699488127,51.61963824550012,0.5870576272150824,401.6382028297904,19.864055595245258
102,1,0.024319291699488127,51.61963824550012,0.31547395225497393,367.1945149285525,24.066770272495663
102,2,0.024319291699488127,51.61963824550012,0.47408660726618895,388.2059690749152,26.449161002141224
102,3,0.024319291699488127,51.61963824550012,0.24108997637824653,276.90286153773724,27.90087122590163
102,4,0.024319291699488127,51.61963824550012,0.6407142322879916,142.42743790985318,27.75554402002084
102,5,0.024319291699488127,51.61963824550012,0.5132732181244983,140.30889697015152,24.251173834210263
102,6,0.024319291699488127,51.61963824550012,0.548997455800567,163.08134441386076,20.297619746971524
102,7,0.024319291699488127,51.61963824550012,0.555536198422147,123.95584994117664,15.233785901919118
102,8,0.024319291699488127,51.61963824550012,0.5723754990712179,279.6872387979191,14.270068255876986
102,9,0.024319291699488127,51.61963824550012,0.37430299042743265,460.1121919968,12.353492166410742
102,10,0.024319291699488127,51.61963824550012,0.5996517539056619,431.26639860193535,13.774324612269035
102,11,0.024319291699488127,51.61963824550012,0.42006823707842017,317.33995048218713,15.83909487545084
103,0,0.08467259965305717,52.04850668404571,0.4717169419113462,237.4711904536387,22.309103121822353
103,1,0.08467259965305717,52.04850668404571,0.7018447834383966,360.5016173772116,23.53631771356667
103,2,0.08467259965305717,52.04850668404571,0.4132866574397914,319.87470182702566,27.611091763672846
103,3,0.08467259965305717,52.04850668404571,0.5516109067068138,297.9757188623052,29.686152411471973
103,4,0.08467259965305717,52.04850668404571,0.6039636174381351,153.97060735873032,28.04718445967877
103,5,0.08467259965305717,52.04850668404571,0.41031655580047877,111.80420071628988,23.811129895941765
103,6,0.08467259965305717,52.04850668404571,0.5104297664348385,132.05669144708608,20.86902035598322
103,7,0.08467259965305717,52.04850668404571,0.4973416592671188,141.03481317361536,15.938262623581947
103,8,0.08467259965305717,52.04850668404571,0.5388910101964406,331.81291552634247,12.21394458508708
103,9,0.08467259965305717,52.04850668404571,0.6128792819455293,355.20603183173347,12.26448560883139
103,10,0.08467259965305717,52.04850668404571,0.5654287401097716,385.8815469358275,10.429946839675885
103,11,0.08467259965305717,52.04850668404571,0.5578253410854509,491.1465859591682,17.262319308071
104,0,0.11411225212591451,51.69916539014787,0.31173190457378885,298.21708554548775,20.015482481986528
104,1,0.11411225212591451,51.69916539014787,0.49048548520181146,364.81585497797687,24.137615138528396
104,2,0.11411225212591451,51.69916539014787,0.6209058958880759,435.3224967399608,27.375517815066825
104,3,0.11411225212591451,51.69916539014787,0.47742136300757865,241.87834763409975,30.283269481542437
104,4,0.11411225212591451,51.69916539014787,0.4840570591413591,137.07352992719686,26.81881076177643
104,5,0.11411225212591451,51.69916539014787,0.5657295447194306,130.6485518176401,23.053505445814316
104,6,0.11411225212591451,51.69916539014787,0.4849848762085361,123.06448778217543,20.05533532145688
104,7,0.11411225212591451,51.69916539014787,0.4883362648045825,166.8620587505305,17.71501721582843
104,8,0.11411225212591451,51.69916539014787,0.5221449449746299,332.7419797457839,12.783203992736956
104,9,0.11411225212591451,51.69916539014787,0.3701086483372417,294.21055491535105,11.980959183087146
104,10,0.11411225212591451,51.69916539014787,0.5215460738425047,354.35610150931143,11.891120772837166
104,11,0.11411225212591451,51.69916539014787,0.3308829702528868,354.50720602249237,17.869963044451136
105,0,0.11190303060082854,51.36240100392683,0.44293017309989097,335.55572116255695,22.57831335667303
105,1,0.11190303060082854,51.36240100392683,0.3246035724662203,414.36203507129375,24.498066502350422
105,2,0.11190303060082854,51.36240100392683,0.39467396149694456,403.32068572460497,27.73368746422219
105,3,0.11190303060082854,51.36240100392683,0.4100713692231196,249.77819149023537,29.778668754603657
105,4,0.11190303060082854,51.36240100392683,0.6029031583688492,163.83133730839097,27.00607025369704
105,5,0.11190303060082854,51.36240100392683,0.5930713121977838,147.1415539954733,24.075362476547618
105,6,0.11190303060082854,51.36240100392683,0.47485795508660705,145.00944636173756,17.927044199041386
105,7,0.11190303060082854,51.36240100392683,0.4600075872799889,198.7444432537542,15.907115349970054
105,8,0.11190303060082854,51.36240100392683,0.5673328618761603,295.9092069386246,13.102700449662438
105,9,0.11190303060082854,51.36240100392683,0.3446511416447485,422.05678984104503,13.266345215043495
105,10,0.11190303060082854,51.36240100392683,0.5473311571612356,389.2968704381965,14.13296497196971
105,11,0.11190303060082854,51.36240100392683,0.4376271799024735,354.48491275653873,15.60381189023618
106,0,0.05503929415989326,51.74881269961937,0.5981147239631739,441.50419980994553,18.94651939843969
106,1,0.05503929415989326,51.74881269961937,0.571256797346818,446.3880167970098,23.658633561602837
106,2,0.05503929415989326,51.74881269961937,0.46239133706837743,357.4235202726236,26.92387226254012
106,3,0.05503929415989326,51.74881269961937,0.5209157998858471,293.8005168659027,28.086889468379514
106,4,0.05503929415989326,51.74881269961937,0.4419777862810956,134.6073335420682,26.96883375293013
106,5,0.05503929415989326,51.74881269961937,0.314261692292704,136.6273219902728,24.367734766265354
106,6,0.05503929415989326,51.74881269961937,0.6969025581940981,131.66586042114676,18.201809218304195
106,7,0.05503929415989326,51.74881269961937,0.5794012441603288,188.46905413259478,15.578508699769031
106,8,0.05503929415989326,51.74881269961937,0.5596203699107545,275.3082955080691,12.738169893383201
106,9,0.05503929415989326,51.74881269961937,0.45062245787710464,395.90047954224264,13.336815368280334
106,10,0.05503929415989326,51.74881269961937,0.45799311888148414,421.82298232472965,13.117450451149862
106,11,0.05503929415989326,51.74881269961937,0.402821045936783,329.32104421964647,15.248437888719467
107,0,0.13616001463546115,51.97837298035509,0.6260409755869804,341.6079513857316,18.98085990545903
107,1,0.13616001463546115,51.97837298035509,0.3910728895233184,465.47785306195703,23.78005093113981
107,2,0.13616001463546115,51.97837298035509,0.4551927081773305,409.55357786328574,26.388391342807722
107,3,0.13616001463546115,51.97837298035509,0.43633370932158866,150.5335874485174,27.358591827038758
107,4,0.13616001463546115,51.97837298035509,0.31361479170937895,147.57252553399118,28.743874273239605
107,5,0.13616001463546115,51.97837298035509,0.36537535795952003,141.0478542545706,24.151959824692582
107,6,0.13616001463546115,51.97837298035509,0.7092520197937291,145.38360427871757,19.978513480352362
107,7,0.13616001463546115,51.97837298035509,0.5709339425228093,150.31261225840893,15.508640504930488
107,8,0.13616001463546115,51.97837298035509,0.40470195940298354,204.72994791475284,12.94854679279531
107,9,0.13616001463546115,51.97837298035509,0.4323044399242476,404.37590678922686,11.734138383768945
107,10,0.13616001463546115,51.97837298035509,0.6676842952168692,418.65426094537924,11.945576192140363
107,11,0.13616001463546115,51.97837298035509,0.5037303047492375,392.51270317069077,16.651452509513557
108,0,0.06005398286088973,51.957827782771105,0.3613076105498188,372.3421126567277,19.963491691997618
108,1,0.06005398286088973,51.957827782771105,0.3561799414267305,395.5439082320387,22.615122081957733
108,2,0.06005398286088973,51.957827782771105,0.6264411327995725,445.98709546261574,28.137621131205137
108,3,0.06005398286088973,51.957827782771105,0.5456890052515403,280.9402246513872,26.91951965791756
108,4,0.06005398286088973,51.957827782771105,0.6447941983850624,180.71355713255483,27.606633496389932
108,5,0.06005398286088973,51.957827782771105,0.47148513606563947,112.35037747162329,23.848152416384167
108,6,0.06005398286088973,51.957827782771105,0.3482926427761749,129.06412218546967,20.479537006402474
108,7,0.06005398286088973,51.957827782771105,0.45804657855296366,183.09078592474933,15.53550438357649
108,8,0.06005398286088973,51.957827782771105,0.5683750203343968,349.6907449396384,12.186652071568563
108,9,0.06005398286088973,51.957827782771105,0.6185066725883818,476.2429974225161,11.184616402948228
108,10,0.06005398286088973,51.957827782771105,0.6127212394768925,460.7779977633032,12.57512089032914
108,11,0.06005398286088973,51.957827782771105,0.5924600929405368,180.9653339859026,16.831092038012628
109,0,0.0556388173609033,52.043930772086696,0.39294450232514,400.0446682648518,21.942301854063253
109,1,0.0556388173609033,52.043930772086696,0.6003548241405103,375.4269144970163,23.06630009943498
109,2,0.0556388173609033,52.043930772086696,0.4998679446829621,383.94486601953895,27.913813570303528
109,3,0.0556388173609033,52.043930772086696,0.47467025034610916,287.9107279952655,26.40348179296414
109,4,0.0556388173609033,52.043930772086696,0.47794139510648576,159.47411649517755,25.1018588940175
109,5,0.0556388173609033,52.043930772086696,0.6386580105314518,130.60164195137196,24.14658867075937
109,6,0.0556388173609033,52.043930772086696,0.6502675585116896,166.8104438921891,18.717734989451916
109,7,0.0556388173609033,52.043930772086696,0.5104150096963629,204.7667522524147,15.82520194484389
109,8,0.0556388173609033,52.043930772086696,0.6086768712999903,272.572051525725,13.405934951799598
109,9,0.0556388173609033,52.043930772086696,0.33984773025974424,306.80574202223823,11.047434411008934
109,10,0.0556388173609033,52.043930772086696,0.4904387155862215,474.7438290657002,11.07840864305118
109,11,0.0556388173609033,52.043930772086696,0.27881848515071644,392.15420142635253,15.67075301414096
110,0,0.11132297848382018,51.92290890136751,0.5385793916412276,355.5971799143048,18.19200000746498
110,1,0.11132297848382018,51.92290890136751,0.6076631359323641,414.6472306422635,25.60063620739972
110,2,0.11132297848382018,51.92290890136751,0.6087317866899983,407.7612629307612,25.149722092886623
110,3,0.11132297848382018,51.92290890136751,0.5890114020411882,209.6777625133585,27.61124502217907
110,4,0.11132297848382018,51.92290890136751,0.5970228554656793,134.1969141688137,26.682844206694313
110,5,0.11132297848382018,51.92290890136751,0.3443074135707755,113.63412010422826,24.72127375388767
110,6,0.11132297848382018,51.92290890136751,0.4557464748870027,139.18666458031177,19.892749632621303
110,7,0.11132297848382018,51.92290890136751,0.6575994097845277,149.74148161136745,16.612884017016274
110,8,0.11132297848382018,51.92290890136751,0.4621242500120091,295.0741346954217,14.256079388898456
110,9,0.11132297848382018,51.92290890136751,0.44678692631483774,369.33778729468776,14.658153209301677
110,10,0.11132297848382018,51.92290890136751,0.6000250806786207,522.4962247753493,12.715088048489156
110,11,0.11132297848382018,51.92290890136751,0.5986276221617257,376.3357485802648,15.529674448117495
111,0,0.18604319526038895,52.05914238020325,0.4878624484096715,314.55477734976427,20.692382750347956
111,1,0.18604319526038895,52.05914238020325,0.4606518936276126,413.1566156069533,22.830757599429912
111,2,0.18604319526038895,52.05914238020325,0.5356186767640103,366.48779763335915,27.887542815384702
111,3,0.18604319526038895,52.05914238020325,0.5909786888897808,251.2293015387005,27.564061798115485
111,4,0.18604319526038895,52.05914238020325,0.4190372062109711,176.48632117084298,27.1622203395167
111,5,0.18604319526038895,52.05914238020325,0.6612065556932255,112.15553827276071,22.993447573240353
111,6,0.18604319526038895,52.05914238020325,0.47609872859458613,119.21642850552186,20.150441583943223
111,7,0.18604319526038895,52.05914238020325,0.4401563977481096,161.23239087896425,15.082821608952568
111,8,0.18604319526038895,52.05914238020325,0.558101146755028,300.8184050542954,12.063319433050534
111,9,0.18604319526038895,52.05914238020325,0.3295277899387896,364.47273175488823,14.112180660768704
111,10,0.18604319526038895,52.05914238020325,0.59548553840383,376.39918764546513,12.798122140400263
111,11,0.18604319526038895,52.05914238020325,0.6590357520487543,418.4185241324632,15.718926570578423
112,0,0.04857612395607706,51.908233802438076,0.5599290863365564,354.98423463647293,21.281904839823962
112,1,0.04857612395607706,51.908233802438076,0.46684820626718726,407.9396651169299,24.07538663622322
112,2,0.04857612395607706,51.908233802438076,0.48890372765349843,356.36331292730443,26.878352580747766
112,3,0.04857612395607706,51.908233802438076,0.3626119126694355,238.37155980458544,26.35834936373883
112,4,0.04857612395607706,51.908233802438076,0.46665155729317637,177.81823278098145,25.639676702922415
112,5,0.04857612395607706,51.908233802438076,0.5515772202036888,147.71322020076178,22.660594122333684
112,6,0.04857612395607706,51.908233802438076,0.5959281407501015,130.4491210977524,21.007402045936832
112,7,0.04857612395607706,51.908233802438076,0.4827850190251772,163.58849711078366,16.5287320276306
112,8,0.04857612395607706,51.908233802438076,0.5692580297806903,203.38975201958687,11.432083318146788
112,9,0.04857612395607706,51.908233802438076,0.5878569929428228,421.22579945861867,12.623270225577192
112,10,0.04857612395607706,51.908233802438076,0.5869387906741727,412.6145161795627,14.00588020847371
112,11,0.04857612395607706,51.908233802438076,0.42358295403317026,462.7734280248902,15.128701122572773
113,0,0.10020699970207625,51.67117899217426,0.513683649192865,398.54105988511185,20.141938463358088
113,1,0.10020699970207625,51.67117899217426,0.4386948040923098,324.2080178987742,22.648495537007367
113,2,0.10020699970207625,51.67117899217426,0.4844384616181957,355.4023428808641,25.636664036535418
113,3,0.10020699970207625,51.67117899217426,0.4865231402103122,321.7695197123844,27.088819522563917
113,4,0.10020699970207625,51.67117899217426,0.527035978918084,107.51127757151013,26.845224032020003
113,5,0.10020699970207625,51.67117899217426,0.6778007287878481,135.1588032314186,23.627842933145775
113,6,0.10020699970207625,51.67117899217426,0.3450998394949656,148.6583226144871,20.05099754901897
113,7,0.10020699970207625,51.67117899217426,0.517031641439958,203.26263342827295,15.24400090368247
113,8,0.10020699970207625,51.67117899217426,0.5159764027572364,259.638246585283,12.279334870571146
113,9,0.10020699970207625,51.67117899217426,0.43684860949030235,307.2641124117432,12.07065436053955
113,10,0.10020699970207625,51.67117899217426,0.45598802159087864,365.8843693905937,12.815215154948175
113,11,0.10020699970207625,51.67117899217426,0.47589346542211003,417.01809402755805,17.777677441282435
114,0,0.07607671770030112,51.455086122094684,0.5380831275276529,452.8909146765553,20.460297197599868
114,1,0.07607671770030112,51.455086122094684,0.48041994102992003,428.9505576486881,23.200684076979602
114,2,0.07607671770030112,51.455086122094684,0.4657658485225401,437.92614845321253,26.73051596254248
114,3,0.07607671770030112,51.455086122094684,0.5469228071929851,280.538943645722,26.732204598171702
114,4,0.07607671770030112,51.455086122094684,0.4357044203244833,151.04522756710574,26.314513964481428
114,5,0.07607671770030112,51.455086122094684,0.3978958527474432,111.02754405117724,23.56192608043631
114,6,0.07607671770030112,51.455086122094684,0.48851644695011737,134.60693568058414,19.407006309243204
114,7,0.07607671770030112,51.455086122094684,0.44163950793557216,212.29810182313634,15.551508782556542
114,8,0.07607671770030112,51.455086122094684,0.46627985888448614,280.8685132167161,13.455983990221837
114,9,0.07607671770030112,51.455086122094684,0.49413647583420434,388.53622307314924,11.206215188496055
114,10,0.07607671770030112,51.455086122094684,0.4189173947941115,423.9050579802385,14.13975299726113
114,11,0.07607671770030112,51.455086122094684,0.5543470642713069,406.8473612286913,15.526601317423712
115,0,0.07184401566021756,51.9593116630342,0.47418647763360305,313.31845869743574,19.52381243241819
115,1,0.07184401566021756,51.9593116630342,0.5668194456191163,404.03202053065456,24.60870862948744
115,2,0.07184401566021756,51.9593116630342,0.6096819097560986,395.8153325847914,27.64040438508146
115,3,0.07184401566021756,51.9593116630342,0.5583484952374821,230.23983025099892,26.940492644556613
115,4,0.07184401566021756,51.9593116630342,0.5298366140087525,145.79684164571518,26.680087662271323
115,5,0.07184401566021756,51.9593116630342,0.540121840172025,149.82244509403162,23.401236242914248
115,6,0.07184401566021756,51.9593116630342,0.5526936996667211,124.16795526364626,18.98369383380805
115,7,0.07184401566021756,51.9593116630342,0.5498192156037374,147.87977033751903,15.860806167507057
115,8,0.07184401566021756,51.9593116630342,0.4778833785886671,263.86884750169565,15.661432062819479
115,9,0.07184401566021756,51.9593116630342,0.4215109473306706,321.9066905296534,12.429969375784525
115,10,0.07184401566021756,51.9593116630342,0.5054346279056298,386.54956269931233,13.219222751461048
115,11,0.07184401566021756,51.9593116630342,0.6313484042688735,434.60296172619945,14.837708428736207
116,0,0.1317265749612366,52.19481169065484,0.6537052826695953,331.4887247953941,20.56150709961888
116,1,0.1317265749612366,52.19481169065484,0.5861632406930058,322.74568338794586,22.887978151102544
116,2,0.1317265749612366,52.19481169065484,0.5979094207738931,403.4550156288062,27.245341939523403
116,3,0.1317265749612366,52.19481169065484,0.40717915494697476,227.73286609324657,26.883935783117717
116,4,0.1317265749612366,52.19481169065484,0.5136299097629319,150.01013495917135,27.357714708318905
116,5,0.1317265749612366,52.19481169065484,0.3028297720252321,122.81656197235331,25.292989532355488
116,6,0.1317265749612366,52.19481169065484,0.34953933025810047,147.7002393492072,19.338336216801466
116,7,0.1317265749612366,52.19481169065484,0.8557865293430342,191.11344667033265,15.440814699075625
116,8,0.1317265749612366,52.19481169065484,0.5557914180702783,243.50601976063052,10.5947974995345
116,9,0.1317265749612366,52.19481169065484,0.523914306384401,256.846300239729,13.963199749881253
116,10,0.1317265749612366,52.19481169065484,0.42138218392506593,382.5277683880542,13.825554806167357
116,11,0.1317265749612366,52.19481169065484,0.6086116153802623,457.330136047913,15.516453282555478
117,0,0.07758399596571282,51.739801419222516,0.557958727923027,360.95125184452615,19.99938332901256
117,1,0.07758399596571282,51.739801419222516,0.543701191538421,412.3550756898394,25.556182438886964
117,2,0.07758399596571282,51.739801419222516,0.3557241918136664,313.0615120375912,27.267415820935426
117,3,0.07758399596571282,51.739801419222516,0.4445314114251786,152.30008524318347,29.162862649809004
117,4,0.07758399596571282,51.739801419222516,0.6199559357878711,134.59587779118735,27.969518209131113
117,5,0.07758399596571282,51.739801419222516,0.4806718391575774,110.29301911345365,25.594066537420517
117,6,0.07758399596571282,51.739801419222516,0.6565399599394035,158.9236260666849,20.129148080208108
117,7,0.07758399596571282,51.739801419222516,0.4744065347047465,210.96878928980274,15.593204982959607
117,8,0.07758399596571282,51.739801419222516,0.5185639871855913,317.8647864534285,12.107053748024596
117,9,0.07758399596571282,51.739801419222516,0.48727596317969035,352.4212803516244,12.105662505668384
117,10,0.07758399596571282,51.739801419222516,0.6830139419550051,444.3195949947743,13.60606528537818
117,11,0.07758399596571282,51.739801419222516,0.37931966591383076,268.1544827411695,18.33176751025913
118,0,0.11224649836376839,51.75994036294822,0.6319002138127984,358.3170322792043,19.669084082486272
118,1,0.11224649836376839,51.75994036294822,0.6283980736187363,482.37439731924485,25.06173811240139
118,2,0.11224649836376839,51.75994036294822,0.49437458671424656,376.16749946727657,26.760892100419913
118,3,0.11224649836376839,51.75994036294822,0.636541250133926,218.90218786128693,26.917044517939534
118,4,0.11224649836376839,51.75994036294822,0.5457820975804557,106.38781989765451,28.373192313239237
118,5,0.11224649836376839,51.75994036294822,0.4087371422448334,163.74764850883918,22.93839841544923
118,6,0.11224649836376839,51.75994036294822,0.4126466237276846,150.79064167054617,20.70104231724201
118,7,0.11224649836376839,51.75994036294822,0.38858261714719655,219.60601551660503,16.224768291347722
118,8,0.11224649836376839,51.75994036294822,0.43307444629135733,231.36233920414134,11.203310923221041
118,9,0.11224649836376839,51.75994036294822,0.6510873629684353,278.6441281404349,10.421953434444799
118,10,0.11224649836376839,51.75994036294822,0.33567713086964956,345.54660615394164,14.197116441821024
118,11,0.11224649836376839,51.75994036294822,0.3772023976565084,316.35679542433604,16.28299652017207
119,0,0.059839641870561455,52.30283078837525,0.38935687633784166,292.8930872102001,21.514606894445638
119,1,0.059839641870561455,52.30283078837525,0.5081079092887687,360.6793238925074,24.11729633718614
119,2,0.059839641870561455,52.30283078837525,0.6089837978688915,398.9026380624086,28.34364014214811
119,3,0.059839641870561455,52.30283078837525,0.5487333658667647,311.00142760934165,29.47485688169133
119,4,0.059839641870561455,52.30283078837525,0.5980269116550463,134.25084913124954,28.462843377562546
119,5,0.059839641870561455,52.30283078837525,0.422557447874701,127.68598934238142,22.993438397758023
119,6,0.059839641870561455,52.30283078837525,0.4868604246789806,150.8245108587771,18.034856726834413
119,7,0.059839641870561455,52.30283078837525,0.5426437085821367,154.11305486754839,15.274044431345567
119,8,0.059839641870561455,52.30283078837525,0.4639729206650053,244.69973211169412,14.113670728843456
119,9,0.059839641870561455,52.30283078837525,0.46524731551917153,354.9122929774265,13.08925868673408
119,10,0.059839641870561455,52.30283078837525,0.5939542322833375,384.8894799616399,11.56934087618618
119,11,0.059839641870561455,52.30283078837525,0.42471962068055225,317.4346267571092,15.994163042429381
120,0,0.04433671117702037,52.66178214630526,0.5014166145753616,336.89934493779094,20.426287797357574
120,1,0.04433671117702037,52.66178214630526,0.35567426648993916,443.2151369191303,23.134847790603096
120,2,0.04433671117702037,52.66178214630526,0.21859397072689418,489.3433289570968,25.795950820587684
120,3,0.04433671117702037,52.66178214630526,0.5684818595650161,274.31809846625146,27.706674180325113
120,4,0.04433671117702037,52.66178214630526,0.45408318272362375,123.90302175195484,26.859413716319164
120,5,0.04433671117702037,52.66178214630526,0.6001419363159517,120.35289294159818,22.622976390610237
120,6,0.04433671117702037,52.66178214630526,0.5208068034204881,182.1303159328979,21.786964225889086
120,7,0.04433671117702037,52.66178214630526,0.5356442453156789,185.70471271390417,16.237164291388336
120,8,0.04433671117702037,52.66178214630526,0.534932523681203,296.3505522599554,13.168375972201146
120,9,0.04433671117702037,52.66178214630526,0.4209744978522817,373.7865628780373,12.321033204409485
120,10,0.04433671117702037,52.66178214630526,0.5370846424470971,333.4855507072084,12.63874222380193
120,11,0.04433671117702037,52.66178214630526,0.3454328039204134,302.15831460796346,16.821600166475317
121,0,0.06889803305907811,52.55547222211129,0.4880887200864546,321.5927178037807,20.824114534954134
121,1,0.06889803305907811,52.55547222211129,0.3037514150157211,301.2276662819887,25.586780823551198
121,2,0.06889803305907811,52.55547222211129,0.28516507256129775,379.2871553409065,27.569855639341032
121,3,0.06889803305907811,52.55547222211129,0.4582468045391006,241.62523362645092,27.340770374674957
121,4,0.06889803305907811,52.55547222211129,0.5042082640196498,157.24291661620884,27.063596472845987
121,5,0.06889803305907811,52.55547222211129,0.40702044086724953,126.05271100261746,24.538224412475394
121,6,0.06889803305907811,52.55547222211129,0.44336249295880104,116.33934397993734,20.031670156437723
121,7,0.06889803305907811,52.55547222211129,0.6004934584564628,170.31710739778055,16.512756584207636
121,8,0.06889803305907811,52.55547222211129,0.447971517119098,310.83965590574115,14.175980670576513
121,9,0.06889803305907811,52.55547222211129,0.5400821571424923,404.97976112387727,12.655663564776463
121,10,0.06889803305907811,52.55547222211129,0.5269880848344858,285.3969398038026,12.7348741304256
121,11,0.06889803305907811,52.55547222211129,0.41957051045605587,414.5162551017293,13.401401505735866
122,0,0.04053094300113747,51.765354515820476,0.42171777988800785,350.55972073975363,20.524390485792548
122,1,0.04053094300113747,51.765354515820476,0.608792065159452,423.407379435909,24.70056577340457
122,2,0.04053094300113747,51.765354515820476,0.47371911520963,461.985408134706,26.377516034242085
122,3,0.04053094300113747,51.765354515820476,0.5057935275845111,230.57479382812102,28.824366768764687
122,4,0.04053094300113747,51.765354515820476,0.5513171289811282,144.26715573292753,28.084707663139852
122,5,0.04053094300113747,51.765354515820476,0.5035916542405136,129.53257400126088,22.9408977411727
122,6,0.04053094300113747,51.765354515820476,0.27942108725884135,161.30049871611453,19.839460116346732
122,7,0.04053094300113747,51.765354515820476,0.5898564009392951,210.52941534372653,17.268158603474497
122,8,0.04053094300113747,51.765354515820476,0.5455582444705103,308.9114133494481,13.010985385409777
122,9,0.04053094300113747,51.765354515820476,0.4768909507653284,454.78042648923184,10.418708845110194
122,10,0.04053094300113747,51.765354515820476,0.5277023876341598,433.5640513775115,13.547634847932077
122,11,0.04053094300113747,51.765354515820476,0.5695264677962011,298.1139340418432,16.62729656493933
123,0,0.07156658317230337,51.695101040628835,0.6160270751294644,428.15956130334433,19.4563909399618
123,1,0.07156658317230337,51.695101040628835,0.48077845785736284,354.1098431982499,23.712730963693538
123,2,0.07156658317230337,51.695101040628835,0.37775587377587194,410.7809263982335,27.515089723832208
123,3,0.07156658317230337,51.695101040628835,0.5527647480053364,271.080473732785,29.115463423251224
123,4,0.07156658317230337,51.695101040628835,0.29685715923159917,154.5671228235892,27.40453635439669
123,5,0.07156658317230337,51.695101040628835,0.6750016660409204,126.69253653303603,25.43496248824259
123,6,0.07156658317230337,51.695101040628835,0.46219133382617045,134.69862920957667,19.945258106304742
123,7,0.07156658317230337,51.695101040628835,0.34925537216432545,204.3903599084255,17.115035933556964
123,8,0.07156658317230337,51.695101040628835,0.4717579763897144,333.58289812778105,12.62527263079241
123,9,0.07156658317230337,51.695101040628835,0.36160123783518505,325.6066931412151,13.593924218457392
123,10,0.07156658317230337,51.695101040628835,0.5286140408056563,398.82618435164306,12.232293128748124
123,11,0.07156658317230337,51.695101040628835,0.42304809770570934,368.19112335497,16.334814965678245
124,0,0.08612221383574137,51.87304321732506,0.4927927981521659,350.21233877233806,20.653053715658764
124,1,0.08612221383574137,51.87304321732506,0.6660418508089339,492.53200688704385,24.02364044553471
124,2,0.08612221383574137,51.87304321732506,0.7193782363747353,329.5061753393544,28.509470929007033
124,3,0.08612221383574137,51.87304321732506,0.531459805314712,231.2892857654575,28.75621948683252
124,4,0.08612221383574137,51.87304321732506,0.43974943309937825,135.7727603279294,29.47772858023714
124,5,0.08612221383574137,51.87304321732506,0.5385201395804349,121.72283403628302,23.79156160148598
124,6,0.08612221383574137,51.87304321732506,0.5499253635957592,153.38041677431846,21.40170238515285
124,7,0.08612221383574137,51.87304321732506,0.28439295490815786,186.24021557281202,14.765611598150063
124,8,0.08612221383574137,51.87304321732506,0.3965334842872933,271.63626194190397,13.73000097821567
124,9,0.08612221383574137,51.87304321732506,0.47228567030393565,309.4882742912597,13.066060798314478
124,10,0.08612221383574137,51.87304321732506,0.6376524894258249,228.7878045829241,12.157216607767218
124,11,0.08612221383574137,51.87304321732506,0.5733826852791933,395.6954845939274,16.576625036682607
125,0,0.050388081862403254,52.0501059648425,0.6262754795776085,332.8284538414235,22.1454004212652
125,1,0.050388081862403254,52.0501059648425,0.3835023956220498,358.986738087177,23.14274213535612
125,2,0.050388081862403254,52.0501059648425,0.4999933738698933,278.7711433144556,26.583557905057738
125,3,0.050388081862403254,52.0501059648425,0.46237853121998945,296.40306659248466,30.025383352804933
125,4,0.050388081862403254,52.0501059648425,0.5320749444683972,135.67020397215288,26.929225776416885
125,5,0.050388081862403254,52.0501059648425,0.6640791006744666,92.49217122849522,22.99771317166507
125,6,0.050388081862403254,52.0501059648425,0.5887355435519035,109.19309312035249,19.380737869003564
125,7,0.050388081862403254,52.0501059648425,0.44932282761019793,174.1655668287626,14.95445184301079
125,8,0.050388081862403254,52.0501059648425,0.5435346939683706,266.5697774699025,12.980430554546233
125,9,0.050388081862403254,52.0501059648425,0.6403598969684878,453.70037196087907,12.00738039338184
125,10,0.050388081862403254,52.0501059648425,0.5849504673064335,487.2243179910495,13.469598200291847
125,11,0.050388081862403254,52.0501059648425,0.49630541192668953,410.66618203367267,13.487630262433726
126,0,0.11183594611687794,52.110950321503026,0.6142630056213945,268.97859239339294,20.236534669261633
126,1,0.11183594611687794,52.110950321503026,0.4151710644846145,384.85888322403974,23.917064469552656
126,2,0.11183594611687794,52.110950321503026,0.4350110998118978,479.4396029306229,25.98375267746091
126,3,0.11183594611687794,52.110950321503026,0.5800641707435803,275.9927137430914,28.59095807204012
126,4,0.11183594611687794,52.110950321503026,0.5297027793667711,120.05385184669721,28.29234487172847
126,5,0.11183594611687794,52.110950321503026,0.4019522922593443,141.8756926815256,23.99165488417438
126,6,0.11183594611687794,52.110950321503026,0.511494840731942,133.58910036945807,20.616772804511193
126,7,0.11183594611687794,52.110950321503026,0.5278698488147497,216.61259019685068,17.294063570006124
126,8,0.11183594611687794,52.110950321503026,0.2748766007186212,236.09595478286525,13.57560322519776
126,9,0.11183594611687794,52.110950321503026,0.5727439024744605,317.572375239773,10.35719768447796
126,10,0.11183594611687794,52.110950321503026,0.43217317836301183,416.35749033671897,12.707269527082238
126,11,0.11183594611687794,52.110950321503026,0.2993357938793063,445.5695336958573,14.689646861436824
127,0,0.16700276206899087,51.25584797486874,0.4398984289351054,333.9987622398227,20.677820580558457
127,1,0.16700276206899087,51.25584797486874,0.48966664024691026,356.4318075694888,23.24859768018669
127,2,0.16700276206899087,51.25584797486874,0.6114453438517398,327.0187124661357,26.9948241761906
127,3,0.16700276206899087,51.25584797486874,0.3840112857746061,242.68878093599008,26.09705807049242
127,4,0.16700276206899087,51.25584797486874,0.3778465342272683,133.24340385565316,27.398782788688205
127,5,0.16700276206899087,51.25584797486874,0.5341342891012837,81.11325514788496,24.45127248972103
127,6,0.16700276206899087,51.25584797486874,0.33337649861045515,180.14516261670198,20.04509751405004
127,7,0.16700276206899087,51.25584797486874,0.7174280672336815,164.84378982383276,16.696090408670234
127,8,0.16700276206899087,51.25584797486874,0.4384767995552698,287.51717877308295,13.629503069246608
127,9,0.16700276206899087,51.25584797486874,0.5603699767456483,363.15777219074016,13.438650361734876
127,10,0.16700276206899087,51.25584797486874,0.4802959771706729,374.1779895157223,13.738676907487031
127,11,0.16700276206899087,51.25584797486874,0.5738847527034494,295.9882985640195,15.37003783404799
128,0,0.04237924665422396,52.48315727431807,0.47065845587552957,394.92372449593984,19.847931714502987
128,1,0.04237924665422396,52.48315727431807,0.45075849369905385,424.52273172465294,24.038772464762385
128,2,0.04237924665422396,52.48315727431807,0.451267808428895,411.5518222022782,26.604296094682443
128,3,0.04237924665422396,52.48315727431807,0.6588046164005532,232.41619507952998,28.289504438044034
128,4,0.04237924665422396,52.48315727431807,0.549838761396728,127.5806567876729,27.182436509534092
128,5,0.04237924665422396,52.48315727431807,0.47121086606975604,109.5192673942101,23.67144216635622
128,6,0.04237924665422396,52.48315727431807,0.5043287865805667,140.48437552924548,18.777022710734194
128,7,0.04237924665422396,52.48315727431807,0.6044229180482555,203.9648671126633,15.807637515988413
128,8,0.04237924665422396,52.48315727431807,0.6075422008633069,284.1710139785849,13.315148288536646
128,9,0.04237924665422396,52.48315727431807,0.44111340969948665,339.6689382407403,12.356561553224575
128,10,0.04237924665422396,52.48315727431807,0.37103002241550176,445.3786083661105,12.853275654605515
128,11,0.04237924665422396,52.48315727431807,0.5745752846633105,353.36642994991786,16.608340098227234
129,0,0.08417588620311385,52.324733517758986,0.5664360404392257,360.84866349042716,21.354072086375655
129,1,0.08417588620311385,52.324733517758986,0.5628190937635469,360.4530318790683,23.953582829771456
129,2,0.08417588620311385,52.324733517758986,0.6341737232116331,367.2592050204153,25.39470198057416
129,3,0.08417588620311385,52.324733517758986,0.4183217868791309,244.75485318060387,27.14061708566071
129,4,0.08417588620311385,52.324733517758986,0.5090212002133969,142.62639089435837,27.30914367446511
129,5,0.08417588620311385,52.324733517758986,0.530131875810965,106.11186096932467,23.246896241731733
129,6,0.08417588620311385,52.324733517758986,0.5146646677630002,137.50786811197472,18.062513056153524
129,7,0.08417588620311385,52.324733517758986,0.40320173423409855,166.38422018854334,15.360359486624231
129,8,0.08417588620311385,52.324733517758986,0.6192411258049579,180.22287857096532,11.850720316293494
129,9,0.08417588620311385,52.324733517758986,0.6003823001291134,284.62349275370644,9.374602412787116
129,10,0.08417588620311385,52.324733517758986,0.5503468454069679,465.98043653659397,14.148401169362591
129,11,0.08417588620311385,52.324733517758986,0.5438825456441934,356.1666228871945,17.082731679213445
130,0,0.042477951108929456,51.8072263057322,0.5087969992950052,423.15486552621087,20.366129846553523
130,1,0.042477951108929456,51.8072263057322,0.3549559008743196,488.73113853849895,23.91242259782778
130,2,0.042477951108929456,51.8072263057322,0.4540203545376494,299.4628613384481,29.118991754206096
130,3,0.042477951108929456,51.8072263057322,0.3823909530397074,280.9190710194779,28.606663362143994
130,4,0.042477951108929456,51.8072263057322,0.5874814914681931,158.0479228256415,25.129098265316745
130,5,0.042477951108929456,51.8072263057322,0.39919458244928574,121.24173146061949,22.896975001621744
130,6,0.042477951108929456,51.8072263057322,0.40773520703399135,144.39058748174386,19.009467016948452
130,7,0.042477951108929456,51.8072263057322,0.6298058948948044,176.59043632554858,16.13189390931421
130,8,0.042477951108929456,51.8072263057322,0.44042189967234496,263.05451066752744,12.950024272417723
130,9,0.042477951108929456,51.8072263057322,0.5961449892494832,438.86879252959665,12.196423165677327
130,10,0.042477951108929456,51.8072263057322,0.4046666028693183,435.2037892812759,11.25543888062751
130,11,0.042477951108929456,51.8072263057322,0.6743158134095728,409.62963927022105,16.283115549002105
131,0,0.08313035722901159,52.19133404595435,0.5996827130576992,328.00076680099625,21.90530505079898
131,1,0.08313035722901159,52.19133404595435,0.42021878826725423,335.7976751298498,22.443807747227233
131,2,0.08313035722901159,52.19133404595435,0.28122864792092106,434.9674994980372,26.053457679877734
131,3,0.08313035722901159,52.19133404595435,0.605043965861718,301.5779261858314,27.915573243580223
131,4,0.08313035722901159,52.19133404595435,0.5182210643046097,113.85333338930926,27.81658138688978
131,5,0.08313035722901159,52.19133404595435,0.3706400937394693,100.46228195551475,23.44874228129443
131,6,0.08313035722901159,52.19133404595435,0.6608981600411719,162.82531475865545,20.4038533063322
131,7,0.08313035722901159,52.19133404595435,0.49093352064988394,176.06205945086424,15.381267558592157
131,8,0.08313035722901159,52.19133404595435,0.5458747061450682,296.81934547462083,13.754511440877335
131,9,0.08313035722901159,52.19133404595435,0.6503976841993097,440.17056498653346,13.001577381809199
131,10,0.08313035722901159,52.19133404595435,0.7699719574675721,393.086552920867,13.953722463983231
131,11,0.08313035722901159,52.19133404595435,0.3120822006801146,333.2866869048158,17.177506990200044
132,0,0.0438416288698493,51.72664275725725,0.6553240067281776,379.92502777155846,20.296626214573692
132,1,0.0438416288698493,51.72664275725725,0.43572142313535905,307.95201800008505,24.994903636809624
132,2,0.0438416288698493,51.72664275725725,0.588819037984143,374.9135386236887,25.88767577998321
132,3,0.0438416288698493,51.72664275725725,0.34564044218665246,274.1540462992019,27.572394339299795
132,4,0.0438416288698493,51.72664275725725,0.3433932297558643,130.81333360731944,27.520227920293262
132,5,0.0438416288698493,51.72664275725725,0.43663664442714856,123.19045437941425,25.795587912007154
132,6,0.0438416288698493,51.72664275725725,0.43358939738378616,181.35016431050383,20.67829382361198
132,7,0.0438416288698493,51.72664275725725,0.38966805671896876,168.93177261785192,15.417037289320207
132,8,0.0438416288698493,51.72664275725725,0.49991290240244096,265.44281870311664,12.140961831844228
132,9,0.0438416288698493,51.72664275725725,0.47971524604804844,316.8035943772278,10.622294681549446
132,10,0.0438416288698493,51.72664275725725,0.48903762335372714,498.2162838135572,10.575964433134404
132,11,0.0438416288698493,51.72664275725725,0.564518594077039,372.77749069577334,15.817326413224064
133,0,0.12386953970144068,51.95848627691602,0.5446191223370679,377.94222288554676,21.460617015096137
133,1,0.12386953970144068,51.95848627691602,0.4467606216547501,364.44179008280923,23.220728377000093
133,2,0.12386953970144068,51.95848627691602,0.4588523213192129,369.18413050920816,26.078673735456306
133,3,0.12386953970144068,51.95848627691602,0.5344124549890873,215.3282600658537,27.828366429239978
133,4,0.12386953970144068,51.95848627691602,0.5771167639390637,131.35705391373028,28.647067640333475
133,5,0.12386953970144068,51.95848627691602,0.3806876160086758,121.19522527952776,24.74424536541771
133,6,0.12386953970144068,51.95848627691602,0.32479841283046196,113.4065366069104,20.362269791806426
133,7,0.12386953970144068,51.95848627691602,0.6195345611482233,189.16081843778872,14.865014597819286
133,8,0.12386953970144068,51.95848627691602,0.388076155200028,170.1415557976303,13.586588297023797
133,9,0.12386953970144068,51.95848627691602,0.30447906126470364,221.03413735016224,11.254905302317997
133,10,0.12386953970144068,51.95848627691602,0.5575528505402834,426.20403823439386,12.850202891027482
133,11,0.12386953970144068,51.95848627691602,0.5162992019564913,388.37829489587693,16.567817844502525
134,0,0.2251261753875858,52.561593159165504,0.3791911588839012,448.0415796330889,19.48523339331481
134,1,0.2251261753875858,52.561593159165504,0.46701746893505136,390.97817671847577,24.244068510290813
134,2,0.2251261753875858,52.561593159165504,0.5970475006052276,384.0987159912724,26.296444865837902
134,3,0.2251261753875858,52.561593159165504,0.4759099293793743,204.59107891159644,28.59912804938055
134,4,0.2251261753875858,52.561593159165504,0.5344003843141418,166.8253770279501,25.857283162142153
134,5,0.2251261753875858,52.561593159165504,0.44265074436834456,127.45692013506718,23.87778313542659
134,6,0.2251261753875858,52.561593159165504,0.5301670464760426,145.71777479781792,20.73223634252926
134,7,0.2251261753875858,52.561593159165504,0.461530069687521,173.41869276854442,17.461915923851272
134,8,0.2251261753875858,52.561593159165504,0.5216441789660563,293.18331428211025,14.30547916042637
134,9,0.2251261753875858,52.561593159165504,0.44116038299579186,260.8810294763902,11.517992164622292
134,10,0.2251261753875858,52.561593159165504,0.653943350678205,439.586790123131,13.765431268458416
134,11,0.2251261753875858,52.561593159165504,0.5357211098737252,445.24397616856794,15.544338986736191
135,0,0.04949806240885242,51.467028403881336,0.5579729254563923,374.16865085420824,19.239563085356572
135,1,0.04949806240885242,51.467028403881336,0.3965775319398941,420.52699593866856,24.72805763366606
135,2,0.04949806240885242,51.467028403881336,0.5124560667726955,419.4011348528031,26.45439484444115
135,3,0.04949806240885242,51.467028403881336,0.4689637106400475,259.24475152500094,26.82535895747818
135,4,0.04949806240885242,51.467028403881336,0.6208872071267747,115.83430611900194,26.398025226946242
135,5,0.04949806240885242,51.467028403881336,0.5185298657367803,115.54025925662354,23.03147147025532
135,6,0.04949806240885242,51.467028403881336,0.5508767508861985,145.82797405740612,21.466890158877046
135,7,0.04949806240885242,51.467028403881336,0.5127338084101358,168.21347882911311,16.66408483761742
135,8,0.04949806240885242,51.467028403881336,0.23558685199930646,299.23978515921425,12.146365024492912
135,9,0.04949806240885242,51.467028403881336,0.5178331630536593,329.92430228206365,13.083782154018918
135,10,0.04949806240885242,51.467028403881336,0.6472717534171821,438.0535675948114,12.601055857018025
135,11,0.04949806240885242,51.467028403881336,0.42136921802034244,361.60488429736455,14.692056027832468
136,0,0.15707706301896338,51.772172739234826,0.504447867829598,419.1943548014219,22.15631545218348
136,1,0.15707706301896338,51.772172739234826,0.5182626200756604,461.2148113246533,23.38613506084541
136,2,0.15707706301896338,51.772172739234826,0.46018318895375177,331.68282342592505,27.11255696669116
136,3,0.15707706301896338,51.772172739234826,0.594245626756284,221.96615999772138,28.384726579301766
136,4,0.15707706301896338,51.772172739234826,0.5389562498477474,123.49479692365685,25.699795347463
136,5,0.15707706301896338,51.772172739234826,0.6192843423709582,119.36186242862333,23.14346512410574
136,6,0.15707706301896338,51.772172739234826,0.3818109887318929,136.74189722379066,19.378745610705973
136,7,0.15707706301896338,51.772172739234826,0.5009383823042723,200.1737354547126,16.918840117783628
136,8,0.15707706301896338,51.772172739234826,0.6821311296729592,274.7546700080362,12.833958062147628
136,9,0.15707706301896338,51.772172739234826,0.37360151771841554,357.9734290009367,11.743284671028391
136,10,0.15707706301896338,51.772172739234826,0.4962518969408721,337.12767854401784,14.508611683872576
136,11,0.15707706301896338,51.772172739234826,0.5111402514893139,296.71243189081207,14.035572041225429
137,0,0.1288807217891035,51.792651323937925,0.4899087538172644,308.9312756667469,20.0503649409657
137,1,0.1288807217891035,51.792651323937925,0.6151521757680454,494.57238304962783,23.440321260685106
137,2,0.1288807217891035,51.792651323937925,0.42270262880810344,418.6100064747326,24.555278562025592
137,3,0.1288807217891035,51.792651323937925,0.3918548571331125,280.56752748728513,27.937097588830937
137,4,0.1288807217891035,51.792651323937925,0.664035099517137,120.46744998172346,24.432729102562924
137,5,0.1288807217891035,51.792651323937925,0.5452678875434146,105.53232995479262,23.502794041983204
137,6,0.1288807217891035,51.792651323937925,0.42064866512214594,157.07249052341015,21.221288088145073
137,7,0.1288807217891035,51.792651323937925,0.5096191903326417,195.17683502243054,16.671101691820006
137,8,0.1288807217891035,51.792651323937925,0.45710977455630725,277.19808582084585,12.430137040478042
137,9,0.1288807217891035,51.792651323937925,0.5038746513260288,259.94959147167174,11.255814196975278
137,10,0.1288807217891035,51.792651323937925,0.5020367228648771,279.35786641674986,13.884755235700615
137,11,0.1288807217891035,51.792651323937925,0.6423840789705648,402.1023786388543,16.143195561987113
138,0,0.06454057166212596,51.85550691685862,0.5747355676633985,334.5478944897936,18.84023813894453
138,1,0.06454057166212596,51.85550691685862,0.6367276561270313,436.2134576453839,24.063989001977003
138,2,0.06454057166212596,51.85550691685862,0.5588939422795763,385.83236489613455,26.26862091965823
138,3,0.06454057166212596,51.85550691685862,0.4707660240045063,296.9462844087476,26.72121776426939
138,4,0.06454057166212596,51.85550691685862,0.5643098770042958,118.12009973300903,27.436595551600917
138,5,0.06454057166212596,51.85550691685862,0.4961900018679622,102.30141444532416,23.180146753458285
138,6,0.06454057166212596,51.85550691685862,0.596454197360255,110.49593515607287,20.07198188062894
138,7,0.06454057166212596,51.85550691685862,0.5203168836745081,155.49333288871495,15.508481888493058
138,8,0.06454057166212596,51.85550691685862,0.40079878002838876,213.29841083243394,15.082174475380146
138,9,0.06454057166212596,51.85550691685862,0.4867145272510413,364.8919813394864,12.892674210467092
138,10,0.06454057166212596,51.85550691685862,0.30709107034332417,279.9169721435223,12.579968783655218
138,11,0.06454057166212596,51.85550691685862,0.7027099594113497,374.21513714274056,16.582603316966704
139,0,0.04441104968882122,52.09809565356888,0.6565935361499031,470.344409387157,22.11245076769527
139,1,0.04441104968882122,52.09809565356888,0.43481233322806895,338.42476937758533,24.234710673261283
139,2,0.04441104968882122,52.09809565356888,0.3829080039235281,349.54437782020784,26.63103909522452
139,3,0.04441104968882122,52.09809565356888,0.6503656915866565,230.55084093739933,30.103582789384863
139,4,0.04441104968882122,52.09809565356888,0.4001155275798084,153.0790928183705,26.267255380347642
139,5,0.04441104968882122,52.09809565356888,0.5622946979236096,146.81608493908433,24.358903496354934
139,6,0.04441104968882122,52.09809565356888,0.743486802778207,111.09931865855933,20.31268290510678
139,7,0.04441104968882122,52.09809565356888,0.5151976218768051,133.96920398904265,14.880981786558424
139,8,0.04441104968882122,52.09809565356888,0.5625496251343173,204.80974704070346,13.775151337192108
139,9,0.04441104968882122,52.09809565356888,0.6228180276483906,321.30862898510804,11.937601969660456
139,10,0.04441104968882122,52.09809565356888,0.5462133515446818,373.679808724967,11.082676984933643
139,11,0.04441104968882122,52.09809565356888,0.4167122585971726,288.25300073177175,15.541950420124312
140,0,0.05052002158780985,51.9427906902546,0.5126235981771406,370.0492870596304,20.090408067970078
140,1,0.05052002158780985,51.9427906902546,0.856712031045318,413.3183788555942,25.362269839326938
140,2,0.05052002158780985,51.9427906902546,0.544520321445673,364.56787640391155,26.557491961597577
140,3,0.05052002158780985,51.9427906902546,0.541827832149652,192.18965071506358,27.08403123198581
140,4,0.05052002158780985,51.9427906902546,0.5185426830763694,167.54427357634933,26.16593317138444
140,5,0.05052002158780985,51.9427906902546,0.5240521907939405,125.5219761438802,24.203776301850606
140,6,0.05052002158780985,51.9427906902546,0.4467647508718031,153.65547722066992,21.980948104121044
140,7,0.05052002158780985,51.9427906902546,0.522455510129866,111.25910779438448,15.268075807544882
140,8,0.05052002158780985,51.9427906902546,0.6204807051108061,333.62261512527243,14.167889490530992
140,9,0.05052002158780985,51.9427906902546,0.25896371375058125,455.0028374665298,12.11117744857814
140,10,0.05052002158780985,51.9427906902546,0.5104124032055989,439.3929959759665,12.028905569935395
140,11,0.05052002158780985,51.9427906902546,0.5187965140191665,441.6588157142536,16.675636593091447
141,0,0.1260222261805804,52.699403733963955,0.48418849964159183,303.41204042823546,19.720809154184074
141,1,0.1260222261805804,52.699403733963955,0.46215458170025836,296.41497854744483,25.303927705156077
141,2,0.1260222261805804,52.699403733963955,0.47317931034950056,451.02267385800457,27.226454939332342
141,3,0.1260222261805804,52.699403733963955,0.6621371834710337,223.00523904259342,26.994633138098074
141,4,0.1260222261805804,52.699403733963955,0.4720748135653307,124.33432881442458,26.266593190233305
141,5,0.1260222261805804,52.699403733963955,0.5269003831773846,151.42420472629345,25.341055019122138
141,6,0.1260222261805804,52.699403733963955,0.5093300677686873,147.0856158493046,20.449224391053402
141,7,0.1260222261805804,52.699403733963955,0.42875659451118386,158.1515291135084,14.10914473580728
141,8,0.1260222261805804,52.699403733963955,0.6198959817435422,278.89606361217784,12.18543441444671
141,9,0.1260222261805804,52.699403733963955,0.3888621603644425,286.6256622309924,12.466622128157367
141,10,0.1260222261805804,52.699403733963955,0.6114147542201993,438.84906280039735,14.258779544439255
141,11,0.1260222261805804,52.699403733963955,0.6144554933626852,420.56485167039244,17.691922583112717
142,0,0.21066539985866273,51.629644674429805,0.532338058310801,331.8206608396809,17.8775044965233
142,1,0.21066539985866273,51.629644674429805,0.35859234966044,416.99402419476803,24.035272374463375
142,2,0.21066539985866273,51.629644674429805,0.6611367403843171,297.8971833983062,25.84464578617581
142,3,0.21066539985866273,51.629644674429805,0.5567409273877543,211.48329091601605,28.396675025565145
142,4,0.21066539985866273,51.629644674429805,0.5955732952376933,112.558424153374,26.581238591682173
142,5,0.21066539985866273,51.629644674429805,0.6005261392511201,144.9405851091559,22.040065188170086
142,6,0.21066539985866273,51.629644674429805,0.4633381378104564,134.01889648008188,19.09353534238841
142,7,0.21066539985866273,51.629644674429805,0.482878106240172,198.57056659309427,17.7133577499075
142,8,0.21066539985866273,51.629644674429805,0.3189561833405429,355.7224345997563,12.222834684061569
142,9,0.21066539985866273,51.629644674429805,0.4386244280379021,352.14524063918327,13.035043905250587
142,10,0.21066539985866273,51.629644674429805,0.5163605295192402,385.5554708584504,12.909331445400896
142,11,0.21066539985866273,51.629644674429805,0.48777674553920564,404.7742943054959,14.918678706740367
143,0,0.032198463305278285,52.28900352622789,0.42251653623750907,309.7973982781539,19.972195967151194
143,1,0.032198463305278285,52.28900352622789,0.4316154100859806,420.31752934382575,23.633689172877475
143,2,0.032198463305278285,52.28900352622789,0.5350492513394102,331.6055820194133,26.636608763164098
143,3,0.032198463305278285,52.28900352622789,0.5641025550465576,216.43100696776494,26.866426576505514
143,4,0.032198463305278285,52.28900352622789,0.5538427635191985,125.82363317234525,27.43167927546475
143,5,0.032198463305278285,52.28900352622789,0.6350869908589462,102.69938833526048,23.36561960092436
143,6,0.032198463305278285,52.28900352622789,0.39740025063822876,109.65997392940707,20.49138766172498
143,7,0.032198463305278285,52.28900352622789,0.6385915943534514,183.18678305410458,16.319703334738552
143,8,0.032198463305278285,52.28900352622789,0.4748207104792993,295.89875272802027,12.457720185669537
143,9,0.032198463305278285,52.28900352622789,0.5637812266030241,395.8273178148782,11.470289752943211
143,10,0.032198463305278285,52.28900352622789,0.5698515716909127,462.74184765063745,15.020302561874676
143,11,0.032198463305278285,52.28900352622789,0.5529489269381086,387.5809894706606,16.413205179536387
144,0,0.08344726924987457,51.838123838948285,0.42447282877229686,392.4137703296261,21.12395513154983
144,1,0.08344726924987457,51.838123838948285,0.4486991815801985,414.9242290456702,25.032056295233158
144,2,0.08344726924987457,51.838123838948285,0.4888972991515158,251.92565677909622,25.839387497985143
144,3,0.08344726924987457,51.838123838948285,0.5589351962998976,239.37780084847202,28.542704561989176
144,4,0.08344726924987457,51.838123838948285,0.46251343346947843,141.6632702823879,28.38923536509138
144,5,0.08344726924987457,51.838123838948285,0.4848356858361212,98.22327793911938,25.97895729751568
144,6,0.08344726924987457,51.838123838948285,0.6068028053952585,133.05536965459717,20.008588197379122
144,7,0.08344726924987457,51.838123838948285,0.49820468951272395,163.73553726670593,15.612785909761234
144,8,0.08344726924987457,51.838123838948285,0.5175268929602013,238.2570634098775,12.649917266522436
144,9,0.08344726924987457,51.838123838948285,0.4626371991354624,402.5401876589562,10.765666317460212
144,10,0.08344726924987457,51.838123838948285,0.5332432453410738,350.6972130323535,12.001624436654582
144,11,0.08344726924987457,51.838123838948285,0.32750976979718394,350.75116566935174,15.679552559172537
145,0,0.06644974356429134,52.14241698408539,0.5851769062389287,410.72121153696986,20.266613717759675
145,1,0.06644974356429134,52.14241698408539,0.4750928938541016,256.9753295631259,23.220524413547015
145,2,0.06644974356429134,52.14241698408539,0.4761491613939238,418.2172370638115,27.136784256159558
145,3,0.06644974356429134,52.14241698408539,0.5569098448938508,249.1284222839332,28.210396526215163
145,4,0.06644974356429134,52.14241698408539,0.3951849813425672,184.99761936559068,27.220376455088275
145,5,0.06644974356429134,52.14241698408539,0.6420325874115365,148.76562882281178,23.9405173002667
145,6,0.06644974356429134,52.14241698408539,0.7802330602160883,155.4252278178965,21.010924045402117
145,7,0.06644974356429134,52.14241698408539,0.43044945380882665,201.9165899574912,17.78754049993568
145,8,0.06644974356429134,52.14241698408539,0.6255040721504982,332.52112857129094,12.878723437249546
145,9,0.06644974356429134,52.14241698408539,0.5144675912826873,277.9590025116149,12.085846905403224
145,10,0.06644974356429134,52.14241698408539,0.5802212204767137,332.4804032756252,14.17955608325483
145,11,0.06644974356429134,52.14241698408539,0.5051361515544236,358.736149790184,15.372858068105108
146,0,0.08110382626540871,51.9307050485662,0.5237207097031469,415.2206413538369,20.562921956095547
146,1,0.08110382626540871,51.9307050485662,0.46057315252158176,362.3296130909476,22.781656340177626
146,2,0.08110382626540871,51.9307050485662,0.40875509517922903,336.12359320355955,26.32333533632358
146,3,0.08110382626540871,51.9307050485662,0.48846579216817015,254.90190547781788,26.624266909878664
146,4,0.08110382626540871,51.9307050485662,0.4941877185311097,128.37639246760867,25.93569036819849
146,5,0.08110382626540871,51.9307050485662,0.572909215417335,118.62836742846186,23.73416689380212
146,6,0.08110382626540871,51.9307050485662,0.41092928804266915,173.8942716878969,19.854883628280234
146,7,0.08110382626540871,51.9307050485662,0.33899695083170533,206.9665147695828,16.089982201556538
146,8,0.08110382626540871,51.9307050485662,0.43514775672584377,270.65518996528294,11.94171042970045
146,9,0.08110382626540871,51.9307050485662,0.3952027070537272,353.1427588234829,10.354855563267401
146,10,0.08110382626540871,51.9307050485662,0.53013376918962,394.1279207929442,12.369069704119
146,11,0.08110382626540871,51.9307050485662,0.6297181678331931,407.5520410331379,16.86196894739398
147,0,0.05371933802578281,51.862354670495655,0.4042874265166444,362.83490618722226,19.161173392648507
147,1,0.05371933802578281,51.862354670495655,0.4590048262854792,366.65163162430883,23.549568770611344
147,2,0.05371933802578281,51.862354670495655,0.46680852721740523,398.84416075586535,26.10335991513673
147,3,0.05371933802578281,51.862354670495655,0.3661147889505405,226.42559101173114,28.677567529715937
147,4,0.05371933802578281,51.862354670495655,0.4364648274034448,93.99947254643746,26.749325982321515
147,5,0.05371933802578281,51.862354670495655,0.47677372421898917,121.11686360125918,22.638401167749606
147,6,0.05371933802578281,51.862354670495655,0.4999650368577554,113.32429684363841,19.667494593621306
147,7,0.05371933802578281,51.862354670495655,0.5779331826484773,228.7908329311769,16.71362933302861
147,8,0.05371933802578281,51.862354670495655,0.47113474555356644,319.25861869207745,14.335153260675174
147,9,0.05371933802578281,51.862354670495655,0.7261778531510545,307.68081398618295,10.943448154876899
147,10,0.05371933802578281,51.862354670495655,0.6151707211058267,323.91662054948193,12.31898358545968
147,11,0.05371933802578281,51.862354670495655,0.5345223082180709,362.93776556096856,16.09850895645487
148,0,0.06708677860728458,51.750087014465066,0.6116892530073679,295.84430765363635,18.674441230415493
148,1,0.06708677860728458,51.750087014465066,0.6176836584626699,401.6246000988371,23.488668755710258
148,2,0.06708677860728458,51.750087014465066,0.6345890727604402,320.38312846369695,26.73518322940727
148,3,0.06708677860728458,51.750087014465066,0.26648833417010054,210.62859546560352,30.382686376059038
148,4,0.06708677860728458,51.750087014465066,0.5584222340588624,138.19043766663398,25.848604145077086
148,5,0.06708677860728458,51.750087014465066,0.4522411502862711,118.34367626152032,24.467190151229435
148,6,0.06708677860728458,51.750087014465066,0.46521928696624976,128.01216181110797,18.791040813307934
148,7,0.06708677860728458,51.750087014465066,0.5218710360177441,165.51894572847505,17.269970613983116
148,8,0.06708677860728458,51.750087014465066,0.5060928376802318,293.4797950825225,10.013432592307772
148,9,0.06708677860728458,51.750087014465066,0.5273566245841458,390.19115681050846,12.639327191078367
148,10,0.06708677860728458,51.750087014465066,0.4327660920842968,396.4662701694571,13.876978206399233
148,11,0.06708677860728458,51.750087014465066,0.536758987045642,365.8871396823842,16.73169369569088
149,0,0.1835073107802735,51.87615375094128,0.5743529725083631,364.70713655926886,19.590782263296628
149,1,0.1835073107802735,51.87615375094128,0.5768226372134563,403.0739482754633,26.00268473482794
149,2,0.1835073107802735,51.87615375094128,0.454546590612399,340.33017213679466,26.550855998506147
149,3,0.1835073107802735,51.87615375094128,0.5057348303014716,280.00133808693954,27.110963249479692
149,4,0.1835073107802735,51.87615375094128,0.5339273176742699,110.53816927626116,27.53025616464012
149,5,0.1835073107802735,51.87615375094128,0.4383994106399486,97.07228897887977,23.727990663582688
149,6,0.1835073107802735,51.87615375094128,0.4129655243578713,154.74730064808335,19.67302108744301
149,7,0.1835073107802735,51.87615375094128,0.5765656296391941,163.66985817914474,15.25479337284829
149,8,0.1835073107802735,51.87615375094128,0.7613036090529848,266.229910914982,11.840307663332608
149,9,0.1835073107802735,51.87615375094128,0.3626954209019515,414.2596685064657,11.652968851528664
149,10,0.1835073107802735,51.87615375094128,0.5556576547246601,327.42839930392677,13.693609309921907
149,11,0.1835073107802735,51.87615375094128,0.5186055356609846,458.4949218386425,14.868279348472683
150,0,0.04889448440731577,51.57458542009234,0.5370028466933695,333.48425892111646,20.910541615712827
150,1,0.04889448440731577,51.57458542009234,0.2766753574606645,401.0585081881653,23.609920547604233
150,2,0.04889448440731577,51.57458542009234,0.47960020759563027,247.10493261041108,28.096138707572884
150,3,0.04889448440731577,51.57458542009234,0.5186436446752679,253.67087991300758,28.156707014424686
150,4,0.04889448440731577,51.57458542009234,0.508039319484877,147.79546881749778,27.62656335100234
150,5,0.04889448440731577,51.57458542009234,0.37754402018459915,124.52114646932732,22.49432900089656
150,6,0.04889448440731577,51.57458542009234,0.5458907804435612,132.37952324143862,21.62627450020043
150,7,0.04889448440731577,51.57458542009234,0.5745103453117413,181.07046476299624,16.350470005266818
150,8,0.04889448440731577,51.57458542009234,0.37996698734757733,323.6375909047834,12.721067112876415
150,9,0.04889448440731577,51.57458542009234,0.6005321324066153,342.34338078435167,11.873620655991507
150,10,0.04889448440731577,51.57458542009234,0.30623257916591595,414.8455680240824,11.700856300362885
150,11,0.04889448440731577,51.57458542009234,0.512399257262014,397.21181144271753,15.338622962036657
151,0,0.07535403108885647,51.742625117815614,0.48587418642348595,365.03155136413403,20.078123107070244
151,1,0.07535403108885647,51.742625117815614,0.586071589915363,441.8758707396324,23.551358854636664
151,2,0.07535403108885647,51.742625117815614,0.49521748937763316,446.94515911690263,26.721530137709514
151,3,0.07535403108885647,51.742625117815614,0.41476017983189417,232.88169059258175,28.56196304337675
151,4,0.07535403108885647,51.742625117815614,0.514948356172238,143.52771275633978,26.655352740647967
151,5,0.07535403108885647,51.742625117815614,0.41662419662296857,135.98341323114377,23.892399899707662
151,6,0.07535403108885647,51.742625117815614,0.34552272505790793,146.53659983369636,20.053516516755458
151,7,0.07535403108885647,51.742625117815614,0.41331711268769045,171.94134834315525,16.740113276455663
151,8,0.07535403108885647,51.742625117815614,0.4359334014479943,243.01141154534326,11.692881582888468
151,9,0.07535403108885647,51.742625117815614,0.4845455669400838,394.5764919880158,12.706975037006826
151,10,0.07535403108885647,51.742625117815614,0.551532753812152,348.9424573144937,13.43125559649048
151,11,0.07535403108885647,51.742625117815614,0.555402832035705,368.26071232352734,16.704944878336967
152,0,0.04159629171064948,51.08781841177978,0.4098782485912258,321.0924179178583,20.244657464218974
152,1,0.04159629171064948,51.08781841177978,0.2716800083452874,427.4480483894064,25.104532698096985
152,2,0.04159629171064948,51.08781841177978,0.5011926185886942,282.892024578137,27.195607737143604
152,3,0.04159629171064948,51.08781841177978,0.5246755992689343,295.60893655731434,28.59142841449923
152,4,0.04159629171064948,51.08781841177978,0.6288054628591214,126.33413930127878,26.825986655634583
152,5,0.04159629171064948,51.08781841177978,0.49293138308761403,144.04244331563538,24.745057712279184
152,6,0.04159629171064948,51.08781841177978,0.36760494520136966,157.1583592169673,21.41533708376394
152,7,0.04159629171064948,51.08781841177978,0.40992840931772534,185.59003691453387,17.566756441613705
152,8,0.04159629171064948,51.08781841177978,0.3394913514558086,340.5724142891697,14.756982289603478
152,9,0.04159629171064948,51.08781841177978,0.4205952205190005,321.36556577076175,11.221227307878928
152,10,0.04159629171064948,51.08781841177978,0.7219129024361943,380.51945009475395,12.2789452841085
152,11,0.04159629171064948,51.08781841177978,0.6131491019603184,400.7174823138592,14.998655618622022
153,0,0.08341194995641989,51.86375822731583,0.48613863689734726,388.1245311146105,20.482264652055466
153,1,0.08341194995641989,51.86375822731583,0.5302787283837391,359.8184051078689,25.01033951472613
153,2,0.08341194995641989,51.86375822731583,0.4985473661586606,409.10612873694487,25.63604760618674
153,3,0.08341194995641989,51.86375822731583,0.4149055124072422,224.34432966942222,28.04146838990452
153,4,0.08341194995641989,51.86375822731583,0.39972635410900315,154.6267294056139,26.815149740102555
153,5,0.08341194995641989,51.86375822731583,0.46816927024004684,109.71982222998027,22.84038000294125
153,6,0.08341194995641989,51.86375822731583,0.3791346135288865,148.54756307164627,21.779169576068416
153,7,0.08341194995641989,51.86375822731583,0.53492688386256,172.34735268094647,14.93712152704036
153,8,0.08341194995641989,51.86375822731583,0.503962717186602,343.6675651099028,12.987192419700579
153,9,0.08341194995641989,51.86375822731583,0.5145308588551761,301.38604775401103,12.639599820485346
153,10,0.08341194995641989,51.86375822731583,0.4819072541339855,397.1734999870068,12.839865569027834
153,11,0.08341194995641989,51.86375822731583,0.598224919262797,394.4786978898189,15.248556344286907
154,0,0.09938150052072818,51.6310309647744,0.5639452701989031,424.00123178780615,21.75638935249419
154,1,0.09938150052072818,51.6310309647744,0.5495805869432834,307.0423879390319,23.911423179209585
154,2,0.09938150052072818,51.6310309647744,0.4419240573517711,330.5545549701261,27.856377424372152
154,3,0.09938150052072818,51.6310309647744,0.6494391609591641,277.80187005270915,30.53050790957617
154,4,0.09938150052072818,51.6310309647744,0.4303435363088497,143.77395375080502,28.702474589095612
154,5,0.09938150052072818,51.6310309647744,0.5786978806066714,101.62171134020096,23.62734208115083
154,6,0.09938150052072818,51.6310309647744,0.6856504256803322,185.7257704993036,20.372472268961484
154,7,0.09938150052072818,51.6310309647744,0.5189997173536863,131.28590367132773,15.053561174052764
154,8,0.09938150052072818,51.6310309647744,0.48720593886666747,274.4117138933453,12.500771399589793
154,9,0.09938150052072818,51.6310309647744,0.4415470276976153,369.1949139660154,11.373413258129498
154,10,0.09938150052072818,51.6310309647744,0.6501258244823418,270.7756396279248,13.152978003660422
154,11,0.09938150052072818,51.6310309647744,0.5478214263569403,327.80541268424423,17.06911167320657
155,0,0.09394268522090796,51.86659537932849,0.4786983534827235,296.9223768380654,20.211724496488536
155,1,0.09394268522090796,51.86659537932849,0.7089131739279617,281.06040675878546,25.93041990536472
155,2,0.09394268522090796,51.86659537932849,0.41396451550525976,350.1681508372093,25.451314350614535
155,3,0.09394268522090796,51.86659537932849,0.23094190385158214,249.8362604649665,27.48728366395395
155,4,0.09394268522090796,51.86659537932849,0.5035033280836432,128.8508643457196,27.435697045709826
155,5,0.09394268522090796,51.86659537932849,0.39495034864637624,128.92661812798968,24.62435746332059
155,6,0.09394268522090796,51.86659537932849,0.4320640119400492,136.7288713598785,19.213877792543226
155,7,0.09394268522090796,51.86659537932849,0.46052325789474813,163.42676790628735,15.88000512459489
155,8,0.09394268522090796,51.86659537932849,0.64384913101321,265.5181365455971,14.10361471700652
155,9,0.09394268522090796,51.86659537932849,0.562358586700816,332.34908917970563,10.127253118316872
155,10,0.09394268522090796,51.86659537932849,0.32069042708157336,489.34895956688587,12.612343804744267
155,11,0.09394268522090796,51.86659537932849,0.34519216051541357,420.6690274792461,16.17379707908906
156,0,0.12040966424534057,51.64631529768812,0.6322148114626619,360.6043420612105,20.18281902793616
156,1,0.12040966424534057,51.64631529768812,0.3671383167039721,290.5977073765396,24.576490064628516
156,2,0.12040966424534057,51.64631529768812,0.474576630459996,360.73642441324284,27.83965073851534
156,3,0.12040966424534057,51.64631529768812,0.5738475274563262,236.49644210288633,28.40350200550007
156,4,0.12040966424534057,51.64631529768812,0.4291658070220027,143.20530959292464,27.778752166320896
156,5,0.12040966424534057,51.64631529768812,0.40131506692289654,141.5651921899541,24.48818611910857
156,6,0.12040966424534057,51.64631529768812,0.4701955220994983,161.78241813458249,21.652712590674735
156,7,0.12040966424534057,51.64631529768812,0.42453040522848623,171.56754184727637,16.65750119089625
156,8,0.12040966424534057,51.64631529768812,0.5189758302029933,313.9206221778559,10.99791328123342
156,9,0.12040966424534057,51.64631529768812,0.629776451295906,363.1380321762608,13.261292965533418
156,10,0.12040966424534057,51.64631529768812,0.5223301298095324,495.7680314244817,12.7484181709677
156,11,0.12040966424534057,51.64631529768812,0.4536294258395264,310.08818442513507,17.41094716394283
157,0,0.06454627281339696,52.40203570683166,0.3785930942253317,441.298283812707,20.88409118875696
157,1,0.06454627281339696,52.40203570683166,0.4083642882801703,316.83888906410647,25.0209528822635
157,2,0.06454627281339696,52.40203570683166,0.2972455166604845,315.96848133995854,26.76377609572872
157,3,0.06454627281339696,52.40203570683166,0.6309479099417974,215.84215683489572,27.225685272252576
157,4,0.06454627281339696,52.40203570683166,0.5334227651733339,133.00394691875957,29.0868448657053
157,5,0.06454627281339696,52.40203570683166,0.617074331687469,168.7662129549358,25.451071792936553
157,6,0.06454627281339696,52.40203570683166,0.4687969025324861,140.60750117880548,22.454179092591442
157,7,0.06454627281339696,52.40203570683166,0.7463588956765291,170.1272928302938,15.866410867292297
157,8,0.06454627281339696,52.40203570683166,0.6259400300707697,213.4460589168619,13.96100847321846
157,9,0.06454627281339696,52.40203570683166,0.46623317515997587,384.8481872471064,11.78349004924624
157,10,0.06454627281339696,52.40203570683166,0.4193700884881978,414.7346925762683,13.375540105670664
157,11,0.06454627281339696,52.40203570683166,0.33693407795644925,431.1773443291693,15.696337480166964
158,0,0.12409788850774628,51.910929469081324,0.40122460544198857,348.04501813222834,21.740044585234624
158,1,0.12409788850774628,51.910929469081324,0.519895459856582,456.5344386502887,23.331836376115383
158,2,0.12409788850774628,51.910929469081324,0.3027355225070979,390.48874605112786,26.66023404954302
158,3,0.12409788850774628,51.910929469081324,0.5803789009575004,162.857155028387,26.042382829482026
158,4,0.12409788850774628,51.910929469081324,0.6175620208577861,150.32864977514626,26.849299420394978
158,5,0.12409788850774628,51.910929469081324,0.5288271285984004,139.0744299200269,22.282565867292
158,6,0.12409788850774628,51.910929469081324,0.49187985175349835,138.19579110069972,19.4234756794694
158,7,0.12409788850774628,51.910929469081324,0.42131558550352716,160.74703223132454,16.366019099088884
158,8,0.12409788850774628,51.910929469081324,0.7269650452887373,347.47060995820317,13.052322641542506
158,9,0.12409788850774628,51.910929469081324,0.46843579456428025,323.4454784585908,11.800391603817763
158,10,0.12409788850774628,51.910929469081324,0.645480514904282,407.55890496394034,12.964643312211242
158,11,0.12409788850774628,51.910929469081324,0.55209532649377,408.5099115148648,15.581612966618898
159,0,0.11117753121142968,51.93018733039231,0.6514453538201623,390.2893454113606,21.495251432463053
159,1,0.11117753121142968,51.93018733039231,0.6187749931232066,292.3385416479144,24.15474274464929
159,2,0.11117753121142968,51.93018733039231,0.4121277557008556,485.8580599525454,27.785638061418314
159,3,0.11117753121142968,51.93018733039231,0.54632720358903,190.35428518241676,26.642030209124883
159,4,0.11117753121142968,51.93018733039231,0.48388471427340957,113.47902860819912,26.98939851046281
159,5,0.11117753121142968,51.93018733039231,0.5982647400865306,123.35715283736236,22.79461268139643
159,6,0.11117753121142968,51.93018733039231,0.395900697011321,117.64562023102927,20.169245331199892
159,7,0.11117753121142968,51.93018733039231,0.48764921719728505,177.11426557073298,16.355192030908082
159,8,0.11117753121142968,51.93018733039231,0.4451928442128159,243.4468728542362,12.154701037814249
159,9,0.11117753121142968,51.93018733039231,0.52541047093001,385.1726057422042,12.976649091651181
159,10,0.11117753121142968,51.93018733039231,0.3509620150282136,411.70968622469854,15.090797266321056
159,11,0.11117753121142968,51.93018733039231,0.5258442226136245,461.0146577887434,15.44204428244619
160,0,0.07345169220156447,52.47851732000192,0.4414234928594561,323.0747220474646,19.914972149975412
160,1,0.07345169220156447,52.47851732000192,0.5576845135782884,331.1016527671197,25.27622259295775
160,2,0.07345169220156447,52.47851732000192,0.45062951711743715,458.966046568183,26.077428389350107
160,3,0.07345169220156447,52.47851732000192,0.4583964773104982,258.32862124952624,28.60469046781698
160,4,0.07345169220156447,52.47851732000192,0.49221277896997423,163.98393703327784,28.124851038220132
160,5,0.07345169220156447,52.47851732000192,0.48308117156750435,124.41791074632452,24.144746464802857
160,6,0.07345169220156447,52.47851732000192,0.23274346770182414,157.30405002598832,18.722575420907578
160,7,0.07345169220156447,52.47851732000192,0.5632083803151322,197.76048636707304,16.69741480010093
160,8,0.07345169220156447,52.47851732000192,0.49663770940128565,327.5001657973804,14.322383361754452
160,9,0.07345169220156447,52.47851732000192,0.46856651434373087,350.9877280637501,11.069506089524078
160,10,0.07345169220156447,52.47851732000192,0.5113695871427338,492.6966672436161,13.965695386404683
160,11,0.07345169220156447,52.47851732000192,0.4249880561005305,431.44186146379496,15.03269808828036
161,0,0.11804862647415944,51.58328911450476,0.5171580619177955,273.0140220534798,19.334519250873747
161,1,0.11804862647415944,51.58328911450476,0.3284798283386232,267.99344653132243,24.309154244711955
161,2,0.11804862647415944,51.58328911450476,0.3865664391672182,395.37774701142655,26.88562094380357
161,3,0.11804862647415944,51.58328911450476,0.5004997082205163,246.9580186601997,27.629750616990776
161,4,0.11804862647415944,51.58328911450476,0.3266844921012546,114.14072268862674,28.16543086090599
161,5,0.11804862647415944,51.58328911450476,0.5037982216179256,106.51715847710027,23.9781583741259
161,6,0.11804862647415944,51.58328911450476,0.678445234497248,110.61764792012201,19.960177430482982
161,7,0.11804862647415944,51.58328911450476,0.6363631129621505,131.31557144210498,17.13031340725753
161,8,0.11804862647415944,51.58328911450476,0.5900659419578853,343.3730593586903,12.590823383902936
161,9,0.11804862647415944,51.58328911450476,0.4335872620156328,318.1735087281205,12.19679836747127
161,10,0.11804862647415944,51.58328911450476,0.4144591391711657,347.9367901143378,13.755122090726813
161,11,0.11804862647415944,51.58328911450476,0.5037881156694329,444.7946027470243,15.979645383877125
162,0,0.07812308271844917,52.05043582054864,0.5905891133801671,345.6307146478404,20.123722025695603
162,1,0.07812308271844917,52.05043582054864,0.5353996548902086,417.60736986154296,24.067200482210414
162,2,0.07812308271844917,52.05043582054864,0.487896827719654,363.90074955061743,26.79906928678732
162,3,0.07812308271844917,52.05043582054864,0.48676430732715315,251.05717957736482,26.70606554620629
162,4,0.07812308271844917,52.05043582054864,0.7033489819330961,91.80663526497254,27.06865631843657
162,5,0.07812308271844917,52.05043582054864,0.2744148128526883,135.0486879372292,22.164413083613315
162,6,0.07812308271844917,52.05043582054864,0.3590256533526387,106.28553019747966,20.039070890412017
162,7,0.07812308271844917,52.05043582054864,0.5923239074951431,189.50532551454972,15.514055522315362
162,8,0.07812308271844917,52.05043582054864,0.5378067496124255,345.2975082086749,13.511482649693816
162,9,0.07812308271844917,52.05043582054864,0.37529884625610715,318.0827515761077,11.782552733969533
162,10,0.07812308271844917,52.05043582054864,0.6222876806286779,396.2201549708584,12.639217232839727
162,11,0.07812308271844917,52.05043582054864,0.3885639987986434,471.7645544407539,17.231531923889474
163,0,0.08936684720695415,51.460991374473736,0.4945705379233086,368.5935777574358,19.258968536954743
163,1,0.08936684720695415,51.460991374473736,0.4922716104066352,388.6909097430175,24.589365493905873
163,2,0.08936684720695415,51.460991374473736,0.5237746188985556,355.12369208594936,26.04405886475196
163,3,0.08936684720695415,51.460991374473736,0.48389856398782494,221.39468408345317,28.51328785802714
163,4,0.08936684720695415,51.460991374473736,0.584814194797675,146.5205939596112,27.865186589461285
163,5,0.08936684720695415,51.460991374473736,0.47485871503799637,152.49290721878083,24.610353077074986
163,6,0.08936684720695415,51.460991374473736,0.4334382935113226,120.67232340050845,19.907054739615287
163,7,0.08936684720695415,51.460991374473736,0.42550634606207405,150.22045166858885,16.585117190492753
163,8,0.08936684720695415,51.460991374473736,0.32060451143082436,279.3627427887907,11.64738277245848
163,9,0.08936684720695415,51.460991374473736,0.4633720138123472,374.2399667646252,9.91315261641738
163,10,0.08936684720695415,51.460991374473736,0.6729176490554192,386.552796062985,13.510969115662853
163,11,0.08936684720695415,51.460991374473736,0.48974807436084494,405.5696657825286,14.749557051405143
164,0,0.0424412907255483,51.654960169982466,0.6463224898636528,306.9075710098865,21.31711180762394
164,1,0.0424412907255483,51.654960169982466,0.4250270263761868,342.4026931176889,23.86097892822613
164,2,0.0424412907255483,51.654960169982466,0.5364721999712747,352.66749489320944,28.74819295174308
164,3,0.0424412907255483,51.654960169982466,0.5332413007567578,237.38052583960643,27.778037064462875
164,4,0.0424412907255483,51.654960169982466,0.2298350164136917,163.20851452194975,27.82914813779733
164,5,0.0424412907255483,51.654960169982466,0.38660552349521893,128.42107605261705,23.757684313949675
164,6,0.0424412907255483,51.654960169982466,0.36509521692931707,166.39629409148978,19.617830234456836
164,7,0.0424412907255483,51.654960169982466,0.5380312102056021,189.4423147325072,15.165104880150471
164,8,0.0424412907255483,51.654960169982466,0.3457044714886275,206.52014210933663,13.025493761856685
164,9,0.0424412907255483,51.654960169982466,0.5953912326253281,344.6308270805393,9.818580021498267
164,10,0.0424412907255483,51.654960169982466,0.5004700504594878,358.457874686324,11.851304758035937
164,11,0.0424412907255483,51.654960169982466,0.4112455848326783,368.69746875813615,15.382391620728065
165,0,0.10170966997259576,51.686335966606975,0.3730874322396753,392.54129832602337,18.933748912519015
165,1,0.10170966997259576,51.686335966606975,0.7196230232812366,414.07332668556967,23.945700719583915
165,2,0.10170966997259576,51.686335966606975,0.5753872968318221,396.70971341245667,25.734108893578785
165,3,0.10170966997259576,51.686335966606975,0.4973712122847095,242.64364758142474,28.89490942377555
165,4,0.10170966997259576,51.686335966606975,0.6689591740251579,145.9714082775207,26.328505096610865
165,5,0.10170966997259576,51.686335966606975,0.47502662336142526,115.67242272361625,25.45987854944245
165,6,0.10170966997259576,51.686335966606975,0.5662545501982199,145.0588399006653,20.70246408390243
165,7,0.10170966997259576,51.686335966606975,0.47083072569367346,148.99953904892004,15.350646560605197
165,8,0.10170966997259576,51.686335966606975,0.5698808427395401,253.28272669293312,14.90504494375593
165,9,0.10170966997259576,51.686335966606975,0.556013035560317,413.9824311803847,10.186688511612376
165,10,0.10170966997259576,51.686335966606975,0.6239201726795779,471.6969086098263,13.796317245168893
165,11,0.10170966997259576,51.686335966606975,0.6191045997355902,334.37745861261124,17.101475913086546
166,0,0.04432799534922721,52.697078285250406,0.5118753963801268,313.6711625223383,20.302774869235268
166,1,0.04432799534922721,52.697078285250406,0.4625646635820027,326.5108317738819,23.931361754439973
166,2,0.04432799534922721,52.697078285250406,0.5209782597336138,399.31765614892663,26.122917814983907
166,3,0.04432799534922721,52.697078285250406,0.5811150552513701,226.55422589847535,28.813043507738268
166,4,0.04432799534922721,52.697078285250406,0.5685508774998864,134.64407727631234,26.027575501055818
166,5,0.04432799534922721,52.697078285250406,0.43004697029303446,147.145427886227,23.86734213299941
166,6,0.04432799534922721,52.697078285250406,0.524855963843667,167.86698211735649,20.175053840174556
166,7,0.04432799534922721,52.697078285250406,0.5049636488178404,176.232743420466,15.643761326364734
166,8,0.04432799534922721,52.697078285250406,0.6510501978311901,205.04400458507206,10.375861225645666
166,9,0.04432799534922721,52.697078285250406,0.6906022165474719,296.23630081799325,12.260567288658384
166,10,0.04432799534922721,52.697078285250406,0.4223679278906801,344.36398244949095,12.289747037782076
166,11,0.04432799534922721,52.697078285250406,0.4458224167779244,353.5194610375971,16.79237022695215
167,0,0.10354272383951436,51.713788074078586,0.6305221702473777,367.1650138678205,19.248223833204012
167,1,0.10354272383951436,51.713788074078586,0.5134899495445204,377.85289117724545,23.903441990793546
167,2,0.10354272383951436,51.713788074078586,0.5387166197224307,294.6271540277924,27.152254343176647
167,3,0.10354272383951436,51.713788074078586,0.5583229088343624,296.4610424927766,28.666301721176698
167,4,0.10354272383951436,51.713788074078586,0.3627921678923762,143.11929631427367,28.974393117409445
167,5,0.10354272383951436,51.713788074078586,0.38086452841916923,145.12282174527815,20.779497523184908
167,6,0.10354272383951436,51.713788074078586,0.6172427516697855,131.23511536864052,18.889116573304797
167,7,0.10354272383951436,51.713788074078586,0.5410230563123737,216.27630976751078,15.102892378177248
167,8,0.10354272383951436,51.713788074078586,0.6206362228284539,286.9391252655071,13.740899693188606
167,9,0.10354272383951436,51.713788074078586,0.501510857797268,442.587053266611,13.449214369877156
167,10,0.10354272383951436,51.713788074078586,0.5801227105547817,326.39251430677234,14.695879846715112
167,11,0.10354272383951436,51.713788074078586,0.560406734610014,330.59764287764074,16.67003354885535
168,0,0.12900898533807897,52.29084450483174,0.48418019716791133,360.3616252784606,20.04486342959144
168,1,0.12900898533807897,52.29084450483174,0.6328391185172142,462.6234120969072,22.47612383220954
168,2,0.12900898533807897,52.29084450483174,0.497796980393204,330.7923510230467,25.77395671066
168,3,0.12900898533807897,52.29084450483174,0.6157766611055716,251.34429425192667,28.443949737892375
168,4,0.12900898533807897,52.29084450483174,0.35931927470559444,120.23888930605295,25.756234400046132
168,5,0.12900898533807897,52.29084450483174,0.5309795042416298,108.63788783075725,25.039160218421408
168,6,0.12900898533807897,52.29084450483174,0.7606115502335654,153.36388889971187,22.025750169788985
168,7,0.12900898533807897,52.29084450483174,0.6280472103177593,166.64053911386762,16.149348324461677
168,8,0.12900898533807897,52.29084450483174,0.35124787441802446,266.7573810530528,13.115775612232031
168,9,0.12900898533807897,52.29084450483174,0.37328299292333844,431.2719900757651,12.893106423705973
168,10,0.12900898533807897,52.29084450483174,0.4937925906923919,299.9477154285434,13.447231956178774
168,11,0.12900898533807897,52.29084450483174,0.5465184947937708,366.3484894653613,17.698909321547372
169,0,0.058121246967176445,52.215263913579555,0.4345386504419041,387.6685070119425,19.092419456695897
169,1,0.058121246967176445,52.215263913579555,0.40796579651497883,450.18729649412705,23.503118984084573
169,2,0.058121246967176445,52.215263913579555,0.34306236367295395,392.81606880916246,28.21800525764337
169,3,0.058121246967176445,52.215263913579555,0.41226610189624185,266.11084070188343,28.260387686492123
169,4,0.058121246967176445,52.215263913579555,0.2990914801167199,154.47540945723048,27.170653284896872
169,5,0.058121246967176445,52.215263913579555,0.44493395306738126,120.3380418375066,23.02564500090446
169,6,0.058121246967176445,52.215263913579555,0.5993664921426044,126.58602688492948,19.02785417775109
169,7,0.058121246967176445,52.215263913579555,0.5413110590320588,198.21913596595266,14.808299684324687
169,8,0.058121246967176445,52.215263913579555,0.45731399869363487,282.84171709042005,12.563289492512178
169,9,0.058121246967176445,52.215263913579555,0.7333418516689015,385.76636274217304,10.54555108338324
169,10,0.058121246967176445,52.215263913579555,0.4897135856288678,450.3021256430683,12.57783971094148
169,11,0.058121246967176445,52.215263913579555,0.4488896945901328,323.0607085512483,14.787422252628234
170,0,0.15008931215277632,52.57130806917877,0.5219175593524807,358.8192556178877,19.948721769241672
170,1,0.15008931215277632,52.57130806917877,0.6540906990831201,306.05661674915785,24.287468284862832
170,2,0.15008931215277632,52.57130806917877,0.43472120679471415,246.11392889818086,26.133575549463195
170,3,0.15008931215277632,52.57130806917877,0.7648405289905211,252.06431486799974,28.969227459805364
170,4,0.15008931215277632,52.57130806917877,0.446908488520532,127.62953006563707,26.972248041137643
170,5,0.15008931215277632,52.57130806917877,0.46838823784386313,131.33889980833362,25.296473150083713
170,6,0.15008931215277632,52.57130806917877,0.6259948782885978,118.58246716712891,19.02885914162312
170,7,0.15008931215277632,52.57130806917877,0.48598159826593296,189.54925972651085,16.484850353571712
170,8,0.15008931215277632,52.57130806917877,0.6453410514214037,401.5122689685377,10.423370716615697
170,9,0.15008931215277632,52.57130806917877,0.5775194075950777,301.90551802755766,12.901060724680864
170,10,0.15008931215277632,52.57130806917877,0.4268393365041203,460.56985944723215,13.358090704164082
170,11,0.15008931215277632,52.57130806917877,0.5105724259247636,321.40570255966526,16.02047935206293
171,0,0.11601977374785051,51.91442561911786,0.5416237416375623,348.7677522129399,22.006763339603904
171,1,0.11601977374785051,51.91442561911786,0.601787821555952,411.30244978460155,23.814621798404826
171,2,0.11601977374785051,51.91442561911786,0.7497105627556134,351.1048860218638,27.024650716476977
171,3,0.11601977374785051,51.91442561911786,0.5810596069424684,314.51699890824574,28.4027777108501
171,4,0.11601977374785051,51.91442561911786,0.46352363776043387,141.4397003992106,27.679899648680028
171,5,0.11601977374785051,51.91442561911786,0.5949404527097076,142.92381322844295,23.461320507919638
171,6,0.11601977374785051,51.91442561911786,0.6173603793039821,179.59746671543897,20.629056224080646
171,7,0.11601977374785051,51.91442561911786,0.4216719382847106,186.77542985276182,16.561322491409097
171,8,0.11601977374785051,51.91442561911786,0.6068354881875834,263.0985126469249,13.156170648840552
171,9,0.11601977374785051,51.91442561911786,0.5075000363108063,391.3430262784896,10.824345981697054
171,10,0.11601977374785051,51.91442561911786,0.47040539032166595,367.082272372248,12.679699557728496
171,11,0.11601977374785051,51.91442561911786,0.5806894734641385,374.77991656562773,15.16244651201883
172,0,0.10479854554658867,51.48709769146802,0.3031226036649426,396.45010754870975,20.1306828666279
172,1,0.10479854554658867,51.48709769146802,0.32672763506543256,459.48628197651846,23.53658369205561
172,2,0.10479854554658867,51.48709769146802,0.5590744187942787,321.98317413816574,27.740498223368895
172,3,0.10479854554658867,51.48709769146802,0.5723644305236414,235.2713091020153,29.131555956603233
172,4,0.10479854554658867,51.48709769146802,0.397464990227965,136.95398421601513,26.68281971912642
172,5,0.10479854554658867,51.48709769146802,0.38484739907108395,119.86217839418075,24.43564492386624
172,6,0.10479854554658867,51.48709769146802,0.6104071949325685,155.63345201697047,21.619857878355866
172,7,0.10479854554658867,51.48709769146802,0.41100432381759994,235.8690419376732,15.592532193315066
172,8,0.10479854554658867,51.48709769146802,0.6037945851128074,250.447198776492,11.191642236094467
172,9,0.10479854554658867,51.48709769146802,0.48804527029212746,387.1280037275278,12.890541371569363
172,10,0.10479854554658867,51.48709769146802,0.5146516538147239,455.1006968179444,12.882825155500363
172,11,0.10479854554658867,51.48709769146802,0.41380066148401784,403.01717659530067,16.62655875076131
173,0,0.029985277658487262,51.54405279937724,0.597607448777028,258.43855712642596,21.000580655636444
173,1,0.029985277658487262,51.54405279937724,0.6086488191658614,379.9717730639321,23.646794936007687
173,2,0.029985277658487262,51.54405279937724,0.5724954659929795,394.9834709722541,27.10231646992187
173,3,0.029985277658487262,51.54405279937724,0.45533094855747946,291.77275909330507,27.517006931241802
173,4,0.029985277658487262,51.54405279937724,0.5106868671167306,138.84313701454022,25.676494212023744
173,5,0.029985277658487262,51.54405279937724,0.4019558375904768,141.96817551931406,23.649612165630973
173,6,0.029985277658487262,51.54405279937724,0.5255293726122062,132.57489084220444,19.658413338180317
173,7,0.029985277658487262,51.54405279937724,0.6003439836877531,179.51353664219565,17.97649029776924
173,8,0.029985277658487262,51.54405279937724,0.4514094684988409,303.43831389689655,12.96913612605387
173,9,0.029985277658487262,51.54405279937724,0.4301651961388972,268.9586182749608,12.700202537377388
173,10,0.029985277658487262,51.54405279937724,0.3740336500802125,454.26925158341123,13.092145282577427
173,11,0.029985277658487262,51.54405279937724,0.5087428489494764,436.601697773619,16.605155769915978
174,0,0.07851277062327551,52.59100240047235,0.4834383364898248,376.8627979349033,21.044680226633005
174,1,0.07851277062327551,52.59100240047235,0.48223909061951453,478.7230692225426,23.514715295860167
174,2,0.07851277062327551,52.59100240047235,0.7307883283188024,447.29128224221313,27.828514211973896
174,3,0.07851277062327551,52.59100240047235,0.6945747745833972,264.9517089585366,27.628899269481824
174,4,0.07851277062327551,52.59100240047235,0.3745115291688891,145.28142581546783,25.05380108961644
174,5,0.07851277062327551,52.59100240047235,0.24849639410800084,119.65430596760923,23.053434168826442
174,6,0.07851277062327551,52.59100240047235,0.43626382850204154,108.97195895132643,17.39551592314119
174,7,0.07851277062327551,52.59100240047235,0.42699812595145037,143.46530562024122,16.987492463196155
174,8,0.07851277062327551,52.59100240047235,0.6047586944786603,292.0692828766509,13.739960471136989
174,9,0.07851277062327551,52.59100240047235,0.574940564626188,370.18974441681564,12.83784465652377
174,10,0.07851277062327551,52.59100240047235,0.4177866085295586,483.16700608976424,11.402862645411892
174,11,0.07851277062327551,52.59100240047235,0.6499965675121231,425.5838868183296,15.846411622477332
175,0,0.11123048834612423,52.2667498213957,0.6786441135602383,337.76791317213844,20.666303021775043
175,1,0.11123048834612423,52.2667498213957,0.478807018705893,403.93369640338517,23.870967886999466
175,2,0.11123048834612423,52.2667498213957,0.4431065698767628,367.60924152105224,26.56190648559094
175,3,0.11123048834612423,52.2667498213957,0.4739992652018788,252.30742053901503,28.077670857066867
175,4,0.11123048834612423,52.2667498213957,0.4825885886148356,132.02357942606355,26.222953859626333
175,5,0.11123048834612423,52.2667498213957,0.5741464566946324,109.92541694316806,26.058439240914247
175,6,0.11123048834612423,52.2667498213957,0.39053554995008516,154.30743164190358,19.145029144636485
175,7,0.11123048834612423,52.2667498213957,0.2625908074356511,146.69895964301634,15.573374689262964
175,8,0.11123048834612423,52.2667498213957,0.4123061599428688,252.03870381207022,12.87770993270864
175,9,0.11123048834612423,52.2667498213957,0.6005510430362384,373.14988668745065,11.341449949383344
175,10,0.11123048834612423,52.2667498213957,0.44809958108296294,330.78083622323845,13.227554525721349
175,11,0.11123048834612423,52.2667498213957,0.4868220496823247,362.7439221429959,15.441585280902654
176,0,0.07513283597236373,52.60961074545361,0.7663640313655313,410.0815900631549,19.13148614279126
176,1,0.07513283597236373,52.60961074545361,0.41963430168317056,342.859769531599,24.61185796706979
176,2,0.07513283597236373,52.60961074545361,0.4789995224465801,329.35387494701763,29.357566964923734
176,3,0.07513283597236373,52.60961074545361,0.29251218982388205,262.86657272387305,28.941943745091326
176,4,0.07513283597236373,52.60961074545361,0.44172929109367826,139.89123530501348,27.533462495174387
176,5,0.07513283597236373,52.60961074545361,0.49683798690478614,145.64542794624214,23.980750839647783
176,6,0.07513283597236373,52.60961074545361,0.437449437351544,138.921464237578,21.604505918403127
176,7,0.07513283597236373,52.60961074545361,0.36172407959706443,171.81450575552833,15.57104657253452
176,8,0.07513283597236373,52.60961074545361,0.4402384606525356,327.14768394864393,11.87283579264266
176,9,0.07513283597236373,52.60961074545361,0.4101699208855349,364.627225953022,12.647395326245881
176,10,0.07513283597236373,52.60961074545361,0.4782390452462442,518.5953399862963,12.613821510337704
176,11,0.07513283597236373,52.60961074545361,0.49809943849252425,375.98164820261746,15.895866345122561
177,0,0.10951594877179809,52.64626684168569,0.4612022311687289,316.14122027850186,19.602371630082143
177,1,0.10951594877179809,52.64626684168569,0.48214581594016415,298.9743533873568,25.178327269002292
177,2,0.10951594877179809,52.64626684168569,0.5382835348875068,403.55026390240215,26.110101708616025
177,3,0.10951594877179809,52.64626684168569,0.5671187330823995,221.73729349042003,27.272247940902997
177,4,0.10951594877179809,52.64626684168569,0.4561383184831236,149.49594973000683,27.769661139078696
177,5,0.10951594877179809,52.64626684168569,0.45767502045387787,108.91340936727136,22.817782354739464
177,6,0.10951594877179809,52.64626684168569,0.5233294516151111,146.85942615290728,19.725494443075593
177,7,0.10951594877179809,52.64626684168569,0.6039964636089639,160.40573414940621,16.073935026463907
177,8,0.10951594877179809,52.64626684168569,0.45187554345503794,309.74495809738,13.443042745728444
177,9,0.10951594877179809,52.64626684168569,0.47468374962058046,318.4231100807658,11.147315809460622
177,10,0.10951594877179809,52.64626684168569,0.5550336567253377,394.8301064764415,14.581895868973529
177,11,0.10951594877179809,52.64626684168569,0.4230628693785523,442.2102901322724,16.37141998721423
178,0,0.07880233866159327,52.15715872010774,0.5635561992372177,367.4596200456565,19.80482322145375
178,1,0.07880233866159327,52.15715872010774,0.6193153380073132,351.3784356272037,24.217385784876253
178,2,0.07880233866159327,52.15715872010774,0.46907984894088045,436.80061690403505,26.7722444177348
178,3,0.07880233866159327,52.15715872010774,0.6490724845906821,297.6612325425499,28.860409372044007
178,4,0.07880233866159327,52.15715872010774,0.45896972929042235,134.5312977234133,28.245084230726246
178,5,0.07880233866159327,52.15715872010774,0.3936158273827691,127.52870134619333,23.42309120856027
178,6,0.07880233866159327,52.15715872010774,0.627706235596972,146.791863400323,20.687704567777843
178,7,0.07880233866159327,52.15715872010774,0.49254453590293373,168.28024938323028,14.86331131924599
178,8,0.07880233866159327,52.15715872010774,0.3817933805776865,353.63092900941047,13.592796352633947
178,9,0.07880233866159327,52.15715872010774,0.5287226978840266,288.60587832561225,10.976758003365257
178,10,0.07880233866159327,52.15715872010774,0.6062047395541406,323.484599798934,14.232473845222106
178,11,0.07880233866159327,52.15715872010774,0.637464349604923,375.2292761208578,16.348759611021666
179,0,0.15640957484337403,52.01161642267738,0.44457639698315304,287.6903585106284,21.19573849887553
179,1,0.15640957484337403,52.01161642267738,0.697570792194748,434.23524717503847,24.237154776081653
179,2,0.15640957484337403,52.01161642267738,0.5521768505880126,287.5593717661511,27.648744745784853
179,3,0.15640957484337403,52.01161642267738,0.6698180248807998,244.12849067324137,27.879071171936385
179,4,0.15640957484337403,52.01161642267738,0.404391413389643,149.791501438001,27.707901196619154
179,5,0.15640957484337403,52.01161642267738,0.4660552435072967,138.9052691546002,23.15715217494413
179,6,0.15640957484337403,52.01161642267738,0.49219419442708007,82.08821272547446,19.508790770090254
179,7,0.15640957484337403,52.01161642267738,0.3633332722234939,164.83895117988322,15.803778824961197
179,8,0.15640957484337403,52.01161642267738,0.4121070982314627,360.5983504959203,13.80188013098081
179,9,0.15640957484337403,52.01161642267738,0.5885129103306044,309.60785254534665,13.391046904637568
179,10,0.15640957484337403,52.01161642267738,0.4151034218698973,432.5707884214532,14.14546451100922
179,11,0.15640957484337403,52.01161642267738,0.41493362421095065,427.6712922463427,16.518157964969866
180,0,0.2043871569204398,52.25294785549972,0.3869053606914464,296.9968210295301,20.22963578757019
180,1,0.2043871569204398,52.25294785549972,0.5165899217687375,394.7135677238269,23.942933045737803
180,2,0.2043871569204398,52.25294785549972,0.4167002034525936,365.35734423370883,27.757422405314678
180,3,0.2043871569204398,52.25294785549972,0.5198564869059294,269.4705927640866,27.39224834212883
180,4,0.2043871569204398,52.25294785549972,0.4756819127630064,151.70595832642738,27.020755015762013
180,5,0.2043871569204398,52.25294785549972,0.5552724408358367,135.79035729184258,23.95827044515367
180,6,0.2043871569204398,52.25294785549972,0.47436550735507926,159.28150340686918,19.611282312552465
180,7,0.2043871569204398,52.25294785549972,0.3227216464036204,182.85437175019757,15.580028438124545
180,8,0.2043871569204398,52.25294785549972,0.5734034282092864,194.7374771651306,15.555908390146197
180,9,0.2043871569204398,52.25294785549972,0.4115958057295277,363.9381605739214,13.32315848838518
180,10,0.2043871569204398,52.25294785549972,0.48607011868264743,382.5818440714709,11.247465822987825
180,11,0.2043871569204398,52.25294785549972,0.4261050661125141,303.98402056606665,14.844373546441474
181,0,0.09687550838361227,51.507700615999596,0.36433326930412646,355.8055728410603,20.499500029152905
181,1,0.09687550838361227,51.507700615999596,0.6147882535233584,356.5841481144667,23.523110704075854
181,2,0.09687550838361227,51.507700615999596,0.5942187096378183,423.6568749052105,26.777108742582236
181,3,0.09687550838361227,51.507700615999596,0.4994486511245523,238.47816609210815,27.097874578697752
181,4,0.09687550838361227,51.507700615999596,0.5063013261189551,148.63339076476834,28.537726102919617
181,5,0.09687550838361227,51.507700615999596,0.6142116653355834,92.46147331948342,24.693371982798734
181,6,0.09687550838361227,51.507700615999596,0.6050585881170853,160.05028958232728,20.49652303793376
181,7,0.09687550838361227,51.507700615999596,0.5095648105020866,141.8236641707504,15.519641254235195
181,8,0.09687550838361227,51.507700615999596,0.5117086330986328,251.04763950679654,13.821781276587135
181,9,0.09687550838361227,51.507700615999596,0.4743334282757283,487.3068172176036,12.706731475873399
181,10,0.09687550838361227,51.507700615999596,0.4081629118126616,484.70898584783714,12.535689568333947
181,11,0.09687550838361227,51.507700615999596,0.4691237839328486,329.384427574294,15.670560940437712
182,0,0.05687954649964808,51.89063131563944,0.6076595982699527,357.3184471848838,21.36080293810919
182,1,0.05687954649964808,51.89063131563944,0.32059830629015706,423.07523259923494,25.225113629798503
182,2,0.05687954649964808,51.89063131563944,0.5228621145153419,369.8363357320598,26.339844819823423
182,3,0.05687954649964808,51.89063131563944,0.5511963892696244,276.46625798264694,28.408599191947786
182,4,0.05687954649964808,51.89063131563944,0.36880612387107975,141.76474079709567,26.557955554023952
182,5,0.05687954649964808,51.89063131563944,0.47165234020762176,132.96188347980302,25.373966843407093
182,6,0.05687954649964808,51.89063131563944,0.48982156727686665,127.17200474999424,20.27439239029284
182,7,0.05687954649964808,51.89063131563944,0.560362228447897,141.73718503431405,15.414819792105241
182,8,0.05687954649964808,51.89063131563944,0.5324094992288488,288.4301543955471,12.877285766046455
182,9,0.05687954649964808,51.89063131563944,0.4776115483785591,410.49260195273905,13.95735459111078
182,10,0.05687954649964808,51.89063131563944,0.38255696236448405,417.1046536641457,13.226835402184987
182,11,0.05687954649964808,51.89063131563944,0.414726176332094,419.4595832238177,17.44828843125635
183,0,0.0268006952569589,52.00934138760869,0.6314119873761171,491.7102152642006,21.027093254385356
183,1,0.0268006952569589,52.00934138760869,0.5885179570603346,339.7688328660926,23.836278771877865
183,2,0.0268006952569589,52.00934138760869,0.45639128395006895,256.73362527105365,26.99860259762039
183,3,0.0268006952569589,52.00934138760869,0.40653643988363936,285.3704710484821,27.02586395335547
183,4,0.0268006952569589,52.00934138760869,0.5047661906697879,151.05366469788441,26.123735448024696
183,5,0.0268006952569589,52.00934138760869,0.5854736657593342,136.44555122919957,24.71910366086304
183,6,0.0268006952569589,52.00934138760869,0.42274796962426614,150.84539972241305,20.96499923078245
183,7,0.0268006952569589,52.00934138760869,0.5375141749115729,168.41692817550077,16.441288524094485
183,8,0.0268006952569589,52.00934138760869,0.39481618432616056,331.5088389324848,12.036350217083735
183,9,0.0268006952569589,52.00934138760869,0.5779148171635269,327.1117528923268,13.548260571648859
183,10,0.0268006952569589,52.00934138760869,0.31965122371901544,471.95989487749665,12.214221485777346
183,11,0.0268006952569589,52.00934138760869,0.4293317447490039,344.7330211305185,13.156467914812914
184,0,0.1300580993515807,52.32247055937958,0.4087108553940091,354.1523223154073,20.465491888309824
184,1,0.1300580993515807,52.32247055937958,0.4746127597890601,396.2461360691984,24.743214393975247
184,2,0.1300580993515807,52.32247055937958,0.4432504624303184,356.3002473251877,25.81433305408581
184,3,0.1300580993515807,52.32247055937958,0.3915218612828122,252.50540848658244,28.06611733754274
184,4,0.1300580993515807,52.32247055937958,0.5541193912951445,170.41522990475644,26.344936214646218
184,5,0.1300580993515807,52.32247055937958,0.48733092039652753,98.04737550627058,24.123128853669627
184,6,0.1300580993515807,52.32247055937958,0.5214555408755899,180.53635244324343,19.469583590980392
184,7,0.1300580993515807,52.32247055937958,0.4406170460464635,207.4113063902258,16.57127471781695
184,8,0.1300580993515807,52.32247055937958,0.37951267263138283,301.05626831862503,14.051722805335647
184,9,0.1300580993515807,52.32247055937958,0.3017776910021551,399.5585151665867,11.280992104393246
184,10,0.1300580993515807,52.32247055937958,0.4152583419311605,434.8869571972024,14.201954905171533
184,11,0.1300580993515807,52.32247055937958,0.4761372736591271,300.9452555739276,15.686363787110325
185,0,0.1942995842765226,51.334231252502285,0.5282211412027559,409.6358676182224,19.573506698222616
185,1,0.1942995842765226,51.334231252502285,0.39818854759809286,544.3312332584676,25.165833046699145
185,2,0.1942995842765226,51.334231252502285,0.5735583173368957,356.424159148657,28.28102487489736
185,3,0.1942995842765226,51.334231252502285,0.3509831775641469,224.88729178841177,27.65752784352015
185,4,0.1942995842765226,51.334231252502285,0.45364870553110415,136.7400389637714,24.256210887326223
185,5,0.1942995842765226,51.334231252502285,0.6444968616742803,89.75107666086282,24.8060375319536
185,6,0.1942995842765226,51.334231252502285,0.572690896193575,118.96092371591637,19.712084623743458
185,7,0.1942995842765226,51.334231252502285,0.6897475855273693,182.08164270836912,16.54950509923935
185,8,0.1942995842765226,51.334231252502285,0.5296217890958852,347.3815116621156,13.01855777188938
185,9,0.1942995842765226,51.334231252502285,0.5151381986100964,256.8222728956574,13.380378336126343
185,10,0.1942995842765226,51.334231252502285,0.6700358052293262,431.119593792836,13.382158406909362
185,11,0.1942995842765226,51.334231252502285,0.41338383087063413,494.1683917913517,16.501665792863207
186,0,0.043615398019024705,51.292449396565665,0.4803247965574181,343.18883990825424,21.156917575654067
186,1,0.043615398019024705,51.292449396565665,0.4073442366400107,483.3834542341753,25.547350242824546
186,2,0.043615398019024705,51.292449396565665,0.5576031342514842,353.7771298877257,25.76908585351785
186,3,0.043615398019024705,51.292449396565665,0.5365184568643867,228.93661338672652,29.37065135480425
186,4,0.043615398019024705,51.292449396565665,0.38010113576916504,124.04917423034499,24.716787625313803
186,5,0.043615398019024705,51.292449396565665,0.5932697356380261,115.74326302602564,23.503212096338718
186,6,0.043615398019024705,51.292449396565665,0.5447885269745767,154.33070245529692,18.900825594752693
186,7,0.043615398019024705,51.292449396565665,0.5384771493579169,189.02767740928493,16.089416145617278
186,8,0.043615398019024705,51.292449396565665,0.4967945216605736,294.1562751143082,15.093421187738988
186,9,0.043615398019024705,51.292449396565665,0.6604807861768922,261.0418653709164,14.119556448431814
186,10,0.043615398019024705,51.292449396565665,0.4435641788238046,496.41175504352503,11.77214366527497
186,11,0.043615398019024705,51.292449396565665,0.51646503552728,377.1050039719648,15.700591777791113
187,0,0.048081697233772556,52.4825350613153,0.5473194438386163,354.6733227617913,18.370912316408763
187,1,0.048081697233772556,52.4825350613153,0.49006497848032005,397.3923277713351,22.63075161330979
187,2,0.048081697233772556,52.4825350613153,0.41978912858900175,321.3103469433004,26.971520346284734
187,3,0.048081697233772556,52.4825350613153,0.4006510928504352,322.068856380817,28.566356909394017
187,4,0.048081697233772556,52.4825350613153,0.5086644468284126,112.40147771854001,28.03281292875261
187,5,0.048081697233772556,52.4825350613153,0.30457192045552406,79.60407209714482,23.5398622213001
187,6,0.048081697233772556,52.4825350613153,0.6278978140307723,124.5745000925275,21.114526117140482
187,7,0.048081697233772556,52.4825350613153,0.49478292441407656,175.7845501627439,15.607271138458348
187,8,0.048081697233772556,52.4825350613153,0.5403302018374023,303.2467009894927,13.163357066858403
187,9,0.048081697233772556,52.4825350613153,0.5346617449836731,389.8919154461625,10.909583693847583
187,10,0.048081697233772556,52.4825350613153,0.5247941794105342,430.39540041719124,11.487815231728474
187,11,0.048081697233772556,52.4825350613153,0.5109637384952375,402.4218402231695,14.800190792106612
188,0,0.21896832457445248,52.24342223889449,0.4058083573906753,361.53821584407814,19.927672021309235
188,1,0.21896832457445248,52.24342223889449,0.42368601944124257,361.1059162418709,25.137741456440803
188,2,0.21896832457445248,52.24342223889449,0.31933118724941456,329.9133787233792,27.578719679227333
188,3,0.21896832457445248,52.24342223889449,0.6958071943515299,191.51826495638005,27.521073013539382
188,4,0.21896832457445248,52.24342223889449,0.5951638568967074,114.89142083137104,25.37167856381123
188,5,0.21896832457445248,52.24342223889449,0.6257284631505436,119.83360094488978,24.425856121449225
188,6,0.21896832457445248,52.24342223889449,0.4944700146203268,103.87377521427052,19.09135213258354
188,7,0.21896832457445248,52.24342223889449,0.656885315229166,162.84535377903364,14.538298061917422
188,8,0.21896832457445248,52.24342223889449,0.6048498241999531,331.56552286334863,13.599340864630541
188,9,0.21896832457445248,52.24342223889449,0.5273383995451002,305.1767706609292,11.738762630736726
188,10,0.21896832457445248,52.24342223889449,0.4887702274331718,456.9994196594917,14.30815664360038
188,11,0.21896832457445248,52.24342223889449,0.6292965813009269,414.99655794905823,16.30291879263725
189,0,0.08155534913016393,51.84076962491549,0.5346372325098263,376.610768661198,19.12443930366033
189,1,0.08155534913016393,51.84076962491549,0.33724695994210746,447.95878723495446,22.990414252895434
189,2,0.08155534913016393,51.84076962491549,0.5443751672905884,421.3184545722944,27.86153184947316
189,3,0.08155534913016393,51.84076962491549,0.35111558145861255,275.48287026189087,27.731616396763318
189,4,0.08155534913016393,51.84076962491549,0.7914686366096857,149.12653016160942,25.442674190957295
189,5,0.08155534913016393,51.84076962491549,0.5466991041015044,119.29915803086595,25.738066792706388
189,6,0.08155534913016393,51.84076962491549,0.46382987663970204,159.87689582312913,20.79066899767764
189,7,0.08155534913016393,51.84076962491549,0.5716353125887315,177.8439207706727,15.12146276776047
189,8,0.08155534913016393,51.84076962491549,0.6110761153069684,318.53111795008164,11.39477343465501
189,9,0.08155534913016393,51.84076962491549,0.43516227570564503,355.1352026459913,9.5151950425631
189,10,0.08155534913016393,51.84076962491549,0.6040003609758674,403.313831529966,12.835593347907315
189,11,0.08155534913016393,51.84076962491549,0.48798025325275074,410.21895121232353,16.150188434963038
190,0,0.11999709137761103,51.8029665341082,0.4784640136385462,370.9959908642125,21.442384304250616
190,1,0.11999709137761103,51.8029665341082,0.623086408900927,344.1208346269466,25.38335996535742
190,2,0.11999709137761103,51.8029665341082,0.5395437931799919,340.15437262419437,24.081877154111595
190,3,0.11999709137761103,51.8029665341082,0.49507623972452475,215.37776579793388,27.003481092417616
190,4,0.11999709137761103,51.8029665341082,0.4625241075035808,113.32481378487115,28.510715499373287
190,5,0.11999709137761103,51.8029665341082,0.5642264102691597,128.26699113190216,24.82332079076641
190,6,0.11999709137761103,51.8029665341082,0.5706343685404728,139.61036476142604,20.006481158390336
190,7,0.11999709137761103,51.8029665341082,0.5643593452237976,212.666505647453,16.012920091310825
190,8,0.11999709137761103,51.8029665341082,0.4236325288575095,265.64517407576125,14.001346008939393
190,9,0.11999709137761103,51.8029665341082,0.5349538173260903,305.7235054353789,13.304718422651245
190,10,0.11999709137761103,51.8029665341082,0.4349464684766371,509.5788261459886,12.553655863890361
190,11,0.11999709137761103,51.8029665341082,0.4561133498935703,419.95284177648205,16.8891599808173
191,0,0.04983515550304064,52.00172714744708,0.5172996367304332,438.23286121534545,18.615131180157125
191,1,0.04983515550304064,52.00172714744708,0.4707100305955712,435.565151378147,25.028058907351564
191,2,0.04983515550304064,52.00172714744708,0.5679776077165357,433.4878600477916,27.77316881723559
191,3,0.04983515550304064,52.00172714744708,0.5433346244781261,257.99762332980885,28.79168304282962
191,4,0.04983515550304064,52.00172714744708,0.576311850058074,148.09882372394577,27.7206084487015
191,5,0.04983515550304064,52.00172714744708,0.48913047077422056,163.3410464165712,25.100704842849954
191,6,0.04983515550304064,52.00172714744708,0.6531266641139143,112.50931542147903,19.26170284903163
191,7,0.04983515550304064,52.00172714744708,0.3320806646142769,159.94992987834675,16.266300308413573
191,8,0.04983515550304064,52.00172714744708,0.5029355154188705,319.3898957751997,13.73038930350097
191,9,0.04983515550304064,52.00172714744708,0.6511577641316655,258.1389648348134,12.210624724620677
191,10,0.04983515550304064,52.00172714744708,0.48692891395020177,450.5182927796303,12.082565859989463
191,11,0.04983515550304064,52.00172714744708,0.5631691998640632,272.7198644052906,14.831989410089102
192,0,0.140255544438624,51.36961952538247,0.5922707977293746,273.9953559637274,20.243028986589884
192,1,0.140255544438624,51.36961952538247,0.43276928279997545,371.12412325901107,22.857790056251094
192,2,0.140255544438624,51.36961952538247,0.5486032786891677,368.3285321110183,25.854040278417383
192,3,0.140255544438624,51.36961952538247,0.5990019317546653,247.8372343002351,28.426769672358542
192,4,0.140255544438624,51.36961952538247,0.6060808538176261,127.82338558048927,28.113700490016065
192,5,0.140255544438624,51.36961952538247,0.6061840770898153,106.41423108331405,23.362339549255108
192,6,0.140255544438624,51.36961952538247,0.24773418378988143,134.46450223853643,20.606559090004982
192,7,0.140255544438624,51.36961952538247,0.604456901574886,208.9199320334807,16.730660638943174
192,8,0.140255544438624,51.36961952538247,0.45291191514555684,304.2975818486826,12.709685233504166
192,9,0.140255544438624,51.36961952538247,0.594687405541538,373.4065374017444,11.582954679318792
192,10,0.140255544438624,51.36961952538247,0.6488798876289179,552.7196398783636,13.518774724948504
192,11,0.140255544438624,51.36961952538247,0.4759844136248261,418.64115261605787,15.94665113044657
193,0,0.13818831118235883,51.67739452186251,0.5574846354441187,329.0715682815666,19.68851063438294
193,1,0.13818831118235883,51.67739452186251,0.3451742359464654,432.0129902716102,25.63820666791028
193,2,0.13818831118235883,51.67739452186251,0.4135856181398133,308.2803570336473,28.237374820460914
193,3,0.13818831118235883,51.67739452186251,0.5354137484411988,220.18874033604843,29.164717983610213
193,4,0.13818831118235883,51.67739452186251,0.5492822285064879,161.30404433175696,27.331470348936943
193,5,0.13818831118235883,51.67739452186251,0.518190329221936,118.64929844083706,23.83915728964698
193,6,0.13818831118235883,51.67739452186251,0.4854095504480705,139.05529010302843,20.220778291147756
193,7,0.13818831118235883,51.67739452186251,0.3295736934630512,167.3083960617416,17.54386806804571
193,8,0.13818831118235883,51.67739452186251,0.6362209738626347,232.06080167273,13.831277232069121
193,9,0.13818831118235883,51.67739452186251,0.3942865514100904,321.603640466601,12.154261156070666
193,10,0.13818831118235883,51.67739452186251,0.48051646579095686,474.77693302367766,12.059153360368303
193,11,0.13818831118235883,51.67739452186251,0.492710389271244,486.7882875899167,15.635637045208892
194,0,0.03843933437715174,52.40049536904606,0.43682531990334506,392.5542622551903,18.316625699845474
194,1,0.03843933437715174,52.40049536904606,0.32551693217157673,295.5047712884282,23.26384267967948
194,2,0.03843933437715174,52.40049536904606,0.5324063397472275,323.7433050741156,26.840011396406236
194,3,0.03843933437715174,52.40049536904606,0.480960535232279,299.18213370210526,27.220270557837285
194,4,0.03843933437715174,52.40049536904606,0.6369068183522335,141.83253109068679,28.421398319834708
194,5,0.03843933437715174,52.40049536904606,0.5065724844001265,139.96654572386026,24.11154786538555
194,6,0.03843933437715174,52.40049536904606,0.4257828807321526,100.00624131522572,20.13054691555823
194,7,0.03843933437715174,52.40049536904606,0.4387894036728297,153.9894841760097,15.178883165151245
194,8,0.03843933437715174,52.40049536904606,0.4921694178923378,308.66011469710077,13.102481972736982
194,9,0.03843933437715174,52.40049536904606,0.4180691779377946,358.63761963213665,11.803977221135536
194,10,0.03843933437715174,52.40049536904606,0.3575653130080443,502.4494891277638,12.721619306291318
194,11,0.03843933437715174,52.40049536904606,0.5607189099433489,373.90068081880037,14.861904940571526
195,0,0.17919482539373988,52.40475725490073,0.5270864481430614,309.33227300460294,21.31558074924163
195,1,0.17919482539373988,52.40475725490073,0.4959302172114277,413.1157599556327,21.466415935229513
195,2,0.17919482539373988,52.40475725490073,0.5885601493826811,434.0103625334838,26.79664230699174
195,3,0.17919482539373988,52.40475725490073,0.49233030519462395,255.87479070883668,27.80457061768718
195,4,0.17919482539373988,52.40475725490073,0.5766519920040667,166.77258479060526,26.625161016462037
195,5,0.17919482539373988,52.40475725490073,0.4731119112298631,133.9305564583271,23.69774713037366
195,6,0.17919482539373988,52.40475725490073,0.6641145579056951,147.3922433324625,17.761682099869454
195,7,0.17919482539373988,52.40475725490073,0.42160309310334976,186.20687715452001,17.021982724978542
195,8,0.17919482539373988,52.40475725490073,0.5707252052596339,305.2786107362493,13.169005443518241
195,9,0.17919482539373988,52.40475725490073,0.5128017960645211,440.05134320302176,13.916449442184375
195,10,0.17919482539373988,52.40475725490073,0.4282646809835811,450.947902952628,14.644510600308273
195,11,0.17919482539373988,52.40475725490073,0.47012724097610403,348.02700508621484,15.428747550598347
196,0,0.1141892778356303,52.65515459571773,0.584790031564606,271.0460923461671,18.76823065287448
196,1,0.1141892778356303,52.65515459571773,0.4778042150455615,436.189733710505,23.869504203658167
196,2,0.1141892778356303,52.65515459571773,0.4311039290035806,427.9995395904641,26.98698927345303
196,3,0.1141892778356303,52.65515459571773,0.5594621537748028,295.0481127621323,27.711747670384174
196,4,0.1141892778356303,52.65515459571773,0.6422698982670926,189.39570334185936,27.95752415751212
196,5,0.1141892778356303,52.65515459571773,0.562735598413385,111.4722538009339,23.69948627662253
196,6,0.1141892778356303,52.65515459571773,0.5326328686954334,106.76029621265388,20.43234073709868
196,7,0.1141892778356303,52.65515459571773,0.5104766032189305,202.65283737230996,15.904364686891348
196,8,0.1141892778356303,52.65515459571773,0.5307957153615834,215.49445366898604,12.601471262582725
196,9,0.1141892778356303,52.65515459571773,0.532299989168507,342.41557847333877,11.191520750251277
196,10,0.1141892778356303,52.65515459571773,0.620662064024387,400.4236565545954,13.882059260378917
196,11,0.1141892778356303,52.65515459571773,0.5716951521518161,274.5353922127677,14.756394014587437
197,0,0.05636575492901245,52.195180811652406,0.5052894359038367,273.2787136201554,19.788755054840774
197,1,0.05636575492901245,52.195180811652406,0.5901466286425132,372.66512036224884,24.026595665247257
197,2,0.05636575492901245,52.195180811652406,0.3833839552954094,315.9932354011459,27.681935027045
197,3,0.05636575492901245,52.195180811652406,0.41314580951116014,204.57031990744127,27.11723077734825
197,4,0.05636575492901245,52.195180811652406,0.43221641681124434,147.1802691293901,27.30979256087351
197,5,0.05636575492901245,52.195180811652406,0.47056856581370665,129.70205574342924,25.13382886468019
197,6,0.05636575492901245,52.195180811652406,0.697605864928473,147.17788436446253,19.011531270740658
197,7,0.05636575492901245,52.195180811652406,0.4499342047216085,164.4111206022258,15.875051470610982
197,8,0.05636575492901245,52.195180811652406,0.7126852990056411,396.02167258582244,12.466654779378612
197,9,0.05636575492901245,52.195180811652406,0.42402023598817945,288.9526183965775,12.731918012875571
197,10,0.05636575492901245,52.195180811652406,0.4075459749822224,365.8399406925769,13.152310164628862
197,11,0.05636575492901245,52.195180811652406,0.6076083883509769,452.7026385793662,17.155735790958317
198,0,0.026118671275567013,52.48890606854231,0.5643093036218557,278.66764931255614,20.36747590450661
198,1,0.026118671275567013,52.48890606854231,0.4502946413229081,456.48940814041225,24.840104502351718
198,2,0.026118671275567013,52.48890606854231,0.510646501166027,399.61731522424043,26.365134806294193
198,3,0.026118671275567013,52.48890606854231,0.36645951602492877,210.64839337733076,28.99316280795124
198,4,0.026118671275567013,52.48890606854231,0.5817536815165187,143.68769102542143,27.00608463808062
198,5,0.026118671275567013,52.48890606854231,0.5404555847307432,96.73430681344168,23.667508054351142
198,6,0.026118671275567013,52.48890606854231,0.6328613414024173,169.3657289879243,20.512323439223916
198,7,0.026118671275567013,52.48890606854231,0.49719782630587095,149.34215682824976,17.049033645492813
198,8,0.026118671275567013,52.48890606854231,0.4674922116960959,297.9661725599347,12.46032868008726
198,9,0.026118671275567013,52.48890606854231,0.3911339022595093,270.8465023841843,10.644262193811366
198,10,0.026118671275567013,52.48890606854231,0.4067088599016021,372.6789932409028,13.47786326060333
198,11,0.026118671275567013,52.48890606854231,0.4672437948333851,369.9571814121451,16.536432973498293
199,0,0.06813188730398397,51.43283360231293,0.4863260213993075,340.3212302595611,18.893958500548948
199,1,0.06813188730398397,51.43283360231293,0.5216421965242741,418.83547693861203,24.33567165134955
199,2,0.06813188730398397,51.43283360231293,0.43046652566266475,435.27538549651115,25.820900289638704
199,3,0.06813188730398397,51.43283360231293,0.3518394985368096,258.5054599707005,27.181291772218014
199,4,0.06813188730398397,51.43283360231293,0.6009607552733852,152.18643786866897,26.05365248312257
199,5,0.06813188730398397,51.43283360231293,0.48859496292098514,121.24167848571,24.43203089320154
199,6,0.06813188730398397,51.43283360231293,0.526508384052523,139.54094410066247,19.553995162202725
199,7,0.06813188730398397,51.43283360231293,0.6097415553926987,216.30423667381177,18.09248072665089
199,8,0.06813188730398397,51.43283360231293,0.5901479328994972,308.5806238424838,14.325491812428943
199,9,0.06813188730398397,51.43283360231293,0.2899319122750294,393.93484727302445,12.054772714468392
199,10,0.06813188730398397,51.43283360231293,0.3763072918984559,457.7550572436822,13.834670195895868
199,11,0.06813188730398397,51.43283360231293,0.4049787219923962,426.3505671414716,13.899046710190666
200,0,0.17770583920794336,51.44609231859724,0.5021537217082356,392.38670687305614,20.122007248477892
200,1,0.17770583920794336,51.44609231859724,0.508537877412524,410.5594433734703,24.064188843948678
200,2,0.17770583920794336,51.44609231859724,0.6721522805295145,376.9186767041211,27.773402326430087
200,3,0.17770583920794336,51.44609231859724,0.6280923630772657,249.6215228807408,27.44998857583393
200,4,0.17770583920794336,51.44609231859724,0.6241705688436561,123.1693616441111,27.876932361847143
200,5,0.17770583920794336,51.44609231859724,0.5961416558906139,125.35611640948854,22.142398362413754
200,6,0.17770583920794336,51.44609231859724,0.335170609241224,171.814817024242,20.51472197103842
200,7,0.17770583920794336,51.44609231859724,0.5824715797788818,170.37589425599631,16.20247178439958
200,8,0.17770583920794336,51.44609231859724,0.497225675862737,371.524998013503,12.76164297217046
200,9,0.17770583920794336,51.44609231859724,0.6139772114944132,358.78631342686117,12.750985193903746
200,10,0.17770583920794336,51.44609231859724,0.5750157198350073,318.94246525880396,11.932400689163494
200,11,0.17770583920794336,51.44609231859724,0.3654666154934281,259.4892225728861,17.748757202888605
201,0,0.1545920010347241,50.83259627940813,0.5914099600221874,392.3719779599442,19.527132302678858
201,1,0.1545920010347241,50.83259627940813,0.48039576119467176,425.8542298431561,24.39164540307528
201,2,0.1545920010347241,50.83259627940813,0.5139382616621639,320.92232553681913,26.12762967186238
201,3,0.1545920010347241,50.83259627940813,0.5172738306806277,290.4755209050073,28.23669932493848
201,4,0.1545920010347241,50.83259627940813,0.5119874358882486,127.45323079966302,27.09679088177406
201,5,0.1545920010347241,50.83259627940813,0.5732582535987889,102.37665263696053,24.784107865266524
201,6,0.1545920010347241,50.83259627940813,0.5716246086217116,145.8124631154912,19.924219163960874
201,7,0.1545920010347241,50.83259627940813,0.5529023380610104,228.26433996508982,17.49483185860864
201,8,0.1545920010347241,50.83259627940813,0.4004992283828721,263.3221608536392,12.258051000964405
201,9,0.1545920010347241,50.83259627940813,0.5711452076230522,348.2092336881459,10.988055228931074
201,10,0.1545920010347241,50.83259627940813,0.5227278930060442,330.69734449501846,14.125048165693077
201,11,0.1545920010347241,50.83259627940813,0.5044822072824009,345.1433112915218,16.58839546742178
202,0,0.11159378198310785,51.423903603736015,0.5420763880723816,406.5441653517223,21.453262359753797
202,1,0.11159378198310785,51.423903603736015,0.3533172832048528,428.19602429729713,24.96487549378331
202,2,0.11159378198310785,51.423903603736015,0.45873287289123305,275.8097164944225,25.67074632699364
202,3,0.11159378198310785,51.423903603736015,0.579652130742913,184.7678317210596,27.68802969542288
202,4,0.11159378198310785,51.423903603736015,0.6416249641929253,139.91668387656017,27.87243710163566
202,5,0.11159378198310785,51.423903603736015,0.4234294252306496,113.36075142261043,25.006064902619308
202,6,0.11159378198310785,51.423903603736015,0.5692314996969,156.63796509299235,19.16319953329163
202,7,0.11159378198310785,51.423903603736015,0.5400419464511781,190.1527116638833,17.271987728357807
202,8,0.11159378198310785,51.423903603736015,0.4673891489176216,307.7319450973239,11.458236248508097
202,9,0.11159378198310785,51.423903603736015,0.5699258593215492,262.0739817430907,11.048277249995529
202,10,0.11159378198310785,51.423903603736015,0.41272128179856354,263.5296567850134,12.342723401707172
202,11,0.11159378198310785,51.423903603736015,0.48024271930703893,420.936252716541,15.378594687545824
203,0,0.1563950613057619,51.2512652583599,0.48421553275552154,321.8449847337235,19.419684442037273
203,1,0.1563950613057619,51.2512652583599,0.3592012685883688,329.2628247600849,23.87976079989271
203,2,0.1563950613057619,51.2512652583599,0.5523651527502557,426.0795828709142,25.555692274204894
203,3,0.1563950613057619,51.2512652583599,0.355123897582136,191.12313713996946,27.726320099655496
203,4,0.1563950613057619,51.2512652583599,0.4744570815684998,90.02709418393701,27.08241777337099
203,5,0.1563950613057619,51.2512652583599,0.30799080298641746,117.91358021872321,24.72178578417554
203,6,0.1563950613057619,51.2512652583599,0.48859030025096706,145.04009316981495,21.085988659870853
203,7,0.1563950613057619,51.2512652583599,0.4812708949398149,172.62597458461116,15.772737499879705
203,8,0.1563950613057619,51.2512652583599,0.5405434714441688,230.14369342662567,11.065542527454962
203,9,0.1563950613057619,51.2512652583599,0.5190426079991173,383.5745611654429,12.492972327084749
203,10,0.1563950613057619,51.2512652583599,0.5373431400330958,361.23235178133257,14.283592486858547
203,11,0.1563950613057619,51.2512652583599,0.5290548263096948,291.9720028649688,16.364022619851436
204,0,0.020352693576748196,52.252688346319985,0.684541756782613,338.70497698933957,19.714018996596984
204,1,0.020352693576748196,52.252688346319985,0.3124277733758348,437.34104005313526,24.81109225977036
204,2,0.020352693576748196,52.252688346319985,0.545311438200746,295.23529743052285,28.12810109364231
204,3,0.020352693576748196,52.252688346319985,0.59531858847554,173.91627954372424,27.576140786527418
204,4,0.020352693576748196,52.252688346319985,0.551608830965743,134.54691753457956,26.389965700642662
204,5,0.020352693576748196,52.252688346319985,0.668871906628109,165.93245746774943,23.544514875075702
204,6,0.020352693576748196,52.252688346319985,0.5932224296666185,100.63501168337794,20.010664166042147
204,7,0.020352693576748196,52.252688346319985,0.5670755526342824,178.74808142319088,15.977414468943898
204,8,0.020352693576748196,52.252688346319985,0.6040077786961693,326.39136474976294,13.602154145508717
204,9,0.020352693576748196,52.252688346319985,0.4044414841282718,398.55100686312346,12.400826266455471
204,10,0.020352693576748196,52.252688346319985,0.3993574537718364,335.6140553273345,13.287815003507779
204,11,0.020352693576748196,52.252688346319985,0.6290827237831345,343.7402884091485,16.94907254880725
205,0,0.06896493107122088,52.28482244641679,0.49403954185153826,410.0463315009666,19.400957003244947
205,1,0.06896493107122088,52.28482244641679,0.2764856696146728,446.94220847808987,22.598381395190707
205,2,0.06896493107122088,52.28482244641679,0.5314269312215082,383.2211812720387,25.437919172299512
205,3,0.06896493107122088,52.28482244641679,0.6299790447608584,216.6857734713269,28.60492516534158
205,4,0.06896493107122088,52.28482244641679,0.5769062761706709,133.94161369141477,25.802192715154717
205,5,0.06896493107122088,52.28482244641679,0.36723692244504236,109.61759065282058,24.21073079906515
205,6,0.06896493107122088,52.28482244641679,0.5304599751211077,147.97900095397856,20.874826329806584
205,7,0.06896493107122088,52.28482244641679,0.6922950597861792,180.27911239419,15.81909496457271
205,8,0.06896493107122088,52.28482244641679,0.6757956332905866,369.21313370351123,12.02391800613354
205,9,0.06896493107122088,52.28482244641679,0.5671775617607286,265.18018092246757,12.31509654019124
205,10,0.06896493107122088,52.28482244641679,0.4973889801929415,398.95399948051676,13.399140106640168
205,11,0.06896493107122088,52.28482244641679,0.4748376676391765,315.164172649628,14.585927797922372
206,0,0.0598432930666048,51.4344479962483,0.48313468659952324,434.2703787492862,21.154154902334856
206,1,0.0598432930666048,51.4344479962483,0.4395899258755768,441.8806990823672,21.910404072589234
206,2,0.0598432930666048,51.4344479962483,0.5519292859550637,319.4325432006197,25.15986834464709
206,3,0.0598432930666048,51.4344479962483,0.4619283586975923,275.78770583445794,27.49739969583754
206,4,0.0598432930666048,51.4344479962483,0.5609987593624278,160.6221435893126,26.785952677226586
206,5,0.0598432930666048,51.4344479962483,0.36499358222713074,101.7922944580521,24.27701657366507
206,6,0.0598432930666048,51.4344479962483,0.6292393133175291,166.81301191516883,19.39796334199812
206,7,0.0598432930666048,51.4344479962483,0.5121854926113724,152.92673186855092,15.813302352162601
206,8,0.0598432930666048,51.4344479962483,0.4210112955610119,300.9762401899621,10.579543452334814
206,9,0.0598432930666048,51.4344479962483,0.6899188126118728,355.0746062315095,11.328078427745448
206,10,0.0598432930666048,51.4344479962483,0.6031040827377229,394.85756102035504,13.489174343469829
206,11,0.0598432930666048,51.4344479962483,0.4121929294148763,371.32172525847,15.334942188177976
207,0,0.09942204298680198,51.33644802889901,0.44798346032481995,382.30771315337444,17.81065563736704
207,1,0.09942204298680198,51.33644802889901,0.4561714267562308,453.58069926523416,24.274945387369296
207,2,0.09942204298680198,51.33644802889901,0.5842496153854095,464.9657764484098,25.961485797322567
207,3,0.09942204298680198,51.33644802889901,0.315162099538861,232.38899971617863,30.26074326541104
207,4,0.09942204298680198,51.33644802889901,0.560322562552486,173.2102177023851,28.161934961903626
207,5,0.09942204298680198,51.33644802889901,0.39186979163936153,119.05664412243874,24.17846808145272
207,6,0.09942204298680198,51.33644802889901,0.44564968783738323,129.40702993592998,19.315834704573913
207,7,0.09942204298680198,51.33644802889901,0.4713505490724184,197.0546237048083,16.0606520415845
207,8,0.09942204298680198,51.33644802889901,0.45959589391908345,302.7812262476618,13.498919939907644
207,9,0.09942204298680198,51.33644802889901,0.5049424037364973,283.97456842490567,12.577064794371843
207,10,0.09942204298680198,51.33644802889901,0.4675708843381715,402.97623631749514,14.17197547525881
207,11,0.09942204298680198,51.33644802889901,0.4766566811001594,388.5364398092265,16.154885977894434
208,0,0.22766835681438513,52.38129004869466,0.5100059480442761,359.81044508677917,18.494922393474056
208,1,0.22766835681438513,52.38129004869466,0.4002093200292504,336.6479525043989,25.50540281001276
208,2,0.22766835681438513,52.38129004869466,0.5621620127824254,463.38182690050786,26.86740452592074
208,3,0.22766835681438513,52.38129004869466,0.463286497510861,272.0876611557845,27.6860710967868
208,4,0.22766835681438513,52.38129004869466,0.39962427057642236,102.31390821875576,26.38420918338804
208,5,0.22766835681438513,52.38129004869466,0.459103052243971,142.22911465726767,25.46543036875624
208,6,0.22766835681438513,52.38129004869466,0.398418681496669,144.5181380508822,19.729006852056322
208,7,0.22766835681438513,52.38129004869466,0.5551888973404869,126.30690191201636,15.628269732382739
208,8,0.22766835681438513,52.38129004869466,0.37572872363664445,284.5857162812026,13.75091437374662
208,9,0.22766835681438513,52.38129004869466,0.5654515685353879,420.46745944898345,8.884358314378712
208,10,0.22766835681438513,52.38129004869466,0.5367329762675233,344.78514664671656,13.400070561220858
208,11,0.22766835681438513,52.38129004869466,0.604515103462102,388.33510452745116,15.644407318568055
209,0,0.07009849262224478,52.51570448562317,0.3918986739632013,436.8085320137978,19.25482059975779
209,1,0.07009849262224478,52.51570448562317,0.7405472510332375,557.3740598440861,23.20127149516975
209,2,0.07009849262224478,52.51570448562317,0.5374511562607676,259.6712726745505,27.420917720946356
209,3,0.07009849262224478,52.51570448562317,0.5013830258098666,239.92733739377633,27.026988700232
209,4,0.07009849262224478,52.51570448562317,0.4908271393442342,150.82271802931274,28.454511537219357
209,5,0.07009849262224478,52.51570448562317,0.30605635967250255,107.23426908019601,23.87203312959708
209,6,0.07009849262224478,52.51570448562317,0.381745861736775,132.7472171246008,20.4940156630395
209,7,0.07009849262224478,52.51570448562317,0.6687283366182204,146.02763164629914,16.628045226186128
209,8,0.07009849262224478,52.51570448562317,0.5506709327323047,275.83181060871135,11.830534410289925
209,9,0.07009849262224478,52.51570448562317,0.43279640358912086,381.5947596915505,11.464626731449378
209,10,0.07009849262224478,52.51570448562317,0.6859459163044573,343.40749488748696,11.998327779300727
209,11,0.07009849262224478,52.51570448562317,0.453133075159182,331.043710140249,17.079451181187718
210,0,0.11784935787362953,51.50484167133959,0.3676986788512096,298.5095189562876,19.01348735398738
210,1,0.11784935787362953,51.50484167133959,0.4268026550682034,472.4172037700992,23.51856724606658
210,2,0.11784935787362953,51.50484167133959,0.44454142144259573,378.015548132243,27.094969153261175
210,3,0.11784935787362953,51.50484167133959,0.47401872059753747,246.1287175419564,28.72745706770888
210,4,0.11784935787362953,51.50484167133959,0.7078267836998352,139.67678545704698,25.37919499068014
210,5,0.11784935787362953,51.50484167133959,0.49312594431168294,136.98487582322738,22.964310231004905
210,6,0.11784935787362953,51.50484167133959,0.6195735091852961,146.5085708751212,21.5031748137037
210,7,0.11784935787362953,51.50484167133959,0.44513050690374056,161.84609426986952,15.277106904431465
210,8,0.11784935787362953,51.50484167133959,0.4899180777419985,284.51944395388307,13.919143362382593
210,9,0.11784935787362953,51.50484167133959,0.6159924237499922,383.2004117018679,11.384184319004026
210,10,0.11784935787362953,51.50484167133959,0.3870446040225905,317.80607260693233,13.958006171245474
210,11,0.11784935787362953,51.50484167133959,0.47616899485541,306.5795849210883,15.22258432002966
211,0,0.10456897853378264,52.09712807481961,0.5552296125296774,375.52768708406415,19.802872719585242
211,1,0.10456897853378264,52.09712807481961,0.4413106264883748,397.94560272140706,24.14483194471644
211,2,0.10456897853378264,52.09712807481961,0.5910633023980433,377.4435534819702,27.920485090401417
211,3,0.10456897853378264,52.09712807481961,0.4403011310670695,291.2890355442887,27.836688846743115
211,4,0.10456897853378264,52.09712807481961,0.24283753388949075,162.12444321980465,25.385116471399037
211,5,0.10456897853378264,52.09712807481961,0.5760884844143905,125.9665264511377,25.7180580757053
211,6,0.10456897853378264,52.09712807481961,0.5073665022757761,142.75528251446772,20.3323293538443
211,7,0.10456897853378264,52.09712807481961,0.6326279604046443,166.0799673150226,18.010744961866042
211,8,0.10456897853378264,52.09712807481961,0.6335267630625058,361.9866145545624,12.675540889806785
211,9,0.10456897853378264,52.09712807481961,0.4499859562232675,327.4092353841566,13.119789824499483
211,10,0.10456897853378264,52.09712807481961,0.584830737482695,412.8278186924874,13.740505738436882
211,11,0.10456897853378264,52.09712807481961,0.5501125754997804,309.1693892129351,15.786889398276262
212,0,0.06972661298973966,52.57021808415679,0.5344442092059494,472.38311866896225,21.78305886879243
212,1,0.06972661298973966,52.57021808415679,0.2762522323969039,305.45806152562113,25.1254717902501
212,2,0.06972661298973966,52.57021808415679,0.5158259004541786,438.9996356554862,28.095940233749655
212,3,0.06972661298973966,52.57021808415679,0.4929121213710474,234.07891314500318,28.001149306654913
212,4,0.06972661298973966,52.57021808415679,0.34202879885979054,174.92841781031956,26.59347094169611
212,5,0.06972661298973966,52.57021808415679,0.6560958212877745,89.59468397577741,24.066833664270664
212,6,0.06972661298973966,52.57021808415679,0.4791550592272225,132.71856929880852,21.910036388403817
212,7,0.06972661298973966,52.57021808415679,0.2922388263762854,174.41944290986888,18.520066199706218
212,8,0.06972661298973966,52.57021808415679,0.5160542328765889,289.69962908885714,13.342432823495486
212,9,0.06972661298973966,52.57021808415679,0.4448881763551006,310.8454169449141,12.843021253017366
212,10,0.06972661298973966,52.57021808415679,0.36164959205972036,328.6795722871522,12.7115451486148
212,11,0.06972661298973966,52.57021808415679,0.6449096078913117,361.20908717592897,15.940431147014785
213,0,0.08893728470647054,52.114631956167614,0.335632296159438,278.07713293050153,19.420870223186448
213,1,0.08893728470647054,52.114631956167614,0.5071003365107368,372.3406083325208,24.172001265413524
213,2,0.08893728470647054,52.114631956167614,0.5231277180018074,301.86932483784665,26.395528794245784
213,3,0.08893728470647054,52.114631956167614,0.5936480358914942,250.97665533519853,28.95184897349166
213,4,0.08893728470647054,52.114631956167614,0.7259938581034557,122.35339251165047,26.600548531482502
213,5,0.08893728470647054,52.114631956167614,0.39578641736573983,152.056219150639,26.773254128554452
213,6,0.08893728470647054,52.114631956167614,0.5240724880510942,131.65155958541663,20.881229419970964
213,7,0.08893728470647054,52.114631956167614,0.5474957675998805,177.91587103681053,16.24808327104365
213,8,0.08893728470647054,52.114631956167614,0.6409815651581605,212.76232264031438,15.183691920557798
213,9,0.08893728470647054,52.114631956167614,0.5028701070068141,319.24252967583084,13.302391948414764
213,10,0.08893728470647054,52.114631956167614,0.4771768135026485,430.555491363204,14.254732967274382
213,11,0.08893728470647054,52.114631956167614,0.424115387961976,299.4448063736189,16.48760958265899
214,0,0.03959348620005468,52.625012152158675,0.5722622022405356,412.9925398106451,18.812270486290668
214,1,0.03959348620005468,52.625012152158675,0.5008266441545381,421.06595666389774,25.062608349682414
214,2,0.03959348620005468,52.625012152158675,0.3852027498487521,367.0416544948849,28.5032908359118
214,3,0.03959348620005468,52.625012152158675,0.48063394609374427,248.9083496841705,27.73932421725852
214,4,0.03959348620005468,52.625012152158675,0.6218088120086759,184.2386519513639,28.57384767809826
214,5,0.03959348620005468,52.625012152158675,0.4009281479651772,130.37667742049297,25.99293412053708
214,6,0.03959348620005468,52.625012152158675,0.43981614227542426,96.43220675139428,18.989917925619014
214,7,0.03959348620005468,52.625012152158675,0.40514189102554904,183.99639373485562,17.20424276957283
214,8,0.03959348620005468,52.625012152158675,0.6604232203557437,229.09478618408892,12.208907398478333
214,9,0.03959348620005468,52.625012152158675,0.3877618482660577,335.0415263191496,11.632723452183724
214,10,0.03959348620005468,52.625012152158675,0.5020898570334283,439.9322030738293,14.18955782688961
214,11,0.03959348620005468,52.625012152158675,0.35181413665311345,374.8535767395149,16.231244377232507
215,0,0.07738211020139395,52.034184916578646,0.4403589285369557,295.59722354959143,19.262509258166872
215,1,0.07738211020139395,52.034184916578646,0.5671630716677245,390.076364434548,24.370626047595916
215,2,0.07738211020139395,52.034184916578646,0.8041246741919569,334.63112225306935,27.071447098393968
215,3,0.07738211020139395,52.034184916578646,0.5772460381829593,224.59493087739298,28.5595577660252
215,4,0.07738211020139395,52.034184916578646,0.38561487933331984,96.09307578645954,26.85630394451329
215,5,0.07738211020139395,52.034184916578646,0.49511013649605184,160.54636585916344,23.75821673720192
215,6,0.07738211020139395,52.034184916578646,0.3867843316731848,144.88783477110263,20.659794293510593
215,7,0.07738211020139395,52.034184916578646,0.4081513177205578,190.97273186523378,18.101794335073528
215,8,0.07738211020139395,52.034184916578646,0.44339576199495184,284.14095749497784,13.492726958122612
215,9,0.07738211020139395,52.034184916578646,0.6073508338067148,340.3929859585366,12.283039251783029
215,10,0.07738211020139395,52.034184916578646,0.6761395959762684,439.5436050068363,11.844999053590389
215,11,0.07738211020139395,52.034184916578646,0.43644564089097154,416.52658778517883,16.341695765270508
216,0,0.07768299331836986,52.09239947423463,0.39560439347341986,327.9085743753918,20.001110916765874
216,1,0.07768299331836986,52.09239947423463,0.45411880645969305,378.3588665035962,25.081972406114986
216,2,0.07768299331836986,52.09239947423463,0.5727592194964227,277.4108049494024,27.42406727689009
216,3,0.07768299331836986,52.09239947423463,0.6448754511654733,211.66998848736858,26.90364113079293
216,4,0.07768299331836986,52.09239947423463,0.39156900169975045,124.2770038349821,27.462018456531847
216,5,0.07768299331836986,52.09239947423463,0.5211034770621612,143.45123345843265,23.9338580385285
216,6,0.07768299331836986,52.09239947423463,0.45522816984507813,128.93646760673738,20.606420547444344
216,7,0.07768299331836986,52.09239947423463,0.46633561491575665,174.53183825477228,15.583652765774751
216,8,0.07768299331836986,52.09239947423463,0.41481247714550556,231.97283399083588,13.589385397573809
216,9,0.07768299331836986,52.09239947423463,0.6104487438977044,340.27746665744587,11.618698397269782
216,10,0.07768299331836986,52.09239947423463,0.5691297298840834,331.8387184613577,13.717621693396731
216,11,0.07768299331836986,52.09239947423463,0.5561907412944204,260.4035180899634,15.781710716936015
217,0,0.054842559668035876,51.84937819701168,0.3748600433140784,383.01999098920317,19.542331825050717
217,1,0.054842559668035876,51.84937819701168,0.36273468447386836,317.2977467146279,25.514014318167792
217,2,0.054842559668035876,51.84937819701168,0.4052736431675143,289.6147085895288,27.133961408243746
217,3,0.054842559668035876,51.84937819701168,0.5879432261477402,267.39323349441867,28.36177131745484
217,4,0.054842559668035876,51.84937819701168,0.446711109581023,115.69270499802222,27.82933990790429
217,5,0.054842559668035876,51.84937819701168,0.5571641704405308,152.6779647353253,23.462662260587688
217,6,0.054842559668035876,51.84937819701168,0.4741715526289201,132.88485603016932,19.33230756267645
217,7,0.054842559668035876,51.84937819701168,0.42821940304025163,212.61012001797846,16.302636682342417
217,8,0.054842559668035876,51.84937819701168,0.5681237702232926,248.94618752876752,12.237358641813602
217,9,0.054842559668035876,51.84937819701168,0.6074797401296353,316.7781689455367,11.009538067758065
217,10,0.054842559668035876,51.84937819701168,0.5797240567355114,459.71035199543564,12.667472485876575
217,11,0.054842559668035876,51.84937819701168,0.48178678183253193,417.4084827154109,16.653582012934248
218,0,0.11825776424099721,51.139480084391884,0.5606329825874724,298.3229228339658,20.54822233317921
218,1,0.11825776424099721,51.139480084391884,0.5478241093985479,347.9413851055935,24.934263234277143
218,2,0.11825776424099721,51.139480084391884,0.5874266292580441,383.5527969124426,27.981576498983316
218,3,0.11825776424099721,51.139480084391884,0.6534847640751222,247.11623017567004,28.324324818441223
218,4,0.11825776424099721,51.139480084391884,0.7971104715996081,138.500789240542,27.703901140855884
218,5,0.11825776424099721,51.139480084391884,0.514453242462991,107.62194985357851,25.880987415420794
218,6,0.11825776424099721,51.139480084391884,0.48097677238961534,145.36501738500905,19.872345923349766
218,7,0.11825776424099721,51.139480084391884,0.6778641677512292,160.32854997546934,16.202363192555257
218,8,0.11825776424099721,51.139480084391884,0.42316946209396383,292.21746851087966,11.934502407746207
218,9,0.11825776424099721,51.139480084391884,0.5741964178657855,441.92770152185415,12.72189568635094
218,10,0.11825776424099721,51.139480084391884,0.5650846884474013,445.959317785381,12.017288907784625
218,11,0.11825776424099721,51.139480084391884,0.5088933313716395,412.27537477177947,16.587904052881473
219,0,0.07528430890778777,51.783411048168894,0.4726602697656248,352.47687965599556,21.190813997017493
219,1,0.07528430890778777,51.783411048168894,0.4624296320479327,412.9997488252877,24.75821645591886
219,2,0.07528430890778777,51.783411048168894,0.34389758932564407,232.39605377648996,26.666598311671063
219,3,0.07528430890778777,51.783411048168894,0.3671004039740875,338.2065985116298,28.993714183169377
219,4,0.07528430890778777,51.783411048168894,0.5725769350769665,164.73727561135786,25.703107593695563
219,5,0.07528430890778777,51.783411048168894,0.574059354524244,122.58034863082456,25.1437991786138
219,6,0.07528430890778777,51.783411048168894,0.3670026224479823,140.0356117096689,19.226176054194642
219,7,0.07528430890778777,51.783411048168894,0.43571540672807807,164.8421648990939,16.738384100827844
219,8,0.07528430890778777,51.783411048168894,0.4392002647305206,245.45646841181227,13.398462850722591
219,9,0.07528430890778777,51.783411048168894,0.37231674328437236,366.8752661118544,11.887854057773495
219,10,0.07528430890778777,51.783411048168894,0.632185333871673,511.48980511263136,12.047462301879584
219,11,0.07528430890778777,51.783411048168894,0.5950598772652295,390.6505939775315,17.74852720177499
220,0,0.11693353256883729,51.59475337306644,0.4658026068881705,472.27987911686193,21.367850616601206
220,1,0.11693353256883729,51.59475337306644,0.40329159229994993,420.97950360485726,23.234909862418075
220,2,0.11693353256883729,51.59475337306644,0.4173581475299757,304.92328833287377,28.045071183236182
220,3,0.11693353256883729,51.59475337306644,0.5786250517383024,237.15897994293928,26.955525475951795
220,4,0.11693353256883729,51.59475337306644,0.5302119087542836,149.58885555775643,27.395956306646582
220,5,0.11693353256883729,51.59475337306644,0.41263889286578326,143.5019087967207,24.58211683998716
220,6,0.11693353256883729,51.59475337306644,0.5275180497172895,133.90242028516715,21.04795866344506
220,7,0.11693353256883729,51.59475337306644,0.4494582762855006,149.85127154055198,16.3240998639382
220,8,0.11693353256883729,51.59475337306644,0.6719953408331876,313.1515555899783,13.21047637050751
220,9,0.11693353256883729,51.59475337306644,0.5449789608848111,379.96478113926287,13.896428541617702
220,10,0.11693353256883729,51.59475337306644,0.5124900939510576,242.70246662776327,11.418191054205359
220,11,0.11693353256883729,51.59475337306644,0.5480551545349995,330.7009223385212,16.561747306241806
221,0,0.0847471630810368,52.419990547644964,0.4364065073702802,333.21643716032173,17.346087847212928
221,1,0.0847471630810368,52.419990547644964,0.5078674186238262,400.5130837001928,22.85565347250614
221,2,0.0847471630810368,52.419990547644964,0.46011859660962584,375.54541969237556,27.304481076452156
221,3,0.0847471630810368,52.419990547644964,0.5094792022637785,237.68701059781452,27.650980090739633
221,4,0.0847471630810368,52.419990547644964,0.39939961332112034,108.06477243392422,28.527816370601307
221,5,0.0847471630810368,52.419990547644964,0.4464263344777313,108.68623733249142,23.444804722886264
221,6,0.0847471630810368,52.419990547644964,0.4303614663070844,113.31396803171421,21.6261833963378
221,7,0.0847471630810368,52.419990547644964,0.5708460052556825,173.91762094549918,17.377652503630127
221,8,0.0847471630810368,52.419990547644964,0.4962095762181874,293.9400599199981,9.55548623287796
221,9,0.0847471630810368,52.419990547644964,0.4446425871836803,371.1102870660283,13.262015650047555
221,10,0.0847471630810368,52.419990547644964,0.2777405583377899,412.3205247159813,14.489395616548993
221,11,0.0847471630810368,52.419990547644964,0.2755003432537897,520.3370825252309,15.666053122155548
222,0,0.19852687958864282,51.43017561837814,0.6390056557231453,315.7611885123715,21.02915242742818
222,1,0.19852687958864282,51.43017561837814,0.5180817567843179,283.8877701099899,24.54423382536676
222,2,0.19852687958864282,51.43017561837814,0.37029941544794315,318.51163216540914,27.20234889126381
222,3,0.19852687958864282,51.43017561837814,0.5729137240770269,252.34778842632065,28.167875126678368
222,4,0.19852687958864282,51.43017561837814,0.37452015168560376,151.408549264149,27.29285781889689
222,5,0.19852687958864282,51.43017561837814,0.3922610164436807,88.62549368319277,25.448744404959342
222,6,0.19852687958864282,51.43017561837814,0.44514363254741385,139.08866470011623,20.116956841487482
222,7,0.19852687958864282,51.43017561837814,0.3610767600945304,163.12816446040168,16.610478095235464
222,8,0.19852687958864282,51.43017561837814,0.4892488084808887,253.48321338198193,14.441488541616149
222,9,0.19852687958864282,51.43017561837814,0.4332422072892107,328.52063506445194,11.715186500683794
222,10,0.19852687958864282,51.43017561837814,0.4046201486828843,434.98957659213244,13.273371087827604
222,11,0.19852687958864282,51.43017561837814,0.5604642075534308,311.92574868440795,16.711730624861318
223,0,0.040679853251668556,51.943148908042545,0.3646192860663887,310.893177337926,20.708834113140657
223,1,0.040679853251668556,51.943148908042545,0.46743267538323124,437.85564630074583,21.87529712072911
223,2,0.040679853251668556,51.943148908042545,0.3983123169738063,434.222739433187,28.12315386263625
223,3,0.040679853251668556,51.943148908042545,0.5464890866068685,217.16825064215453,27.494369458708686
223,4,0.040679853251668556,51.943148908042545,0.541347388249741,183.62375330900176,27.9022835245905
223,5,0.040679853251668556,51.943148908042545,0.5668440716342646,90.30533412491022,24.19712940290876
223,6,0.040679853251668556,51.943148908042545,0.4781614226493878,109.57953270928003,18.976289994155614
223,7,0.040679853251668556,51.943148908042545,0.5291429671045266,161.90717152560632,19.033173445858235
223,8,0.040679853251668556,51.943148908042545,0.5339034492794728,247.51764718624855,14.105247105784873
223,9,0.040679853251668556,51.943148908042545,0.3736135658514599,376.50953260944925,12.136560553075611
223,10,0.040679853251668556,51.943148908042545,0.4855862928374013,328.8320830746692,12.848974480097306
223,11,0.040679853251668556,51.943148908042545,0.5504914569796433,328.6239754203628,15.29032508234363
224,0,0.1672920322290159,52.01691358381761,0.29863930723173787,393.9651145168508,22.3067231030465
224,1,0.1672920322290159,52.01691358381761,0.483519533374837,276.8286386697308,23.91652709243045
224,2,0.1672920322290159,52.01691358381761,0.5434301176543681,400.39844097381655,28.889371015458618
224,3,0.1672920322290159,52.01691358381761,0.2998808871421095,250.08017648292017,27.846041939683637
224,4,0.1672920322290159,52.01691358381761,0.5303545205711796,169.1036209004325,27.132469425823384
224,5,0.1672920322290159,52.01691358381761,0.423089856627407,139.7514121210158,22.951285275500133
224,6,0.1672920322290159,52.01691358381761,0.7382228494163855,147.4784392754,18.913619217650712
224,7,0.1672920322290159,52.01691358381761,0.3751432348352807,190.462816937134,14.261126231594638
224,8,0.1672920322290159,52.01691358381761,0.29017245144541826,290.73561083389944,12.117483316747967
224,9,0.1672920322290159,52.01691358381761,0.5829030324582752,461.72126830798555,11.730633028718735
224,10,0.1672920322290159,52.01691358381761,0.47013576692133696,430.0652036483921,11.144528165858917
224,11,0.1672920322290159,52.01691358381761,0.5060329821840389,260.16457910641697,17.16922414534277
225,0,0.08490880312266451,52.23222147249651,0.3236134904339122,355.27408198898667,19.136834485467748
225,1,0.08490880312266451,52.23222147249651,0.5009635528959736,333.56865038203796,25.392217568766196
225,2,0.08490880312266451,52.23222147249651,0.2543928220356856,380.5727644473289,26.62576424810641
225,3,0.08490880312266451,52.23222147249651,0.5543214975741174,221.16213275327172,29.293008163602508
225,4,0.08490880312266451,52.23222147249651,0.5575590052769194,178.07652161385963,27.925466950767152
225,5,0.08490880312266451,52.23222147249651,0.4183649868501484,112.80924444824684,24.470921162810708
225,6,0.08490880312266451,52.23222147249651,0.38441152945216756,144.27772695168466,21.965543929625746
225,7,0.08490880312266451,52.23222147249651,0.6319788275977027,217.80531365502688,17.670639837389114
225,8,0.08490880312266451,52.23222147249651,0.574090307205076,253.21663036034573,13.270282878378334
225,9,0.08490880312266451,52.23222147249651,0.6105806244697821,412.12842332035245,12.200944826101605
225,10,0.08490880312266451,52.23222147249651,0.43716786290169374,455.83809598363075,13.058641844246166
225,11,0.08490880312266451,52.23222147249651,0.5421009870661264,350.26714476099585,19.321908549889525
226,0,0.10040489125670737,52.0280102783368,0.5844720581356191,331.1742073469844,19.74243951652466
226,1,0.10040489125670737,52.0280102783368,0.3713307782852293,336.6592661986572,24.007146811471817
226,2,0.10040489125670737,52.0280102783368,0.54025403590982,434.0108824972784,27.1794391279536
226,3,0.10040489125670737,52.0280102783368,0.46971396075478977,259.41108864869466,27.893494699908686
226,4,0.10040489125670737,52.0280102783368,0.5130126585091891,169.64809384786142,27.343203286986956
226,5,0.10040489125670737,52.0280102783368,0.6188825470948272,91.91566171279537,22.952351953901886
226,6,0.10040489125670737,52.0280102783368,0.47718216643751915,135.4457666387164,19.909317050879878
226,7,0.10040489125670737,52.0280102783368,0.5090287367328497,170.51879094930516,15.084009196608362
226,8,0.10040489125670737,52.0280102783368,0.5443392513896019,356.16500838137443,13.515463561052217
226,9,0.10040489125670737,52.0280102783368,0.5383607252571647,349.85786235667763,11.49891903825391
226,10,0.10040489125670737,52.0280102783368,0.529378645852322,413.2911310475195,12.95533711140956
226,11,0.10040489125670737,52.0280102783368,0.641142934634362,377.4904367686972,16.942082737881922
227,0,0.1437942539669948,52.83409240245,0.643259241999176,385.63760093095647,19.733928841587353
227,1,0.1437942539669948,52.83409240245,0.40928817558657643,442.86278107085104,23.007284461508725
227,2,0.1437942539669948,52.83409240245,0.5860371857796874,382.2115331588982,27.349952367032557
227,3,0.1437942539669948,52.83409240245,0.37760898113784663,270.2341538070006,28.063905167130162
227,4,0.1437942539669948,52.83409240245,0.5613756358821999,127.9737099199718,27.267895392140844
227,5,0.1437942539669948,52.83409240245,0.4142007949525549,101.0155731172187,23.46252661792667
227,6,0.1437942539669948,52.83409240245,0.6316221052138814,124.39914482089138,19.123101408907107
227,7,0.1437942539669948,52.83409240245,0.3978740051159287,160.00326780746866,17.85296142073064
227,8,0.1437942539669948,52.83409240245,0.5527020759727979,347.28389968541336,10.932952347737949
227,9,0.1437942539669948,52.83409240245,0.4527666108512646,329.97586596654935,12.849687371972776
227,10,0.1437942539669948,52.83409240245,0.4129446919590673,444.56000532707884,14.157962025492395
227,11,0.1437942539669948,52.83409240245,0.557082002814335,421.6923167932957,16.241748588064237
228,0,0.2708907848994832,52.20716508277845,0.43348677443500544,366.17264618502145,18.193659889284618
228,1,0.2708907848994832,52.20716508277845,0.6337295025637986,382.15395496539065,24.480185909229192
228,2,0.2708907848994832,52.20716508277845,0.4129194396101198,340.80437413563436,27.73612017020179
228,3,0.2708907848994832,52.20716508277845,0.7844874326288782,244.15401622417454,28.640414201650604
228,4,0.2708907848994832,52.20716508277845,0.5621661945077868,174.79568390458388,27.260136110354114
228,5,0.2708907848994832,52.20716508277845,0.5757040731304814,131.6311428522218,25.883533055016578
228,6,0.2708907848994832,52.20716508277845,0.6494124457912803,145.0602777412304,20.268724789370616
228,7,0.2708907848994832,52.20716508277845,0.4519923679002451,166.273453005083,16.038662486591367
228,8,0.2708907848994832,52.20716508277845,0.5087332155836336,267.49896382529283,13.53157344761873
228,9,0.2708907848994832,52.20716508277845,0.601682989127903,289.0277185020935,11.200130873454206
228,10,0.2708907848994832,52.20716508277845,0.5276452042978274,547.6408593654759,14.649633907874717
228,11,0.2708907848994832,52.20716508277845,0.7555006895480882,451.3827366891296,17.056497438815086
229,0,0.3126645012252852,52.095355248358345,0.4637214799273024,341.27913462089083,20.376601478896756
229,1,0.3126645012252852,52.095355248358345,0.6011280352896435,419.58323778695905,24.4242149978978
229,2,0.3126645012252852,52.095355248358345,0.5142310758420492,435.1568079387543,24.466931678891836
229,3,0.3126645012252852,52.095355248358345,0.41415583326986705,213.3839637370686,26.209269203828363
229,4,0.3126645012252852,52.095355248358345,0.43299792737382614,131.1629653944977,25.921483241149275
229,5,0.3126645012252852,52.095355248358345,0.38673959228798593,95.48238528359649,24.696776866491785
229,6,0.3126645012252852,52.095355248358345,0.45636147966447055,158.78762610947302,22.372780353277218
229,7,0.3126645012252852,52.095355248358345,0.4280666402566406,128.80205233687676,15.149827869414251
229,8,0.3126645012252852,52.095355248358345,0.5219044630338309,239.3874285754505,13.459391625397613
229,9,0.3126645012252852,52.095355248358345,0.5892305648329471,392.0576356409386,12.988186562219871
229,10,0.3126645012252852,52.095355248358345,0.3537551935981178,399.2488924799519,13.815081529256698
229,11,0.3126645012252852,52.095355248358345,0.408509212221583,374.4011841038026,15.397568590340532
230,0,0.18405457129877767,52.085212400573155,0.33043574230060524,317.6771413592364,21.805387606607326
230,1,0.18405457129877767,52.085212400573155,0.46268359328400593,341.2788245849826,24.088746742013118
230,2,0.18405457129877767,52.085212400573155,0.5275884350850265,453.91573854428566,28.611358085088952
230,3,0.18405457129877767,52.085212400573155,0.418336267798345,278.2360173242596,28.000118001035016
230,4,0.18405457129877767,52.085212400573155,0.33237716367118536,136.53682215777943,26.95765857532464
230,5,0.18405457129877767,52.085212400573155,0.5182185443755997,128.28303637252895,24.919611869382944
230,6,0.18405457129877767,52.085212400573155,0.5165436372421568,108.02217070655169,21.115482313602822
230,7,0.18405457129877767,52.085212400573155,0.2791075246205019,193.36580038087772,16.970337223740522
230,8,0.18405457129877767,52.085212400573155,0.37900462218404884,279.8293826399861,12.97240580478984
230,9,0.18405457129877767,52.085212400573155,0.635747118947513,381.6407462275555,14.502855767632777
230,10,0.18405457129877767,52.085212400573155,0.5461353978805644,497.53348660656206,11.736712161664004
230,11,0.18405457129877767,52.085212400573155,0.4456397713833308,333.88503045463096,16.53008567760689
231,0,0.13894846139651648,52.397055571470496,0.39950249219681433,291.1277484809794,19.997565889398196
231,1,0.13894846139651648,52.397055571470496,0.3275757264652429,380.2884184730413,23.694458990214976
231,2,0.13894846139651648,52.397055571470496,0.38931768523282273,311.29170926604615,28.445056091670597
231,3,0.13894846139651648,52.397055571470496,0.4146708418225344,245.6704160126973,28.71202374999408
231,4,0.13894846139651648,52.397055571470496,0.5445251776455561,145.52956873154267,29.961302821489117
231,5,0.13894846139651648,52.397055571470496,0.44629352431506303,135.89035624851184,26.423202094439755
231,6,0.13894846139651648,52.397055571470496,0.4756356014509451,168.25432848676226,20.134238944911203
231,7,0.13894846139651648,52.397055571470496,0.6920605155662203,164.5386874848084,15.523647731584989
231,8,0.13894846139651648,52.397055571470496,0.5403659864543867,331.9860177947809,13.162726693444615
231,9,0.13894846139651648,52.397055571470496,0.4159011131997928,345.76174680727746,12.483281068507178
231,10,0.13894846139651648,52.397055571470496,0.5953783996416306,398.4588270846806,13.11570647377298
231,11,0.13894846139651648,52.397055571470496,0.5532343716839953,351.434449911383,15.428738587535827
232,0,0.08634827225604041,51.38287946183764,0.5770230261819258,327.61614121219804,20.509698983735394
232,1,0.08634827225604041,51.38287946183764,0.46854145436028466,345.17327732330637,23.703297189359063
232,2,0.08634827225604041,51.38287946183764,0.5577285725607928,293.06863549484126,27.484433741240817
232,3,0.08634827225604041,51.38287946183764,0.48210595211542917,272.46852964756124,27.942327989891478
232,4,0.08634827225604041,51.38287946183764,0.393471177053396,131.43329349056123,27.09445157906437
232,5,0.08634827225604041,51.38287946183764,0.573551335459242,135.83335868668135,24.354165421302234
232,6,0.08634827225604041,51.38287946183764,0.405256992460111,78.03380863635428,20.14014098860831
232,7,0.08634827225604041,51.38287946183764,0.5813769008672842,188.3741234501742,16.5397068520854
232,8,0.08634827225604041,51.38287946183764,0.5040059241929994,340.48687969691713,14.984854048109195
232,9,0.08634827225604041,51.38287946183764,0.3748632314019694,315.6522257680667,11.56435113053326
232,10,0.08634827225604041,51.38287946183764,0.6569420077561463,430.32612458084975,13.007634835619891
232,11,0.08634827225604041,51.38287946183764,0.41561650790017246,353.95581945951136,14.898312811891314
233,0,0.09499427282624319,51.69825334718101,0.39917738225473276,370.98975416489515,19.241644698743876
233,1,0.09499427282624319,51.69825334718101,0.3799375702968923,375.30918475972146,25.053718816210054
233,2,0.09499427282624319,51.69825334718101,0.5369097108418123,368.6951529191948,28.308912826312408
233,3,0.09499427282624319,51.69825334718101,0.41865213767786563,240.63470485830865,28.450541649909372
233,4,0.09499427282624319,51.69825334718101,0.6537002042067953,124.22362191240904,24.820435475896044
233,5,0.09499427282624319,51.69825334718101,0.4401501430980864,119.079837640283,24.704577433545662
233,6,0.09499427282624319,51.69825334718101,0.446140666947776,168.4459029776585,20.32055153903575
233,7,0.09499427282624319,51.69825334718101,0.5450387488927309,181.2155206375053,13.92990551817615
233,8,0.09499427282624319,51.69825334718101,0.5482093182643912,177.59895179704876,11.485745784103228
233,9,0.09499427282624319,51.69825334718101,0.5233354671469513,321.31430490919695,12.521840196760378
233,10,0.09499427282624319,51.69825334718101,0.6434540211587252,450.934111052874,13.351583054070321
233,11,0.09499427282624319,51.69825334718101,0.4254996528602847,326.6678737074131,14.505031336388045
234,0,0.12335336480030537,52.0160467757471,0.41620257248996717,349.6765128370052,18.779815959294073
234,1,0.12335336480030537,52.0160467757471,0.558913959414722,354.33248611260393,25.355830983934524
234,2,0.12335336480030537,52.0160467757471,0.4997721146918361,392.23768370574624,25.165243928286785
234,3,0.12335336480030537,52.0160467757471,0.7204648947349768,328.0686726292532,26.253072609710813
234,4,0.12335336480030537,52.0160467757471,0.5119889410971387,90.13989969085831,26.56379214638577
234,5,0.12335336480030537,52.0160467757471,0.5936499393059148,94.1366522730667,22.733744711916664
234,6,0.12335336480030537,52.0160467757471,0.39332061600745016,151.84108857538226,19.72320234535495
234,7,0.12335336480030537,52.0160467757471,0.42774720678403444,202.27819182217507,16.944467722656235
234,8,0.12335336480030537,52.0160467757471,0.5636954714581338,221.14520314956792,14.6081246649776
234,9,0.12335336480030537,52.0160467757471,0.5659889643222052,306.0897517801914,12.113015108580832
234,10,0.12335336480030537,52.0160467757471,0.4505463663054016,213.66643130839893,14.926010879731956
234,11,0.12335336480030537,52.0160467757471,0.5246450881166252,286.7288895239875,16.690430926665858
235,0,0.06166311796422548,51.691551959442435,0.4004492411627052,440.9658741301257,19.537485770535152
235,1,0.06166311796422548,51.691551959442435,0.4082687559790812,335.1199895730307,22.765918660242708
235,2,0.06166311796422548,51.691551959442435,0.6693922211185794,389.6719897492975,26.767208634532455
235,3,0.06166311796422548,51.691551959442435,0.6220273367769878,245.2275046823046,28.053347654908354
235,4,0.06166311796422548,51.691551959442435,0.5338031764378772,123.49050780840557,26.44452978939824
235,5,0.06166311796422548,51.691551959442435,0.4117758122804446,107.9851345221326,24.55509118781671
235,6,0.06166311796422548,51.691551959442435,0.3989836394133784,157.37969075210614,21.482669096218974
235,7,0.06166311796422548,51.691551959442435,0.6343684844726172,166.9931110457376,14.876020286897264
235,8,0.06166311796422548,51.691551959442435,0.519419342190263,313.7620838824243,13.991441983638687
235,9,0.06166311796422548,51.691551959442435,0.5793165992676781,351.29872115184554,13.42709360720593
235,10,0.06166311796422548,51.691551959442435,0.4742970616988915,461.1337886408423,12.331021710763281
235,11,0.06166311796422548,51.691551959442435,0.6192726412286067,309.8625660343273,16.585869183297312
236,0,0.09567223565884327,52.05279243577204,0.47331474817517066,383.934671289181,20.318991903370154
236,1,0.09567223565884327,52.05279243577204,0.48500311599362056,282.67690496206427,24.4897605159368
236,2,0.09567223565884327,52.05279243577204,0.5922586760853636,297.37717182138897,27.544756981994006
236,3,0.09567223565884327,52.05279243577204,0.5757389577646703,224.55157194020103,29.118303502000302
236,4,0.09567223565884327,52.05279243577204,0.28955468562029635,126.6676605567114,27.85854086735525
236,5,0.09567223565884327,52.05279243577204,0.32379486922692247,111.71871962586383,23.588286013814184
236,6,0.09567223565884327,52.05279243577204,0.5420641355854594,129.27736193846684,19.71618657269619
236,7,0.09567223565884327,52.05279243577204,0.5839691898544348,158.28102419079738,13.290238983092289
236,8,0.09567223565884327,52.05279243577204,0.6678063207096614,198.68834563407904,13.352933592231114
236,9,0.09567223565884327,52.05279243577204,0.5139812243516249,342.3352227084301,11.216507169990054
236,10,0.09567223565884327,52.05279243577204,0.37658809808474986,390.151354826316,12.63639625042138
236,11,0.09567223565884327,52.05279243577204,0.4425110235147807,413.42329333189593,16.191109753240763
237,0,0.15296721876992114,51.26350938366929,0.5365596648468997,450.68523785225256,18.846832844050617
237,1,0.15296721876992114,51.26350938366929,0.5135880991230626,385.4645165895199,24.975257838434477
237,2,0.15296721876992114,51.26350938366929,0.5401454577476525,418.0630988598586,27.561122646788988
237,3,0.15296721876992114,51.26350938366929,0.6744940699354528,205.98196752297187,27.65498763524687
237,4,0.15296721876992114,51.26350938366929,0.3004810753363476,124.96267047345434,26.351648763600426
237,5,0.15296721876992114,51.26350938366929,0.5730363485486094,128.35548651410315,25.52199546171549
237,6,0.15296721876992114,51.26350938366929,0.6662906954326939,175.37337255003072,19.76823711772326
237,7,0.15296721876992114,51.26350938366929,0.46587521322336495,170.16470544982207,16.961106367965986
237,8,0.15296721876992114,51.26350938366929,0.5705715978667874,272.5398838591335,12.667584716563848
237,9,0.15296721876992114,51.26350938366929,0.5439253803353161,379.6104360413458,12.28831632188884
237,10,0.15296721876992114,51.26350938366929,0.4622326779497587,411.39910729856587,12.77157615830295
237,11,0.15296721876992114,51.26350938366929,0.34789758933240167,355.8021829568901,15.875093944459989
238,0,0.11899053529394496,52.76727461863124,0.4926682184336062,374.2291181684648,19.859431551328623
238,1,0.11899053529394496,52.76727461863124,0.6347399259307134,319.3519236902139,23.357537173635215
238,2,0.11899053529394496,52.76727461863124,0.6067517723004253,392.4686773096786,28.20094108072006
238,3,0.11899053529394496,52.76727461863124,0.5701303493074542,231.84762474496912,28.21720250344632
238,4,0.11899053529394496,52.76727461863124,0.3774718121434141,107.57742167620793,26.59223985570581
238,5,0.11899053529394496,52.76727461863124,0.6156916150126157,98.75910502729259,23.401177110488383
238,6,0.11899053529394496,52.76727461863124,0.4617934228077498,110.72589375792641,20.55804556821247
238,7,0.11899053529394496,52.76727461863124,0.45606421429722693,158.6025754565512,15.156108110238115
238,8,0.11899053529394496,52.76727461863124,0.4684991908836213,294.98242552211235,13.847237888435558
238,9,0.11899053529394496,52.76727461863124,0.5724486290941859,394.6039601934137,12.347572322308201
238,10,0.11899053529394496,52.76727461863124,0.3631960968796546,514.4377358918742,12.658060172608621
238,11,0.11899053529394496,52.76727461863124,0.46870521614328814,328.0124241452304,15.250181860603679
239,0,0.09051275964340544,52.12342088563847,0.4954571825541521,372.62380092976707,18.548636750573593
239,1,0.09051275964340544,52.12342088563847,0.5020108950462637,421.8503212881219,22.39895961156061
239,2,0.09051275964340544,52.12342088563847,0.5465985581237275,426.9612317938784,26.537376067755652
239,3,0.09051275964340544,52.12342088563847,0.3918873942504557,232.99391392303414,27.373675122872193
239,4,0.09051275964340544,52.12342088563847,0.3591115155850678,114.82069995362819,26.891791896234484
239,5,0.09051275964340544,52.12342088563847,0.4851883412526498,114.0668897471569,24.701980026114857
239,6,0.09051275964340544,52.12342088563847,0.4281871238826864,145.43850235177408,19.458969400682857
239,7,0.09051275964340544,52.12342088563847,0.5138954954469961,227.7132355886642,17.654122586635612
239,8,0.09051275964340544,52.12342088563847,0.5879480597897521,296.59343741641754,12.356279056019162
239,9,0.09051275964340544,52.12342088563847,0.46552397698056974,402.68817741955127,12.324725033000496
239,10,0.09051275964340544,52.12342088563847,0.6171420590760581,372.2008780916426,13.408538285915183
239,11,0.09051275964340544,52.12342088563847,0.373656362808665,377.19745562837375,14.17262673669268
240,0,0.04545513888666244,52.04075985237442,0.5635768399902914,329.0201559066354,20.567242740412723
240,1,0.04545513888666244,52.04075985237442,0.5285626229300797,412.90658711516136,25.073959518875967
240,2,0.04545513888666244,52.04075985237442,0.5326531327777497,209.7478326894001,26.895322993546415
240,3,0.04545513888666244,52.04075985237442,0.4875342753363436,283.18821985797797,28.467370891185293
240,4,0.04545513888666244,52.04075985237442,0.34140537184287745,144.07585010717588,25.179913656093177
240,5,0.04545513888666244,52.04075985237442,0.3908375627290285,111.79801193873632,26.1943520587034
240,6,0.04545513888666244,52.04075985237442,0.41890514779043875,121.96874646467866,19.849749976364574
240,7,0.04545513888666244,52.04075985237442,0.47155937802991943,206.58684119180722,15.380900117853834
240,8,0.04545513888666244,52.04075985237442,0.4682336344341291,293.23464328693626,14.205370624381082
240,9,0.04545513888666244,52.04075985237442,0.5982491970405914,333.59150723644495,11.029629411247823
240,10,0.04545513888666244,52.04075985237442,0.37716230229832237,462.73712216499973,12.23893116565598
240,11,0.04545513888666244,52.04075985237442,0.5035996340737564,402.3887848116719,14.513938904798355
241,0,0.05559731762001152,51.5949596099566,0.40917950630196404,278.9371386356142,18.568745002643556
241,1,0.05559731762001152,51.5949596099566,0.42494752903977784,424.2600860820782,24.013512932918808
241,2,0.05559731762001152,51.5949596099566,0.4452430903872567,399.4476528817884,28.22011189139091
241,3,0.05559731762001152,51.5949596099566,0.5346738475317709,278.0660697153288,28.540842630670827
241,4,0.05559731762001152,51.5949596099566,0.36448755962559676,140.8525627729018,27.40434480359849
241,5,0.05559731762001152,51.5949596099566,0.45591714653489335,104.177992888325,24.32874442832205
241,6,0.05559731762001152,51.5949596099566,0.45086807621761243,162.40595685309415,19.203655173372724
241,7,0.05559731762001152,51.5949596099566,0.43469364940053595,184.1115241155859,15.885475259289018
241,8,0.05559731762001152,51.5949596099566,0.32146088830007924,300.74320657352786,14.633621655032565
241,9,0.05559731762001152,51.5949596099566,0.5381493422155345,403.68788008774754,10.213140443587317
241,10,0.05559731762001152,51.5949596099566,0.43950044959342605,359.91913145825123,11.371136055276356
241,11,0.05559731762001152,51.5949596099566,0.3807823621062211,346.14146343784086,15.150211173489883
242,0,0.016743510474648098,52.326830322942094,0.3323085783807897,377.4689685480338,20.992235416764686
242,1,0.016743510474648098,52.326830322942094,0.5733501479601435,304.4624855754753,22.77683124706346
242,2,0.016743510474648098,52.326830322942094,0.38666408840779076,390.3808828819398,27.819337083313226
242,3,0.016743510474648098,52.326830322942094,0.45938731376461805,186.6294943782326,28.586782691575664
242,4,0.016743510474648098,52.326830322942094,0.5042808607698768,130.66485528958918,26.007386068689932
242,5,0.016743510474648098,52.326830322942094,0.48804666515247513,130.95394534626476,24.547773816778424
242,6,0.016743510474648098,52.326830322942094,0.5363404288395611,135.68123494092714,20.98936038241869
242,7,0.016743510474648098,52.326830322942094,0.38517386385259444,172.59057603984826,15.611573312671787
242,8,0.016743510474648098,52.326830322942094,0.6772548635272209,252.18170930751617,12.980022195726974
242,9,0.016743510474648098,52.326830322942094,0.43623494598199625,430.13258552157345,12.00646187884706
242,10,0.016743510474648098,52.326830322942094,0.5527671669652562,480.1952820280027,12.43878594025525
242,11,0.016743510474648098,52.326830322942094,0.47993517904052946,287.73023126239417,16.574737991640824
243,0,0.13721301718444778,52.376510318206066,0.6126316147813342,409.191581235333,20.2381316343469
243,1,0.13721301718444778,52.376510318206066,0.5228193599214295,380.2155941540171,23.991408079026925
243,2,0.13721301718444778,52.376510318206066,0.5180212803208002,475.52112395327083,26.143711091238814
243,3,0.13721301718444778,52.376510318206066,0.35949140365293175,220.09059594374307,27.533584764570936
243,4,0.13721301718444778,52.376510318206066,0.6055911029070524,101.75426730662514,26.467781162914385
243,5,0.13721301718444778,52.376510318206066,0.5978022217202634,115.6599123724351,23.829945484443005
243,6,0.13721301718444778,52.376510318206066,0.48240027967156185,168.10498902726877,19.23229132850158
243,7,0.13721301718444778,52.376510318206066,0.5262345241030012,143.94402774644595,15.194842679443124
243,8,0.13721301718444778,52.376510318206066,0.46743588580025436,260.0771131860992,12.569046139275308
243,9,0.13721301718444778,52.376510318206066,0.6249806929055807,380.721497144678,11.737024519919148
243,10,0.13721301718444778,52.376510318206066,0.3830679299086239,410.74687313429257,13.002810443263975
243,11,0.13721301718444778,52.376510318206066,0.42941081821529875,359.9355032376203,17.137722152510584
244,0,0.02598077489675261,51.80360275204455,0.5621687657279435,353.2476441036231,19.360067686055157
244,1,0.02598077489675261,51.80360275204455,0.5907589253623272,452.4019814581486,22.746655390878857
244,2,0.02598077489675261,51.80360275204455,0.48183427063595546,284.1563198033862,27.77732403346647
244,3,0.02598077489675261,51.80360275204455,0.5030734239035127,235.92179397845476,28.92176594104614
244,4,0.02598077489675261,51.80360275204455,0.4893271965881132,128.56809585642264,27.31844317541332
244,5,0.02598077489675261,51.80360275204455,0.5212612564599446,102.57087886120014,23.135732478946426
244,6,0.02598077489675261,51.80360275204455,0.4958532478824288,143.02780853500502,19.834234044743994
244,7,0.02598077489675261,51.80360275204455,0.3726610480741832,190.27784554437832,16.79337557370244
244,8,0.02598077489675261,51.80360275204455,0.35434876852080355,364.3461720936615,12.907270409938858
244,9,0.02598077489675261,51.80360275204455,0.46306153211135037,314.9340149106856,11.622610039481437
244,10,0.02598077489675261,51.80360275204455,0.4730696470930546,423.08228848215157,13.482744948130705
244,11,0.02598077489675261,51.80360275204455,0.48482610047947766,351.29804467104503,15.733742214058038
245,0,0.09953380414056999,51.97654853125931,0.42926762945881947,401.2676889507672,21.939756874099224
245,1,0.09953380414056999,51.97654853125931,0.4692163389728158,440.64666147866615,25.920845668755582
245,2,0.09953380414056999,51.97654853125931,0.4539606833394214,327.9097444733361,26.40784495971874
245,3,0.09953380414056999,51.97654853125931,0.40765560015855273,257.9527540353369,27.058636007528463
245,4,0.09953380414056999,51.97654853125931,0.7823386682327615,145.0478841064412,29.21721330946818
245,5,0.09953380414056999,51.97654853125931,0.4792383307980106,112.41783406550476,25.942603536162775
245,6,0.09953380414056999,51.97654853125931,0.4939230247554408,122.62661000417458,20.894242776949856
245,7,0.09953380414056999,51.97654853125931,0.5494718953834793,155.77183430454545,16.445683075872576
245,8,0.09953380414056999,51.97654853125931,0.45379680214234397,378.5868246296286,13.191748829581048
245,9,0.09953380414056999,51.97654853125931,0.48987965328116484,292.6818434510056,11.350576867896933
245,10,0.09953380414056999,51.97654853125931,0.4756801628960379,370.30107134588076,13.677779555990869
245,11,0.09953380414056999,51.97654853125931,0.5223044963702047,338.93974135134266,15.183653813818161
246,0,0.0736152880704494,51.42875260910248,0.5934153875751937,305.3585325918179,20.032604035134504
246,1,0.0736152880704494,51.42875260910248,0.45339150788751165,344.0977129414263,23.66824235565228
246,2,0.0736152880704494,51.42875260910248,0.42196816528664655,404.4085312671527,27.514813025897794
246,3,0.0736152880704494,51.42875260910248,0.5457996598315121,259.9648075164953,29.094172284103983
246,4,0.0736152880704494,51.42875260910248,0.46137620828748344,169.03799283688076,26.56729639928117
246,5,0.0736152880704494,51.42875260910248,0.555083749701012,140.91971636900914,23.29845430323133
246,6,0.0736152880704494,51.42875260910248,0.4941917547840045,141.31094935638595,22.420488995502286
246,7,0.0736152880704494,51.42875260910248,0.5213688599264459,170.65242750258105,15.65977319352606
246,8,0.0736152880704494,51.42875260910248,0.6234993116914092,305.4933869720064,14.138096907610926
246,9,0.0736152880704494,51.42875260910248,0.28956472562401037,368.90411058703444,12.494974533291433
246,10,0.0736152880704494,51.42875260910248,0.4291953222345036,406.47362334856723,13.279121146041406
246,11,0.0736152880704494,51.42875260910248,0.4151265408645855,365.62590782992845,16.07670070610049
247,0,0.09964349421321624,52.09729760260313,0.6962915143360209,322.98359468198146,20.494769915363904
247,1,0.09964349421321624,52.09729760260313,0.6122355799061161,480.719352261632,24.272156684923253
247,2,0.09964349421321624,52.09729760260313,0.6992070072079021,400.71808170769907,26.742814188442303
247,3,0.09964349421321624,52.09729760260313,0.4206531105382894,241.592408399111,29.473445284101633
247,4,0.09964349421321624,52.09729760260313,0.5578669958077849,103.54737268889798,27.150726763845626
247,5,0.09964349421321624,52.09729760260313,0.19570182650390655,147.66096306190826,23.48990014493704
247,6,0.09964349421321624,52.09729760260313,0.4991158095205869,110.22580079571038,19.111386004893212
247,7,0.09964349421321624,52.09729760260313,0.40697767324459555,178.356905596414,15.417835056584567
247,8,0.09964349421321624,52.09729760260313,0.5094940709236981,242.17076127533355,12.694211826909925
247,9,0.09964349421321624,52.09729760260313,0.6371065238913263,347.2539128216546,10.045260612731791
247,10,0.09964349421321624,52.09729760260313,0.4052140420206448,447.2718184554614,12.446565161835851
247,11,0.09964349421321624,52.09729760260313,0.40340336652257697,307.06775422522577,17.76717582797682
248,0,0.1456857799684313,52.03051157382906,0.3926108099571718,296.0404081445857,18.159654590263727
248,1,0.1456857799684313,52.03051157382906,0.5267643851155372,421.36258227749244,23.489275579878733
248,2,0.1456857799684313,52.03051157382906,0.3248432226839427,363.10544165053346,27.475737565967123
248,3,0.1456857799684313,52.03051157382906,0.5020241324584465,216.80522628911726,27.316272192089574
248,4,0.1456857799684313,52.03051157382906,0.5424063622573754,152.05500639248226,26.968849731936512
248,5,0.1456857799684313,52.03051157382906,0.46520033905085845,85.65762384370996,24.148041601599726
248,6,0.1456857799684313,52.03051157382906,0.38903528533389076,105.94483340275781,19.363388353275674
248,7,0.1456857799684313,52.03051157382906,0.4429589994302176,182.39112325912248,15.353539323765471
248,8,0.1456857799684313,52.03051157382906,0.4090104149293351,301.929931202984,11.838596368157656
248,9,0.1456857799684313,52.03051157382906,0.6882162690398277,376.06166475200075,10.735089034092415
248,10,0.1456857799684313,52.03051157382906,0.3513476126348103,376.95181434828754,13.850905719828079
248,11,0.1456857799684313,52.03051157382906,0.5592869504517565,420.3969533811312,16.120139401463092
249,0,0.05628020390604639,52.42583902312099,0.37799651805463136,337.7336416876542,19.27588594524901
249,1,0.05628020390604639,52.42583902312099,0.41138054697995025,460.5787162619413,24.78200543381576
249,2,0.05628020390604639,52.42583902312099,0.45864117690615813,258.93608509798617,28.253006242799866
249,3,0.05628020390604639,52.42583902312099,0.5411095590964748,230.65284068918209,28.19637746316685
249,4,0.05628020390604639,52.42583902312099,0.5628597473740469,140.48106758395204,28.42972126874444
249,5,0.05628020390604639,52.42583902312099,0.3644831372583849,138.29260618439082,23.633901186634112
249,6,0.05628020390604639,52.42583902312099,0.4594646986196173,100.51939380689835,19.1880021965745
249,7,0.05628020390604639,52.42583902312099,0.5201987737675116,128.93771547036437,14.849307751859085
249,8,0.05628020390604639,52.42583902312099,0.5225730691156907,279.3178992895868,11.434811511561039
249,9,0.05628020390604639,52.42583902312099,0.52334666322693,404.7900426851163,13.434427375136018
249,10,0.05628020390604639,52.42583902312099,0.6885204924171917,375.1533512447538,12.083855900057433
249,11,0.05628020390604639,52.42583902312099,0.5303454050101776,376.9268880578962,17.108101866418437
250,0,0.0391338171518692,52.205214529508474,0.39976096312358317,354.67043513731426,21.14040018809338
250,1,0.0391338171518692,52.205214529508474,0.45836959269595073,419.16437146300103,22.924520435829745
250,2,0.0391338171518692,52.205214529508474,0.40497459281477594,261.57460609234306,27.53522034380686
250,3,0.0391338171518692,52.205214529508474,0.619493914496019,327.6130591142522,27.020024037154375
250,4,0.0391338171518692,52.205214529508474,0.500143701229459,172.06454953676385,25.086562570260536
250,5,0.0391338171518692,52.205214529508474,0.4921724674449732,160.78262150652677,23.707809174842783
250,6,0.0391338171518692,52.205214529508474,0.41772831741366806,121.3153341954514,20.42625482535554
250,7,0.0391338171518692,52.205214529508474,0.4456170795262568,218.76610859170785,14.457775937205254
250,8,0.0391338171518692,52.205214529508474,0.36104689828015557,263.02042467660857,13.678965530247979
250,9,0.0391338171518692,52.205214529508474,0.451298300695787,295.5049106830731,12.902856946687347
250,10,0.0391338171518692,52.205214529508474,0.42355722893223424,472.70186231406444,13.372975403641359
250,11,0.0391338171518692,52.205214529508474,0.5868349093154607,360.9906719762149,17.20035909529711
251,0,0.06282688194916769,52.48999714125552,0.5605692585452148,284.63761568747674,20.876809332302884
251,1,0.06282688194916769,52.48999714125552,0.5382626023351367,358.1659601106804,23.488294839294365
251,2,0.06282688194916769,52.48999714125552,0.702607852405064,290.92951181140035,26.724523418555965
251,3,0.06282688194916769,52.48999714125552,0.41046090106909217,222.79077988128097,27.7923868925641
251,4,0.06282688194916769,52.48999714125552,0.508510986538983,133.9534362349239,26.922139837629672
251,5,0.06282688194916769,52.48999714125552,0.5577675454732636,119.2412060690822,23.672966632103655
251,6,0.06282688194916769,52.48999714125552,0.5073112399261255,158.50652352948453,21.89009783069448
251,7,0.06282688194916769,52.48999714125552,0.5655993995118209,99.59326355509543,15.227184460985846
251,8,0.06282688194916769,52.48999714125552,0.3601149033752017,206.8332252555483,11.7347912961602
251,9,0.06282688194916769,52.48999714125552,0.47564304185933715,362.06524380371184,11.852980479872121
251,10,0.06282688194916769,52.48999714125552,0.3701463314127258,471.79028901339694,12.230810227985055
251,11,0.06282688194916769,52.48999714125552,0.5117338918249095,389.99410961044794,16.687517947877716
252,0,0.0988100222996219,51.947384549207456,0.6012707690575856,287.4050430063721,20.765398842713868
252,1,0.0988100222996219,51.947384549207456,0.4988609195710642,334.5739103192847,24.075389432901456
252,2,0.0988100222996219,51.947384549207456,0.45125446081447296,323.5822927065919,26.66266357966414
252,3,0.0988100222996219,51.947384549207456,0.39200137117823775,267.3734913492502,29.010907949800174
252,4,0.0988100222996219,51.947384549207456,0.47987499953459284,121.48823277146886,26.101643019301594
252,5,0.0988100222996219,51.947384549207456,0.6039971114025366,107.20942917174938,22.70316708019609
252,6,0.0988100222996219,51.947384549207456,0.41758528099927683,140.9321258518453,21.603848026848308
252,7,0.0988100222996219,51.947384549207456,0.38924551444598865,183.19223486793533,16.390234573988117
252,8,0.0988100222996219,51.947384549207456,0.5256932009824267,307.75657417431825,15.168254706114576
252,9,0.0988100222996219,51.947384549207456,0.46099086037791515,410.2883604865972,12.468875057907244
252,10,0.0988100222996219,51.947384549207456,0.5233529406646651,505.391099413603,13.313155375776722
252,11,0.0988100222996219,51.947384549207456,0.49726158915426394,383.25414414613465,15.545460735775084
253,0,0.12433738864096487,52.08787511135833,0.4928015629838958,353.2800571923247,19.562659226200825
253,1,0.12433738864096487,52.08787511135833,0.40970523359859307,377.6232668066536,25.123357446426144
253,2,0.12433738864096487,52.08787511135833,0.4008719647411959,360.6234472705594,26.643552880711912
253,3,0.12433738864096487,52.08787511135833,0.43834181390319576,222.48753253231223,27.970294394434507
253,4,0.12433738864096487,52.08787511135833,0.6891450870997611,171.5760027916202,26.15656787756978
253,5,0.12433738864096487,52.08787511135833,0.4182202421761717,101.11219849430121,24.072574223786702
253,6,0.12433738864096487,52.08787511135833,0.39311264414723784,146.14494669834448,18.570199199215285
253,7,0.12433738864096487,52.08787511135833,0.6132215761463429,191.5126943105158,12.41892920009917
253,8,0.12433738864096487,52.08787511135833,0.5933968318373802,289.25703148480477,13.602118361815945
253,9,0.12433738864096487,52.08787511135833,0.5628523355541141,376.13124874505917,11.116032932848755
253,10,0.12433738864096487,52.08787511135833,0.4580652199845252,423.5722166006302,12.952969921924359
253,11,0.12433738864096487,52.08787511135833,0.6207071266982973,390.3352991078011,14.665328273143167
254,0,0.07299479766860476,51.935543435565286,0.4850265066643618,385.5963367136266,22.46489370183813
254,1,0.07299479766860476,51.935543435565286,0.4904258284207804,371.4309943673763,26.35342538318183
254,2,0.07299479766860476,51.935543435565286,0.6438154086129287,285.6927640276567,27.768855742914177
254,3,0.07299479766860476,51.935543435565286,0.6527837531731431,222.28878112904678,28.612822884108535
254,4,0.07299479766860476,51.935543435565286,0.48721945816745593,125.81640808116315,26.3626175000426
254,5,0.07299479766860476,51.935543435565286,0.6563861246329462,131.86466661615188,22.72406167969648
254,6,0.07299479766860476,51.935543435565286,0.4792335588508828,120.48109569136928,21.333454210553207
254,7,0.07299479766860476,51.935543435565286,0.47040248859390277,181.71272354170958,15.766327268141593
254,8,0.07299479766860476,51.935543435565286,0.31760511760819277,327.39734923654015,11.526789723623832
254,9,0.07299479766860476,51.935543435565286,0.5779038193441818,393.5919440268039,12.773429758991224
254,10,0.07299479766860476,51.935543435565286,0.633136112377028,390.2678862508775,13.59122714883332
254,11,0.07299479766860476,51.935543435565286,0.3246980771744513,334.4709961495233,14.251738680958699
255,0,0.0745848146240912,52.01029468452737,0.4109900770026763,392.4255225269037,20.296067966333318
255,1,0.0745848146240912,52.01029468452737,0.5312805007372778,442.3289517502307,24.820154248438797
255,2,0.0745848146240912,52.01029468452737,0.555745251938954,348.7898607419372,26.92869402811679
255,3,0.0745848146240912,52.01029468452737,0.6791336269437288,195.7139704987526,28.112423680650846
255,4,0.0745848146240912,52.01029468452737,0.4844479007908783,164.755728276522,25.926098704989524
255,5,0.0745848146240912,52.01029468452737,0.5532698840643289,149.72841510129356,24.002338234548592
255,6,0.0745848146240912,52.01029468452737,0.6806807464862811,104.33823879578938,18.86316006381988
255,7,0.0745848146240912,52.01029468452737,0.5870943839098337,181.8711218468648,17.835421692274775
255,8,0.0745848146240912,52.01029468452737,0.472290786923654,295.7986726895685,12.44790915911793
255,9,0.0745848146240912,52.01029468452737,0.3993442446419301,359.1208939755039,12.464298686349217
255,10,0.0745848146240912,52.01029468452737,0.5483589557663082,423.2029626777278,14.058254336482243
255,11,0.0745848146240912,52.01029468452737,0.387667057876556,487.93296154822633,15.672738556533504
256,0,0.23143303954097766,51.74624054369879,0.5272271539289582,379.36049493996813,19.23941461944738
256,1,0.23143303954097766,51.74624054369879,0.46306820496965473,400.31065886524055,22.977940796338856
256,2,0.23143303954097766,51.74624054369879,0.43974326818344844,298.11429776682314,27.13499245226695
256,3,0.23143303954097766,51.74624054369879,0.5019957618499873,259.5015337529025,28.007360170754186
256,4,0.23143303954097766,51.74624054369879,0.5115637711990028,132.01226213638145,27.46984873845815
256,5,0.23143303954097766,51.74624054369879,0.34878144528334104,101.55070705524308,23.164981967637868
256,6,0.23143303954097766,51.74624054369879,0.5271911788523878,161.7448673775275,20.792590324003758
256,7,0.23143303954097766,51.74624054369879,0.2713253779228856,166.86971780493073,15.126798897097723
256,8,0.23143303954097766,51.74624054369879,0.6002274429613063,286.9022498280388,12.134028704785388
256,9,0.23143303954097766,51.74624054369879,0.2937223840622052,335.6268122722454,13.165137730787189
256,10,0.23143303954097766,51.74624054369879,0.571688368812533,458.0478932235545,12.96133621176028
256,11,0.23143303954097766,51.74624054369879,0.38616477645812347,364.33040524939713,16.447724944817764
257,0,0.13971237940887402,51.962160719589065,0.31683261467054347,415.0509601773775,19.708210381894013
257,1,0.13971237940887402,51.962160719589065,0.3761077818824951,362.6161370703907,26.9682186426148
257,2,0.13971237940887402,51.962160719589065,0.6213351514871095,386.5684853782845,27.3703797898906
257,3,0.13971237940887402,51.962160719589065,0.48636673334747366,285.07999580735793,29.07543281753792
257,4,0.13971237940887402,51.962160719589065,0.4632176545017132,146.03610456578042,27.507489426158017
257,5,0.13971237940887402,51.962160719589065,0.6088441380990253,173.31411142490896,22.929529738491404
257,6,0.13971237940887402,51.962160719589065,0.6095544397982103,163.75406451823,21.406259463177395
257,7,0.13971237940887402,51.962160719589065,0.81434580227212,169.81379735250414,15.009022386622922
257,8,0.13971237940887402,51.962160719589065,0.43591033248180827,284.04865670225894,12.346068937016417
257,9,0.13971237940887402,51.962160719589065,0.7645120933957305,346.40779763272167,13.925284998326129
257,10,0.13971237940887402,51.962160719589065,0.6721662302130748,381.9386568064252,12.431995246913937
257,11,0.13971237940887402,51.962160719589065,0.5337658358170985,330.6466580509635,18.261465973737135
258,0,0.042650767627478575,51.771450683775925,0.6271828084737361,324.8611915628257,20.016763490170355
258,1,0.042650767627478575,51.771450683775925,0.35031672142905645,369.5391007894507,22.209782036827555
258,2,0.042650767627478575,51.771450683775925,0.43400010472904105,317.1327822663238,26.799815108065975
258,3,0.042650767627478575,51.771450683775925,0.6349519709903146,247.58651538460387,26.99407161049581
258,4,0.042650767627478575,51.771450683775925,0.4858524874414921,146.34868638573374,28.420159654990186
258,5,0.042650767627478575,51.771450683775925,0.4097286039584527,117.77280540977324,24.098551490259496
258,6,0.042650767627478575,51.771450683775925,0.5683215749446923,144.3214474143655,20.58119842132524
258,7,0.042650767627478575,51.771450683775925,0.6184574458816096,197.6787163260356,15.257788404226973
258,8,0.042650767627478575,51.771450683775925,0.5610479737548404,281.4248955826353,15.242015502609652
258,9,0.042650767627478575,51.771450683775925,0.7135640125491133,396.54590514581906,13.777031930897401
258,10,0.042650767627478575,51.771450683775925,0.4552302872912744,393.96866527057256,12.618781874032047
258,11,0.042650767627478575,51.771450683775925,0.4475463247386892,344.44648894020554,16.26549177331368
259,0,0.06515568413674185,52.44078583799309,0.5182321750967115,245.17086610805435,19.28884234513774
259,1,0.06515568413674185,52.44078583799309,0.29916352963710957,410.4643894905367,22.666085951403215
259,2,0.06515568413674185,52.44078583799309,0.4827945971503025,374.04328208847437,25.98028891231575
259,3,0.06515568413674185,52.44078583799309,0.43998263851676345,229.28940902346852,29.074327379021334
259,4,0.06515568413674185,52.44078583799309,0.4668330231196766,126.02831412833773,25.74850307608981
259,5,0.06515568413674185,52.44078583799309,0.5964630736805547,125.61928700067837,25.63046980939795
259,6,0.06515568413674185,52.44078583799309,0.5227264417515132,137.81071738095923,19.513618559918044
259,7,0.06515568413674185,52.44078583799309,0.5304354813264364,143.2835861775394,16.939224585793372
259,8,0.06515568413674185,52.44078583799309,0.45271990861833267,223.4383206201987,12.203190744049763
259,9,0.06515568413674185,52.44078583799309,0.41219725161865417,347.63636551736795,11.787614723947916
259,10,0.06515568413674185,52.44078583799309,0.38485016961100454,390.23394854953506,12.151882130817548
259,11,0.06515568413674185,52.44078583799309,0.35614894177278666,454.66801729104697,16.90245831378748
260,0,0.1145154246324305,52.16250178944823,0.794329154926271,474.33537482775324,19.117773410667468
260,1,0.1145154246324305,52.16250178944823,0.5570655972616972,349.738227942702,23.630590214236733
260,2,0.1145154246324305,52.16250178944823,0.5365385025820562,426.779371963196,27.043876552177156
260,3,0.1145154246324305,52.16250178944823,0.5297525648333198,206.0904218688941,27.079345283460352
260,4,0.1145154246324305,52.16250178944823,0.5676147782746261,129.49127898497917,27.536443057967944
260,5,0.1145154246324305,52.16250178944823,0.6560613920212206,120.34992253776556,24.37206014656503
260,6,0.1145154246324305,52.16250178944823,0.6479566633163791,183.21747144027654,18.148887072036118
260,7,0.1145154246324305,52.16250178944823,0.44847023107493617,200.90039546387078,14.267057136687876
260,8,0.1145154246324305,52.16250178944823,0.5254826124911731,245.61045455156355,13.834331025711485
260,9,0.1145154246324305,52.16250178944823,0.5384437516514606,387.7601645514312,12.162186043545365
260,10,0.1145154246324305,52.16250178944823,0.43596857487627333,392.74297294259674,12.951813890802825
260,11,0.1145154246324305,52.16250178944823,0.42180445291062896,460.2122775793027,16.197133992058873
261,0,0.23209603660429803,52.07238096701207,0.3134603018123564,405.252807199598,20.44246580302215
261,1,0.23209603660429803,52.07238096701207,0.7713631764782216,351.7497990967137,23.692362538252876
261,2,0.23209603660429803,52.07238096701207,0.5490010696439096,401.11628405734734,27.212859924955207
261,3,0.23209603660429803,52.07238096701207,0.3131560883558745,239.55307862498046,27.716107174663254
261,4,0.23209603660429803,52.07238096701207,0.5462571825081246,143.94964171967933,26.30636667777789
261,5,0.23209603660429803,52.07238096701207,0.1635076630507148,97.9133385425384,22.57768800137626
261,6,0.23209603660429803,52.07238096701207,0.34030579339846245,154.51919701387166,19.341837854936948
261,7,0.23209603660429803,52.07238096701207,0.5071503962032736,202.98308051812398,15.877833961294638
261,8,0.23209603660429803,52.07238096701207,0.38754547479512497,367.81924049896537,12.802724793944597
261,9,0.23209603660429803,52.07238096701207,0.4293238214466954,425.21132860418123,11.159291264656524
261,10,0.23209603660429803,52.07238096701207,0.5581829488033243,399.7459550036707,11.884055768545288
261,11,0.23209603660429803,52.07238096701207,0.5801530806984149,389.1693958368368,17.40295396591021
262,0,0.09814526691076389,51.844722369334264,0.40041391638022017,321.91168283162244,20.95566369993775
262,1,0.09814526691076389,51.844722369334264,0.5614899680630906,386.1189630472993,24.23140094064099
262,2,0.09814526691076389,51.844722369334264,0.4566433214735938,342.65045584341334,25.944843163505972
262,3,0.09814526691076389,51.844722369334264,0.4398757732036991,215.782182484137,28.736791139002346
262,4,0.09814526691076389,51.844722369334264,0.5822414249116347,132.30291902179823,27.55840433608123
262,5,0.09814526691076389,51.844722369334264,0.5225725678555587,108.5543130324976,25.64315846414907
262,6,0.09814526691076389,51.844722369334264,0.4874605159342967,139.10171816831132,21.702366652823635
262,7,0.09814526691076389,51.844722369334264,0.49312590766322745,176.9479511063669,14.581625889072027
262,8,0.09814526691076389,51.844722369334264,0.5296186034131292,246.8715217266231,12.817299935625625
262,9,0.09814526691076389,51.844722369334264,0.5513172238865001,330.2512361354604,10.91020124288705
262,10,0.09814526691076389,51.844722369334264,0.5796072121764614,447.47020153013483,10.950612970191958
262,11,0.09814526691076389,51.844722369334264,0.38610420268311696,382.8576944688374,15.509124838189202
263,0,0.06460943921781563,52.42116897722391,0.5529157398185649,308.40526731271416,17.800489118232935
263,1,0.06460943921781563,52.42116897722391,0.607770278466626,405.76630003453784,23.51706984079718
263,2,0.06460943921781563,52.42116897722391,0.5693702076207233,454.0626501977545,26.93572589814218
263,3,0.06460943921781563,52.42116897722391,0.342302395281424,261.54389302206624,27.1831887540684
263,4,0.06460943921781563,52.42116897722391,0.5199195544749654,115.98404947638772,25.60685393243668
263,5,0.06460943921781563,52.42116897722391,0.451595122728658,111.61050183740034,22.04194832117648
263,6,0.06460943921781563,52.42116897722391,0.4961722687971891,152.0917312202387,19.816020841804534
263,7,0.06460943921781563,52.42116897722391,0.30357018213831544,190.14833576281006,17.066568588417677
263,8,0.06460943921781563,52.42116897722391,0.6013069137021354,228.3794952005725,11.910201891013582
263,9,0.06460943921781563,52.42116897722391,0.518527999362057,307.8122298480131,12.083409018061454
263,10,0.06460943921781563,52.42116897722391,0.36838679292093357,397.7990183973838,12.602729143450526
263,11,0.06460943921781563,52.42116897722391,0.6212946488377867,392.17132305090934,14.915779233091325
264,0,0.12181520093248743,52.05136225539983,0.4983646742022079,280.4894245485364,19.25968730498986
264,1,0.12181520093248743,52.05136225539983,0.5097425806201037,344.4494027420823,23.989339658116076
264,2,0.12181520093248743,52.05136225539983,0.6438459955500094,266.7999716121424,27.77546295592251
264,3,0.12181520093248743,52.05136225539983,0.5440698409633223,276.25608166762777,29.208302318969654
264,4,0.12181520093248743,52.05136225539983,0.6235399043715496,150.72087898131417,27.814854753095705
264,5,0.12181520093248743,52.05136225539983,0.5160589799566577,148.10778423810504,24.246790254362118
264,6,0.12181520093248743,52.05136225539983,0.42653464765007154,138.19322656209226,18.508070007693433
264,7,0.12181520093248743,52.05136225539983,0.46994604351784486,219.9243333875313,18.677441865162965
264,8,0.12181520093248743,52.05136225539983,0.39842210210460016,257.1473938168156,11.551488129818901
264,9,0.12181520093248743,52.05136225539983,0.47028674321309116,374.95041301798915,11.172230114566053
264,10,0.12181520093248743,52.05136225539983,0.4123087141979074,484.4389194007339,11.301688807794905
264,11,0.12181520093248743,52.05136225539983,0.3933421823101414,383.80355093080954,14.193024552451268
265,0,0.12393023147764286,52.21828746222714,0.5282524197167849,301.2457752658634,21.598236597637747
265,1,0.12393023147764286,52.21828746222714,0.5210873412044081,342.081553632457,24.876668358502968
265,2,0.12393023147764286,52.21828746222714,0.4490919196735427,424.91503191494616,27.0302687805646
265,3,0.12393023147764286,52.21828746222714,0.6115369429324238,216.07280848300164,28.02933388591643
265,4,0.12393023147764286,52.21828746222714,0.4140563404778779,126.01753002687049,27.24232372327628
265,5,0.12393023147764286,52.21828746222714,0.5929033197517262,115.13499161992213,20.49936378786356
265,6,0.12393023147764286,52.21828746222714,0.3337839445727765,142.64031988201674,21.142207453460284
265,7,0.12393023147764286,52.21828746222714,0.5471825573316889,164.96297233366056,14.53298283888964
265,8,0.12393023147764286,52.21828746222714,0.4258798644555468,254.6255111392617,12.530535046859335
265,9,0.12393023147764286,52.21828746222714,0.4654432525089624,294.41865427087316,13.228730525540552
265,10,0.12393023147764286,52.21828746222714,0.5808956157122432,366.3139420598291,10.858674805632939
265,11,0.12393023147764286,52.21828746222714,0.39172692607453485,358.3816499403183,16.45040314046145
266,0,0.08370175495488802,51.816944878379545,0.6680097156797097,273.5159701284941,20.22262795620351
266,1,0.08370175495488802,51.816944878379545,0.5267384750625481,391.08754738598435,24.556603178896957
266,2,0.08370175495488802,51.816944878379545,0.5836589130338028,377.01301609289783,27.637150578209813
266,3,0.08370175495488802,51.816944878379545,0.4254636257670297,222.04366463106857,28.37305037583924
266,4,0.08370175495488802,51.816944878379545,0.599317291057541,152.88353074116728,27.808678727682004
266,5,0.08370175495488802,51.816944878379545,0.40259856729506494,119.34229140803713,25.552198361731378
266,6,0.08370175495488802,51.816944878379545,0.329812162420639,114.58219873470189,20.563331228685573
266,7,0.08370175495488802,51.816944878379545,0.39771789691472337,171.85740759961988,15.7301052675044
266,8,0.08370175495488802,51.816944878379545,0.5452425146648691,362.6940342656004,12.734338462960249
266,9,0.08370175495488802,51.816944878379545,0.30825562060752965,381.0362913277178,14.306865217128037
266,10,0.08370175495488802,51.816944878379545,0.4205137445589388,274.7106392204091,13.905395684868992
266,11,0.08370175495488802,51.816944878379545,0.6338054622019733,298.43942099496485,15.819376222308437
267,0,0.1521352360045671,52.127129105216234,0.3917753780282258,311.3272320507705,19.13374908195469
267,1,0.1521352360045671,52.127129105216234,0.37049719141196813,230.58560897818657,25.66894814407719
267,2,0.1521352360045671,52.127129105216234,0.6477217615187978,324.67082039528594,26.559397607118115
267,3,0.1521352360045671,52.127129105216234,0.6563665255817477,154.6741791021989,27.685573912902473
267,4,0.1521352360045671,52.127129105216234,0.5735451134847975,147.52292440626104,27.63540306117154
267,5,0.1521352360045671,52.127129105216234,0.4514799898174273,127.34622686548347,24.340323515422842
267,6,0.1521352360045671,52.127129105216234,0.6416922834684362,176.73283462391439,19.64614963851764
267,7,0.1521352360045671,52.127129105216234,0.6057001377963516,164.61731512576836,15.499864725308765
267,8,0.1521352360045671,52.127129105216234,0.5801201289741644,266.77931722993134,12.936392849547817
267,9,0.1521352360045671,52.127129105216234,0.6169099909644576,391.37613540092656,13.011242091741558
267,10,0.1521352360045671,52.127129105216234,0.5865287990019735,344.4288605318804,11.819336554779548
267,11,0.1521352360045671,52.127129105216234,0.476387844772704,467.25048586954676,16.46910919023398
268,0,0.04035388692814626,51.733962186444145,0.4032942998450935,404.9597452374501,20.15795142598028
268,1,0.04035388692814626,51.733962186444145,0.6068691469575601,412.91193731010696,25.368076956190233
268,2,0.04035388692814626,51.733962186444145,0.5655094367286714,246.68503182868156,24.593617394818267
268,3,0.04035388692814626,51.733962186444145,0.3782988208263101,234.20528684788687,27.69369670117397
268,4,0.04035388692814626,51.733962186444145,0.578640684663166,166.76168820606662,24.15838511072753
268,5,0.04035388692814626,51.733962186444145,0.49650883246700683,129.78839537105307,22.45570132257168
268,6,0.04035388692814626,51.733962186444145,0.3794829363457458,166.88020756181675,19.46434678999854
268,7,0.04035388692814626,51.733962186444145,0.6038388033509968,195.60260571151014,17.23450889474852
268,8,0.04035388692814626,51.733962186444145,0.5831197266646966,261.03978676797334,13.065023604621103
268,9,0.04035388692814626,51.733962186444145,0.4630076651036226,333.61883871417086,13.21791325931198
268,10,0.04035388692814626,51.733962186444145,0.5077534139560753,502.7544710296659,13.03212451825248
268,11,0.04035388692814626,51.733962186444145,0.46013119550858733,369.3907163554518,14.946176562218351
269,0,0.11999986022638727,51.74672087421718,0.3979934464482864,279.9173860891781,21.204191606223795
269,1,0.11999986022638727,51.74672087421718,0.4326034817081852,350.538122517074,24.62014354257723
269,2,0.11999986022638727,51.74672087421718,0.6204889779077337,426.26011740908217,25.954524327173832
269,3,0.11999986022638727,51.74672087421718,0.5907221611708103,196.42195485662262,28.16602837274876
269,4,0.11999986022638727,51.74672087421718,0.5787592512031148,122.37947142802673,25.201200199893666
269,5,0.11999986022638727,51.74672087421718,0.534607293202807,145.84463091579522,24.11454384224335
269,6,0.11999986022638727,51.74672087421718,0.4614705710534247,176.55712828206796,20.681426493742148
269,7,0.11999986022638727,51.74672087421718,0.5574565230348758,132.38664551909577,14.418108212111166
269,8,0.11999986022638727,51.74672087421718,0.5189114045536943,270.7503627342888,14.11308736330351
269,9,0.11999986022638727,51.74672087421718,0.43153349642358696,343.92358174448555,13.773234283136407
269,10,0.11999986022638727,51.74672087421718,0.460165452206453,428.7203565641266,12.773757443541339
269,11,0.11999986022638727,51.74672087421718,0.39126308765969603,407.3179742319001,17.671650899832308
270,0,0.055355032987476085,51.78064779157331,0.5098722872494794,331.89916903965917,17.542492883960715
270,1,0.055355032987476085,51.78064779157331,0.4444074914676963,320.3614983745892,23.282194781376376
270,2,0.055355032987476085,51.78064779157331,0.5647555747089739,417.9437307465778,26.057565191979673
270,3,0.055355032987476085,51.78064779157331,0.6353130283928103,225.72199701174972,28.52649522179773
270,4,0.055355032987476085,51.78064779157331,0.3846869496850575,154.68991984367756,26.88794867501301
270,5,0.055355032987476085,51.78064779157331,0.5766490447027283,126.5047004721566,23.595087990236898
270,6,0.055355032987476085,51.78064779157331,0.5284885041732607,122.08311561258296,20.37727763218031
270,7,0.055355032987476085,51.78064779157331,0.5263097375974337,221.10836357746535,16.38566827107515
270,8,0.055355032987476085,51.78064779157331,0.38786341801504165,262.9738690790359,12.383921788509737
270,9,0.055355032987476085,51.78064779157331,0.39727487182153454,327.5487778607856,10.523329380637943
270,10,0.055355032987476085,51.78064779157331,0.53288933514739,461.7009935760444,15.000900839101819
270,11,0.055355032987476085,51.78064779157331,0.5196275064450318,324.8935388664091,15.276504674723252
271,0,0.1294358928135127,52.66316826836141,0.6110721350285958,361.126756654248,21.415253620922897
271,1,0.1294358928135127,52.66316826836141,0.49306371448156056,420.8750959965073,22.773358331771423
271,2,0.1294358928135127,52.66316826836141,0.4744796491375277,461.693653672469,26.37589729690233
271,3,0.1294358928135127,52.66316826836141,0.4778081479170425,322.40333622879984,29.280913327622237
271,4,0.1294358928135127,52.66316826836141,0.6949225662575662,157.10987056936128,26.309179967272428
271,5,0.1294358928135127,52.66316826836141,0.6328408004459692,95.64543388269306,26.070543319970287
271,6,0.1294358928135127,52.66316826836141,0.6858472929956084,200.10914005053897,18.085851284394806
271,7,0.1294358928135127,52.66316826836141,0.5787267453846305,158.4943172027239,13.822744971568744
271,8,0.1294358928135127,52.66316826836141,0.6622705239800692,310.8055965647523,12.762987395089054
271,9,0.1294358928135127,52.66316826836141,0.4104343441491948,319.4895768466583,12.808520008527694
271,10,0.1294358928135127,52.66316826836141,0.28235332072982977,394.56031215430073,13.660187363781791
271,11,0.1294358928135127,52.66316826836141,0.6143582301399939,356.7043807940478,15.476784676235134
272,0,0.16906520317693166,52.0524862195453,0.21094159216838387,346.9315834170245,20.263888346291502
272,1,0.16906520317693166,52.0524862195453,0.5261728660554379,334.8148460601831,23.136195603750917
272,2,0.16906520317693166,52.0524862195453,0.590716881467805,462.6992572456034,25.270650205157857
272,3,0.16906520317693166,52.0524862195453,0.6394720020357778,311.7367182774999,28.331358467380422
272,4,0.16906520317693166,52.0524862195453,0.41141430642026816,108.14976770496156,25.58515669419073
272,5,0.16906520317693166,52.0524862195453,0.4304388647341528,115.52129978723194,26.045816283767778
272,6,0.16906520317693166,52.0524862195453,0.5383402013225745,162.1352464805231,19.794232690613093
272,7,0.16906520317693166,52.0524862195453,0.5804755844861087,185.8667071027472,16.77998994142103
272,8,0.16906520317693166,52.0524862195453,0.37462181220619606,269.32820991629677,11.738981174249924
272,9,0.16906520317693166,52.0524862195453,0.546227764271183,323.96943197785674,13.854355732968786
272,10,0.16906520317693166,52.0524862195453,0.3963815113265991,439.49463536204104,13.828963137101539
272,11,0.16906520317693166,52.0524862195453,0.5490727835823512,276.3072949131078,16.181627520814008
273,0,0.17172603897688704,52.578270935580484,0.4729901814759141,321.6937939282076,18.401670172351697
273,1,0.17172603897688704,52.578270935580484,0.5036741918397423,351.9191707294879,25.59412188075584
273,2,0.17172603897688704,52.578270935580484,0.5429667627412179,342.9534904952292,26.729088785811783
273,3,0.17172603897688704,52.578270935580484,0.4785999266957447,233.38792355921944,28.419664172818198
273,4,0.17172603897688704,52.578270935580484,0.5531237056247091,127.58711332523386,28.422442810349043
273,5,0.17172603897688704,52.578270935580484,0.4334181550955036,103.21785574172476,24.080824178504795
273,6,0.17172603897688704,52.578270935580484,0.4775157973470562,152.4766349656603,20.963735982827107
273,7,0.17172603897688704,52.578270935580484,0.37766926440257614,241.18378614378145,17.547496575538425
273,8,0.17172603897688704,52.578270935580484,0.5204536310882646,245.89880532128535,11.452983516417328
273,9,0.17172603897688704,52.578270935580484,0.40571163528827514,347.854431714237,13.572123734355717
273,10,0.17172603897688704,52.578270935580484,0.4910885989582475,411.0574042579008,11.951790148407868
273,11,0.17172603897688704,52.578270935580484,0.5334129542964126,405.20509015991547,16.65297637086914
274,0,0.07462092872985503,51.63993713059119,0.4293581428407702,399.5940777621204,20.682609815677253
274,1,0.07462092872985503,51.63993713059119,0.5846165531323728,374.9498770212593,24.31504845131644
274,2,0.07462092872985503,51.63993713059119,0.4900061710154224,378.209921217423,26.619551353545077
274,3,0.07462092872985503,51.63993713059119,0.6562800116111331,212.77118894132184,27.615283174452713
274,4,0.07462092872985503,51.63993713059119,0.474302395809008,151.33805759256165,25.300279505044127
274,5,0.07462092872985503,51.63993713059119,0.542157849996862,128.89838904932316,22.67505936133753
274,6,0.07462092872985503,51.63993713059119,0.44213432479847764,129.84105855351208,19.574675175688004
274,7,0.07462092872985503,51.63993713059119,0.5386718815759217,186.02764253850629,17.0713916992324
274,8,0.07462092872985503,51.63993713059119,0.6665278041251461,208.35382038164275,12.831164061843154
274,9,0.07462092872985503,51.63993713059119,0.4852642656054934,297.003494350041,11.111948414612993
274,10,0.07462092872985503,51.63993713059119,0.18978504525445972,358.9100791118083,14.083405275635435
274,11,0.07462092872985503,51.63993713059119,0.4660519052630442,429.1154097005534,16.47079100739273
275,0,0.1208188973134284,52.13853796521484,0.42084111114638667,280.8685927256109,19.294356282086397
275,1,0.1208188973134284,52.13853796521484,0.4696271664420262,455.7767100148185,23.708840535629157
275,2,0.1208188973134284,52.13853796521484,0.7705639699724292,339.86828868548014,25.763270929542852
275,3,0.1208188973134284,52.13853796521484,0.5132503594346219,205.5026662774218,28.50725197907085
275,4,0.1208188973134284,52.13853796521484,0.5163597438572228,106.70960020066394,25.013683440955244
275,5,0.1208188973134284,52.13853796521484,0.5420502039495066,122.56924433618002,24.372242652683966
275,6,0.1208188973134284,52.13853796521484,0.34857236777374057,125.43803584136796,19.085629104637725
275,7,0.1208188973134284,52.13853796521484,0.3051629267427175,132.57083692479267,15.572789243826005
275,8,0.1208188973134284,52.13853796521484,0.4627374193389847,312.47670212168146,12.499340027551135
275,9,0.1208188973134284,52.13853796521484,0.42047390728879275,383.4353195938688,11.974214987257392
275,10,0.1208188973134284,52.13853796521484,0.4451626906846565,435.959455042538,13.691748305644834
275,11,0.1208188973134284,52.13853796521484,0.5319282815017414,384.209014207635,16.06919030551138
276,0,0.07969679035316755,51.78266292059232,0.3854975081455837,387.9595692023351,20.305517730691896
276,1,0.07969679035316755,51.78266292059232,0.5371053501693153,443.6652246648053,25.245324900228944
276,2,0.07969679035316755,51.78266292059232,0.4308259917454727,352.2553432965867,26.475977472497657
276,3,0.07969679035316755,51.78266292059232,0.4770282066548399,265.22320440295516,27.999879781277247
276,4,0.07969679035316755,51.78266292059232,0.4903330056436033,140.15133865578093,27.036283368922476
276,5,0.07969679035316755,51.78266292059232,0.3857228846660492,131.89311612026057,22.98335840691343
276,6,0.07969679035316755,51.78266292059232,0.5712430900510991,138.91720668783003,19.44126757434658
276,7,0.07969679035316755,51.78266292059232,0.5715598103216789,246.98986766885295,17.470106119009323
276,8,0.07969679035316755,51.78266292059232,0.5844149136013052,281.3565956981196,14.512478172848532
276,9,0.07969679035316755,51.78266292059232,0.46262896319096714,377.36676002292535,11.709136726426582
276,10,0.07969679035316755,51.78266292059232,0.4416881892189737,319.8869296415006,12.701002342278173
276,11,0.07969679035316755,51.78266292059232,0.4931566464828064,410.83412259312695,14.586682502836041
277,0,0.3220984446604396,52.12779151864114,0.43219961423211123,355.09654038509905,20.608779016335966
277,1,0.3220984446604396,52.12779151864114,0.5063092372563126,379.2494092226257,25.07450748091443
277,2,0.3220984446604396,52.12779151864114,0.5320522436345686,426.44156598033544,26.46071426637983
277,3,0.3220984446604396,52.12779151864114,0.47964358900103116,240.07939570261507,26.22464953098612
277,4,0.3220984446604396,52.12779151864114,0.3457583957026432,91.22583363529678,27.745405370597652
277,5,0.3220984446604396,52.12779151864114,0.42396958845765004,102.89462493968297,23.358360364449375
277,6,0.3220984446604396,52.12779151864114,0.6017905944335216,145.0637010178737,20.06725070890137
277,7,0.3220984446604396,52.12779151864114,0.42448455813873637,206.9713363046719,16.541682424908654
277,8,0.3220984446604396,52.12779151864114,0.5630332773167236,282.1607940862503,12.679196360083356
277,9,0.3220984446604396,52.12779151864114,0.5028460734357899,388.92112980108885,12.001631544035547
277,10,0.3220984446604396,52.12779151864114,0.5080591802278468,451.2010377040665,14.761510844036085
277,11,0.3220984446604396,52.12779151864114,0.48224996759354377,335.5742640270952,16.595991906655804
278,0,0.08028606218049517,52.64089620833532,0.7097240726798749,393.7889698848428,18.51104907838525
278,1,0.08028606218049517,52.64089620833532,0.47346639023442405,356.67235757190343,23.60488158198907
278,2,0.08028606218049517,52.64089620833532,0.3591409832899315,418.72966985305237,27.122073848243403
278,3,0.08028606218049517,52.64089620833532,0.7063680661888614,207.4633225467899,26.680550596934147
278,4,0.08028606218049517,52.64089620833532,0.3154629979319321,136.4151272546828,27.557128230447372
278,5,0.08028606218049517,52.64089620833532,0.4320156332373448,105.54484652744182,23.905624358154625
278,6,0.08028606218049517,52.64089620833532,0.5289031939022338,175.54647798694117,18.863086726724656
278,7,0.08028606218049517,52.64089620833532,0.5433274435777312,166.10924363181957,15.32659285404864
278,8,0.08028606218049517,52.64089620833532,0.4449874350343699,324.59584014651654,14.20988518714957
278,9,0.08028606218049517,52.64089620833532,0.6169089586343288,290.50013170870875,12.092304159133686
278,10,0.08028606218049517,52.64089620833532,0.5075978627716465,445.92732250330664,13.64851604796201
278,11,0.08028606218049517,52.64089620833532,0.3223935059112148,480.58601776864435,16.756433934203987
279,0,0.1499439471705973,52.59288488923669,0.49835109587599674,331.4590964871854,19.297253659587156
279,1,0.1499439471705973,52.59288488923669,0.3165850443667034,331.5571541555848,25.07079247760942
279,2,0.1499439471705973,52.59288488923669,0.6125313768320024,383.2308873123318,25.952103780785688
279,3,0.1499439471705973,52.59288488923669,0.441777295670247,258.0357614444778,27.901291576874833
279,4,0.1499439471705973,52.59288488923669,0.44838945188842666,153.9675029330635,26.739593003525208
279,5,0.1499439471705973,52.59288488923669,0.5753345457078094,107.4714172501564,24.991262707904436
279,6,0.1499439471705973,52.59288488923669,0.5525845776836015,108.06199192579301,20.285745145365986
279,7,0.1499439471705973,52.59288488923669,0.5415809296393378,153.27272803775202,14.845045218842296
279,8,0.1499439471705973,52.59288488923669,0.5898550682510109,322.8329970977569,14.052026971819394
279,9,0.1499439471705973,52.59288488923669,0.5233986784711425,342.4638771062133,12.121516689642148
279,10,0.1499439471705973,52.59288488923669,0.40408543470072394,345.38110914740236,14.315442009240158
279,11,0.1499439471705973,52.59288488923669,0.5992961550967824,343.7995961188061,16.434853680832738
280,0,0.1748524959930842,51.673315990657095,0.45105181494113633,375.63992422930676,19.494881755001682
280,1,0.1748524959930842,51.673315990657095,0.5545921118613178,241.09305914113332,22.934705091631223
280,2,0.1748524959930842,51.673315990657095,0.5992273573844644,370.2699379436442,25.251689787258254
280,3,0.1748524959930842,51.673315990657095,0.5781134404733598,233.4874691050594,25.187740510592985
280,4,0.1748524959930842,51.673315990657095,0.6415031550958604,136.4277614031283,27.572221281768794
280,5,0.1748524959930842,51.673315990657095,0.5190319654807167,117.67705620634577,25.37743970404104
280,6,0.1748524959930842,51.673315990657095,0.6213887050561673,120.17320483777273,21.312600379666566
280,7,0.1748524959930842,51.673315990657095,0.4622292975553062,185.5913651591802,16.4716856375831
280,8,0.1748524959930842,51.673315990657095,0.3499670749596073,318.8996777077696,12.744876817898206
280,9,0.1748524959930842,51.673315990657095,0.38493537181937787,294.16690938578733,12.528091516821792
280,10,0.1748524959930842,51.673315990657095,0.621088897240112,484.5241184743821,13.278469244791783
280,11,0.1748524959930842,51.673315990657095,0.46567342765577435,365.92877469298975,16.235403150824187
281,0,0.12419885003108547,52.29700927952007,0.49535007369379264,337.14565941093167,21.192255973289335
281,1,0.12419885003108547,52.29700927952007,0.4955475635772615,464.7876128034876,24.97505305446842
281,2,0.12419885003108547,52.29700927952007,0.6788473450469696,383.23814352294494,26.643382899199505
281,3,0.12419885003108547,52.29700927952007,0.677793271344415,234.67809734086734,27.42848366886114
281,4,0.12419885003108547,52.29700927952007,0.4998780210407588,96.13366537065485,27.117585124336014
281,5,0.12419885003108547,52.29700927952007,0.41747305885655595,113.24243324780542,24.731778316594607
281,6,0.12419885003108547,52.29700927952007,0.47631184316509273,127.24969013075416,20.20558357636129
281,7,0.12419885003108547,52.29700927952007,0.41756658520138323,209.93811385357773,16.139318503884777
281,8,0.12419885003108547,52.29700927952007,0.5650919253630651,353.12890159611135,12.555511261108885
281,9,0.12419885003108547,52.29700927952007,0.6028891461274967,420.7418767943172,13.707720819644353
281,10,0.12419885003108547,52.29700927952007,0.4712256771283274,403.5327227554606,13.962966272528282
281,11,0.12419885003108547,52.29700927952007,0.47828122014588387,397.85851779344574,15.111421326419917
282,0,0.048787998628097934,52.33827192584282,0.7049394575149035,370.70538095462285,20.59346190228271
282,1,0.048787998628097934,52.33827192584282,0.4480137692165175,404.46279799851607,23.730356269419936
282,2,0.048787998628097934,52.33827192584282,0.6658499975451508,363.51656625471657,26.60123562543161
282,3,0.048787998628097934,52.33827192584282,0.6251493296946938,238.24600836025985,28.582806699167218
282,4,0.048787998628097934,52.33827192584282,0.585351577222413,118.49674711766198,27.068429976381214
282,5,0.048787998628097934,52.33827192584282,0.4647719783627437,112.86635687061877,23.21295740520781
282,6,0.048787998628097934,52.33827192584282,0.46364929040291203,121.00501066143362,19.666965505087596
282,7,0.048787998628097934,52.33827192584282,0.6589796953463168,171.92991487740588,15.705375165952287
282,8,0.048787998628097934,52.33827192584282,0.6190385210612181,295.9207085544064,14.184194342445124
282,9,0.048787998628097934,52.33827192584282,0.5841345171807848,429.0012445841285,11.503428442488635
282,10,0.048787998628097934,52.33827192584282,0.40697176667846735,327.02976966846825,13.924399430181197
282,11,0.048787998628097934,52.33827192584282,0.5530371505154625,261.35256421122534,16.134021038608974
283,0,0.06194008014375409,51.937078697524356,0.4367702296235911,381.4559339445588,20.00709997761234
283,1,0.06194008014375409,51.937078697524356,0.3137938194090756,438.9418904987928,23.28462428726267
283,2,0.06194008014375409,51.937078697524356,0.3987626350595498,353.3408069220888,27.4096656473369
283,3,0.06194008014375409,51.937078697524356,0.6323360605655717,214.66437181511503,28.375336261255335
283,4,0.06194008014375409,51.937078697524356,0.4191671628546146,127.15595855811497,26.624711859776546
283,5,0.06194008014375409,51.937078697524356,0.5829520869008231,150.6768203019499,23.457446600631314
283,6,0.06194008014375409,51.937078697524356,0.5982522359503613,130.28206921257686,19.8072531078389
283,7,0.06194008014375409,51.937078697524356,0.5046691353263806,208.39364158087307,15.578358292965149
283,8,0.06194008014375409,51.937078697524356,0.5361996046986417,258.0988692421588,14.899316031952301
283,9,0.06194008014375409,51.937078697524356,0.47311984468354495,300.3970600830916,12.400573918266481
283,10,0.06194008014375409,51.937078697524356,0.48142147197387947,496.7903476629076,12.98407693700369
283,11,0.06194008014375409,51.937078697524356,0.5314484036886206,374.1776647981925,17.340467733515112
284,0,0.06533900182387851,51.8397216583602,0.4323997252443084,357.92628501952044,19.82858020923045
284,1,0.06533900182387851,51.8397216583602,0.44626419065121004,470.3274964597724,23.264653780801726
284,2,0.06533900182387851,51.8397216583602,0.36763852466841107,336.5228894060025,26.933771714547667
284,3,0.06533900182387851,51.8397216583602,0.5893064465014718,230.86080682195455,28.043745043184746
284,4,0.06533900182387851,51.8397216583602,0.4836045608835493,151.3492218726706,27.23128122315102
284,5,0.06533900182387851,51.8397216583602,0.652522455921283,101.60528407355854,25.29395818375959
284,6,0.06533900182387851,51.8397216583602,0.5086596177074547,125.62657351069821,21.05911857229274
284,7,0.06533900182387851,51.8397216583602,0.5853012766803911,166.88704738007124,16.20157096357779
284,8,0.06533900182387851,51.8397216583602,0.5252057934966574,274.7897156672579,12.925723530623724
284,9,0.06533900182387851,51.8397216583602,0.5297736038565232,319.74810462938615,12.836800494323626
284,10,0.06533900182387851,51.8397216583602,0.4426367534401626,463.86015524989335,13.566379340391256
284,11,0.06533900182387851,51.8397216583602,0.5785426129445475,359.27793772270104,15.875878753378917
285,0,0.11727176706300327,51.65140304422831,0.5879828302505516,248.72009204329143,19.453292795469938
285,1,0.11727176706300327,51.65140304422831,0.3898966497164207,434.6072356609164,24.227655372513095
285,2,0.11727176706300327,51.65140304422831,0.5862434960622052,306.9431392725779,26.758542249128134
285,3,0.11727176706300327,51.65140304422831,0.31161630552120023,233.41461610905554,27.295703153994857
285,4,0.11727176706300327,51.65140304422831,0.45706578991284363,118.76177322787869,26.295874195800575
285,5,0.11727176706300327,51.65140304422831,0.5089411610743388,111.23172020049087,24.85362932390198
285,6,0.11727176706300327,51.65140304422831,0.3816624512150415,106.05493218499156,18.486582683329363
285,7,0.11727176706300327,51.65140304422831,0.46088834259291867,205.29674697580575,17.788894048579664
285,8,0.11727176706300327,51.65140304422831,0.5394623033040481,242.2282620515188,12.627751638589732
285,9,0.11727176706300327,51.65140304422831,0.386743294010954,365.3679184005156,13.214601896573434
285,10,0.11727176706300327,51.65140304422831,0.4748911695587234,427.4115626649065,12.292310063453256
285,11,0.11727176706300327,51.65140304422831,0.3616517002806357,318.33243439265294,15.069144675020187
286,0,0.13443890663017993,52.065506124344594,0.5061293523402493,315.70382367523496,21.441387985321665
286,1,0.13443890663017993,52.065506124344594,0.5776804975542625,389.465928713353,23.45830497952851
286,2,0.13443890663017993,52.065506124344594,0.47488685995878277,262.57373571855464,26.213841107767507
286,3,0.13443890663017993,52.065506124344594,0.49831805769681725,207.1392079191403,26.627272322452907
286,4,0.13443890663017993,52.065506124344594,0.37373571703954694,168.44517687065377,26.158711388131564
286,5,0.13443890663017993,52.065506124344594,0.6040630810929305,102.24220433877147,22.749441087426103
286,6,0.13443890663017993,52.065506124344594,0.4353802146868184,135.93754375033993,19.43146489567432
286,7,0.13443890663017993,52.065506124344594,0.6594355563147165,203.6661052582013,17.22036690971394
286,8,0.13443890663017993,52.065506124344594,0.4358414314993516,310.55543772108285,14.391373981068417
286,9,0.13443890663017993,52.065506124344594,0.3577517927469708,362.6212113475122,8.138555697804932
286,10,0.13443890663017993,52.065506124344594,0.5995850738537343,339.5912542564825,13.460930379980722
286,11,0.13443890663017993,52.065506124344594,0.5073155795892739,331.30652374233586,17.173454791098436
287,0,0.026110688866464497,51.45586904695802,0.4499248193160844,386.3352868214365,20.116389044262743
287,1,0.026110688866464497,51.45586904695802,0.6651082432547217,494.71345594144594,23.736006808809037
287,2,0.026110688866464497,51.45586904695802,0.17103965553519024,411.7764837497555,26.25685395216426
287,3,0.026110688866464497,51.45586904695802,0.40929949146315014,227.0585260670793,26.366568157319424
287,4,0.026110688866464497,51.45586904695802,0.5716441761759099,150.56660528050782,25.144134855858834
287,5,0.026110688866464497,51.45586904695802,0.6025515268514744,134.59048278264208,24.545316423921534
287,6,0.026110688866464497,51.45586904695802,0.43741321924923915,140.82748469414534,19.232667934315643
287,7,0.026110688866464497,51.45586904695802,0.6954814332166763,171.06289179079306,15.244990411039554
287,8,0.026110688866464497,51.45586904695802,0.612630319706843,277.3839574188906,12.161391982173631
287,9,0.026110688866464497,51.45586904695802,0.3227621083243525,380.3543978660212,11.531119384320766
287,10,0.026110688866464497,51.45586904695802,0.45615198213038743,492.9180490491733,12.273497943400024
287,11,0.026110688866464497,51.45586904695802,0.398792709878552,273.8403784743727,15.810457844359656
288,0,0.09547448945121965,51.8980535236399,0.267025206450355,315.5041584007172,20.777297349511542
288,1,0.09547448945121965,51.8980535236399,0.45959039385251477,393.2030335748269,25.287735567951902
288,2,0.09547448945121965,51.8980535236399,0.48299204346360497,426.60816346206343,27.39193325129132
288,3,0.09547448945121965,51.8980535236399,0.5235836590580167,278.55689657513653,28.558543592740207
288,4,0.09547448945121965,51.8980535236399,0.5077694469007803,136.60675841070906,27.262416066537433
288,5,0.09547448945121965,51.8980535236399,0.6105741100983951,104.63379166417606,25.151807368405386
288,6,0.09547448945121965,51.8980535236399,0.6650689574034625,164.85851554721773,21.72475435132144
288,7,0.09547448945121965,51.8980535236399,0.5200301829610758,204.77672289001697,16.285155790018226
288,8,0.09547448945121965,51.8980535236399,0.5305688121695146,307.38445349243864,12.112683055958355
288,9,0.09547448945121965,51.8980535236399,0.5052754538296261,369.68730762205894,12.831900079381985
288,10,0.09547448945121965,51.8980535236399,0.6073445879210173,447.7915570358198,14.126978910071145
288,11,0.09547448945121965,51.8980535236399,0.5874548846956648,417.61017658075275,18.317330190806842
289,0,0.06594176464128378,52.03172862653257,0.510844051351493,390.48492303912263,19.688721185712403
289,1,0.06594176464128378,52.03172862653257,0.308553891162216,394.9897540330675,23.26710753253096
289,2,0.06594176464128378,52.03172862653257,0.422819191288265,369.4707715870813,25.648937433904322
289,3,0.06594176464128378,52.03172862653257,0.5465108733836422,229.91989636450754,27.475503557680295
289,4,0.06594176464128378,52.03172862653257,0.447775746818108,143.12550147995717,27.406483486007467
289,5,0.06594176464128378,52.03172862653257,0.552650745453893,144.02410592910607,24.691158906315763
289,6,0.06594176464128378,52.03172862653257,0.5088653017293568,124.11651087767949,20.056668519965463
289,7,0.06594176464128378,52.03172862653257,0.5296046438254088,183.01646125021432,16.459656479691475
289,8,0.06594176464128378,52.03172862653257,0.478740270905464,289.816619733816,12.071586796345766
289,9,0.06594176464128378,52.03172862653257,0.5741331845553461,341.9585261661633,12.831685117237067
289,10,0.06594176464128378,52.03172862653257,0.6978205492418871,400.63648873884085,12.345471182675634
289,11,0.06594176464128378,52.03172862653257,0.5348305908057546,276.00315181185516,16.238520216727593
290,0,0.17558935933357353,51.70612061899559,0.4788546882842464,401.11867232374226,20.788730562579413
290,1,0.17558935933357353,51.70612061899559,0.6604986543197435,408.41716360420685,24.036034762430152
290,2,0.17558935933357353,51.70612061899559,0.3934052473589076,379.82649821375134,26.668649777373673
290,3,0.17558935933357353,51.70612061899559,0.4800047499235473,233.67864171977155,29.06225213801381
290,4,0.17558935933357353,51.70612061899559,0.42038531488634584,123.34749196301205,27.09159429494396
290,5,0.17558935933357353,51.70612061899559,0.4850393402220565,126.69079868988743,24.285314037674894
290,6,0.17558935933357353,51.70612061899559,0.6006565050151651,135.19115039337825,20.44433532443976
290,7,0.17558935933357353,51.70612061899559,0.3797548321556997,217.81246403010005,17.96615501390679
290,8,0.17558935933357353,51.70612061899559,0.46884240338196437,275.38229944569275,12.905917123706615
290,9,0.17558935933357353,51.70612061899559,0.5555800667630179,350.3303327250536,12.256809450786642
290,10,0.17558935933357353,51.70612061899559,0.6103455269159613,375.1214778112859,14.831807578575646
290,11,0.17558935933357353,51.70612061899559,0.5328820115128599,405.6667556722011,15.610546912986054
291,0,0.08242628564030315,51.52527454802684,0.627229323569831,342.78647673881414,19.808953839927256
291,1,0.08242628564030315,51.52527454802684,0.5712740749824691,424.3913168938884,23.14402340297205
291,2,0.08242628564030315,51.52527454802684,0.5149599238932381,393.65506635033137,26.066897740912896
291,3,0.08242628564030315,51.52527454802684,0.5536534451594431,191.15365399669776,28.041963336157735
291,4,0.08242628564030315,51.52527454802684,0.5233011625579294,96.6771851820893,29.042203763192866
291,5,0.08242628564030315,51.52527454802684,0.5590878310978835,129.62529850948636,25.63310387808351
291,6,0.08242628564030315,51.52527454802684,0.5121141398504486,104.6916826546766,21.05340197326042
291,7,0.08242628564030315,51.52527454802684,0.46034186769899693,193.87963778308446,15.289231888932143
291,8,0.08242628564030315,51.52527454802684,0.4006040125537936,257.09425911864855,13.345988325105512
291,9,0.08242628564030315,51.52527454802684,0.44879560778728733,322.2633415619308,11.608490554476928
291,10,0.08242628564030315,51.52527454802684,0.4095322212075346,381.6553714043425,13.432275566772969
291,11,0.08242628564030315,51.52527454802684,0.46769619569368204,345.265826343939,15.281951111813523
292,0,0.1710072980997603,52.28912079662167,0.4818192388214101,300.0495122963643,20.04433985885946
292,1,0.1710072980997603,52.28912079662167,0.3611839718867206,342.9263739931153,24.591635619185542
292,2,0.1710072980997603,52.28912079662167,0.7593528697394452,444.5088623033126,25.586631713315175
292,3,0.1710072980997603,52.28912079662167,0.47498485440486793,255.40664058111466,27.82959821329502
292,4,0.1710072980997603,52.28912079662167,0.7203153827048823,157.84769363251547,26.365838526855857
292,5,0.1710072980997603,52.28912079662167,0.4491915431649396,97.48825149927822,23.887601723933827
292,6,0.1710072980997603,52.28912079662167,0.3633983815456318,138.94625211473627,19.93311340314225
292,7,0.1710072980997603,52.28912079662167,0.5251166570482948,197.77582544139494,13.780228638767738
292,8,0.1710072980997603,52.28912079662167,0.5705856202988318,239.87883094823084,13.014418241048137
292,9,0.1710072980997603,52.28912079662167,0.31734327329317225,324.3240703938268,12.58957763705417
292,10,0.1710072980997603,52.28912079662167,0.3872052117748178,502.4828301382311,11.996396705448298
292,11,0.1710072980997603,52.28912079662167,0.2608585527974905,365.1359819157158,13.637649312958404
293,0,0.05290070283583903,51.91663980105941,0.550856058134981,376.2546225923743,20.659332995871537
293,1,0.05290070283583903,51.91663980105941,0.5554804656396143,356.42946815170046,23.81053489870163
293,2,0.05290070283583903,51.91663980105941,0.49628904638077315,360.8282578744128,26.30138612622748
293,3,0.05290070283583903,51.91663980105941,0.49429506202162915,268.81211669322187,26.916288607744455
293,4,0.05290070283583903,51.91663980105941,0.4369854526513674,151.18647142584288,27.34479851045567
293,5,0.05290070283583903,51.91663980105941,0.6354658334641834,154.3024258014745,23.77690996355466
293,6,0.05290070283583903,51.91663980105941,0.5656125213378097,178.6012682389302,19.834044769784192
293,7,0.05290070283583903,51.91663980105941,0.5516388530738082,159.3585163637236,16.469838197366165
293,8,0.05290070283583903,51.91663980105941,0.5212608116469273,224.19111981159298,13.204505753345218
293,9,0.05290070283583903,51.91663980105941,0.5102901996917606,303.922193652217,12.720262091448852
293,10,0.05290070283583903,51.91663980105941,0.4668977591170828,432.058323390131,13.195498057057863
293,11,0.05290070283583903,51.91663980105941,0.6118106896491085,386.45747166325924,12.174975672419174
294,0,0.0960990538314204,51.37664996599759,0.43875492587936354,288.71156207392653,21.035667269198825
294,1,0.0960990538314204,51.37664996599759,0.5814383291969374,425.05488784748854,23.477475690669813
294,2,0.0960990538314204,51.37664996599759,0.5280222415625269,374.202785882425,25.488964691244373
294,3,0.0960990538314204,51.37664996599759,0.4225160036489558,259.3383900501919,27.57245251707808
294,4,0.0960990538314204,51.37664996599759,0.43384604906702795,150.73988033173674,27.542883747889174
294,5,0.0960990538314204,51.37664996599759,0.39069404321129664,141.7115841468435,24.464645926094786
294,6,0.0960990538314204,51.37664996599759,0.6346764098251427,152.96595501117366,19.606447397362228
294,7,0.0960990538314204,51.37664996599759,0.3238691550846177,201.65958040300438,15.326139426329954
294,8,0.0960990538314204,51.37664996599759,0.6633011501396339,313.81284694462227,14.620816244145498
294,9,0.0960990538314204,51.37664996599759,0.3911200622426357,319.3816239443744,11.718981585288695
294,10,0.0960990538314204,51.37664996599759,0.43004876679530935,317.49042237227667,13.051374019662664
294,11,0.0960990538314204,51.37664996599759,0.46970360037256437,405.00584296723895,14.847194626946397
295,0,0.08371703241800628,51.89567715470977,0.489072719862508,355.8053045790416,17.05018130789191
295,1,0.08371703241800628,51.89567715470977,0.41777660115224546,349.3537293067461,23.78842433616678
295,2,0.08371703241800628,51.89567715470977,0.3924383026696436,296.4584265793352,25.62693229584944
295,3,0.08371703241800628,51.89567715470977,0.37544065925157144,188.28843036171088,28.733299795374155
295,4,0.08371703241800628,51.89567715470977,0.5108306685315681,158.03447889288614,26.140261951615905
295,5,0.08371703241800628,51.89567715470977,0.6180242097278881,105.15414519225145,22.08808505011551
295,6,0.08371703241800628,51.89567715470977,0.5185130935853826,152.28245850524743,20.04017741963424
295,7,0.08371703241800628,51.89567715470977,0.5115159714822584,183.61517208967626,17.54799135833877
295,8,0.08371703241800628,51.89567715470977,0.613368487311475,292.3604340284839,14.519912921547142
295,9,0.08371703241800628,51.89567715470977,0.48070731528868543,304.04795510520745,10.658359697697243
295,10,0.08371703241800628,51.89567715470977,0.5223697669523185,413.9910863246238,12.58428997284344
295,11,0.08371703241800628,51.89567715470977,0.3404643512513025,332.4978551918038,16.711442601195238
296,0,0.05180798260887166,52.11745965011065,0.5738211270708976,339.7766149414461,18.05055740458274
296,1,0.05180798260887166,52.11745965011065,0.7547983260130497,419.27274544804703,23.376466840371556
296,2,0.05180798260887166,52.11745965011065,0.31834381971197667,278.89329128403625,26.966026562412647
296,3,0.05180798260887166,52.11745965011065,0.40114123624190795,253.80475783392316,28.91422460987464
296,4,0.05180798260887166,52.11745965011065,0.4795511986715094,179.6543926720017,27.108351482753797
296,5,0.05180798260887166,52.11745965011065,0.34512566187898075,114.92295956621257,23.942237566808977
296,6,0.05180798260887166,52.11745965011065,0.6222727041525269,111.96492841058698,18.807897980640984
296,7,0.05180798260887166,52.11745965011065,0.4152555487990698,142.4757997358524,15.358188665768607
296,8,0.05180798260887166,52.11745965011065,0.5875977060307669,279.23306008605095,13.597018441725368
296,9,0.05180798260887166,52.11745965011065,0.444787719461138,424.4782552141356,14.529182129592215
296,10,0.05180798260887166,52.11745965011065,0.4279021545204381,375.2356284304609,14.045923807482362
296,11,0.05180798260887166,52.11745965011065,0.45789738229934424,343.38927728117346,16.382581187638763
297,0,0.18542424398169347,51.74447833356843,0.3301325176521044,451.78007605861586,19.900404212604258
297,1,0.18542424398169347,51.74447833356843,0.5584384862107273,373.70705595401125,24.912290328484254
297,2,0.18542424398169347,51.74447833356843,0.5133993711107325,355.3869848797559,26.942271731939435
297,3,0.18542424398169347,51.74447833356843,0.4608483841618761,230.41968718863737,28.149614502201377
297,4,0.18542424398169347,51.74447833356843,0.4806796531206608,113.77893256211524,25.912807079342585
297,5,0.18542424398169347,51.74447833356843,0.4807607754469297,130.2008441846011,25.903672594622826
297,6,0.18542424398169347,51.74447833356843,0.478080246066008,163.28217074944837,20.23214136136964
297,7,0.18542424398169347,51.74447833356843,0.6283535045004688,153.2532688021544,15.546052136636897
297,8,0.18542424398169347,51.74447833356843,0.573692816718974,327.7395518817147,12.513139186132257
297,9,0.18542424398169347,51.74447833356843,0.648595651643425,363.65259125563574,12.522968571902812
297,10,0.18542424398169347,51.74447833356843,0.4010733024853754,438.09074921581106,13.31878248415736
297,11,0.18542424398169347,51.74447833356843,0.5776934112840405,323.53871216802344,15.563875963954196
298,0,0.140257703050183,52.14818401941723,0.4831464759800893,442.09123452987495,18.83723543030456
298,1,0.140257703050183,52.14818401941723,0.4261446722296162,360.2746944135726,24.35193570838206
298,2,0.140257703050183,52.14818401941723,0.38906494635553435,457.6523121054753,27.85092068013874
298,3,0.140257703050183,52.14818401941723,0.526686794970532,191.25947846955717,29.117862991503706
298,4,0.140257703050183,52.14818401941723,0.5169165351537456,174.31831898078133,27.835649052917685
298,5,0.140257703050183,52.14818401941723,0.5928082738456867,132.14428554581752,24.058491017577285
298,6,0.140257703050183,52.14818401941723,0.5606915421953714,142.76329995327467,17.28339244281332
298,7,0.140257703050183,52.14818401941723,0.5030084561529846,210.39877500247903,15.82362083921507
298,8,0.140257703050183,52.14818401941723,0.6170612933794244,275.10362715773596,13.84118516241633
298,9,0.140257703050183,52.14818401941723,0.8027971314246641,439.7977540430238,11.556872837429408
298,10,0.140257703050183,52.14818401941723,0.6803784797445712,321.31413946938625,12.060233907114338
298,11,0.140257703050183,52.14818401941723,0.45670457333816966,343.9368044875552,15.24923614796095
299,0,0.04077061626931903,52.06124002437146,0.5524607180197156,479.8694917838365,19.69816632042402
299,1,0.04077061626931903,52.06124002437146,0.5463587246550532,459.8789244563167,22.750779045839142
299,2,0.04077061626931903,52.06124002437146,0.1961765127449635,234.23174281783295,27.40962879737145
299,3,0.04077061626931903,52.06124002437146,0.5230233351241061,202.53610835399883,28.021191001532134
299,4,0.04077061626931903,52.06124002437146,0.49204172271299995,131.5080173396074,27.065689898872254
299,5,0.04077061626931903,52.06124002437146,0.5401204020452401,110.38533296971025,23.267281004462998
299,6,0.04077061626931903,52.06124002437146,0.4554747373818171,146.25635740205837,19.77331460123479
299,7,0.04077061626931903,52.06124002437146,0.4494892700013533,176.05530552499368,15.489438132475415
299,8,0.04077061626931903,52.06124002437146,0.37370549843176715,264.35152952642807,13.452106303785694
299,9,0.04077061626931903,52.06124002437146,0.34788736767008643,304.80610347956787,11.280042083824249
299,10,0.04077061626931903,52.06124002437146,0.5417833739329097,453.1258660430581,12.939835928803621
299,11,0.04077061626931903,52.06124002437146,0.4932539978942237,366.1727072801054,16.05578769780613
300,0,0.04364340923609939,52.12787273469283,0.5503296230267147,335.1536472060126,20.00495070354014
300,1,0.04364340923609939,52.12787273469283,0.5027950828689698,407.0427874167415,24.760470281191274
300,2,0.04364340923609939,52.12787273469283,0.36593669067052814,378.5605323550795,27.30692727231444
300,3,0.04364340923609939,52.12787273469283,0.5532867729014855,268.5306746628582,27.560152218871767
300,4,0.04364340923609939,52.12787273469283,0.5225337450805543,184.71122723778194,26.941315593652117
300,5,0.04364340923609939,52.12787273469283,0.5357923190419686,118.47862705414347,24.36934067178739
300,6,0.04364340923609939,52.12787273469283,0.5532923335794223,171.42053296307782,20.81577941615815
300,7,0.04364340923609939,52.12787273469283,0.5440413022670618,198.41779387518272,15.65347506799623
300,8,0.04364340923609939,52.12787273469283,0.6562780643848726,262.47469803825703,12.885538609208389
300,9,0.04364340923609939,52.12787273469283,0.3760275292557809,312.9369001815133,11.199924300455038
300,10,0.04364340923609939,52.12787273469283,0.525948242995526,354.4169387498155,13.551496850103435
300,11,0.04364340923609939,52.12787273469283,0.3886618261725907,375.565713728312,16.205837542979715
301,0,0.21509303416579165,51.844380449470904,0.5428184952395947,327.3115930542238,21.0381037138007
301,1,0.21509303416579165,51.844380449470904,0.36133135310412834,370.5026163151789,23.40547085570613
301,2,0.21509303416579165,51.844380449470904,0.4872587834384773,395.2003392313193,26.483456084643226
301,3,0.21509303416579165,51.844380449470904,0.34476733316649777,167.28744202454146,28.11107435239003
301,4,0.21509303416579165,51.844380449470904,0.5748381913485157,156.94933021101534,26.740248269053673
301,5,0.21509303416579165,51.844380449470904,0.4156151057856635,141.69099238848858,24.115007680382384
301,6,0.21509303416579165,51.844380449470904,0.5271303583398314,120.90327930594088,19.521779928972933
301,7,0.21509303416579165,51.844380449470904,0.4928128501584845,175.67555251365667,15.937217152381876
301,8,0.21509303416579165,51.844380449470904,0.27560588665517993,262.38656363855375,13.840627739772945
301,9,0.21509303416579165,51.844380449470904,0.5460793998037644,348.469078963781,11.967269556112702
301,10,0.21509303416579165,51.844380449470904,0.5481280244130351,345.1277675677287,14.29858533349938
301,11,0.21509303416579165,51.844380449470904,0.3798569378421893,338.4476258175358,15.57938456844916
302,0,0.09282294370645444,51.78292555669323,0.3620686127350028,320.04046614286574,18.051125968623456
302,1,0.09282294370645444,51.78292555669323,0.3469359470762633,464.6922851794437,24.710536897746692
302,2,0.09282294370645444,51.78292555669323,0.3918174267880569,364.7868276815909,26.229718073700667
302,3,0.09282294370645444,51.78292555669323,0.4339759839359363,211.33692317102108,28.00615763024154
302,4,0.09282294370645444,51.78292555669323,0.3623994576915104,136.5016639766538,26.853372248490825
302,5,0.09282294370645444,51.78292555669323,0.6030771983954926,145.00816265493526,23.96198069196079
302,6,0.09282294370645444,51.78292555669323,0.4847090783507731,114.02564944796919,19.154340083882033
302,7,0.09282294370645444,51.78292555669323,0.3945179752954288,151.5370130493281,14.814275817548417
302,8,0.09282294370645444,51.78292555669323,0.29377771374836203,266.98757392220284,12.37963525916758
302,9,0.09282294370645444,51.78292555669323,0.48161046644851574,389.3727625126414,12.261587435548593
302,10,0.09282294370645444,51.78292555669323,0.4728168141557463,401.5065261324989,11.963886029229961
302,11,0.09282294370645444,51.78292555669323,0.5814410247634606,324.5181481581852,14.825862477685197
303,0,0.06536400939336759,52.39017290587088,0.35452173734507897,272.805813788382,19.37026971550237
303,1,0.06536400939336759,52.39017290587088,0.4400998110395038,199.61797938349775,24.104760080142608
303,2,0.06536400939336759,52.39017290587088,0.6603517834197844,351.8460991518646,25.837230101667224
303,3,0.06536400939336759,52.39017290587088,0.4459296802504721,284.0404510012921,26.749934681631434
303,4,0.06536400939336759,52.39017290587088,0.4700254815722765,150.623330627346,26.075587947208728
303,5,0.06536400939336759,52.39017290587088,0.5952871588531806,125.99087881696366,23.601514007384953
303,6,0.06536400939336759,52.39017290587088,0.5395107577807154,159.00664562125613,19.72287952075445
303,7,0.06536400939336759,52.39017290587088,0.397407659294867,149.15586192797917,16.553754472001863
303,8,0.06536400939336759,52.39017290587088,0.5302455148587172,270.8989026735876,12.004671799468134
303,9,0.06536400939336759,52.39017290587088,0.34770023606098943,377.79295798929536,12.687279308542553
303,10,0.06536400939336759,52.39017290587088,0.38361766675845993,410.7184222228466,12.420210574859237
303,11,0.06536400939336759,52.39017290587088,0.4603998009169277,259.2620711878496,16.916630290286662
304,0,0.12377179617676344,52.089492576150874,0.5836774467765214,390.643036856064,20.702885470922944
304,1,0.12377179617676344,52.089492576150874,0.4879307048624398,343.6489305189473,23.08125245794293
304,2,0.12377179617676344,52.089492576150874,0.551822993371507,437.22180868051043,26.798279866595742
304,3,0.12377179617676344,52.089492576150874,0.5096354092363576,220.85497225161504,26.914470423734638
304,4,0.12377179617676344,52.089492576150874,0.4962019010068543,145.6375545901463,27.090134731750357
304,5,0.12377179617676344,52.089492576150874,0.5197173083227973,123.88916680446835,24.16537098458006
304,6,0.12377179617676344,52.089492576150874,0.49898008575838415,137.98049699358506,21.561098942984824
304,7,0.12377179617676344,52.089492576150874,0.5927242205520351,202.8768347260681,14.506082435929944
304,8,0.12377179617676344,52.089492576150874,0.5109287123988681,296.7772066061164,13.218119685082247
304,9,0.12377179617676344,52.089492576150874,0.5877170062131519,387.69899266523566,12.61821824888076
304,10,0.12377179617676344,52.089492576150874,0.5130388231388937,315.72398052119013,12.176904494448932
304,11,0.12377179617676344,52.089492576150874,0.2810776355570161,413.74314177075814,15.639399937630017
305,0,0.1432587808521855,52.157180396600694,0.46333954628627466,311.9722945012777,19.63781781104118
305,1,0.1432587808521855,52.157180396600694,0.5307270337627006,399.78831521946967,23.601225938029025
305,2,0.1432587808521855,52.157180396600694,0.4973053186731102,323.97993592502417,25.68985100005144
305,3,0.1432587808521855,52.157180396600694,0.5304565507592349,246.61169480948536,27.436642373238865
305,4,0.1432587808521855,52.157180396600694,0.4683475947176217,129.81768779203117,25.62114965335947
305,5,0.1432587808521855,52.157180396600694,0.3818920438577442,121.48077726498283,24.797497998466078
305,6,0.1432587808521855,52.157180396600694,0.6662822156916756,121.50900524063691,20.147087965643905
305,7,0.1432587808521855,52.157180396600694,0.3800857891264674,188.73440012525072,16.52491694744585
305,8,0.1432587808521855,52.157180396600694,0.6322701356585894,308.8173321110769,13.05934002571359
305,9,0.1432587808521855,52.157180396600694,0.5060693288221108,331.1837125346297,13.572397196605893
305,10,0.1432587808521855,52.157180396600694,0.3433079567211522,335.38497525339795,13.073956110115054
305,11,0.1432587808521855,52.157180396600694,0.5744940437716454,448.98885547755776,15.752515156832196
306,0,0.08738454266620159,52.23295197987058,0.32877769823720304,341.12204857519345,19.223464984972516
306,1,0.08738454266620159,52.23295197987058,0.49095485274072614,376.9940312617015,26.238737844956095
306,2,0.08738454266620159,52.23295197987058,0.4267421183691179,275.5086579899503,24.62820877773428
306,3,0.08738454266620159,52.23295197987058,0.3338616106614475,248.86309317466453,28.144005671822093
306,4,0.08738454266620159,52.23295197987058,0.49637451190461795,143.25798727564126,26.694271537971705
306,5,0.08738454266620159,52.23295197987058,0.3858040188949282,132.44194557557918,23.31886093851681
306,6,0.08738454266620159,52.23295197987058,0.5758961304475398,131.3351289450475,20.824937404164846
306,7,0.08738454266620159,52.23295197987058,0.40837716703399635,166.17514592363528,15.95506154434088
306,8,0.08738454266620159,52.23295197987058,0.26855201431038167,290.9694748522396,13.11000938896729
306,9,0.08738454266620159,52.23295197987058,0.6202865309564256,379.2208433922274,12.48468124480887
306,10,0.08738454266620159,52.23295197987058,0.3898599592878252,452.87641057928033,13.904574800724742
306,11,0.08738454266620159,52.23295197987058,0.579572300812827,358.55057843986845,15.676566114411976
307,0,0.16944177968481805,52.13380152231757,0.3023139633386557,370.3605501663153,21.20899479717646
307,1,0.16944177968481805,52.13380152231757,0.49659044547660736,311.6141504539705,23.524637509895005
307,2,0.16944177968481805,52.13380152231757,0.649253702308127,393.4562654283803,27.38903378905389
307,3,0.16944177968481805,52.13380152231757,0.5443805033766322,336.19256305524755,28.23426537910841
307,4,0.16944177968481805,52.13380152231757,0.40524693912706544,149.00831208777183,27.656097733686252
307,5,0.16944177968481805,52.13380152231757,0.27429472885451056,108.9651152442201,23.161640444569006
307,6,0.16944177968481805,52.13380152231757,0.4616277823342472,153.82233291109983,20.295957511325437
307,7,0.16944177968481805,52.13380152231757,0.42738572971760247,190.7701421516332,16.7922203145088
307,8,0.16944177968481805,52.13380152231757,0.5538179555194419,274.68271405224914,12.331778865729653
307,9,0.16944177968481805,52.13380152231757,0.5086475835067052,418.0595393165783,12.800999202860998
307,10,0.16944177968481805,52.13380152231757,0.43356344613854825,369.23726663537155,13.718183560855842
307,11,0.16944177968481805,52.13380152231757,0.566076186168875,367.3454952847517,16.78350129260169
308,0,0.0604217005549181,52.14377263180123,0.47707793507937235,328.2661946843926,20.287963530280898
308,1,0.0604217005549181,52.14377263180123,0.7037595661055085,333.3013935593183,25.13419585569004
308,2,0.0604217005549181,52.14377263180123,0.4291117337225757,416.9368148820591,26.373480723167347
308,3,0.0604217005549181,52.14377263180123,0.5027826949562966,212.9830330637646,28.086601959015162
308,4,0.0604217005549181,52.14377263180123,0.308447679912906,134.70134809142237,29.647967237842117
308,5,0.0604217005549181,52.14377263180123,0.5498066858521322,121.26897311655432,24.380572744731424
308,6,0.0604217005549181,52.14377263180123,0.48555213887441384,144.66234908582953,20.152903425090535
308,7,0.0604217005549181,52.14377263180123,0.5568000456900487,191.4662566002284,14.9250298511501
308,8,0.0604217005549181,52.14377263180123,0.3830247925722856,181.0005828728594,11.965948420085818
308,9,0.0604217005549181,52.14377263180123,0.42705617455839145,328.09432796733984,11.5258985088352
308,10,0.0604217005549181,52.14377263180123,0.4226375299313757,384.7614465215031,11.913621027674669
308,11,0.0604217005549181,52.14377263180123,0.4282217168420587,399.86413922058773,16.81110222061554
309,0,0.10749941329002781,52.12120296017852,0.3552599703931897,429.70386108998883,19.71736467180316
309,1,0.10749941329002781,52.12120296017852,0.556074380410044,358.3250379507711,23.379202464113852
309,2,0.10749941329002781,52.12120296017852,0.3936275136003415,289.97375876012336,28.479802890161576
309,3,0.10749941329002781,52.12120296017852,0.48218510663219744,222.1699280302235,27.712272561521303
309,4,0.10749941329002781,52.12120296017852,0.6779871024642181,163.43141805199903,27.14825023226511
309,5,0.10749941329002781,52.12120296017852,0.5459570276648904,96.39410817642018,24.101981441759396
309,6,0.10749941329002781,52.12120296017852,0.5074607910707273,124.78341954017644,18.661944616779763
309,7,0.10749941329002781,52.12120296017852,0.44207565795666726,168.59749629517557,16.78922668228209
309,8,0.10749941329002781,52.12120296017852,0.5971480228338734,242.5021341880273,13.885360032627242
309,9,0.10749941329002781,52.12120296017852,0.46509159560416946,409.92756722650495,11.543703405448497
309,10,0.10749941329002781,52.12120296017852,0.8113192366620059,520.8178140760364,12.417718819814324
309,11,0.10749941329002781,52.12120296017852,0.584437281233765,504.8090305645706,15.486661086668766
310,0,0.03954900188561621,52.01587022958793,0.4644043399511633,423.1762938019327,21.062379547303546
310,1,0.03954900188561621,52.01587022958793,0.6049266844181053,317.7989300176885,23.834502475174276
310,2,0.03954900188561621,52.01587022958793,0.611346395051959,374.8878812074805,27.28916114063637
310,3,0.03954900188561621,52.01587022958793,0.41051376639296255,226.5256131601374,27.87822537386761
310,4,0.03954900188561621,52.01587022958793,0.6334789144733143,124.7111237889554,28.526998400590394
310,5,0.03954900188561621,52.01587022958793,0.47217157450943825,109.36331999748911,24.59665925009627
310,6,0.03954900188561621,52.01587022958793,0.4972700088034326,137.413621371553,20.111350827914396
310,7,0.03954900188561621,52.01587022958793,0.631337532687831,179.9402865021987,16.026769435941983
310,8,0.03954900188561621,52.01587022958793,0.3111107830345643,208.94881062164237,11.923944628241333
310,9,0.03954900188561621,52.01587022958793,0.6679234123200101,403.2545511499914,11.282785346153819
310,10,0.03954900188561621,52.01587022958793,0.4733470742351446,523.255347193281,13.85746391807921
310,11,0.03954900188561621,52.01587022958793,0.39162811566562183,402.8448741475695,17.755661065039423
311,0,0.045235106113178714,51.764889464347874,0.5034088208669116,309.3633699523837,20.76756427838218
311,1,0.045235106113178714,51.764889464347874,0.6969582196885385,316.71024789417436,23.629616399273463
311,2,0.045235106113178714,51.764889464347874,0.5440413363862717,406.4428787447326,26.30775095403608
311,3,0.045235106113178714,51.764889464347874,0.5284845505659911,273.1463910064174,26.409524547360657
311,4,0.045235106113178714,51.764889464347874,0.598102329466652,143.89466296572107,27.480331642965997
311,5,0.045235106113178714,51.764889464347874,0.46609582122055915,91.31593344006241,24.334953762050162
311,6,0.045235106113178714,51.764889464347874,0.46493965993227204,105.537299992478,19.621282757763097
311,7,0.045235106113178714,51.764889464347874,0.4720035268244659,183.5661266793995,15.148389449785165
311,8,0.045235106113178714,51.764889464347874,0.3821989054087892,326.38209093335126,12.359297476938366
311,9,0.045235106113178714,51.764889464347874,0.6209806997106249,390.3426976446174,11.07942788697463
311,10,0.045235106113178714,51.764889464347874,0.4690211411855398,388.6839417663278,12.606361958595176
311,11,0.045235106113178714,51.764889464347874,0.5302907685389835,395.23966098508635,16.478300233339546
312,0,0.07688755114746083,52.30415689945527,0.5192809370854437,311.2210869439696,19.309744087764166
312,1,0.07688755114746083,52.30415689945527,0.49751431140803015,375.07747290301,23.664144760825625
312,2,0.07688755114746083,52.30415689945527,0.3257228968353734,388.86735606112245,26.636318683975148
312,3,0.07688755114746083,52.30415689945527,0.5054841177979957,231.48840297504879,28.483162701513912
312,4,0.07688755114746083,52.30415689945527,0.5162967080874479,117.63825315372742,28.02407280894924
312,5,0.07688755114746083,52.30415689945527,0.4863950287091584,114.92005045400765,21.135201008106502
312,6,0.07688755114746083,52.30415689945527,0.35016390646823414,157.86902426597533,20.17915076479659
312,7,0.07688755114746083,52.30415689945527,0.5470200129867868,152.76711247979694,16.445998707399802
312,8,0.07688755114746083,52.30415689945527,0.31209566114698106,307.75219627743377,14.128497057315931
312,9,0.07688755114746083,52.30415689945527,0.5606752223707717,257.1639903502181,12.450984832400069
312,10,0.07688755114746083,52.30415689945527,0.4746407068396821,383.32634240823995,13.342361565613302
312,11,0.07688755114746083,52.30415689945527,0.5476423111495551,352.0509875733272,14.780410309781953
313,0,0.14663718679759205,52.106328205128456,0.4574051835138327,272.16112092962146,19.872087562375736
313,1,0.14663718679759205,52.106328205128456,0.7644551422885759,424.2964637860167,22.435439506725253
313,2,0.14663718679759205,52.106328205128456,0.5538811093800695,259.8064251422689,28.155377550486055
313,3,0.14663718679759205,52.106328205128456,0.434407908279454,255.6152605085829,27.52610644675508
313,4,0.14663718679759205,52.106328205128456,0.5459761484496107,156.31220749231633,25.661096312885075
313,5,0.14663718679759205,52.106328205128456,0.3701195058244407,103.07787027852322,24.39877705256801
313,6,0.14663718679759205,52.106328205128456,0.3758308150876144,164.4453032141433,18.898411746703136
313,7,0.14663718679759205,52.106328205128456,0.6592376185410687,191.11177168784388,15.930863555996627
313,8,0.14663718679759205,52.106328205128456,0.4150762031891818,254.0105229059541,13.07757127534517
313,9,0.14663718679759205,52.106328205128456,0.4390290501432512,459.386264754545,13.524363821280401
313,10,0.14663718679759205,52.106328205128456,0.6401054725254155,364.492629745768,14.902025008566472
313,11,0.14663718679759205,52.106328205128456,0.4602508221310534,385.35493524166935,15.27437439406678
314,0,0.075292745318488,51.87633478928446,0.4518685537502886,265.63131839579916,22.05961341025964
314,1,0.075292745318488,51.87633478928446,0.5026626516509278,381.6240860670062,23.244682710196546
314,2,0.075292745318488,51.87633478928446,0.4701515340455446,368.2579259825699,26.371718236692825
314,3,0.075292745318488,51.87633478928446,0.4411587403827515,250.0875699386361,28.070478115156973
314,4,0.075292745318488,51.87633478928446,0.5142358902729717,151.372444793306,27.736448831496684
314,5,0.075292745318488,51.87633478928446,0.4579493867799921,135.83313063141574,24.65547059408762
314,6,0.075292745318488,51.87633478928446,0.4714941006900474,140.01610093248598,19.821585322768108
314,7,0.075292745318488,51.87633478928446,0.4472317971071603,90.44949187807117,14.917613697985903
314,8,0.075292745318488,51.87633478928446,0.6094358123797939,307.70214077797783,14.60364807212166
314,9,0.075292745318488,51.87633478928446,0.3352062794272962,379.6095481169244,12.219450055691137
314,10,0.075292745318488,51.87633478928446,0.49082107073168907,416.88791588074366,13.392109093457723
314,11,0.075292745318488,51.87633478928446,0.55566762020763,286.76067633693486,14.093283373849205
315,0,0.08964334447514874,52.33154248532625,0.3543481943333042,338.5258638582535,19.98049056164119
315,1,0.08964334447514874,52.33154248532625,0.4971635768283901,386.8256161789053,25.135087693654498
315,2,0.08964334447514874,52.33154248532625,0.49067103966195214,441.7630648479004,26.174456723628218
315,3,0.08964334447514874,52.33154248532625,0.281862420001991,289.6388550034952,27.79696765733365
315,4,0.08964334447514874,52.33154248532625,0.6041159518803041,150.52762778154738,27.0097507773904
315,5,0.08964334447514874,52.33154248532625,0.4308172751814153,136.32178995138207,24.044379401077087
315,6,0.08964334447514874,52.33154248532625,0.44646793484524083,136.5470847722305,18.88947374394868
315,7,0.08964334447514874,52.33154248532625,0.47244853462140607,189.43122345179518,14.823269972745265
315,8,0.08964334447514874,52.33154248532625,0.5051329926178677,386.13434726601605,11.764059438321668
315,9,0.08964334447514874,52.33154248532625,0.6036026398668681,255.89730995544386,12.918454563987439
315,10,0.08964334447514874,52.33154248532625,0.472810770166524,497.2954393679023,12.501140704458866
315,11,0.08964334447514874,52.33154248532625,0.577423872602012,421.7549067821963,16.82429943527607
316,0,0.12745437036798474,52.74035419591822,0.4511023044747004,412.1625952886524,21.541803385027887
316,1,0.12745437036798474,52.74035419591822,0.4055267527312878,379.09693149388585,24.214225857885374
316,2,0.12745437036798474,52.74035419591822,0.5630692515151255,408.23801201340495,25.890208194169833
316,3,0.12745437036798474,52.74035419591822,0.6904657429451662,260.375779385072,26.46110477992203
316,4,0.12745437036798474,52.74035419591822,0.40097323244496275,104.63095336739116,26.587635209856806
316,5,0.12745437036798474,52.74035419591822,0.5234215270686948,134.14164310937733,24.749785047126878
316,6,0.12745437036798474,52.74035419591822,0.6561569915175027,179.9313892827518,18.80440564814451
316,7,0.12745437036798474,52.74035419591822,0.6777131301147863,170.37115608861154,15.866486176902805
316,8,0.12745437036798474,52.74035419591822,0.5477767718190278,288.2312420624019,13.180609492942027
316,9,0.12745437036798474,52.74035419591822,0.3788524466969355,387.9476877741358,11.774234882764189
316,10,0.12745437036798474,52.74035419591822,0.45807296278325904,447.07278216587304,13.248288196876391
316,11,0.12745437036798474,52.74035419591822,0.42967588147561747,293.1212423675617,15.324351800818164
317,0,0.05844332762839397,51.63683269655713,0.4469874700925605,379.60159413623444,20.702210753415514
317,1,0.05844332762839397,51.63683269655713,0.3197453728531381,356.1240151495728,24.75195080049897
317,2,0.05844332762839397,51.63683269655713,0.4857680887008589,428.1796781279673,27.376294240308027
317,3,0.05844332762839397,51.63683269655713,0.41436939178700416,219.52255316559462,27.749802351902282
317,4,0.05844332762839397,51.63683269655713,0.31007546934843583,151.86387169975674,25.850402997082305
317,5,0.05844332762839397,51.63683269655713,0.44558217734097827,131.2974310478595,22.492312967975483
317,6,0.05844332762839397,51.63683269655713,0.3485727234034254,174.84142081193565,18.724420849041678
317,7,0.05844332762839397,51.63683269655713,0.3985135232620507,176.44417687782789,15.614176890421664
317,8,0.05844332762839397,51.63683269655713,0.6391831023035809,220.44534375120173,13.686903164784372
317,9,0.05844332762839397,51.63683269655713,0.42241823321133287,314.206898575789,13.740949613239067
317,10,0.05844332762839397,51.63683269655713,0.51435391454702,480.8143588274157,13.264523107205795
317,11,0.05844332762839397,51.63683269655713,0.554827699336764,319.53064598821163,14.147641720721563
318,0,0.01788827148871771,52.087257944486005,0.38927338617051394,400.1244446626713,19.944622896545066
318,1,0.01788827148871771,52.087257944486005,0.49230667491921926,341.03830873088975,23.336224712273488
318,2,0.01788827148871771,52.087257944486005,0.3803652565534814,312.34651541898864,26.47130294266153
318,3,0.01788827148871771,52.087257944486005,0.5093616697780132,284.3022291581266,27.819079695192954
318,4,0.01788827148871771,52.087257944486005,0.5218838696434515,143.3881531469097,26.128085511913746
318,5,0.01788827148871771,52.087257944486005,0.6539654042114336,121.81531340948469,23.802572339823453
318,6,0.01788827148871771,52.087257944486005,0.6001847890385971,141.29086882069774,18.611062372798273
318,7,0.01788827148871771,52.087257944486005,0.6616187353864147,176.97801015378104,14.983810767800861
318,8,0.01788827148871771,52.087257944486005,0.5030197151894905,299.52538780411584,12.009254143981853
318,9,0.01788827148871771,52.087257944486005,0.4713677088363977,395.7544221237459,12.904587397497151
318,10,0.01788827148871771,52.087257944486005,0.4269864946600439,397.7262083545116,13.447792382754264
318,11,0.01788827148871771,52.087257944486005,0.35466641969446466,353.50555777953144,15.797261860300743
319,0,0.0846966522630545,52.51449129974547,0.42899122919968,398.12911237696545,21.32569112174204
319,1,0.0846966522630545,52.51449129974547,0.4720526633012097,418.8442174714731,23.598088943267708
319,2,0.0846966522630545,52.51449129974547,0.4659189675000164,294.7847363095112,26.420747521095493
319,3,0.0846966522630545,52.51449129974547,0.48144742104454835,292.10872729264,27.192088359508478
319,4,0.0846966522630545,52.51449129974547,0.4685846324417787,155.06402977055868,28.224176280822203
319,5,0.0846966522630545,52.51449129974547,0.6544039808321156,116.92477981487802,25.32582248528533
319,6,0.0846966522630545,52.51449129974547,0.554191935611127,132.8877545557569,19.371386029571124
319,7,0.0846966522630545,52.51449129974547,0.5855936681724792,215.59950427433722,16.130277467539255
319,8,0.0846966522630545,52.51449129974547,0.45758345153778524,244.74809506588778,11.257565656501985
319,9,0.0846966522630545,52.51449129974547,0.528958827544823,359.26855560745196,12.373664316537463
319,10,0.0846966522630545,52.51449129974547,0.5480749078768018,436.92409939436214,12.925635628968159
319,11,0.0846966522630545,52.51449129974547,0.4624132439119623,336.47175944308907,17.596567850962252
320,0,0.2505848465401891,51.465539984949224,0.6429614481138574,361.5032382400676,19.334445937047366
320,1,0.2505848465401891,51.465539984949224,0.4501839780060066,327.8640495737072,23.724550099647164
320,2,0.2505848465401891,51.465539984949224,0.46309395992953095,407.9681780699125,28.92767854468566
320,3,0.2505848465401891,51.465539984949224,0.4983747137129628,308.99798914276295,25.747173749732195
320,4,0.2505848465401891,51.465539984949224,0.45668263716601415,151.66217022805304,27.35758378360681
320,5,0.2505848465401891,51.465539984949224,0.48786025394435373,158.76080852295232,22.56904211951339
320,6,0.2505848465401891,51.465539984949224,0.2208493424493268,98.69048625200759,19.531830935576426
320,7,0.2505848465401891,51.465539984949224,0.43322351693846933,161.32170674735028,16.572142503343102
320,8,0.2505848465401891,51.465539984949224,0.3649901858417042,283.17340407021607,12.507916883596284
320,9,0.2505848465401891,51.465539984949224,0.5136734693407599,358.07628093839116,12.109515760993117
320,10,0.2505848465401891,51.465539984949224,0.5329078731687038,367.1700104784503,11.760598365069045
320,11,0.2505848465401891,51.465539984949224,0.49582407621251884,369.6868794146427,16.964286626602227
321,0,0.06450114916860664,52.015189855932896,0.5651357743256304,349.85035659186474,19.361184846453174
321,1,0.06450114916860664,52.015189855932896,0.4456536232867962,393.16740205581465,25.996180580636956
321,2,0.06450114916860664,52.015189855932896,0.39162277263918077,516.4868486151202,27.033749383115136
321,3,0.06450114916860664,52.015189855932896,0.3263407772079736,276.45280301907144,28.104158998167684
321,4,0.06450114916860664,52.015189855932896,0.42162596699603483,173.06114458819906,28.170653563347038
321,5,0.06450114916860664,52.015189855932896,0.5094190641467962,110.48724034631202,23.8391680395432
321,6,0.06450114916860664,52.015189855932896,0.5991865028155412,172.18006457072,19.64190917966496
321,7,0.06450114916860664,52.015189855932896,0.4493319070308781,184.6408780090816,16.566797321312688
321,8,0.06450114916860664,52.015189855932896,0.47531892807475484,331.2777168724995,13.822952713530084
321,9,0.06450114916860664,52.015189855932896,0.4038396984584641,309.76195161979217,10.604073071298899
321,10,0.06450114916860664,52.015189855932896,0.3785625829143997,384.0330947815927,14.166835650910022
321,11,0.06450114916860664,52.015189855932896,0.612526086517796,429.1067502817497,16.64341954379664
322,0,0.07768949050223085,51.98263224809868,0.7606494451008607,326.63084558852233,20.973645504277854
322,1,0.07768949050223085,51.98263224809868,0.5266685870997041,299.7325304623064,24.032999972899603
322,2,0.07768949050223085,51.98263224809868,0.5705878031879517,379.1878070222518,27.625274461166555
322,3,0.07768949050223085,51.98263224809868,0.4869630256046723,282.9369348335247,28.330293254039518
322,4,0.07768949050223085,51.98263224809868,0.706733787891769,145.9255143494435,27.75940180576379
322,5,0.07768949050223085,51.98263224809868,0.3542730482443667,147.95414003830595,23.855182629662806
322,6,0.07768949050223085,51.98263224809868,0.6218642399351538,138.57311238470507,19.855490067868182
322,7,0.07768949050223085,51.98263224809868,0.5109641724392481,152.34176683506325,16.670451920108345
322,8,0.07768949050223085,51.98263224809868,0.5597874258131074,215.3135159673098,12.468211950853624
322,9,0.07768949050223085,51.98263224809868,0.6297735335500678,343.9767771432194,11.688714931749521
322,10,0.07768949050223085,51.98263224809868,0.491406291415862,345.5354650819317,14.814815829374869
322,11,0.07768949050223085,51.98263224809868,0.5164086730406713,356.5262415675052,18.58739056107762
323,0,0.11346238580462913,51.77979661784314,0.5122388742325658,356.91248756577,18.983713754687777
323,1,0.11346238580462913,51.77979661784314,0.6241921203165798,452.15248379574876,22.76077520981979
323,2,0.11346238580462913,51.77979661784314,0.4884779426856564,400.94236730935614,27.40078792932993
323,3,0.11346238580462913,51.77979661784314,0.4926520646057707,257.51706270431066,27.84098097387862
323,4,0.11346238580462913,51.77979661784314,0.617604518387684,121.48166283830072,27.352093045007283
323,5,0.11346238580462913,51.77979661784314,0.49644521816507164,126.0467602898414,22.72204096172224
323,6,0.11346238580462913,51.77979661784314,0.45053874781445424,176.99807044908215,19.76472088494085
323,7,0.11346238580462913,51.77979661784314,0.5336740290858445,163.36794374669117,17.986427208671458
323,8,0.11346238580462913,51.77979661784314,0.5536373669288093,179.75051449560846,12.112466355041253
323,9,0.11346238580462913,51.77979661784314,0.7017488869855146,454.51927867142183,11.927360375249672
323,10,0.11346238580462913,51.77979661784314,0.6062293292912703,369.2973656643776,12.459929687335487
323,11,0.11346238580462913,51.77979661784314,0.3623918444098723,438.1293486277358,16.187844758119837
324,0,0.16096587923416397,52.643530682324915,0.5009985626627036,394.3221225495911,19.723863901844467
324,1,0.16096587923416397,52.643530682324915,0.561705933318918,512.7558928372774,25.64694146163634
324,2,0.16096587923416397,52.643530682324915,0.6888715219412804,349.1027111373915,25.76457260602854
324,3,0.16096587923416397,52.643530682324915,0.6153566949527652,195.73200904857936,28.763223682645155
324,4,0.16096587923416397,52.643530682324915,0.5493758277257238,123.77520326339257,27.872169818437897
324,5,0.16096587923416397,52.643530682324915,0.49316823683485533,102.45016441553857,24.6379081991371
324,6,0.16096587923416397,52.643530682324915,0.6274145497447752,145.5540451084748,20.843069232946284
324,7,0.16096587923416397,52.643530682324915,0.5822167857531323,168.9342708539217,14.25465847284486
324,8,0.16096587923416397,52.643530682324915,0.45883097893844854,276.72166877577524,12.459807703855205
324,9,0.16096587923416397,52.643530682324915,0.6647030072454905,314.9833921844082,10.806176379845565
324,10,0.16096587923416397,52.643530682324915,0.3922444885637534,448.24018417660074,12.646768913629689
324,11,0.16096587923416397,52.643530682324915,0.49282689619926373,308.24110580341534,14.629757101666225
325,0,0.14515485862830066,52.33312423406963,0.3899329684332938,367.2779678212586,20.679963933944634
325,1,0.14515485862830066,52.33312423406963,0.43829528648040167,402.3490262019041,22.96365607273089
325,2,0.14515485862830066,52.33312423406963,0.34585009753708573,387.2475111777546,26.334449560181294
325,3,0.14515485862830066,52.33312423406963,0.6880070640982839,240.73981087997117,26.743314916515793
325,4,0.14515485862830066,52.33312423406963,0.478048617395935,124.03191923189394,26.387800344748868
325,5,0.14515485862830066,52.33312423406963,0.40535826197780334,126.8002818941019,22.879498677477265
325,6,0.14515485862830066,52.33312423406963,0.5540861665897316,122.52668586839188,18.42909123843374
325,7,0.14515485862830066,52.33312423406963,0.20360337503889708,223.06236621908852,14.227911358678409
325,8,0.14515485862830066,52.33312423406963,0.45348625931070274,198.32904973778807,15.31550454815997
325,9,0.14515485862830066,52.33312423406963,0.584017806196217,407.4125686297894,11.178014283154566
325,10,0.14515485862830066,52.33312423406963,0.7283951581615866,408.5375031571783,13.591380096489683
325,11,0.14515485862830066,52.33312423406963,0.5704604352545087,379.259055497086,14.17379986145041
326,0,0.036544331213447384,51.980724244600395,0.7648727593166894,319.63692925418576,20.308374954981538
326,1,0.036544331213447384,51.980724244600395,0.48239168227335794,369.39102715774175,24.01268776814452
326,2,0.036544331213447384,51.980724244600395,0.4837866527666438,389.6899893992629,28.207097728486637
326,3,0.036544331213447384,51.980724244600395,0.4059272480580184,208.90051520903697,28.628513516635664
326,4,0.036544331213447384,51.980724244600395,0.5490239869738839,133.1435832049972,27.30725325680962
326,5,0.036544331213447384,51.980724244600395,0.4911616941505437,110.56328229983063,23.44349683287805
326,6,0.036544331213447384,51.980724244600395,0.5309563712720071,155.76971061450988,19.98122855196873
326,7,0.036544331213447384,51.980724244600395,0.657405178018945,144.66869220639376,15.644028609169775
326,8,0.036544331213447384,51.980724244600395,0.6080639741111771,328.72711286821516,13.299762750952164
326,9,0.036544331213447384,51.980724244600395,0.5464847912800247,316.5718403543562,12.3830744731356
326,10,0.036544331213447384,51.980724244600395,0.5755608717408167,425.47532426710166,12.402133120769472
326,11,0.036544331213447384,51.980724244600395,0.39952835913802043,387.23344939784243,16.207325978527276
327,0,0.07201742318624586,51.473614709437626,0.5150063158245717,342.00549217122193,20.838373701919664
327,1,0.07201742318624586,51.473614709437626,0.6251828581960437,411.62881728546256,23.20041642000762
327,2,0.07201742318624586,51.473614709437626,0.4606179266427029,413.3168909815775,29.4512489001817
327,3,0.07201742318624586,51.473614709437626,0.5582356765177651,198.47392975670442,28.45474297270479
327,4,0.07201742318624586,51.473614709437626,0.48289696406480315,151.2406725758881,27.422077835829512
327,5,0.07201742318624586,51.473614709437626,0.47457937241761095,154.58597036215798,24.806459781857992
327,6,0.07201742318624586,51.473614709437626,0.35078489209136143,178.2188754635877,21.13643540937466
327,7,0.07201742318624586,51.473614709437626,0.3710475202276732,180.76747262215338,16.03638115151374
327,8,0.07201742318624586,51.473614709437626,0.5118240596400143,255.1625563124263,12.251441048655636
327,9,0.07201742318624586,51.473614709437626,0.45968157303333995,413.5782658186801,12.794727711632504
327,10,0.07201742318624586,51.473614709437626,0.3594779288413533,321.8945167929053,13.12383494156991
327,11,0.07201742318624586,51.473614709437626,0.6470512588318391,333.18106055347715,15.472718406627093
328,0,0.09446033392472426,52.06668389844407,0.5182716340798086,292.94064930329404,19.0381951071439
328,1,0.09446033392472426,52.06668389844407,0.41254573756176527,299.5539728125662,23.96753077665368
328,2,0.09446033392472426,52.06668389844407,0.528909465530064,279.4089205661022,27.60395237343441
328,3,0.09446033392472426,52.06668389844407,0.5841007236814119,240.53363971407248,28.40347227234713
328,4,0.09446033392472426,52.06668389844407,0.44779832062421343,126.57476995487326,25.32052444102154
328,5,0.09446033392472426,52.06668389844407,0.5361048136027174,122.06645379649278,25.662484539334287
328,6,0.09446033392472426,52.06668389844407,0.7772377839737818,119.40264454234227,20.762670190356825
328,7,0.09446033392472426,52.06668389844407,0.4898365982237572,161.62269689944603,16.604188745727047
328,8,0.09446033392472426,52.06668389844407,0.392135321829841,233.9453454265776,12.351501573928001
328,9,0.09446033392472426,52.06668389844407,0.39796684249790426,308.1227592028418,12.161020023715215
328,10,0.09446033392472426,52.06668389844407,0.46290789263029,394.2748858087473,13.24572010318501
328,11,0.09446033392472426,52.06668389844407,0.5664978985689985,439.83295912727056,13.816204147766173
329,0,0.05185460495476568,51.674106719290364,0.5596553345849069,416.02726551533175,19.16426827785994
329,1,0.05185460495476568,51.674106719290364,0.5097384074016728,405.3983553077851,22.57405982177017
329,2,0.05185460495476568,51.674106719290364,0.9300922299895973,360.59690549466967,27.15245761844653
329,3,0.05185460495476568,51.674106719290364,0.492617750746776,173.5170558490787,25.02723929269024
329,4,0.05185460495476568,51.674106719290364,0.47438502529640153,129.7768282064596,25.83709921125086
329,5,0.05185460495476568,51.674106719290364,0.5509437721578578,117.22608624066682,24.972217624833576
329,6,0.05185460495476568,51.674106719290364,0.5473834540825977,120.96059394234594,19.953771539658266
329,7,0.05185460495476568,51.674106719290364,0.5392435393233207,200.9877132313242,15.916516515744044
329,8,0.05185460495476568,51.674106719290364,0.44312562262752114,335.8398566317571,10.84623692387336
329,9,0.05185460495476568,51.674106719290364,0.5070391701598123,271.43959602744894,11.882264625040314
329,10,0.05185460495476568,51.674106719290364,0.558378530726044,388.54304592767375,12.03999751749465
329,11,0.05185460495476568,51.674106719290364,0.3389287218020562,373.2134079735128,16.829836449426534
330,0,0.1240588566262758,52.20569801960442,0.7601848943162144,390.9326672923683,20.932259572079385
330,1,0.1240588566262758,52.20569801960442,0.4117957043879781,336.03625839005576,25.688900947011305
330,2,0.1240588566262758,52.20569801960442,0.7203952725748641,355.36903621265543,26.168271226430967
330,3,0.1240588566262758,52.20569801960442,0.5488078101568017,290.1701192952106,27.578091069994116
330,4,0.1240588566262758,52.20569801960442,0.4635559825120211,127.47900501520407,26.429948464491552
330,5,0.1240588566262758,52.20569801960442,0.47893248285780854,105.56565820775474,24.948662637824167
330,6,0.1240588566262758,52.20569801960442,0.41461593704476796,177.86608154037782,21.39226806874085
330,7,0.1240588566262758,52.20569801960442,0.5334550017308785,147.30513364065757,15.186403786734404
330,8,0.1240588566262758,52.20569801960442,0.5076995447649504,253.7916398190072,14.02004050082732
330,9,0.1240588566262758,52.20569801960442,0.449391383090062,329.19776912774216,12.600848043242868
330,10,0.1240588566262758,52.20569801960442,0.44035196603288457,408.53265942798265,12.864032627391458
330,11,0.1240588566262758,52.20569801960442,0.4003843399199183,398.3180781818283,15.471550937122808
331,0,0.06808579663169355,51.88661312884009,0.5267747044508014,366.7423721144315,18.60272518060072
331,1,0.06808579663169355,51.88661312884009,0.37775536962534784,383.8286572808622,23.481800626387795
331,2,0.06808579663169355,51.88661312884009,0.7010163400721523,404.00056336734275,27.127842406836297
331,3,0.06808579663169355,51.88661312884009,0.5056420881433695,251.3948697599292,28.544456061680986
331,4,0.06808579663169355,51.88661312884009,0.534365101014006,129.49499813192534,27.801499084856367
331,5,0.06808579663169355,51.88661312884009,0.6367308060981938,93.63256016593901,24.96940008667304
331,6,0.06808579663169355,51.88661312884009,0.5836178278469473,131.31877696638787,19.993522680268978
331,7,0.06808579663169355,51.88661312884009,0.40477619818671146,116.19386752260496,15.765727458426516
331,8,0.06808579663169355,51.88661312884009,0.40538066749355967,304.3188445801455,11.555230525765934
331,9,0.06808579663169355,51.88661312884009,0.5054769033656995,310.7744355523219,11.344245848962656
331,10,0.06808579663169355,51.88661312884009,0.5732019624358559,443.4252558791818,11.57598537264128
331,11,0.06808579663169355,51.88661312884009,0.5953778679784629,341.10374008174733,15.373277152010541
332,0,0.09240600944754854,52.12657022175415,0.39317321941588596,339.640222247636,21.874034239826862
332,1,0.09240600944754854,52.12657022175415,0.4025895240287843,315.85830791573534,22.456078708843467
332,2,0.09240600944754854,52.12657022175415,0.3514136853218015,396.37801725199614,26.338809314431096
332,3,0.09240600944754854,52.12657022175415,0.5598698740768594,214.16464201727047,29.489977020797383
332,4,0.09240600944754854,52.12657022175415,0.5001641738231032,118.19834764482438,25.694149957154945
332,5,0.09240600944754854,52.12657022175415,0.5841399096694438,134.5113413817511,22.702026145712793
332,6,0.09240600944754854,52.12657022175415,0.5658710667547648,132.20593710851992,20.43612005643833
332,7,0.09240600944754854,52.12657022175415,0.5270340040398763,168.0360343926201,16.851490786897433
332,8,0.09240600944754854,52.12657022175415,0.46383108929611505,260.66435014972393,15.510805940592615
332,9,0.09240600944754854,52.12657022175415,0.5062434974229701,343.7548362686737,10.21011824821392
332,10,0.09240600944754854,52.12657022175415,0.33558226767684085,449.6066011502903,12.916798166467208
332,11,0.09240600944754854,52.12657022175415,0.5531296609710208,384.5923615649158,15.645851736547485
333,0,0.10625952830634146,52.583253359678615,0.32619842553167083,331.31304597620004,20.6652361878431
333,1,0.10625952830634146,52.583253359678615,0.4756714482152868,465.7659511553208,22.606055071681944
333,2,0.10625952830634146,52.583253359678615,0.5431119122033345,324.67456502701276,28.018300686232777
333,3,0.10625952830634146,52.583253359678615,0.5522248965102883,239.40163762941765,27.895173333537652
333,4,0.10625952830634146,52.583253359678615,0.47751581654236075,148.50577302438697,27.521425510992486
333,5,0.10625952830634146,52.583253359678615,0.45468493489139955,117.00438147264856,24.68870619075942
333,6,0.10625952830634146,52.583253359678615,0.4557946615932814,155.41118474585215,22.69354727322505
333,7,0.10625952830634146,52.583253359678615,0.34222060964046397,165.1158751579067,16.560022785270412
333,8,0.10625952830634146,52.583253359678615,0.5622707995848212,315.9991158974779,13.411250300457105
333,9,0.10625952830634146,52.583253359678615,0.45312219490652045,331.42378140813855,12.311998573745656
333,10,0.10625952830634146,52.583253359678615,0.44414546603830335,487.50242952615497,13.74195770714412
333,11,0.10625952830634146,52.583253359678615,0.48795337835698055,371.56121594226306,16.49599736024724
334,0,0.057194613142971994,52.31438354650362,0.3286393420223078,284.11357059324337,19.762381713265952
334,1,0.057194613142971994,52.31438354650362,0.46680458959156734,379.6160523067278,23.9438175909609
334,2,0.057194613142971994,52.31438354650362,0.5431143796244031,343.8355813860562,27.500523680879553
334,3,0.057194613142971994,52.31438354650362,0.5445453758799945,247.97611686009006,27.140903909631124
334,4,0.057194613142971994,52.31438354650362,0.5862754087458444,140.99285601520515,26.977530066514415
334,5,0.057194613142971994,52.31438354650362,0.4140403240021462,121.97699454023957,24.38378738404821
334,6,0.057194613142971994,52.31438354650362,0.45919165326043027,156.6704528673729,21.20596890807419
334,7,0.057194613142971994,52.31438354650362,0.45748335851444266,183.34641071214048,16.558618547126017
334,8,0.057194613142971994,52.31438354650362,0.42923231155989156,279.4264642661533,13.440974696118918
334,9,0.057194613142971994,52.31438354650362,0.5352872612335192,343.6425481064781,12.049153835350623
334,10,0.057194613142971994,52.31438354650362,0.41669933779181634,454.15531285650826,13.325546383746163
334,11,0.057194613142971994,52.31438354650362,0.40927175605403515,377.0294788135478,16.979795208296558
335,0,0.17407708552040801,51.91411392013891,0.6233465892976203,423.51500423858215,18.87644192894132
335,1,0.17407708552040801,51.91411392013891,0.4649641371242363,344.72344267768153,23.088199306711054
335,2,0.17407708552040801,51.91411392013891,0.4429961122900596,302.1099767311022,28.345435113499683
335,3,0.17407708552040801,51.91411392013891,0.39961097569933246,215.0069066397566,28.734176890329735
335,4,0.17407708552040801,51.91411392013891,0.5599551854260585,110.60360829832932,28.655429673307065
335,5,0.17407708552040801,51.91411392013891,0.41122943691172686,115.9134317813238,23.200666972415608
335,6,0.17407708552040801,51.91411392013891,0.6216012475102903,150.4920947574461,21.365541059952687
335,7,0.17407708552040801,51.91411392013891,0.5875954322217976,146.0782031698063,16.28335551240201
335,8,0.17407708552040801,51.91411392013891,0.4471066282346216,337.4274142474366,13.188475796355721
335,9,0.17407708552040801,51.91411392013891,0.4630355760429132,362.54693647051687,11.479804628937973
335,10,0.17407708552040801,51.91411392013891,0.5588838621878531,426.65404396414715,13.18312148266205
335,11,0.17407708552040801,51.91411392013891,0.471002723423063,426.31788569747454,17.583678545475344
336,0,0.08198999483393052,51.97033979031095,0.5212360777622965,350.2264201745716,19.997089477097763
336,1,0.08198999483393052,51.97033979031095,0.4131541710769847,442.5126091106871,24.272461994880583
336,2,0.08198999483393052,51.97033979031095,0.3282384805184757,484.7275640244915,27.73444093896336
336,3,0.08198999483393052,51.97033979031095,0.5971652936296195,206.56229162771413,28.695350954784733
336,4,0.08198999483393052,51.97033979031095,0.4113539253874802,114.66353770403245,24.064450502275747
336,5,0.08198999483393052,51.97033979031095,0.5353577203456894,129.13317402369145,24.171024929105993
336,6,0.08198999483393052,51.97033979031095,0.671300709840898,157.1531703644275,20.725712058032883
336,7,0.08198999483393052,51.97033979031095,0.390871276483103,197.85834087727466,16.190570729266234
336,8,0.08198999483393052,51.97033979031095,0.497728249656076,298.2617340818618,12.804055271834235
336,9,0.08198999483393052,51.97033979031095,0.3338548662893356,300.2915003648979,13.251256677380363
336,10,0.08198999483393052,51.97033979031095,0.5119698167260962,445.4554523923394,13.451577781431844
336,11,0.08198999483393052,51.97033979031095,0.4826009547386222,351.5788273305652,17.214500160149072
337,0,0.13090463812806435,51.68281481580146,0.6121219589861364,301.1502823276483,19.846760001231463
337,1,0.13090463812806435,51.68281481580146,0.5718037358020414,319.9913457609874,23.384188050518734
337,2,0.13090463812806435,51.68281481580146,0.49287964463176803,402.8858477378631,27.2414390823982
337,3,0.13090463812806435,51.68281481580146,0.4846276821817978,199.32283235373558,26.23675253077814
337,4,0.13090463812806435,51.68281481580146,0.7440390724068738,102.34728658347966,27.242490690873165
337,5,0.13090463812806435,51.68281481580146,0.4729413068994649,140.22475864994863,24.245991990816076
337,6,0.13090463812806435,51.68281481580146,0.4635976676686338,168.99790160471935,20.911301314835022
337,7,0.13090463812806435,51.68281481580146,0.5798807816862551,156.88847208034224,17.144670044883462
337,8,0.13090463812806435,51.68281481580146,0.5148552963221167,371.2138308310563,12.605272742389056
337,9,0.13090463812806435,51.68281481580146,0.5290221640095055,295.50761811179245,12.121314690274174
337,10,0.13090463812806435,51.68281481580146,0.5896346624369561,452.82013369745385,13.185088997067528
337,11,0.13090463812806435,51.68281481580146,0.5318898498454327,352.2342347576007,15.492583098099676
338,0,0.08048941173118176,52.31486625611766,0.4866236784716839,332.6861425276814,19.941761670238137
338,1,0.08048941173118176,52.31486625611766,0.45593905605990687,407.3181882560511,24.047479715229105
338,2,0.08048941173118176,52.31486625611766,0.4091361643315936,408.6954329715299,26.032395679896734
338,3,0.08048941173118176,52.31486625611766,0.5287322513610851,195.25690918760688,27.0910261221571
338,4,0.08048941173118176,52.31486625611766,0.37092781588832435,148.50125228285393,26.741536684544077
338,5,0.08048941173118176,52.31486625611766,0.583895731556534,128.8319270710289,22.554778871107395
338,6,0.08048941173118176,52.31486625611766,0.5314397344632108,137.02085873369253,20.246237780990967
338,7,0.08048941173118176,52.31486625611766,0.5550789503750538,168.41769324899118,16.017738963501678
338,8,0.08048941173118176,52.31486625611766,0.5189624590212787,247.04154445941825,12.212735575569925
338,9,0.08048941173118176,52.31486625611766,0.5387239375785045,383.80675615121976,11.755979126009317
338,10,0.08048941173118176,52.31486625611766,0.4730267320822339,397.9264939196392,15.321524343246587
338,11,0.08048941173118176,52.31486625611766,0.47902153411144,369.98288071918756,14.615418336364097
339,0,0.10931036121694766,51.6677127963424,0.4573852627944719,388.5919461403971,19.829800879202185
339,1,0.10931036121694766,51.6677127963424,0.7497332256886258,348.09395615564017,23.40111655987926
339,2,0.10931036121694766,51.6677127963424,0.6055232490099591,348.97483517033123,27.463344686705888
339,3,0.10931036121694766,51.6677127963424,0.5029455946171367,232.01669010997608,27.553273949015217
339,4,0.10931036121694766,51.6677127963424,0.45286953089914916,159.27510013165804,26.230893898967434
339,5,0.10931036121694766,51.6677127963424,0.5411547864869752,130.30305027766303,24.76429294738867
339,6,0.10931036121694766,51.6677127963424,0.3904375413709216,147.70801192474758,19.36871089712656
339,7,0.10931036121694766,51.6677127963424,0.6075506731241161,185.74147415435135,15.796211716528408
339,8,0.10931036121694766,51.6677127963424,0.5883704954047253,340.0277818731641,13.219269861392782
339,9,0.10931036121694766,51.6677127963424,0.5110690621089292,296.3872630067297,13.035376282196747
339,10,0.10931036121694766,51.6677127963424,0.49471557191614696,339.111094342443,11.002383797685345
339,11,0.10931036121694766,51.6677127963424,0.608048187286788,320.4077688666279,17.38585804097728
340,0,0.07370808931008704,51.79806256485623,0.6318113975612714,268.6927947653478,21.58155731724645
340,1,0.07370808931008704,51.79806256485623,0.7047907905226383,440.8530054516663,23.871385724958376
340,2,0.07370808931008704,51.79806256485623,0.45132639766722227,365.1281453920751,26.68396760269602
340,3,0.07370808931008704,51.79806256485623,0.32243177634786113,244.4087867973831,28.282857121133258
340,4,0.07370808931008704,51.79806256485623,0.40837946485614646,148.76399967059962,24.767876592533092
340,5,0.07370808931008704,51.79806256485623,0.22866895277624788,102.75224494427437,22.631502355622857
340,6,0.07370808931008704,51.79806256485623,0.3394744545249281,139.60803108040523,19.82376249796931
340,7,0.07370808931008704,51.79806256485623,0.5314121457365882,148.67725268724976,15.701543708515997
340,8,0.07370808931008704,51.79806256485623,0.690649815396206,338.5438076852914,11.75304419298188
340,9,0.07370808931008704,51.79806256485623,0.6638076646394453,291.84480176450006,14.488551681387815
340,10,0.07370808931008704,51.79806256485623,0.5018135883296536,380.5037245823031,12.561121611067103
340,11,0.07370808931008704,51.79806256485623,0.6327008264028484,398.8546104449136,16.911407450023283
341,0,0.08792953184638048,51.46170172668314,0.4183718349870444,395.10002638131505,19.587546324835163
341,1,0.08792953184638048,51.46170172668314,0.3494724066749157,418.70335287503076,24.302753078799817
341,2,0.08792953184638048,51.46170172668314,0.520459843378613,298.2212689865121,25.917439471710253
341,3,0.08792953184638048,51.46170172668314,0.4749070233998839,278.76931973651034,28.773393060817586
341,4,0.08792953184638048,51.46170172668314,0.3877410295584781,129.19683896664375,27.678518142359746
341,5,0.08792953184638048,51.46170172668314,0.5020353389302552,106.02854789849762,22.82943097966828
341,6,0.08792953184638048,51.46170172668314,0.49826308974859257,104.34362752517504,20.13339038704669
341,7,0.08792953184638048,51.46170172668314,0.4705109315890173,198.2627847733546,15.98292121836592
341,8,0.08792953184638048,51.46170172668314,0.5961676517300998,230.07927393249662,12.764841922878075
341,9,0.08792953184638048,51.46170172668314,0.5479388436916329,327.89642285648625,10.863976546085112
341,10,0.08792953184638048,51.46170172668314,0.6112638237746417,428.0937074574909,13.593850848140681
341,11,0.08792953184638048,51.46170172668314,0.4776436328694861,340.8015384532135,15.023426907944238
342,0,0.1028287022114307,52.047187008340984,0.44927092551741044,464.97247274577063,20.316978264061877
342,1,0.1028287022114307,52.047187008340984,0.5121940550390464,312.34991182997663,22.977135745010198
342,2,0.1028287022114307,52.047187008340984,0.4167851200309014,421.1768351564124,27.271653644560253
342,3,0.1028287022114307,52.047187008340984,0.5349685773524441,223.70430046145907,28.724194931723357
342,4,0.1028287022114307,52.047187008340984,0.60345785115081,105.64922951549832,27.41428891195246
342,5,0.1028287022114307,52.047187008340984,0.501635937095916,122.08177177035131,24.143226415937153
342,6,0.1028287022114307,52.047187008340984,0.37722180212184864,100.38482891253574,20.254733067896325
342,7,0.1028287022114307,52.047187008340984,0.5362361266631444,166.44694525765814,17.78213199094349
342,8,0.1028287022114307,52.047187008340984,0.586908503655317,204.11346080353667,14.282353557302674
342,9,0.1028287022114307,52.047187008340984,0.31803523483195917,364.2307048127928,12.5398952119801
342,10,0.1028287022114307,52.047187008340984,0.42152386035690753,413.067750461443,12.544667901924846
342,11,0.1028287022114307,52.047187008340984,0.3974126911812801,379.92473202941966,15.88553891402267
343,0,0.1009112831077601,52.761723070847225,0.5164622107246858,359.8394707255188,19.1799399785799
343,1,0.1009112831077601,52.761723070847225,0.40120854933125377,459.0682693133179,24.321595266875107
343,2,0.1009112831077601,52.761723070847225,0.39187276551800987,372.36824259934383,27.72890051989201
343,3,0.1009112831077601,52.761723070847225,0.3609549867482629,276.7368351673567,27.96320656424569
343,4,0.1009112831077601,52.761723070847225,0.5319215553058709,115.50137852238,26.41414021621024
343,5,0.1009112831077601,52.761723070847225,0.723658013908146,99.35646692259536,23.584967633899858
343,6,0.1009112831077601,52.761723070847225,0.5631999186176624,204.1978979959716,20.11600237626398
343,7,0.1009112831077601,52.761723070847225,0.5576271722910242,203.86945329811752,15.45096197495464
343,8,0.1009112831077601,52.761723070847225,0.49679021695761905,296.78689743241137,13.313817479899162
343,9,0.1009112831077601,52.761723070847225,0.453812045824553,305.43797701989996,10.95710026074992
343,10,0.1009112831077601,52.761723070847225,0.46231517318408627,405.9517133652452,11.674806117430034
343,11,0.1009112831077601,52.761723070847225,0.4847395787169573,403.45745404755206,15.437962408953414
344,0,0.11102687288719101,51.8429769998155,0.3197588761469293,256.16721432122654,18.04977551580546
344,1,0.11102687288719101,51.8429769998155,0.45909421462783107,315.2752101247077,24.05185771654157
344,2,0.11102687288719101,51.8429769998155,0.4191080901398149,313.23795006633844,26.2617071674585
344,3,0.11102687288719101,51.8429769998155,0.5325668036039712,272.6052837595594,27.167913297795884
344,4,0.11102687288719101,51.8429769998155,0.5302207160847108,143.02852477383624,27.109953871282574
344,5,0.11102687288719101,51.8429769998155,0.5819643686425908,120.35122200355666,23.122269855335407
344,6,0.11102687288719101,51.8429769998155,0.5844031033126015,113.90775755670427,19.447599463881637
344,7,0.11102687288719101,51.8429769998155,0.44930824390716223,167.5342450663952,14.528235494251163
344,8,0.11102687288719101,51.8429769998155,0.42957669622567685,273.8480689990722,13.237164136602196
344,9,0.11102687288719101,51.8429769998155,0.5762674648193348,408.69254522977855,10.860393430570191
344,10,0.11102687288719101,51.8429769998155,0.5478183887514487,432.8509477457704,12.929778397802982
344,11,0.11102687288719101,51.8429769998155,0.44973480511295544,376.7246353373177,16.324468365937985
345,0,0.10050009311548336,51.847647285671556,0.5803110487693807,299.71787209333564,19.8592659579226
345,1,0.10050009311548336,51.847647285671556,0.5315069507357095,423.5214229516072,24.419526057597306
345,2,0.10050009311548336,51.847647285671556,0.47594435633150156,376.8270226262876,26.199653451101334
345,3,0.10050009311548336,51.847647285671556,0.641918375001239,237.07762737910753,28.23051238834237
345,4,0.10050009311548336,51.847647285671556,0.5149719058474513,127.00579349805369,26.890434950959044
345,5,0.10050009311548336,51.847647285671556,0.6193519979333866,85.0180519106014,23.721314957332403
345,6,0.10050009311548336,51.847647285671556,0.5272197947649913,148.29956097629773,20.93916273572727
345,7,0.10050009311548336,51.847647285671556,0.5551368471366195,160.13203068081077,15.642057536174429
345,8,0.10050009311548336,51.847647285671556,0.5610001067947884,265.247331694779,12.227980372194438
345,9,0.10050009311548336,51.847647285671556,0.482671656164207,388.4280701440792,11.849322565262796
345,10,0.10050009311548336,51.847647285671556,0.5768890256524013,271.18198548926705,13.58253366197536
345,11,0.10050009311548336,51.847647285671556,0.5389835256566261,432.4077234473136,15.49631667608139
346,0,0.16237992142602875,51.81287275902177,0.4283739661665197,370.60804251813124,20.86199124436044
346,1,0.16237992142602875,51.81287275902177,0.643605264369416,284.6601722295166,23.39157018220021
346,2,0.16237992142602875,51.81287275902177,0.384355082606357,346.31653983763925,27.17514680726389
346,3,0.16237992142602875,51.81287275902177,0.5903786267775736,278.9077519517551,28.20745195903417
346,4,0.16237992142602875,51.81287275902177,0.4648657159323768,121.16855745095357,27.65266622217518
346,5,0.16237992142602875,51.81287275902177,0.6213757393495005,126.6483226944509,23.81170084215918
346,6,0.16237992142602875,51.81287275902177,0.7137380739934994,155.74838154447988,18.570543060814867
346,7,0.16237992142602875,51.81287275902177,0.6495495009825228,181.25620968415922,16.506684515767514
346,8,0.16237992142602875,51.81287275902177,0.44082198818740065,324.5878723544176,11.975037688761564
346,9,0.16237992142602875,51.81287275902177,0.5039518010834699,410.156974104289,10.284286491325938
346,10,0.16237992142602875,51.81287275902177,0.43815418620355195,346.3297970538787,14.150536425591813
346,11,0.16237992142602875,51.81287275902177,0.5936390787004808,290.58065267034385,15.932607995722915
347,0,0.036255513660602666,52.060094025485796,0.39365025443589347,410.11797703475423,21.434225272782765
347,1,0.036255513660602666,52.060094025485796,0.599840101761068,358.2756982759401,23.435895634867418
347,2,0.036255513660602666,52.060094025485796,0.5090472987350765,332.7463975900261,27.7000491302554
347,3,0.036255513660602666,52.060094025485796,0.3748896610993152,286.98262549463067,27.733328490446336
347,4,0.036255513660602666,52.060094025485796,0.4915036784847164,123.4973544131777,26.586140460120276
347,5,0.036255513660602666,52.060094025485796,0.5345413862150656,114.6829529933341,23.939199119981048
347,6,0.036255513660602666,52.060094025485796,0.5915081863740492,142.9162292642586,20.85192403971527
347,7,0.036255513660602666,52.060094025485796,0.5333005555450623,148.910978696603,15.986411751865695
347,8,0.036255513660602666,52.060094025485796,0.43734247991991215,252.76779713271065,12.124990152262658
347,9,0.036255513660602666,52.060094025485796,0.5069698159789875,353.9206516562239,12.96147429612796
347,10,0.036255513660602666,52.060094025485796,0.42088424495623944,499.0446165839392,12.905792218255147
347,11,0.036255513660602666,52.060094025485796,0.6139246766478972,320.6320287120139,18.3984172714625
348,0,0.11551868484959296,52.16843061014288,0.4750840315550463,381.0032694792502,21.34303532574654
348,1,0.11551868484959296,52.16843061014288,0.43975299516582295,350.00788231642673,24.973271001433027
348,2,0.11551868484959296,52.16843061014288,0.33078236593102484,370.45457989239037,27.43427609363449
348,3,0.11551868484959296,52.16843061014288,0.4217218552644726,254.97194134200592,27.066798469546402
348,4,0.11551868484959296,52.16843061014288,0.5262197589884189,164.65605782384617,26.777335548108393
348,5,0.11551868484959296,52.16843061014288,0.5616182202536991,111.3679491971113,24.676930140824584
348,6,0.11551868484959296,52.16843061014288,0.5317986698206767,88.55493690091723,22.11704802968058
348,7,0.11551868484959296,52.16843061014288,0.5276593500208535,152.56138140468732,16.383441470752857
348,8,0.11551868484959296,52.16843061014288,0.5968641217782908,183.48433419984875,13.154994451367836
348,9,0.11551868484959296,52.16843061014288,0.46277780581801514,332.02023812011174,12.56419726027392
348,10,0.11551868484959296,52.16843061014288,0.49020399790595925,354.16996969798606,11.932323684894445
348,11,0.11551868484959296,52.16843061014288,0.6643481288334508,384.39066480822265,18.025995047164763
349,0,0.10576977079642828,52.97125435104296,0.6298162656950497,341.3010330248255,18.779176596990034
349,1,0.10576977079642828,52.97125435104296,0.4935381480694308,405.5149719194572,22.990535515511198
349,2,0.10576977079642828,52.97125435104296,0.6680137410214477,275.2923349981297,25.66808353878353
349,3,0.10576977079642828,52.97125435104296,0.4803327237892893,220.0376083221659,27.549342484358537
349,4,0.10576977079642828,52.97125435104296,0.4524676803545336,173.62605237997082,26.17166780856491
349,5,0.10576977079642828,52.97125435104296,0.5155010370517685,139.9320119311416,24.235971365208997
349,6,0.10576977079642828,52.97125435104296,0.6840092791648181,132.76116980543904,20.941513825102298
349,7,0.10576977079642828,52.97125435104296,0.46448480552764176,115.78819416342874,16.76653626763482
349,8,0.10576977079642828,52.97125435104296,0.4173697016412557,247.25140496806614,13.283487250028514
349,9,0.10576977079642828,52.97125435104296,0.5415830885018903,356.0010606985053,11.346096048414207
349,10,0.10576977079642828,52.97125435104296,0.2960841389353741,405.904113924003,12.506137457279069
349,11,0.10576977079642828,52.97125435104296,0.5183436600563766,251.6367002533429,14.201217448143206
350,0,0.03410033363561312,52.500339053522026,0.6843971808777187,374.45228248436945,18.792079250936844
350,1,0.03410033363561312,52.500339053522026,0.5897849777801121,318.8562298983495,23.582647630466013
350,2,0.03410033363561312,52.500339053522026,0.5763820921927143,378.3556878620361,25.475101170699997
350,3,0.03410033363561312,52.500339053522026,0.5046439941064713,246.09629628928977,29.67314004601112
350,4,0.03410033363561312,52.500339053522026,0.5191559868179408,154.32823150090613,27.025759506832305
350,5,0.03410033363561312,52.500339053522026,0.5186928320651644,119.64422711805872,25.156109861042683
350,6,0.03410033363561312,52.500339053522026,0.4533841419105867,173.1149041645208,18.651020328041668
350,7,0.03410033363561312,52.500339053522026,0.5748211625818498,180.50029372732536,16.462307325420237
350,8,0.03410033363561312,52.500339053522026,0.4720368468554355,299.35215697606725,12.50341982721714
350,9,0.03410033363561312,52.500339053522026,0.3948598919559655,255.70508910083868,14.06576505174379
350,10,0.03410033363561312,52.500339053522026,0.5681935528766181,443.7817156074925,13.628526655416465
350,11,0.03410033363561312,52.500339053522026,0.5464579598440046,287.2019945983461,17.424911586692165
351,0,0.10941443539329158,52.10929872882368,0.6773605465261812,305.55579202215415,19.841263423405813
351,1,0.10941443539329158,52.10929872882368,0.5259155490180543,339.1216931350231,22.648665746812995
351,2,0.10941443539329158,52.10929872882368,0.5138245604653044,278.1683105443106,27.813212435008193
351,3,0.10941443539329158,52.10929872882368,0.3555399529376194,305.717135414505,27.259879173628196
351,4,0.10941443539329158,52.10929872882368,0.6754885542517703,164.36801232392463,29.22832992149805
351,5,0.10941443539329158,52.10929872882368,0.43684983065602023,126.58412447526179,22.698707805154548
351,6,0.10941443539329158,52.10929872882368,0.42615802400401726,109.16636750016288,20.076754525430296
351,7,0.10941443539329158,52.10929872882368,0.4763149669286177,175.35216866326283,16.162570117138756
351,8,0.10941443539329158,52.10929872882368,0.5166943354014037,276.93479876612474,13.268502622086345
351,9,0.10941443539329158,52.10929872882368,0.4818133484305052,347.6853375150221,11.060344503238833
351,10,0.10941443539329158,52.10929872882368,0.30757484324167117,332.5539424274978,14.226279906067088
351,11,0.10941443539329158,52.10929872882368,0.5979825094134206,335.5347730677408,16.37188875763166
352,0,0.13807403316709466,51.62502798557583,0.6360739594525677,346.5456857997705,21.090030184958298
352,1,0.13807403316709466,51.62502798557583,0.42377041587148945,425.48238022522435,25.438192036558668
352,2,0.13807403316709466,51.62502798557583,0.5142258617314113,339.32270841601127,24.877758588188044
352,3,0.13807403316709466,51.62502798557583,0.3978841296688584,218.9482176646093,27.17733922498825
352,4,0.13807403316709466,51.62502798557583,0.5753499256818436,127.01247760675403,27.49254443526605
352,5,0.13807403316709466,51.62502798557583,0.43296003306746766,127.61241337926468,23.492632683635325
352,6,0.13807403316709466,51.62502798557583,0.3969964301028044,133.6082280889399,20.33235717050292
352,7,0.13807403316709466,51.62502798557583,0.4841031575151415,214.07579516815102,15.479129822022324
352,8,0.13807403316709466,51.62502798557583,0.5151844712874364,240.8490279930803,13.619336033505373
352,9,0.13807403316709466,51.62502798557583,0.6221795536869503,380.5556787587632,12.059925042707924
352,10,0.13807403316709466,51.62502798557583,0.45781816961244914,418.3341029088192,12.49045906804443
352,11,0.13807403316709466,51.62502798557583,0.5773421004404364,438.43039201848507,15.265707425428502
353,0,0.16072741802965027,52.53909555783689,0.6562010997424608,399.1246906136118,20.174982594800635
353,1,0.16072741802965027,52.53909555783689,0.4186238403644479,366.35282444729035,24.167429032791556
353,2,0.16072741802965027,52.53909555783689,0.6025366208575733,285.7026531625971,28.09436781190506
353,3,0.16072741802965027,52.53909555783689,0.5670454444725549,241.115592904082,27.85126170589347
353,4,0.16072741802965027,52.53909555783689,0.5151262194087282,105.64610482054431,27.899560168182155
353,5,0.16072741802965027,52.53909555783689,0.33068190525331503,119.52548926690838,23.47514089264183
353,6,0.16072741802965027,52.53909555783689,0.6122391673212784,167.6945210591591,19.928132969020574
353,7,0.16072741802965027,52.53909555783689,0.6418257199898353,150.7695592718637,18.030495512817623
353,8,0.16072741802965027,52.53909555783689,0.673191467770094,307.61422613040617,12.139412857628614
353,9,0.16072741802965027,52.53909555783689,0.4770736422650787,311.20036757710903,12.188032912495332
353,10,0.16072741802965027,52.53909555783689,0.5081508368289267,422.75969661491786,11.643402796083056
353,11,0.16072741802965027,52.53909555783689,0.4276366443206293,293.72618071148776,17.745425156031263
354,0,0.11516652088170232,52.21067336727884,0.426511921655054,393.3393071468115,19.94292649533186
354,1,0.11516652088170232,52.21067336727884,0.5635592354498477,358.6890252876655,24.2012643729174
354,2,0.11516652088170232,52.21067336727884,0.4624268384738522,344.0198846670173,26.005608555996837
354,3,0.11516652088170232,52.21067336727884,0.39244327077665475,270.82473711331915,26.363122922200258
354,4,0.11516652088170232,52.21067336727884,0.5078335498753683,132.27191015782074,26.796559389634933
354,5,0.11516652088170232,52.21067336727884,0.4670931165797524,105.70586519092963,23.01162570279023
354,6,0.11516652088170232,52.21067336727884,0.4833066604010382,123.56199909855054,19.2015170507587
354,7,0.11516652088170232,52.21067336727884,0.4246550079085919,178.77354303548034,16.26401951278587
354,8,0.11516652088170232,52.21067336727884,0.6068628128207222,314.01616876739183,12.019863084490856
354,9,0.11516652088170232,52.21067336727884,0.48098584766285,308.32116200590815,9.895890457565867
354,10,0.11516652088170232,52.21067336727884,0.5606264099764261,438.1062120185856,12.10938229739287
354,11,0.11516652088170232,52.21067336727884,0.6323798876210831,321.0699519509195,15.706961985404206
355,0,0.0906155178674058,51.74360332648159,0.4878177601463088,315.9877701498728,19.170441162381962
355,1,0.0906155178674058,51.74360332648159,0.5103488387173647,427.0363862951595,24.982033464358594
355,2,0.0906155178674058,51.74360332648159,0.5840141719951459,354.233512579401,27.624111983951646
355,3,0.0906155178674058,51.74360332648159,0.550217184608012,176.31819633568054,27.75092970985045
355,4,0.0906155178674058,51.74360332648159,0.4927437116724502,136.47771244015337,25.70152656061949
355,5,0.0906155178674058,51.74360332648159,0.6235844713614062,134.60750419666704,22.966410652167657
355,6,0.0906155178674058,51.74360332648159,0.2649685343919749,154.16180945234302,18.365346822998262
355,7,0.0906155178674058,51.74360332648159,0.48722917701320023,191.29629938826287,15.95831171067923
355,8,0.0906155178674058,51.74360332648159,0.6375454115631717,280.0569773868004,14.389459448679988
355,9,0.0906155178674058,51.74360332648159,0.5412577881185021,369.1980314664042,10.25586984570195
355,10,0.0906155178674058,51.74360332648159,0.5056984396294883,535.9513406670355,12.422539010350048
355,11,0.0906155178674058,51.74360332648159,0.6970828966778724,389.31904588281947,16.412208440303868
356,0,0.07261990376773118,52.14403000063821,0.5435754018381482,348.8915473252586,19.85938070693426
356,1,0.07261990376773118,52.14403000063821,0.5585013059170989,451.31374274214005,24.0779826512909
356,2,0.07261990376773118,52.14403000063821,0.5670165018575568,339.5532488495329,26.26728096806925
356,3,0.07261990376773118,52.14403000063821,0.3736792877798134,272.88312797957917,26.504802050737055
356,4,0.07261990376773118,52.14403000063821,0.48989985909351846,154.75209794046447,27.073802969160663
356,5,0.07261990376773118,52.14403000063821,0.5531269557322115,112.19231742645397,23.421354780797323
356,6,0.07261990376773118,52.14403000063821,0.5976330160206189,136.8186992564752,19.039490227582277
356,7,0.07261990376773118,52.14403000063821,0.6125400472657927,212.26406509891373,17.87106219794332
356,8,0.07261990376773118,52.14403000063821,0.5216811861546944,247.70266803312634,12.16827041833908
356,9,0.07261990376773118,52.14403000063821,0.4984328588270921,403.60488645700616,11.303065010824197
356,10,0.07261990376773118,52.14403000063821,0.498942484294014,626.3218346358684,11.74058149503206
356,11,0.07261990376773118,52.14403000063821,0.5527017311659276,399.00085609368494,14.807050849931061
357,0,0.0875070713574502,52.056680002444814,0.4380830939459561,374.9866098945426,18.67982445738913
357,1,0.0875070713574502,52.056680002444814,0.4973940530334596,438.3919728749565,23.204701331643925
357,2,0.0875070713574502,52.056680002444814,0.5698745237020593,353.9217205615268,25.67218518498795
357,3,0.0875070713574502,52.056680002444814,0.6100623120456177,224.97792594963008,29.642172518490938
357,4,0.0875070713574502,52.056680002444814,0.7408326427989019,134.8183475977463,27.752676712262847
357,5,0.0875070713574502,52.056680002444814,0.6396038734886869,146.72913554166996,24.22759149009611
357,6,0.0875070713574502,52.056680002444814,0.5149624101768159,120.99376376981664,22.31818069942262
357,7,0.0875070713574502,52.056680002444814,0.5607463319049868,160.42828319543204,15.89518950594641
357,8,0.0875070713574502,52.056680002444814,0.6759727204561172,329.498835135677,14.276427632593618
357,9,0.0875070713574502,52.056680002444814,0.6314055734652632,241.90528313225502,10.821934809067999
357,10,0.0875070713574502,52.056680002444814,0.44393547653151194,448.94401017691257,10.831962082038839
357,11,0.0875070713574502,52.056680002444814,0.49845845151429885,312.51071792305885,16.681084663906567
358,0,0.04914560799571022,52.47829337530182,0.45890242450379115,367.4871810456068,18.707063499463768
358,1,0.04914560799571022,52.47829337530182,0.34210543130541876,405.90980497096245,23.37747529893421
358,2,0.04914560799571022,52.47829337530182,0.41502805065260995,269.57072959882316,27.02990530241983
358,3,0.04914560799571022,52.47829337530182,0.4069966874410983,293.71879175384987,28.189171825617198
358,4,0.04914560799571022,52.47829337530182,0.4274279242113272,135.76031885043645,27.61270223698871
358,5,0.04914560799571022,52.47829337530182,0.3613359539557227,137.47304304995495,23.374206226315906
358,6,0.04914560799571022,52.47829337530182,0.5466986971220963,140.53737812011548,20.582988285828744
358,7,0.04914560799571022,52.47829337530182,0.5920464545013264,176.5020365849221,17.081387144011305
358,8,0.04914560799571022,52.47829337530182,0.6571329094303252,274.52004708903064,14.492915943730736
358,9,0.04914560799571022,52.47829337530182,0.41244075036087946,424.2920075489065,11.71450055617845
358,10,0.04914560799571022,52.47829337530182,0.7153224605884668,339.91445190409047,13.528284350685583
358,11,0.04914560799571022,52.47829337530182,0.5255609208942075,321.1183305233312,13.833163048230599
359,0,0.13433568240972887,52.20565586936652,0.4030424750680815,423.48617055185144,18.763560009971478
359,1,0.13433568240972887,52.20565586936652,0.5302722831662947,486.59045806959216,24.09570698307579
359,2,0.13433568240972887,52.20565586936652,0.5802626648927415,337.334543520001,29.90396202189621
359,3,0.13433568240972887,52.20565586936652,0.5204088082414333,234.41580113918144,28.562082831773804
359,4,0.13433568240972887,52.20565586936652,0.33702324789740185,142.63322565301903,25.69552796006111
359,5,0.13433568240972887,52.20565586936652,0.620454755604088,99.94764529420571,24.63632877608082
359,6,0.13433568240972887,52.20565586936652,0.4467406843147652,147.87495927888332,18.047072862375522
359,7,0.13433568240972887,52.20565586936652,0.6347241292124016,189.09673568134085,17.092335007544904
359,8,0.13433568240972887,52.20565586936652,0.4346960149632072,319.1046254330218,14.197430591784526
359,9,0.13433568240972887,52.20565586936652,0.5459600397345153,397.8588531356532,10.438895564296157
359,10,0.13433568240972887,52.20565586936652,0.6031116534587122,449.6299877774106,13.690405269672699
359,11,0.13433568240972887,52.20565586936652,0.600283966461846,380.79514253881695,14.971443044206433
360,0,0.16377567923052339,51.7353338086592,0.4374053643021995,430.5077474979084,19.59573717783036
360,1,0.16377567923052339,51.7353338086592,0.46092863440858894,404.2344595029219,23.25693575946648
360,2,0.16377567923052339,51.7353338086592,0.5025459479449419,336.9314770717761,26.785856503807643
360,3,0.16377567923052339,51.7353338086592,0.6493088590154327,278.8032655804007,27.871832573401125
360,4,0.16377567923052339,51.7353338086592,0.5922949615105986,135.76013311401846,25.62608548371399
360,5,0.16377567923052339,51.7353338086592,0.5616761222464266,123.02133747440425,24.855802128032707
360,6,0.16377567923052339,51.7353338086592,0.3302346241988605,98.80949247249859,18.226887540061238
360,7,0.16377567923052339,51.7353338086592,0.6463268357519908,198.9188022219688,15.316852757791235
360,8,0.16377567923052339,51.7353338086592,0.56108037285522,237.45653361768055,14.753877097818343
360,9,0.16377567923052339,51.7353338086592,0.3639983009145349,447.2432010046899,13.1267774643945
360,10,0.16377567923052339,51.7353338086592,0.3940262348404675,480.52721890621876,13.788264872201788
360,11,0.16377567923052339,51.7353338086592,0.667831642553593,386.5179979495468,16.371431000551816
361,0,0.07420548668044204,52.168947307215454,0.5782108564358723,396.5377452823424,19.260584371659004
361,1,0.07420548668044204,52.168947307215454,0.5164521273870896,312.9554862226184,23.638737192633943
361,2,0.07420548668044204,52.168947307215454,0.4939685651359462,328.565052345693,26.003887068968957
361,3,0.07420548668044204,52.168947307215454,0.4477739541084891,280.8679113039219,30.403423191467308
361,4,0.07420548668044204,52.168947307215454,0.4344639476040458,167.98899889978395,26.734866525781385
361,5,0.07420548668044204,52.168947307215454,0.45677046014932016,94.09713487738436,24.43948042581128
361,6,0.07420548668044204,52.168947307215454,0.5693405127924829,135.11351739602364,20.9595149242186
361,7,0.07420548668044204,52.168947307215454,0.5472200285818352,170.31129377754667,16.619664615672217
361,8,0.07420548668044204,52.168947307215454,0.46165488572611035,337.75775720963236,11.767066442495437
361,9,0.07420548668044204,52.168947307215454,0.4368273198802095,381.6999365435057,12.54850279328351
361,10,0.07420548668044204,52.168947307215454,0.4266214212125129,422.6303368167528,12.371932642763054
361,11,0.07420548668044204,52.168947307215454,0.7512863917146282,400.09925816783874,16.307987494629412
362,0,0.05322004883789807,52.65371488595938,0.371007321730014,420.1798212529332,20.31676387332279
362,1,0.05322004883789807,52.65371488595938,0.45364829142786756,344.1955088040375,24.547626060861436
362,2,0.05322004883789807,52.65371488595938,0.5413480630166201,383.0934224632442,27.5156286459111
362,3,0.05322004883789807,52.65371488595938,0.2633092221329385,274.5606360297991,26.916111806184865
362,4,0.05322004883789807,52.65371488595938,0.5503077422455743,142.13160518420872,27.02181477590157
362,5,0.05322004883789807,52.65371488595938,0.6474111584170865,131.21618498702446,24.0321756259862
362,6,0.05322004883789807,52.65371488595938,0.448392256546767,139.79201671547685,20.49634498373885
362,7,0.05322004883789807,52.65371488595938,0.5538966030859357,135.8933430809494,16.53074143448297
362,8,0.05322004883789807,52.65371488595938,0.57080170042132,317.6061017580595,13.269362772339832
362,9,0.05322004883789807,52.65371488595938,0.5060856429441036,299.75205083418444,12.174570537706712
362,10,0.05322004883789807,52.65371488595938,0.5415472674500211,291.59017330378094,12.450205248810637
362,11,0.05322004883789807,52.65371488595938,0.5242572784774526,348.82352531550936,15.365624504590988
363,0,0.012070451180041462,52.18736631860078,0.47174278289510724,310.25349182598194,19.98821607222779
363,1,0.012070451180041462,52.18736631860078,0.6188937736498761,406.783323021007,24.546027510919036
363,2,0.012070451180041462,52.18736631860078,0.43994088638215567,422.12319210449493,26.126785008950794
363,3,0.012070451180041462,52.18736631860078,0.4568272391589594,298.27878213075695,27.55918273057342
363,4,0.012070451180041462,52.18736631860078,0.49913750002538465,127.79444508264926,26.92609984207384
363,5,0.012070451180041462,52.18736631860078,0.48814963315434096,143.71910376868786,25.133442278009017
363,6,0.012070451180041462,52.18736631860078,0.5755737423056416,153.08579303956554,18.77644786738259
363,7,0.012070451180041462,52.18736631860078,0.41176272967115474,182.5518451299951,17.505816481010445
363,8,0.012070451180041462,52.18736631860078,0.42241951722055776,336.0168019316137,13.037774952202554
363,9,0.012070451180041462,52.18736631860078,0.5649631177110869,264.79675343466926,11.674779985760535
363,10,0.012070451180041462,52.18736631860078,0.5052931900483065,346.16025783671336,12.180482613693384
363,11,0.012070451180041462,52.18736631860078,0.6050098192628813,322.3938301364472,16.273913684339778
364,0,0.16059156291661608,51.883497242227854,0.5499552189133002,350.10288712120945,19.787730591476755
364,1,0.16059156291661608,51.883497242227854,0.4182615462312497,331.307448104568,22.942159941820037
364,2,0.16059156291661608,51.883497242227854,0.3475231694360339,299.3462437978635,28.37957591736585
364,3,0.16059156291661608,51.883497242227854,0.5157885098765645,266.9730816044841,27.185245921831527
364,4,0.16059156291661608,51.883497242227854,0.48671322109700343,158.12717267474764,27.138507467867857
364,5,0.16059156291661608,51.883497242227854,0.6586436059855308,124.6426442480136,23.233336156179
364,6,0.16059156291661608,51.883497242227854,0.5276114113997679,143.90082843531889,20.397459240234024
364,7,0.16059156291661608,51.883497242227854,0.6840323611109256,132.7715443533505,16.03895827037769
364,8,0.16059156291661608,51.883497242227854,0.6108142528922109,325.9952855031062,11.67258585557894
364,9,0.16059156291661608,51.883497242227854,0.4835696637987639,333.1434491400175,11.142244777465631
364,10,0.16059156291661608,51.883497242227854,0.5977371131272117,410.68100812611647,11.095931164804947
364,11,0.16059156291661608,51.883497242227854,0.5679738469151926,420.2618838163113,16.443963022235444
365,0,0.09874662704104865,51.81978125093731,0.7621576246499865,411.71893099802196,21.554293763181224
365,1,0.09874662704104865,51.81978125093731,0.47130578058241773,395.01276594176124,25.391498689299418
365,2,0.09874662704104865,51.81978125093731,0.3611776992548148,454.0513599111324,28.56558192443227
365,3,0.09874662704104865,51.81978125093731,0.47545044261046143,268.9791942120873,29.59792917663575
365,4,0.09874662704104865,51.81978125093731,0.6275958852394107,158.95583690834437,28.674086533283496
365,5,0.09874662704104865,51.81978125093731,0.3093617784378976,89.13715030531496,25.71727599388488
365,6,0.09874662704104865,51.81978125093731,0.5196403783055439,167.407858716353,19.504021498032294
365,7,0.09874662704104865,51.81978125093731,0.6170956997322053,217.13093964036213,17.347170121507983
365,8,0.09874662704104865,51.81978125093731,0.6646427708512462,294.3023180887778,12.463790318734391
365,9,0.09874662704104865,51.81978125093731,0.7447962640560791,427.89475404990117,12.793072784569121
365,10,0.09874662704104865,51.81978125093731,0.45809442322123206,380.9110913505666,12.554794439672314
365,11,0.09874662704104865,51.81978125093731,0.4654350427190398,409.8019786506723,16.13359672422831
366,0,0.09221698761152136,52.95590680900089,0.6342559979244438,356.43468245830854,20.587689410784748
366,1,0.09221698761152136,52.95590680900089,0.6066902807943831,409.0105345972788,25.13415407589377
366,2,0.09221698761152136,52.95590680900089,0.4247069995200753,382.96364622845186,27.44664023369617
366,3,0.09221698761152136,52.95590680900089,0.5637536473774559,215.09456856968376,26.352573710836467
366,4,0.09221698761152136,52.95590680900089,0.5527946597904171,167.3902696486941,27.577874440385
366,5,0.09221698761152136,52.95590680900089,0.5722522371316007,96.47788871238534,25.562952030501933
366,6,0.09221698761152136,52.95590680900089,0.43725479363480313,210.88006127882082,20.29456925613452
366,7,0.09221698761152136,52.95590680900089,0.4045234027313138,169.37948036976996,14.4346314744489
366,8,0.09221698761152136,52.95590680900089,0.5406634667007707,373.71416599439885,14.075913103152375
366,9,0.09221698761152136,52.95590680900089,0.4425442005318014,428.03662605739436,11.472158182011363
366,10,0.09221698761152136,52.95590680900089,0.5209508110621182,391.1637415528637,16.313141378329945
366,11,0.09221698761152136,52.95590680900089,0.39198792626445816,359.01232938277695,14.744783773668807
367,0,0.062029382570353855,52.52586206341997,0.5583309518880637,288.3878883031837,19.897675577328307
367,1,0.062029382570353855,52.52586206341997,0.4111909643537943,313.9943442089515,23.379531857549356
367,2,0.062029382570353855,52.52586206341997,0.5336691182482356,311.7068542422325,26.227064514672232
367,3,0.062029382570353855,52.52586206341997,0.537146492411983,281.0709893538201,27.887924438572167
367,4,0.062029382570353855,52.52586206341997,0.42485049173422196,105.91205817017797,27.88980237415831
367,5,0.062029382570353855,52.52586206341997,0.30560176934717986,137.6179954161188,23.32179997362063
367,6,0.062029382570353855,52.52586206341997,0.5262835224364423,143.93850252314337,21.09275205379123
367,7,0.062029382570353855,52.52586206341997,0.5168914131370448,161.56671938013818,15.350382034796048
367,8,0.062029382570353855,52.52586206341997,0.5687376713326376,292.4990544573642,10.874336111320963
367,9,0.062029382570353855,52.52586206341997,0.6144589905970645,300.42135414612505,13.032653018009128
367,10,0.062029382570353855,52.52586206341997,0.4176090563719385,519.1931344484804,11.936429016848631
367,11,0.062029382570353855,52.52586206341997,0.5549061030477455,309.89103139294554,17.164500207214903
368,0,0.0523943927225222,51.68188213224096,0.3335590548970506,269.32163510428296,20.83993130272922
368,1,0.0523943927225222,51.68188213224096,0.40967974858507633,350.43214379673543,25.50721264935705
368,2,0.0523943927225222,51.68188213224096,0.3615907121660178,380.95590367185764,27.577050776399783
368,3,0.0523943927225222,51.68188213224096,0.49700030103538556,319.1306178952182,30.316632759967888
368,4,0.0523943927225222,51.68188213224096,0.48052079015246585,133.19131824192894,26.964819107181892
368,5,0.0523943927225222,51.68188213224096,0.39232554852914403,129.6764131003885,23.975299078143188
368,6,0.0523943927225222,51.68188213224096,0.5007465882952654,133.6978414554397,19.071907671459805
368,7,0.0523943927225222,51.68188213224096,0.4435415711079572,183.6145251895168,16.688136889942058
368,8,0.0523943927225222,51.68188213224096,0.4361649573937808,252.93748355224616,13.38570601396727
368,9,0.0523943927225222,51.68188213224096,0.4847287642836851,303.6314844180384,12.331455786062325
368,10,0.0523943927225222,51.68188213224096,0.4995719930660833,320.3362888105044,12.235742703558628
368,11,0.0523943927225222,51.68188213224096,0.5670994091078491,417.10181813593533,15.145290109358756
369,0,0.07239841625448494,52.255700617021375,0.4361853319365897,373.7271658814678,21.917707666578266
369,1,0.07239841625448494,52.255700617021375,0.5557510060352979,331.9216986740768,24.445958227329154
369,2,0.07239841625448494,52.255700617021375,0.3513571728799499,360.03569508700207,25.84569287562484
369,3,0.07239841625448494,52.255700617021375,0.3221933430244842,271.7953380578982,27.913698299200938
369,4,0.07239841625448494,52.255700617021375,0.5178589442962347,169.54354177028807,27.12424886938083
369,5,0.07239841625448494,52.255700617021375,0.26166250838868155,139.1032862365775,23.2685496185708
369,6,0.07239841625448494,52.255700617021375,0.7095935382057341,132.9565881577988,20.897143569328104
369,7,0.07239841625448494,52.255700617021375,0.4736700907570966,175.63536337266143,15.282483275977086
369,8,0.07239841625448494,52.255700617021375,0.41702246517214164,246.56163797200526,13.355200190398392
369,9,0.07239841625448494,52.255700617021375,0.4798532018750029,386.6204185278987,12.159565793295933
369,10,0.07239841625448494,52.255700617021375,0.642960906994913,392.0700777169159,12.646733933570523
369,11,0.07239841625448494,52.255700617021375,0.43622816196938985,341.8453588639494,15.973491843414951
370,0,0.06888304473650335,52.53479542698484,0.5609508506938341,390.2971647891801,20.452697332588663
370,1,0.06888304473650335,52.53479542698484,0.7846589354065765,342.9946191885268,27.030210525494844
370,2,0.06888304473650335,52.53479542698484,0.4627571660954102,487.50974145115117,26.358073386606378
370,3,0.06888304473650335,52.53479542698484,0.39269867664515257,271.6797300809653,26.94904486154482
370,4,0.06888304473650335,52.53479542698484,0.5014493918877567,160.9683149833477,26.012621490042072
370,5,0.06888304473650335,52.53479542698484,0.583175723744561,128.57957192853715,25.032872175103538
370,6,0.06888304473650335,52.53479542698484,0.5252673448476518,116.05605047512474,20.1511068707533
370,7,0.06888304473650335,52.53479542698484,0.5720868770853549,169.99276926081637,14.408715271824997
370,8,0.06888304473650335,52.53479542698484,0.3671680903700818,340.85766181518704,13.205247082570821
370,9,0.06888304473650335,52.53479542698484,0.6473555656501507,320.78626513776595,9.969677468654375
370,10,0.06888304473650335,52.53479542698484,0.37215031484056105,461.9965134895126,13.740993442404392
370,11,0.06888304473650335,52.53479542698484,0.30126875175750656,287.5020337094993,14.588073386579111
371,0,0.07718851739384672,52.361808655366524,0.44545410638319416,295.03577079388697,21.041015163053423
371,1,0.07718851739384672,52.361808655366524,0.6882667328457766,415.862604948949,22.40293761442876
371,2,0.07718851739384672,52.361808655366524,0.3878797032849698,504.2321052383252,28.55469773138269
371,3,0.07718851739384672,52.361808655366524,0.5267111482504887,229.07300750806886,27.227572504835194
371,4,0.07718851739384672,52.361808655366524,0.5095398503398645,157.85117862102578,27.664941249419094
371,5,0.07718851739384672,52.361808655366524,0.297316769382492,99.42728420342851,23.92485893391784
371,6,0.07718851739384672,52.361808655366524,0.43042731440723564,129.1617700283818,21.44991201241149
371,7,0.07718851739384672,52.361808655366524,0.46339710562017233,159.04896606693595,16.0009134229973
371,8,0.07718851739384672,52.361808655366524,0.5167949274232,242.60176769009726,14.255145739154766
371,9,0.07718851739384672,52.361808655366524,0.5153090389357918,530.9804319722971,14.166714943811694
371,10,0.07718851739384672,52.361808655366524,0.5688174773328766,327.7286997952101,12.207701244961678
371,11,0.07718851739384672,52.361808655366524,0.4633062627150329,341.17275709466094,16.40785591562439
372,0,0.12280205633170808,51.84404262986449,0.7163111820760546,382.42167800325393,20.454391488713636
372,1,0.12280205633170808,51.84404262986449,0.6649148313039356,356.83247958913904,23.45780568867112
372,2,0.12280205633170808,51.84404262986449,0.5855395935175465,370.05876585006644,28.581506395474047
372,3,0.12280205633170808,51.84404262986449,0.508782246560585,241.89567079679074,27.10880436041766
372,4,0.12280205633170808,51.84404262986449,0.48485018872461166,177.89477164793894,27.628800592110828
372,5,0.12280205633170808,51.84404262986449,0.47877674667024145,128.04186192269475,25.19115202153012
372,6,0.12280205633170808,51.84404262986449,0.45669550676685683,174.7399859681109,19.936757804697542
372,7,0.12280205633170808,51.84404262986449,0.46264796833185656,188.65376463579753,14.718209294878495
372,8,0.12280205633170808,51.84404262986449,0.6120011947888978,303.60768550119394,11.433921116366163
372,9,0.12280205633170808,51.84404262986449,0.3243888096647494,221.61798508497426,13.18875285002335
372,10,0.12280205633170808,51.84404262986449,0.5152342930988927,393.739032053576,12.957837946071123
372,11,0.12280205633170808,51.84404262986449,0.3664491977663158,331.36493471993003,17.312957888933642
373,0,0.08855597872136062,51.983701393175295,0.6053554568453565,341.87032370134756,18.93934517158774
373,1,0.08855597872136062,51.983701393175295,0.6339854775530903,413.45945267644953,23.33587113329398
373,2,0.08855597872136062,51.983701393175295,0.39130832390899556,372.2782873568712,27.82770131408158
373,3,0.08855597872136062,51.983701393175295,0.40864308866611154,279.34369623139406,27.177165638200247
373,4,0.08855597872136062,51.983701393175295,0.4385916601394569,127.21797935034594,28.417027029075072
373,5,0.08855597872136062,51.983701393175295,0.6665948636790289,109.00853960414432,23.097766093073886
373,6,0.08855597872136062,51.983701393175295,0.41507553752184273,166.0838404789504,21.896832439011845
373,7,0.08855597872136062,51.983701393175295,0.5088056644722219,183.51372971577527,13.687246277857694
373,8,0.08855597872136062,51.983701393175295,0.38756315286634174,298.95112953692364,14.832238636507052
373,9,0.08855597872136062,51.983701393175295,0.4681018381234422,334.01754028944555,12.93182864531903
373,10,0.08855597872136062,51.983701393175295,0.45903965403765123,402.5361673546131,12.210551602852805
373,11,0.08855597872136062,51.983701393175295,0.6348322456034854,421.3578498183534,15.727978596601487
374,0,0.10978984319694311,51.25884183929356,0.45604144127162594,422.231842885274,20.91913823959891
374,1,0.10978984319694311,51.25884183929356,0.4330919845658946,344.99133131314574,23.023496077570265
374,2,0.10978984319694311,51.25884183929356,0.4890786199260194,286.72986724839274,28.049671889951718
374,3,0.10978984319694311,51.25884183929356,0.480562480774436,280.52941518744746,29.277901124685556
374,4,0.10978984319694311,51.25884183929356,0.5983102471774006,128.16445223528626,27.246332057747033
374,5,0.10978984319694311,51.25884183929356,0.5543604453607818,117.50258566062304,21.91707090803828
374,6,0.10978984319694311,51.25884183929356,0.3538907985493225,125.53390638425465,20.169596892527952
374,7,0.10978984319694311,51.25884183929356,0.4422751337559977,173.82381605126704,15.83248026069274
374,8,0.10978984319694311,51.25884183929356,0.3599909939650846,311.2567066770277,12.217056721311653
374,9,0.10978984319694311,51.25884183929356,0.5236488933958559,340.3146605203789,12.469582021867748
374,10,0.10978984319694311,51.25884183929356,0.5047646788839691,359.34916727702654,13.462064200285003
374,11,0.10978984319694311,51.25884183929356,0.39402596823519465,463.48434073999755,16.58951701985525
375,0,0.09261021992292827,51.92916285385263,0.34140601533155523,260.5033157766131,20.50610163893959
375,1,0.09261021992292827,51.92916285385263,0.5653547191451858,342.7289264412704,25.718189418715827
375,2,0.09261021992292827,51.92916285385263,0.4419831028826198,334.4981144595082,27.58532570526648
375,3,0.09261021992292827,51.92916285385263,0.475614151286844,230.78145515205696,27.996776949946405
375,4,0.09261021992292827,51.92916285385263,0.5814814634046311,140.38686958784845,27.180194527105375
375,5,0.09261021992292827,51.92916285385263,0.6723243356207724,103.48443214816065,24.161738741911517
375,6,0.09261021992292827,51.92916285385263,0.48275325347458353,128.4970490754068,19.584438737453663
375,7,0.09261021992292827,51.92916285385263,0.5077307249785111,188.273902247488,16.616450152189312
375,8,0.09261021992292827,51.92916285385263,0.44517371834317554,285.5419313668243,13.515640053738244
375,9,0.09261021992292827,51.92916285385263,0.4472673578440383,320.328175484615,10.621158521838275
375,10,0.09261021992292827,51.92916285385263,0.4584328858662167,369.14556099621325,12.205367688931608
375,11,0.09261021992292827,51.92916285385263,0.5311146656473075,287.8086509233549,15.775942193026122
376,0,0.10619431168798078,51.95459262260227,0.4498851886216891,404.5321935235716,20.156840358484494
376,1,0.10619431168798078,51.95459262260227,0.4352242803274166,413.83849975122905,24.109455365559022
376,2,0.10619431168798078,51.95459262260227,0.6411148288942983,291.49930890644936,26.88810769932778
376,3,0.10619431168798078,51.95459262260227,0.5181686268757384,275.99188947190976,28.517754540172255
376,4,0.10619431168798078,51.95459262260227,0.6701156816809903,194.1539263265105,27.193790409016724
376,5,0.10619431168798078,51.95459262260227,0.789299617712242,135.38616232450136,24.761687963251045
376,6,0.10619431168798078,51.95459262260227,0.5491304863434279,133.2962066944705,20.745196754991575
376,7,0.10619431168798078,51.95459262260227,0.5864485312728795,147.8419750047102,14.081800001686728
376,8,0.10619431168798078,51.95459262260227,0.4863412076579926,230.39370901475607,13.94565526629475
376,9,0.10619431168798078,51.95459262260227,0.4340679589250699,384.686933356061,11.76274566399201
376,10,0.10619431168798078,51.95459262260227,0.37253613202982905,423.8211369904612,13.890235753082415
376,11,0.10619431168798078,51.95459262260227,0.49157857066570976,321.15939489794204,16.030634760730567
377,0,0.1321308903223606,52.34556101114963,0.5594746600001614,399.39950154432654,19.95606378180387
377,1,0.1321308903223606,52.34556101114963,0.471956502386114,338.30773512100205,25.455414489895965
377,2,0.1321308903223606,52.34556101114963,0.47920795871673344,403.1207644302852,28.179793558782425
377,3,0.1321308903223606,52.34556101114963,0.3989590706801492,166.59059712369591,27.126420793648553
377,4,0.1321308903223606,52.34556101114963,0.570350087841784,128.6574209673446,28.325843780499
377,5,0.1321308903223606,52.34556101114963,0.2615800417455436,122.0220789841222,24.64707792496169
377,6,0.1321308903223606,52.34556101114963,0.45824451509177216,135.8342358311372,19.099519235312986
377,7,0.1321308903223606,52.34556101114963,0.3161693304263927,163.2474514904164,13.466266411687267
377,8,0.1321308903223606,52.34556101114963,0.6336211719261464,254.20541576881473,14.178578772432939
377,9,0.1321308903223606,52.34556101114963,0.4972080156005862,315.1774225501296,12.66851888351892
377,10,0.1321308903223606,52.34556101114963,0.19263483122822023,369.7617722577195,12.143458195500822
377,11,0.1321308903223606,52.34556101114963,0.5600256228098023,457.48751695016665,16.44350742744218
378,0,0.07071371676570488,51.91450761564182,0.5717762362505114,371.11543636243704,19.592890156804415
378,1,0.07071371676570488,51.91450761564182,0.476422499054802,372.09352954926743,23.041171396021763
378,2,0.07071371676570488,51.91450761564182,0.5455151022272704,389.3831824495255,25.973614662459433
378,3,0.07071371676570488,51.91450761564182,0.585914861879332,272.0685422239684,28.89094866069492
378,4,0.07071371676570488,51.91450761564182,0.5776000146997374,119.30936908012487,27.362340200105823
378,5,0.07071371676570488,51.91450761564182,0.4725821430192124,114.69686390062616,24.236554396226133
378,6,0.07071371676570488,51.91450761564182,0.38827715611439656,140.2894969744991,19.264601770129826
378,7,0.07071371676570488,51.91450761564182,0.5454218649566663,183.00833580570708,15.34791936332302
378,8,0.07071371676570488,51.91450761564182,0.48918903506040906,256.13778354876644,11.842114345391415
378,9,0.07071371676570488,51.91450761564182,0.7168367377120501,357.1648830142402,11.440121529921285
378,10,0.07071371676570488,51.91450761564182,0.4487077297244657,513.0042354322704,13.271731133630908
378,11,0.07071371676570488,51.91450761564182,0.492644744871677,259.9893922617545,16.24108123039447
379,0,0.05075649656386536,51.79576593466018,0.4289205848084659,330.83998960614696,19.280300627692093
379,1,0.05075649656386536,51.79576593466018,0.5749121942571687,323.0880180873129,23.172155673008323
379,2,0.05075649656386536,51.79576593466018,0.6467117022758403,367.5673355711774,28.870211231855606
379,3,0.05075649656386536,51.79576593466018,0.5665741830445652,236.99413056078544,25.930653576383577
379,4,0.05075649656386536,51.79576593466018,0.528618493327366,112.17476785303246,27.537082447291755
379,5,0.05075649656386536,51.79576593466018,0.27435201881191384,117.54177979709569,24.900061799033004
379,6,0.05075649656386536,51.79576593466018,0.4718268316950555,125.03795460470793,17.594042468940955
379,7,0.05075649656386536,51.79576593466018,0.4490563573534746,156.88790643051814,15.585277571187802
379,8,0.05075649656386536,51.79576593466018,0.5130567902639753,225.32830125928925,13.864667567882023
379,9,0.05075649656386536,51.79576593466018,0.4352521669897297,328.5624505385173,11.236621886733243
379,10,0.05075649656386536,51.79576593466018,0.5045364569541001,494.5121628017534,13.659168962766625
379,11,0.05075649656386536,51.79576593466018,0.5358889019677385,332.5849620381909,14.47960974052745
380,0,0.24768824143326926,52.6367050226472,0.5396092028724947,319.75270402127546,21.037543784071342
380,1,0.24768824143326926,52.6367050226472,0.5003267491261105,447.52278622030235,23.832356056523682
380,2,0.24768824143326926,52.6367050226472,0.5125612306627417,395.904545169627,27.063424635974105
380,3,0.24768824143326926,52.6367050226472,0.5832754348793621,267.09075517575315,27.292582850512307
380,4,0.24768824143326926,52.6367050226472,0.35450018984473997,117.1590896088692,25.708599581820746
380,5,0.24768824143326926,52.6367050226472,0.39452836023900567,104.71548617487053,24.079251593297307
380,6,0.24768824143326926,52.6367050226472,0.5244222110445227,155.84112147712528,20.758794688162656
380,7,0.24768824143326926,52.6367050226472,0.46597551151213906,181.0948949039663,15.431192488543426
380,8,0.24768824143326926,52.6367050226472,0.48700100120962975,241.90392603432517,12.472941604872725
380,9,0.24768824143326926,52.6367050226472,0.5327130867064694,304.5537865875227,11.867705351652925
380,10,0.24768824143326926,52.6367050226472,0.6836510022060438,379.99281337790364,12.92877945618595
380,11,0.24768824143326926,52.6367050226472,0.49934669442009794,460.25652626692846,16.250152751396325
381,0,0.13313156677509935,52.394799252924514,0.48407012357609985,371.35800740694174,20.546167198191277
381,1,0.13313156677509935,52.394799252924514,0.44910415626174516,428.5382991550313,22.989034857954813
381,2,0.13313156677509935,52.394799252924514,0.5320499990786902,268.22436662249515,27.28985436353448
381,3,0.13313156677509935,52.394799252924514,0.627125390725177,266.4885548493861,27.278311811975644
381,4,0.13313156677509935,52.394799252924514,0.5135335040981202,109.90773527167248,26.624718928608296
381,5,0.13313156677509935,52.394799252924514,0.5867761711242999,153.42164923103735,25.7502787707765
381,6,0.13313156677509935,52.394799252924514,0.6967091375957744,178.12552289537444,20.18778262762803
381,7,0.13313156677509935,52.394799252924514,0.4364398745154695,197.5844793762727,14.232312540592552
381,8,0.13313156677509935,52.394799252924514,0.41545385211325936,256.6417912665282,12.394583541831082
381,9,0.13313156677509935,52.394799252924514,0.4810846692232744,322.98676525272464,13.18720113581324
381,10,0.13313156677509935,52.394799252924514,0.6272381467774177,395.8032491701531,13.53571632793979
381,11,0.13313156677509935,52.394799252924514,0.4200068902617208,357.47584045754076,15.61791055359058
382,0,0.10773492902077608,51.77703515826117,0.4714554151763682,385.8467093736943,19.274239928181967
382,1,0.10773492902077608,51.77703515826117,0.47948576558315575,360.0859450513116,24.437783179583175
382,2,0.10773492902077608,51.77703515826117,0.4406200998609152,364.6110244760154,26.129679050325965
382,3,0.10773492902077608,51.77703515826117,0.5713290121882586,200.4452809800604,27.68774442679206
382,4,0.10773492902077608,51.77703515826117,0.4194587265885925,112.28514349721773,26.947343414751533
382,5,0.10773492902077608,51.77703515826117,0.3907955287410938,103.99867808656775,25.39016394033778
382,6,0.10773492902077608,51.77703515826117,0.38797043723670793,161.99086201436722,20.65244542329104
382,7,0.10773492902077608,51.77703515826117,0.5031227500545611,127.01511171916633,14.929743313287126
382,8,0.10773492902077608,51.77703515826117,0.4171321704844267,295.30608584831003,11.967711999951138
382,9,0.10773492902077608,51.77703515826117,0.7318330910291894,302.2551785978756,11.061457620254298
382,10,0.10773492902077608,51.77703515826117,0.5958088139268553,446.374024430851,13.390862126383675
382,11,0.10773492902077608,51.77703515826117,0.4815111877967964,404.7587980830965,17.987886108870768
383,0,0.09518653540634736,51.16395168557834,0.4929566630790641,264.0252370879521,21.103364873997368
383,1,0.09518653540634736,51.16395168557834,0.3545720838019544,352.37557224262156,24.32242366142236
383,2,0.09518653540634736,51.16395168557834,0.5067454357099671,494.35766710671584,26.359938843880947
383,3,0.09518653540634736,51.16395168557834,0.5085475473510658,220.00633837473134,29.216283347747645
383,4,0.09518653540634736,51.16395168557834,0.3734548243806956,167.72375904166134,26.361077112145765
383,5,0.09518653540634736,51.16395168557834,0.5426383530075172,121.2810660920553,24.99048619214776
383,6,0.09518653540634736,51.16395168557834,0.3773156572695231,130.1526607464003,18.942564177899698
383,7,0.09518653540634736,51.16395168557834,0.5679941554040329,155.44793421950445,17.483811126814707
383,8,0.09518653540634736,51.16395168557834,0.38506275986343774,252.12075912564993,13.79570128802033
383,9,0.09518653540634736,51.16395168557834,0.6000242414519605,409.88908584774356,14.529174471861413
383,10,0.09518653540634736,51.16395168557834,0.6117730544055004,385.3265666565702,12.455736495037465
383,11,0.09518653540634736,51.16395168557834,0.44099431975648684,278.0317898255633,16.141161814136936
384,0,0.08287558856943711,51.30797310222869,0.5189487245979643,265.88453750537474,17.64099975610915
384,1,0.08287558856943711,51.30797310222869,0.48069657678952477,346.1379525749338,24.652529208370044
384,2,0.08287558856943711,51.30797310222869,0.38565809268527595,324.14313217550915,26.615905319133454
384,3,0.08287558856943711,51.30797310222869,0.5820198959382534,276.7201003842268,28.661353071659633
384,4,0.08287558856943711,51.30797310222869,0.3286058521510705,149.51272541938746,27.74567105854854
384,5,0.08287558856943711,51.30797310222869,0.6886658038247294,122.02969550313806,23.20582925598103
384,6,0.08287558856943711,51.30797310222869,0.5067521188355527,147.0290130495298,21.330309193489132
384,7,0.08287558856943711,51.30797310222869,0.5809957276055482,147.09403128515132,15.856393358161567
384,8,0.08287558856943711,51.30797310222869,0.4741022416444463,318.27640437955125,13.998566870498687
384,9,0.08287558856943711,51.30797310222869,0.5110243314929489,363.41755160715763,14.343630352027123
384,10,0.08287558856943711,51.30797310222869,0.5316880021815787,348.0461023736616,12.37999229000427
384,11,0.08287558856943711,51.30797310222869,0.5171653173716492,283.8940790948494,15.85748630562636
385,0,0.06791494796581125,51.939046584531766,0.3855715153783694,362.28160532068205,20.700310946554776
385,1,0.06791494796581125,51.939046584531766,0.4220658522152865,404.5669656647018,23.38476345977533
385,2,0.06791494796581125,51.939046584531766,0.4322686962288797,365.048061709113,25.80638726635967
385,3,0.06791494796581125,51.939046584531766,0.5338873770714732,211.87264140849427,27.733540610712982
385,4,0.06791494796581125,51.939046584531766,0.6204032348004486,130.7608157671049,26.167749365975745
385,5,0.06791494796581125,51.939046584531766,0.585267796618442,130.08469472822756,23.450971158324165
385,6,0.06791494796581125,51.939046584531766,0.5404417224277978,176.42025466795772,20.46719874054644
385,7,0.06791494796581125,51.939046584531766,0.5190900037306941,193.5755564105063,15.727215662642417
385,8,0.06791494796581125,51.939046584531766,0.47778317162550843,274.53968120338305,13.650322132465323
385,9,0.06791494796581125,51.939046584531766,0.4126539994673494,291.64596684137575,12.126561027248279
385,10,0.06791494796581125,51.939046584531766,0.49043964931996825,349.1017613169965,13.360599788677675
385,11,0.06791494796581125,51.939046584531766,0.6068831666096284,415.4249326628728,17.97531319330186
386,0,0.1677987361379024,51.99048083033076,0.5939045184515855,395.2505849597407,20.760573710674176
386,1,0.1677987361379024,51.99048083033076,0.5356719396678654,361.5265391650995,23.472434656870668
386,2,0.1677987361379024,51.99048083033076,0.6595302896565363,355.89876874176883,27.614373535135872
386,3,0.1677987361379024,51.99048083033076,0.5058934157673644,196.4403401217669,27.881607879370378
386,4,0.1677987361379024,51.99048083033076,0.45679497242111516,102.8705673210475,26.643746314514477
386,5,0.1677987361379024,51.99048083033076,0.5177424530244873,125.96783141892732,23.36174213011563
386,6,0.1677987361379024,51.99048083033076,0.5651527975544746,121.66420716729243,20.28365717565236
386,7,0.1677987361379024,51.99048083033076,0.5253339434672665,148.3280672673695,17.072172959784147
386,8,0.1677987361379024,51.99048083033076,0.6633731810431769,323.75777937683876,14.535310044594747
386,9,0.1677987361379024,51.99048083033076,0.5401575285434258,270.5050083346256,12.692596104208905
386,10,0.1677987361379024,51.99048083033076,0.5690588591461724,409.74250094214193,13.524608012566933
386,11,0.1677987361379024,51.99048083033076,0.3786686388214776,325.6336684409823,15.853741290278585
387,0,0.19368726884530732,51.94588828952897,0.4202123791384239,337.81081609316203,20.073829800700313
387,1,0.19368726884530732,51.94588828952897,0.6458421619306275,374.5274764704681,23.747861356942426
387,2,0.19368726884530732,51.94588828952897,0.39578289363802927,258.3546388039568,29.58239577715173
387,3,0.19368726884530732,51.94588828952897,0.46378139593247714,317.45892644774625,28.675015449528146
387,4,0.19368726884530732,51.94588828952897,0.4627034049940254,143.1075198961266,27.28513197832288
387,5,0.19368726884530732,51.94588828952897,0.2736806158019265,87.31697291345633,23.255329156788733
387,6,0.19368726884530732,51.94588828952897,0.5499893806789452,153.67637163908293,20.516552010137847
387,7,0.19368726884530732,51.94588828952897,0.5339598577330912,178.18215172879613,17.449763001611075
387,8,0.19368726884530732,51.94588828952897,0.3951610831409195,239.2710855721752,13.608307413729712
387,9,0.19368726884530732,51.94588828952897,0.5436231442489555,245.7593116873809,12.405376312765199
387,10,0.19368726884530732,51.94588828952897,0.7062396617909228,480.04959256512706,10.800332862317578
387,11,0.19368726884530732,51.94588828952897,0.44941823652899915,351.83532919028994,16.312789460352196
388,0,0.04852483232978753,52.33693864222927,0.5571990168821148,361.7153187921205,18.614193561897803
388,1,0.04852483232978753,52.33693864222927,0.47832590843520656,372.94093000554807,24.189342226367344
388,2,0.04852483232978753,52.33693864222927,0.6140016301889752,397.16986153943213,27.387370870406414
388,3,0.04852483232978753,52.33693864222927,0.3079984846237138,251.0696561455311,26.948108503356263
388,4,0.04852483232978753,52.33693864222927,0.4242036941797284,147.7147314694504,26.89338350496574
388,5,0.04852483232978753,52.33693864222927,0.38312403897135655,109.83402744094225,25.284933023233005
388,6,0.04852483232978753,52.33693864222927,0.4206537923445416,124.65042376611262,20.259485231308634
388,7,0.04852483232978753,52.33693864222927,0.6395444949409704,165.51635839487554,16.95538947574241
388,8,0.04852483232978753,52.33693864222927,0.6343281415332676,331.32048464229166,13.007105039855805
388,9,0.04852483232978753,52.33693864222927,0.49277853712300507,408.69046301620216,11.056008626328676
388,10,0.04852483232978753,52.33693864222927,0.5693180326568851,437.07523981990295,14.007993854559679
388,11,0.04852483232978753,52.33693864222927,0.41137709827996666,311.19701855186446,17.122489516981556
389,0,0.07895684650007899,52.70962868217548,0.41782237015384593,441.9830522060178,20.973744355586625
389,1,0.07895684650007899,52.70962868217548,0.626469254755983,280.34863190944077,23.121986035607645
389,2,0.07895684650007899,52.70962868217548,0.5926061621804886,316.05655638603906,26.277177717563543
389,3,0.07895684650007899,52.70962868217548,0.542095129031795,214.45736669899884,26.139099434346903
389,4,0.07895684650007899,52.70962868217548,0.45464125420465634,167.0382137431612,27.09715648234609
389,5,0.07895684650007899,52.70962868217548,0.3969672982413975,120.98083347621093,25.13282888584265
389,6,0.07895684650007899,52.70962868217548,0.42030233455375077,122.6578615706597,19.8988522722889
389,7,0.07895684650007899,52.70962868217548,0.5585275554955529,150.64219668119412,17.938315595796297
389,8,0.07895684650007899,52.70962868217548,0.5175490511335297,198.71680846509327,12.126305583079713
389,9,0.07895684650007899,52.70962868217548,0.5294123459519844,310.88500706814773,13.17598798293049
389,10,0.07895684650007899,52.70962868217548,0.3873812408323327,371.1997699632191,12.652874265524627
389,11,0.07895684650007899,52.70962868217548,0.6001528483933516,329.8603330617661,13.953011151320265
390,0,0.13426488214490864,52.30724669758016,0.26768885976748424,327.4051377823298,20.09735822652965
390,1,0.13426488214490864,52.30724669758016,0.6052881102922235,475.3112453328897,24.91470558126611
390,2,0.13426488214490864,52.30724669758016,0.5909065823981925,258.2198281916254,26.411365801974974
390,3,0.13426488214490864,52.30724669758016,0.6169366184136994,219.8221653791103,27.972445254866333
390,4,0.13426488214490864,52.30724669758016,0.3045529272241219,138.59819657709667,26.437110283106254
390,5,0.13426488214490864,52.30724669758016,0.5045324869634681,143.4665831761129,23.7368650823324
390,6,0.13426488214490864,52.30724669758016,0.4850886959915582,142.46864430665815,19.510804499500125
390,7,0.13426488214490864,52.30724669758016,0.5536342304114563,206.9817555754728,16.982437964381997
390,8,0.13426488214490864,52.30724669758016,0.601447311619728,332.82167208336716,11.34257257498669
390,9,0.13426488214490864,52.30724669758016,0.5238229116028675,408.47891636311573,12.380314448872172
390,10,0.13426488214490864,52.30724669758016,0.5531601598891097,446.7504821605967,13.305329366053442
390,11,0.13426488214490864,52.30724669758016,0.3302794850968067,444.44055375495753,16.587641776017122
391,0,0.08520907976618743,52.110193234286015,0.44480942776392274,436.56603434415877,18.02546515548098
391,1,0.08520907976618743,52.110193234286015,0.46870681959774263,436.1525648541151,23.63512676161626
391,2,0.08520907976618743,52.110193234286015,0.46983428765193574,358.64150620698183,24.68439812023489
391,3,0.08520907976618743,52.110193234286015,0.6929938175211547,288.99582927244313,28.63666054069374
391,4,0.08520907976618743,52.110193234286015,0.4878452218797216,162.17246405314697,26.435735277016875
391,5,0.08520907976618743,52.110193234286015,0.4837011310717647,104.51779436395734,24.41332077117278
391,6,0.08520907976618743,52.110193234286015,0.4246172185518313,122.8355554294434,19.832816872056853
391,7,0.08520907976618743,52.110193234286015,0.32800376698217093,157.6637290428049,14.650086228614013
391,8,0.08520907976618743,52.110193234286015,0.5273987172154706,232.9745492024189,11.97259963168676
391,9,0.08520907976618743,52.110193234286015,0.4797267824945648,405.315893253147,12.259911928891194
391,10,0.08520907976618743,52.110193234286015,0.4416732687013549,320.6743884925456,13.95680702880337
391,11,0.08520907976618743,52.110193234286015,0.5339602470513483,493.7826878045967,14.890234541605146
392,0,0.047727051096796605,52.099008334703406,0.4977502682332947,332.34548103261227,19.761315976454412
392,1,0.047727051096796605,52.099008334703406,0.4533622272653343,423.8159792393946,23.563620590974672
392,2,0.047727051096796605,52.099008334703406,0.35332328131277857,294.3291205807037,27.848610063803907
392,3,0.047727051096796605,52.099008334703406,0.40729576371558174,300.42679712305943,27.772973719348123
392,4,0.047727051096796605,52.099008334703406,0.5487604995157818,134.3398572693589,27.515006868764033
392,5,0.047727051096796605,52.099008334703406,0.5335187502772447,160.5168160634051,22.532225253748898
392,6,0.047727051096796605,52.099008334703406,0.5720343944928227,171.80197651696787,21.230374860063066
392,7,0.047727051096796605,52.099008334703406,0.39998294303873705,169.0767808544116,15.929147733285427
392,8,0.047727051096796605,52.099008334703406,0.5252389111448397,235.24191640080292,14.976921516230089
392,9,0.047727051096796605,52.099008334703406,0.6791317573842366,351.8309400535876,11.63220270104483
392,10,0.047727051096796605,52.099008334703406,0.5198819993723678,530.8966288947403,12.01135487625642
392,11,0.047727051096796605,52.099008334703406,0.7368080881759066,354.7404834803535,15.615092694166187
393,0,0.09338312971415903,51.428913961000916,0.6327756337393367,351.3230009566264,21.018852508017254
393,1,0.09338312971415903,51.428913961000916,0.4381532229998799,414.07840133772066,23.016898947010755
393,2,0.09338312971415903,51.428913961000916,0.3793387398741269,334.0825230512752,24.888685026047803
393,3,0.09338312971415903,51.428913961000916,0.4473824589371569,225.50869641758905,26.794334773085634
393,4,0.09338312971415903,51.428913961000916,0.2556526990378386,154.58059591422938,27.09358152084996
393,5,0.09338312971415903,51.428913961000916,0.3768101845648609,121.44703983363478,23.729761264892627
393,6,0.09338312971415903,51.428913961000916,0.4883126573692328,144.3898690609404,17.9100193706342
393,7,0.09338312971415903,51.428913961000916,0.38281425075012665,179.79212798510872,13.818077348156349
393,8,0.09338312971415903,51.428913961000916,0.45544269621038536,242.09511097916248,13.794124367413158
393,9,0.09338312971415903,51.428913961000916,0.6894765196274772,348.7953062809501,10.217297747573332
393,10,0.09338312971415903,51.428913961000916,0.3069076998375835,367.0044939271141,13.021991595004277
393,11,0.09338312971415903,51.428913961000916,0.32982097848628444,294.42184562012795,15.970955708518378
394,0,0.05420262371703942,52.38083080658707,0.5365935669381207,386.94911105185867,20.312736869024945
394,1,0.05420262371703942,52.38083080658707,0.8757627975576429,354.76704137124847,24.514040052422875
394,2,0.05420262371703942,52.38083080658707,0.5184313961171393,351.9059822862705,27.04938474263415
394,3,0.05420262371703942,52.38083080658707,0.686708735358358,180.172409282737,26.916865558862156
394,4,0.05420262371703942,52.38083080658707,0.4899894887810542,155.60737448350397,28.020122630990347
394,5,0.05420262371703942,52.38083080658707,0.6982691441223068,117.32775766767881,22.457027610460003
394,6,0.05420262371703942,52.38083080658707,0.6501491600364445,161.22463208767127,20.8434715942423
394,7,0.05420262371703942,52.38083080658707,0.5284226389334957,215.96960471512003,14.853216949085919
394,8,0.05420262371703942,52.38083080658707,0.4992039368811537,287.48723983779945,13.157572125939986
394,9,0.05420262371703942,52.38083080658707,0.48391869121924097,304.39132130080515,10.93196290739446
394,10,0.05420262371703942,52.38083080658707,0.39683784882852585,450.65182288475944,14.515442535807264
394,11,0.05420262371703942,52.38083080658707,0.4936886446867564,361.51211573579366,15.570916450911936
395,0,0.06287975170478932,51.91781938557383,0.43255095039543445,477.13657627503505,17.908751243371498
395,1,0.06287975170478932,51.91781938557383,0.43729881674054677,419.67422304561165,24.048464235160143
395,2,0.06287975170478932,51.91781938557383,0.35399363349552426,341.82087862913903,27.10509626082712
395,3,0.06287975170478932,51.91781938557383,0.42203286398351375,218.79099467880627,26.476131770805985
395,4,0.06287975170478932,51.91781938557383,0.6238720569025551,171.18614824972727,26.220467405024163
395,5,0.06287975170478932,51.91781938557383,0.5254351022820938,134.7214797504627,23.056173728035027
395,6,0.06287975170478932,51.91781938557383,0.314156043403754,170.2295400803196,20.573482869507895
395,7,0.06287975170478932,51.91781938557383,0.3678584926652363,150.1207716795661,16.862924093698602
395,8,0.06287975170478932,51.91781938557383,0.33304508059743243,297.1240465744693,14.836593428671735
395,9,0.06287975170478932,51.91781938557383,0.3371667931595697,307.0813624078541,11.845896455287479
395,10,0.06287975170478932,51.91781938557383,0.3631516055302151,419.7149570547397,14.265768716285997
395,11,0.06287975170478932,51.91781938557383,0.3947216852191441,421.6129904445643,17.941624591613845
396,0,0.0883768974056687,52.38604653974551,0.3965636082548588,326.4927580575187,19.4281718180086
396,1,0.0883768974056687,52.38604653974551,0.4430651198881405,473.61986379590405,23.634612925214302
396,2,0.0883768974056687,52.38604653974551,0.5115551786528949,418.4432905303041,27.74322852526698
396,3,0.0883768974056687,52.38604653974551,0.6385788285937898,260.78656927177207,26.60468978544208
396,4,0.0883768974056687,52.38604653974551,0.5263053596181745,163.63736197363986,27.4761563886242
396,5,0.0883768974056687,52.38604653974551,0.6841765140123518,129.8359428213065,25.894759872569857
396,6,0.0883768974056687,52.38604653974551,0.48553714549922367,164.73718836562065,20.219997831565074
396,7,0.0883768974056687,52.38604653974551,0.6604597868934632,183.64966648462863,14.766836653621144
396,8,0.0883768974056687,52.38604653974551,0.6578159678782738,317.853372858304,13.34384499939805
396,9,0.0883768974056687,52.38604653974551,0.45338135332885515,383.31187109637733,11.617599506768467
396,10,0.0883768974056687,52.38604653974551,0.4718044479122158,305.94702527703134,15.544072314758921
396,11,0.0883768974056687,52.38604653974551,0.46641917835831853,402.41444934521394,15.593701564839558
397,0,0.1602769630119041,51.53648663251219,0.42565794870830964,380.53504012189563,20.453792165216843
397,1,0.1602769630119041,51.53648663251219,0.4168597357328075,385.94253004726124,23.502022505112723
397,2,0.1602769630119041,51.53648663251219,0.538151063030026,351.9484047378186,26.715839036268324
397,3,0.1602769630119041,51.53648663251219,0.40252209325906424,314.9031010557701,27.59438462968108
397,4,0.1602769630119041,51.53648663251219,0.5768439107629255,148.44388187737982,28.109544466003925
397,5,0.1602769630119041,51.53648663251219,0.5321636591065018,112.3888882376173,24.01859306479053
397,6,0.1602769630119041,51.53648663251219,0.42812916135816476,146.79217568436204,19.117123301118855
397,7,0.1602769630119041,51.53648663251219,0.6955091541380556,197.54861968219177,16.986024256534233
397,8,0.1602769630119041,51.53648663251219,0.58376335865834,297.18521530504006,13.41023528695798
397,9,0.1602769630119041,51.53648663251219,0.5427126089148524,302.2761730674217,12.352919423344387
397,10,0.1602769630119041,51.53648663251219,0.40858164845040457,478.9472356431818,13.27989423380742
397,11,0.1602769630119041,51.53648663251219,0.5262892349831961,374.36536822745154,18.04371278694323
398,0,0.11393070568072558,51.88917518517376,0.344703053428423,335.309340237308,20.193832391500987
398,1,0.11393070568072558,51.88917518517376,0.5041374187692119,318.81590608209626,25.51029940923826
398,2,0.11393070568072558,51.88917518517376,0.49456708504203367,393.0378670452598,25.99527599880101
398,3,0.11393070568072558,51.88917518517376,0.615233316265422,255.74281384409406,28.574417055588135
398,4,0.11393070568072558,51.88917518517376,0.553769916367699,144.30059176698137,28.205933699266026
398,5,0.11393070568072558,51.88917518517376,0.3193827901799928,151.1640183745778,24.639095558960474
398,6,0.11393070568072558,51.88917518517376,0.5703331104543189,148.12527217097406,19.447156130320025
398,7,0.11393070568072558,51.88917518517376,0.3296017092670116,186.18700321824414,16.859970886973016
398,8,0.11393070568072558,51.88917518517376,0.6052382492818299,331.04402774235433,13.758978588468839
398,9,0.11393070568072558,51.88917518517376,0.6112885121146712,316.9739326737454,13.779698002587532
398,10,0.11393070568072558,51.88917518517376,0.4982946675208479,382.2054360992289,11.675780992030264
398,11,0.11393070568072558,51.88917518517376,0.5530149504244694,325.92911627507755,14.476986047806683
399,0,0.05767162793026124,51.348001068477004,0.5485435509272597,362.63207938907664,19.7728860603374
399,1,0.05767162793026124,51.348001068477004,0.6413922072583466,427.00982900059023,23.284061907783833
399,2,0.05767162793026124,51.348001068477004,0.454002425217332,297.768650640317,28.166641372146657
399,3,0.05767162793026124,51.348001068477004,0.4338162670545571,300.41396408561,27.3805983053181
399,4,0.05767162793026124,51.348001068477004,0.34655803777738636,130.27478163503073,25.93106361526374
399,5,0.05767162793026124,51.348001068477004,0.29884301081361075,88.18369450591923,24.2820328642763
399,6,0.05767162793026124,51.348001068477004,0.4553125316543384,121.74688321812383,18.82817342573839
399,7,0.05767162793026124,51.348001068477004,0.400199721416828,174.34740858734963,14.860699061563356
399,8,0.05767162793026124,51.348001068477004,0.5978662102836837,288.3572373567717,10.78225858431999
399,9,0.05767162793026124,51.348001068477004,0.5075600454991951,268.4023441884365,11.715290648452324
399,10,0.05767162793026124,51.348001068477004,0.5363944576251393,352.1802505866706,13.451938889203413
399,11,0.05767162793026124,51.348001068477004,0.5206213299665737,420.88160729454967,15.798872002817427
400,0,0.14516464994449632,51.87367472828581,0.5437566225440957,303.8963253416056,20.692677498333595
400,1,0.14516464994449632,51.87367472828581,0.3547494889875925,286.2088098398444,23.00781912684542
400,2,0.14516464994449632,51.87367472828581,0.49300085885993367,258.88467235031464,26.77335105884527
400,3,0.14516464994449632,51.87367472828581,0.4360775211322488,234.10893817830834,28.41259139317993
400,4,0.14516464994449632,51.87367472828581,0.6544585644825052,147.2047134134398,27.335416689650188
400,5,0.14516464994449632,51.87367472828581,0.39630175551429464,150.40643334617252,22.45680110698729
400,6,0.14516464994449632,51.87367472828581,0.47720147480779396,86.01878118456499,19.95109845016749
400,7,0.14516464994449632,51.87367472828581,0.5318370725491928,156.34551734399906,16.382509389255702
400,8,0.14516464994449632,51.87367472828581,0.45152969902163437,210.40137972989265,13.11761615625233
400,9,0.14516464994449632,51.87367472828581,0.470579575212053,269.01003062439014,12.587323929053325
400,10,0.14516464994449632,51.87367472828581,0.5335007737510311,302.3856217639842,12.877973159096404
400,11,0.14516464994449632,51.87367472828581,0.5634538365972462,409.7712551933353,15.885558083283469
401,0,0.14834037161345368,52.68991822007047,0.5784308084248639,341.49450448702424,19.78997020619371
401,1,0.14834037161345368,52.68991822007047,0.5648060534065675,449.3602723213585,24.697195347545335
401,2,0.14834037161345368,52.68991822007047,0.5192364601932774,357.07397204811497,27.797259738919777
401,3,0.14834037161345368,52.68991822007047,0.6772725108465919,271.939848155457,27.62253534003809
401,4,0.14834037161345368,52.68991822007047,0.3359327661398562,188.90932370989984,25.378916926101784
401,5,0.14834037161345368,52.68991822007047,0.6146665737441154,139.28971938308672,24.35736745657451
401,6,0.14834037161345368,52.68991822007047,0.47249107704360704,131.8455624959225,19.902098212963065
401,7,0.14834037161345368,52.68991822007047,0.6746164479007626,198.7035872123633,16.947313901279795
401,8,0.14834037161345368,52.68991822007047,0.5191609763105464,308.47727531793595,13.325309053855435
401,9,0.14834037161345368,52.68991822007047,0.3446222369984062,251.1245579622693,13.066974502888225
401,10,0.14834037161345368,52.68991822007047,0.4929901095825216,422.8101786675402,14.164184763433294
401,11,0.14834037161345368,52.68991822007047,0.40867164995219474,378.93677631238415,17.329140574162157
402,0,0.11701872034013963,51.704954873624345,0.6214885615804824,350.95366518211034,21.55363746852316
402,1,0.11701872034013963,51.704954873624345,0.5242197562652294,383.8586334135346,24.464449593163582
402,2,0.11701872034013963,51.704954873624345,0.5399220512671938,295.4958772000799,25.893099846816
402,3,0.11701872034013963,51.704954873624345,0.5959412615126661,280.697161979271,28.604917291999598
402,4,0.11701872034013963,51.704954873624345,0.573890392384369,122.6745734974167,26.789983450545087
402,5,0.11701872034013963,51.704954873624345,0.6438018754259287,135.76041788047192,24.52954128800858
402,6,0.11701872034013963,51.704954873624345,0.5497798471066327,162.76447983417515,18.054372346198335
402,7,0.11701872034013963,51.704954873624345,0.5401235268693186,155.52246025940113,15.585251982496516
402,8,0.11701872034013963,51.704954873624345,0.5573215636749861,290.237403458606,13.883155009223682
402,9,0.11701872034013963,51.704954873624345,0.5849513587749802,313.76720128719876,10.709311748713723
402,10,0.11701872034013963,51.704954873624345,0.5137801335268357,435.37587143441124,13.169968689704065
402,11,0.11701872034013963,51.704954873624345,0.19734128974399456,351.6336538848422,16.852612679790944
403,0,0.05198010990988831,51.82025768006318,0.5386607003299859,436.0807758592796,21.288161113812844
403,1,0.05198010990988831,51.82025768006318,0.7618503067563915,453.63494827059077,25.618298830834252
403,2,0.05198010990988831,51.82025768006318,0.4850808016416934,282.37323190079667,25.101742263256014
403,3,0.05198010990988831,51.82025768006318,0.5058673209388822,189.46937467250217,27.09824342901851
403,4,0.05198010990988831,51.82025768006318,0.46709286419683965,118.05222814701173,27.317938992612117
403,5,0.05198010990988831,51.82025768006318,0.5434656775978126,109.90645203945523,23.81215621448029
403,6,0.05198010990988831,51.82025768006318,0.4582312182362761,113.35915640096115,19.4964813813081
403,7,0.05198010990988831,51.82025768006318,0.6869780338782101,183.92542986527081,16.309438981631168
403,8,0.05198010990988831,51.82025768006318,0.5574193716409056,269.02869270412054,13.348841538915787
403,9,0.05198010990988831,51.82025768006318,0.5657906956497215,335.1017332422399,11.394813746791565
403,10,0.05198010990988831,51.82025768006318,0.6395189579038545,378.49494505501065,12.595130609219057
403,11,0.05198010990988831,51.82025768006318,0.5994141590851723,374.62561536351774,16.659527070028783
404,0,0.08511743142323963,51.80195643985182,0.421681782071866,370.63064682233227,18.909931677437115
404,1,0.08511743142323963,51.80195643985182,0.5393768401514335,410.9120522827946,22.4687849861055
404,2,0.08511743142323963,51.80195643985182,0.5156369359436416,326.68648074984,28.904310824404796
404,3,0.08511743142323963,51.80195643985182,0.5089778459912174,267.91234562444237,28.19023054121035
404,4,0.08511743142323963,51.80195643985182,0.3957740114087604,166.1645763397243,26.188489042378894
404,5,0.08511743142323963,51.80195643985182,0.5710827698911864,105.77804606481584,23.86939348435116
404,6,0.08511743142323963,51.80195643985182,0.36182189901191897,144.00369719155606,22.250513897656205
404,7,0.08511743142323963,51.80195643985182,0.8109900832866472,214.60033506008327,15.043452876485874
404,8,0.08511743142323963,51.80195643985182,0.5041202456597793,257.3083250770165,12.50739936668874
404,9,0.08511743142323963,51.80195643985182,0.4933128062595921,337.300527420811,12.784571464235821
404,10,0.08511743142323963,51.80195643985182,0.5077633502088356,387.9895608080416,11.944596059580121
404,11,0.08511743142323963,51.80195643985182,0.6551935522422593,361.0576313419013,15.705263409468646
405,0,0.16557956130915882,52.125100797363395,0.42260132579861787,256.61869773906807,21.178722223234278
405,1,0.16557956130915882,52.125100797363395,0.5069601577358515,393.835567818324,23.368297180601456
405,2,0.16557956130915882,52.125100797363395,0.4936082245815518,373.441332753415,28.672354259478947
405,3,0.16557956130915882,52.125100797363395,0.5121771934288201,240.26940774764253,26.314341239486964
405,4,0.16557956130915882,52.125100797363395,0.4900095470691911,123.8344590624257,25.041135467513506
405,5,0.16557956130915882,52.125100797363395,0.5863201188065063,110.57127742207138,24.724353715612605
405,6,0.16557956130915882,52.125100797363395,0.5673300377739972,101.54138166370913,18.829046556434502
405,7,0.16557956130915882,52.125100797363395,0.5713669706897605,218.6959728982626,15.850532748968329
405,8,0.16557956130915882,52.125100797363395,0.6124080093846607,267.5444776230385,14.087420123005503
405,9,0.16557956130915882,52.125100797363395,0.5002713736146633,298.25558360550076,11.984544150971136
405,10,0.16557956130915882,52.125100797363395,0.5773589662679744,410.39918482447223,13.841787115029092
405,11,0.16557956130915882,52.125100797363395,0.47181173161596557,488.64282560512146,16.308435815903113
406,0,0.12065517933077423,51.58882171326944,0.34011508543577507,320.04019167874895,20.071535797527872
406,1,0.12065517933077423,51.58882171326944,0.5030126517147464,376.5224418358144,24.041749989777422
406,2,0.12065517933077423,51.58882171326944,0.5383379916953082,388.27691141886055,26.764258969060133
406,3,0.12065517933077423,51.58882171326944,0.485982531292623,197.96601631878,28.536744480105092
406,4,0.12065517933077423,51.58882171326944,0.4425657825324053,100.21316550219059,25.60720418840582
406,5,0.12065517933077423,51.58882171326944,0.4552753254899511,84.42780340389783,23.904142130066507
406,6,0.12065517933077423,51.58882171326944,0.45024333046115966,133.9953490437648,19.169685933887166
406,7,0.12065517933077423,51.58882171326944,0.44632807556736387,173.5094533282176,15.544414938991833
406,8,0.12065517933077423,51.58882171326944,0.6029085037376488,291.9649656511971,13.648536147662398
406,9,0.12065517933077423,51.58882171326944,0.4724646807594329,286.3294985836281,13.020702287308403
406,10,0.12065517933077423,51.58882171326944,0.4748924879352727,407.5365277594597,14.604063884537686
406,11,0.12065517933077423,51.58882171326944,0.4950577379876138,438.1834812256037,15.534622736018672
407,0,0.14101824209912903,51.78943530030618,0.5231665018074131,391.4999045584484,18.78212091785629
407,1,0.14101824209912903,51.78943530030618,0.5707643884912165,408.6920175918809,25.053699110211856
407,2,0.14101824209912903,51.78943530030618,0.22736271749721854,367.6574224944549,27.208674645896075
407,3,0.14101824209912903,51.78943530030618,0.4819777871220572,206.26374524878293,27.151566972071482
407,4,0.14101824209912903,51.78943530030618,0.6413984174123558,152.9147613907531,28.164591066717424
407,5,0.14101824209912903,51.78943530030618,0.43172008734943035,107.5631496130814,24.063372537682547
407,6,0.14101824209912903,51.78943530030618,0.6510031417593497,141.12003521661197,19.00587364580949
407,7,0.14101824209912903,51.78943530030618,0.5552701139033208,213.33136756786902,16.897501617959716
407,8,0.14101824209912903,51.78943530030618,0.6083018168772361,228.65319585224202,15.233297471103477
407,9,0.14101824209912903,51.78943530030618,0.34434799083759443,324.2403203550086,11.922535676803056
407,10,0.14101824209912903,51.78943530030618,0.5247009107845503,500.09305220794397,12.050979843229568
407,11,0.14101824209912903,51.78943530030618,0.5039766395005526,347.5129903611784,14.922054046520943
408,0,0.21035307710503107,51.44977289458905,0.5348386812693194,388.8534182367007,19.269472200712475
408,1,0.21035307710503107,51.44977289458905,0.5838851830353733,392.3416077375536,24.379982060122575
408,2,0.21035307710503107,51.44977289458905,0.6109421555643778,353.81914711389425,27.856941353350596
408,3,0.21035307710503107,51.44977289458905,0.5915330563875538,189.37340820891094,28.328625076431123
408,4,0.21035307710503107,51.44977289458905,0.4634335917030398,160.96845504243063,24.43573255921639
408,5,0.21035307710503107,51.44977289458905,0.539102781581041,141.51781703029957,24.501340031923096
408,6,0.21035307710503107,51.44977289458905,0.635275489019975,162.5819444507421,19.368444590667497
408,7,0.21035307710503107,51.44977289458905,0.6079093616731297,127.07873945006395,16.11168997103412
408,8,0.21035307710503107,51.44977289458905,0.5254409481965269,308.4809978272653,15.185771189000068
408,9,0.21035307710503107,51.44977289458905,0.41046789245130794,453.78209413788056,9.5713889918266
408,10,0.21035307710503107,51.44977289458905,0.3221433976366775,378.71586476140493,10.69377814025096
408,11,0.21035307710503107,51.44977289458905,0.36512672255246914,438.7963622561864,16.069976731590003
409,0,0.09477216341797685,53.08196687584229,0.4089097947740621,347.68810100086483,20.99301511713867
409,1,0.09477216341797685,53.08196687584229,0.40364700302441536,360.79783075522585,23.9503818758976
409,2,0.09477216341797685,53.08196687584229,0.5521120584391139,313.0419786488628,27.49576023299259
409,3,0.09477216341797685,53.08196687584229,0.4589790847844383,257.88349643953075,27.176173820872435
409,4,0.09477216341797685,53.08196687584229,0.5232436365643699,147.7178642364659,27.400898167149133
409,5,0.09477216341797685,53.08196687584229,0.5277902457738782,113.07512312218653,25.030527676123857
409,6,0.09477216341797685,53.08196687584229,0.427698667769553,118.89411813616346,19.353673039212012
409,7,0.09477216341797685,53.08196687584229,0.5152464440352647,165.36833085923817,15.94297636671918
409,8,0.09477216341797685,53.08196687584229,0.4524267834582591,291.9942664309211,11.927782040890177
409,9,0.09477216341797685,53.08196687584229,0.6533461045774152,319.2463740029942,11.905886161391104
409,10,0.09477216341797685,53.08196687584229,0.4539857933919371,338.5966266219963,15.049708353482588
409,11,0.09477216341797685,53.08196687584229,0.5111648272081284,327.8307594929306,16.78050630679059
410,0,0.1919657798427963,51.73894011931032,0.4868071698366316,343.12604122597264,19.718436833710623
410,1,0.1919657798427963,51.73894011931032,0.6076401629506651,467.6790668235466,24.487180144551882
410,2,0.1919657798427963,51.73894011931032,0.5190711568935177,454.5034791108131,26.002113152146126
410,3,0.1919657798427963,51.73894011931032,0.59510935983999,238.94064312516906,27.83076850867127
410,4,0.1919657798427963,51.73894011931032,0.5211709038713533,166.28988124511045,27.525847627656248
410,5,0.1919657798427963,51.73894011931032,0.567137834274926,144.8001710885495,23.4717662928974
410,6,0.1919657798427963,51.73894011931032,0.4285432854722104,95.8224028588088,19.27703460691003
410,7,0.1919657798427963,51.73894011931032,0.4432244830628696,203.0151531448715,17.108496782180737
410,8,0.1919657798427963,51.73894011931032,0.6424175989801527,310.43917104222135,12.024046920117435
410,9,0.1919657798427963,51.73894011931032,0.4497026337249646,303.960420373844,13.059910195916505
410,10,0.1919657798427963,51.73894011931032,0.4493325809549831,494.29361174357985,14.01313100818405
410,11,0.1919657798427963,51.73894011931032,0.5163209951761355,321.56378387968556,15.880090255627227
411,0,0.10953595192038205,51.90537021713656,0.4785021934251089,318.671959602689,19.436545244950448
411,1,0.10953595192038205,51.90537021713656,0.5217456274596821,420.84809786097094,23.29948007146671
411,2,0.10953595192038205,51.90537021713656,0.602928952268404,298.80175702525037,26.780688673126647
411,3,0.10953595192038205,51.90537021713656,0.3373951717980183,182.61010126951786,27.90934989825509
411,4,0.10953595192038205,51.90537021713656,0.39022036352897244,118.20196820041771,27.007091864096346
411,5,0.10953595192038205,51.90537021713656,0.4059656645638008,140.26518170787818,24.93807324141883
411,6,0.10953595192038205,51.90537021713656,0.6629410992004883,150.22248475322507,20.712332236086233
411,7,0.10953595192038205,51.90537021713656,0.5557763199309373,148.89030016231592,16.68961299344414
411,8,0.10953595192038205,51.90537021713656,0.6765812855037647,239.40192015368606,12.410149476523744
411,9,0.10953595192038205,51.90537021713656,0.5357837424884081,350.9263521506312,12.786150923656159
411,10,0.10953595192038205,51.90537021713656,0.5039321675484829,399.1896962004679,12.614128156064334
411,11,0.10953595192038205,51.90537021713656,0.39052195049217864,364.37122744556547,16.18108091237642
412,0,0.1384226094390966,51.50013899439844,0.5170207695987712,314.0582165522526,20.54010461762517
412,1,0.1384226094390966,51.50013899439844,0.27010278362544904,447.2156422270858,24.27143802905274
412,2,0.1384226094390966,51.50013899439844,0.592588245627537,312.3744807893464,29.782292097535493
412,3,0.1384226094390966,51.50013899439844,0.727204622455983,287.696567548773,25.584013873988777
412,4,0.1384226094390966,51.50013899439844,0.6573928636599097,157.07994865636934,26.483499389211982
412,5,0.1384226094390966,51.50013899439844,0.3967152621990516,146.40746459073313,23.293453546683704
412,6,0.1384226094390966,51.50013899439844,0.5306579124466971,181.40324381724224,18.267875204629647
412,7,0.1384226094390966,51.50013899439844,0.557327824446092,145.0500832080798,14.37829060176574
412,8,0.1384226094390966,51.50013899439844,0.5677963820948014,246.76660651705276,12.625128370328122
412,9,0.1384226094390966,51.50013899439844,0.5197589495590913,341.9056163408668,11.913241739240375
412,10,0.1384226094390966,51.50013899439844,0.44639021848086924,391.84422124344223,13.64488981395328
412,11,0.1384226094390966,51.50013899439844,0.32822035515573633,356.5283884187067,15.419279560832258
413,0,0.0534068809195965,52.00571588085638,0.5727161219507569,319.56582227672294,19.932562509182137
413,1,0.0534068809195965,52.00571588085638,0.5380746669927742,326.9851411061622,23.62095932031461
413,2,0.0534068809195965,52.00571588085638,0.48131166906525813,313.33915478598,26.244556611530182
413,3,0.0534068809195965,52.00571588085638,0.450242238807866,243.32837503493616,28.822529837271016
413,4,0.0534068809195965,52.00571588085638,0.45174304218990524,151.31844332473517,27.29489620145282
413,5,0.0534068809195965,52.00571588085638,0.49799009754021933,131.3013358958608,25.614021967594333
413,6,0.0534068809195965,52.00571588085638,0.6294980937189691,171.71803712590093,22.43759738325412
413,7,0.0534068809195965,52.00571588085638,0.3743400882063714,185.27749647417326,16.63283145809316
413,8,0.0534068809195965,52.00571588085638,0.32686635633541966,318.64241607989135,12.064886338644559
413,9,0.0534068809195965,52.00571588085638,0.5830030773420014,315.77703013309537,13.208602881587282
413,10,0.0534068809195965,52.00571588085638,0.42259995006918266,336.78223860198875,11.744011420442433
413,11,0.0534068809195965,52.00571588085638,0.49095163852897916,307.84334073963373,14.769898634226559
414,0,0.13102268829371727,51.867714445569916,0.5279920276699955,345.15362826704927,19.56803106091884
414,1,0.13102268829371727,51.867714445569916,0.43885592535461804,447.2027689067089,24.12446079120364
414,2,0.13102268829371727,51.867714445569916,0.46968499006074677,345.64836982288296,26.13642981568707
414,3,0.13102268829371727,51.867714445569916,0.48262367175634374,261.4178614489693,28.61811433014733
414,4,0.13102268829371727,51.867714445569916,0.5569040416819444,151.21614876977935,29.42009358201947
414,5,0.13102268829371727,51.867714445569916,0.5037887358573278,116.0515594474552,25.056524514788624
414,6,0.13102268829371727,51.867714445569916,0.5512257683334711,133.31769828412337,19.652444140409184
414,7,0.13102268829371727,51.867714445569916,0.5322295098033234,163.78482515208907,15.805269979153387
414,8,0.13102268829371727,51.867714445569916,0.4508215094259912,352.3234270083841,13.582873614489184
414,9,0.13102268829371727,51.867714445569916,0.35402840358541476,379.14631754628016,12.23952787581039
414,10,0.13102268829371727,51.867714445569916,0.4332052533210168,336.3142406519616,13.112458736791798
414,11,0.13102268829371727,51.867714445569916,0.410994933480222,362.9070962249154,14.563056803208214
415,0,0.059705316458647704,51.20316631117148,0.5445599835717044,309.3334013532335,20.715676723826583
415,1,0.059705316458647704,51.20316631117148,0.4995706731631749,409.3906460780702,23.549861507220136
415,2,0.059705316458647704,51.20316631117148,0.5394397835832067,474.55560293664166,27.305143832974796
415,3,0.059705316458647704,51.20316631117148,0.6217949512260269,264.0712141816789,29.233677636248594
415,4,0.059705316458647704,51.20316631117148,0.6194356324719698,131.81333245177814,28.782524342402247
415,5,0.059705316458647704,51.20316631117148,0.4556264379643825,115.59588076818488,21.27161938619994
415,6,0.059705316458647704,51.20316631117148,0.43208110950011186,158.65209644060675,21.21294036252892
415,7,0.059705316458647704,51.20316631117148,0.36129266698642115,107.83805987665565,15.708615789500199
415,8,0.059705316458647704,51.20316631117148,0.5043785696604528,256.7214143851999,13.47346515954838
415,9,0.059705316458647704,51.20316631117148,0.6036471857670214,407.29131649964785,11.8758418282456
415,10,0.059705316458647704,51.20316631117148,0.5890154310571458,467.8611556839732,12.89925824367615
415,11,0.059705316458647704,51.20316631117148,0.3875910535757728,427.51710057578174,15.028079932546092
416,0,0.04645924567176133,53.14257020570669,0.5580634981552405,368.09531909395474,21.078369384777794
416,1,0.04645924567176133,53.14257020570669,0.4699525274299422,357.8791512435066,24.200227144788624
416,2,0.04645924567176133,53.14257020570669,0.6138137968050683,399.8883131540827,25.325427151836244
416,3,0.04645924567176133,53.14257020570669,0.5857682490129452,294.52402483729344,27.689333030530516
416,4,0.04645924567176133,53.14257020570669,0.549053907205318,149.32830602837598,26.334504498128563
416,5,0.04645924567176133,53.14257020570669,0.5450409202449831,145.08187835913233,23.420914893231853
416,6,0.04645924567176133,53.14257020570669,0.43024528401632123,129.3528609964332,19.837739296945333
416,7,0.04645924567176133,53.14257020570669,0.6015354582066215,162.9193328441712,17.22073972452625
416,8,0.04645924567176133,53.14257020570669,0.327094283993261,280.02389978589696,13.292689859489853
416,9,0.04645924567176133,53.14257020570669,0.47115957882140647,335.15514287561325,13.094043895040631
416,10,0.04645924567176133,53.14257020570669,0.4683229261300928,425.98877036483685,14.32459498436349
416,11,0.04645924567176133,53.14257020570669,0.5626527335255741,351.3766531189284,15.039071483298205
417,0,0.07439422317180727,51.81575006746065,0.40170717197042244,354.5363063506207,20.53494200447714
417,1,0.07439422317180727,51.81575006746065,0.36039277366847156,418.1342893140644,23.208220804512372
417,2,0.07439422317180727,51.81575006746065,0.5781300014471922,308.3346602431394,26.22523595183315
417,3,0.07439422317180727,51.81575006746065,0.35260763404626766,266.2329649399458,28.139738158684082
417,4,0.07439422317180727,51.81575006746065,0.6388060305321888,167.73154728244876,25.678536436280908
417,5,0.07439422317180727,51.81575006746065,0.37356523150874577,143.4906482477946,24.181450003747514
417,6,0.07439422317180727,51.81575006746065,0.456571795463658,144.81275898915712,20.397204120362883
417,7,0.07439422317180727,51.81575006746065,0.3440923676954439,181.65484630111004,16.372559579963955
417,8,0.07439422317180727,51.81575006746065,0.5626747458988505,342.54179851460617,12.102354669024121
417,9,0.07439422317180727,51.81575006746065,0.5085040257144974,188.73510385985472,12.152549937821622
417,10,0.07439422317180727,51.81575006746065,0.6220342665932803,335.0981414524339,13.523490493688548
417,11,0.07439422317180727,51.81575006746065,0.4017187351742435,400.9767541576409,14.928049082650563
418,0,0.1082548690769218,51.82205826249652,0.5748298659270749,401.17201692047286,20.69630800498301
418,1,0.1082548690769218,51.82205826249652,0.6882912813339166,379.8118044317861,24.203343485898998
418,2,0.1082548690769218,51.82205826249652,0.563052317284082,429.854858086879,28.82676704492931
418,3,0.1082548690769218,51.82205826249652,0.43245104647372395,254.37750408655904,27.59572474361072
418,4,0.1082548690769218,51.82205826249652,0.5108449025734498,120.83839858644335,27.463511839469298
418,5,0.1082548690769218,51.82205826249652,0.5789994306851269,98.33875062052252,25.5624377531394
418,6,0.1082548690769218,51.82205826249652,0.6970086042924754,150.33451381498793,21.281102412511174
418,7,0.1082548690769218,51.82205826249652,0.4516072547029186,178.0031169670232,17.535433845805795
418,8,0.1082548690769218,51.82205826249652,0.4314094455664266,283.39831325659117,13.340324923247145
418,9,0.1082548690769218,51.82205826249652,0.41045658869461327,352.1300687600244,11.480092179316337
418,10,0.1082548690769218,51.82205826249652,0.45819258908171523,334.5104969182432,15.51346859553043
418,11,0.1082548690769218,51.82205826249652,0.5642789920843418,363.4668684354442,15.82169893056253
419,0,0.06054355012118946,52.291286903987476,0.5142383952160403,328.23002700829096,20.148750861382066
419,1,0.06054355012118946,52.291286903987476,0.4201623531094043,315.75764628614974,24.529440440241796
419,2,0.06054355012118946,52.291286903987476,0.6792298588607412,229.24268191096698,27.71391909209935
419,3,0.06054355012118946,52.291286903987476,0.41570756880680915,277.4610255549126,27.06048088390359
419,4,0.06054355012118946,52.291286903987476,0.5087784732906042,148.59823153427763,27.291813018773148
419,5,0.06054355012118946,52.291286903987476,0.5686996052332309,101.3344611725833,23.623078086697845
419,6,0.06054355012118946,52.291286903987476,0.5387082092435361,135.6335992572263,21.59594827623007
419,7,0.06054355012118946,52.291286903987476,0.3594071357900137,258.4149094824887,16.889989988885727
419,8,0.06054355012118946,52.291286903987476,0.5262944335067071,254.91917306659593,13.409486731835436
419,9,0.06054355012118946,52.291286903987476,0.44020329043597495,319.8899579784607,13.664557889999251
419,10,0.06054355012118946,52.291286903987476,0.5968878609325452,428.78355463422605,14.124228677356504
419,11,0.06054355012118946,52.291286903987476,0.4627838052642637,397.1635266026505,16.959772081679812
420,0,0.07013833162756229,51.1521398317369,0.5523699841043022,281.1180892270998,17.191013571276866
420,1,0.07013833162756229,51.1521398317369,0.44168469216787626,375.20258506682734,23.816897896869463
420,2,0.07013833162756229,51.1521398317369,0.5503222326661829,386.01438277630814,27.04445876773547
420,3,0.07013833162756229,51.1521398317369,0.6068164363026931,127.76090367626323,27.77580225747608
420,4,0.07013833162756229,51.1521398317369,0.5210456600913905,129.25661840879292,25.78845595139878
420,5,0.07013833162756229,51.1521398317369,0.5666694037064783,130.8577614415767,24.641837177804096
420,6,0.07013833162756229,51.1521398317369,0.606951302887115,142.32969930184558,20.810887599875105
420,7,0.07013833162756229,51.1521398317369,0.5032650097646333,166.85935280518126,15.888814173299975
420,8,0.07013833162756229,51.1521398317369,0.4107256791024999,299.34143389816006,12.876593836200168
420,9,0.07013833162756229,51.1521398317369,0.6290466083425161,344.8054811876758,12.114537293831836
420,10,0.07013833162756229,51.1521398317369,0.39902608698324704,297.30733075455345,11.604743605074747
420,11,0.07013833162756229,51.1521398317369,0.5293255978638755,361.73304446259243,16.505918695275042
421,0,0.07699253831780418,51.90663580855658,0.5484457467583257,270.3377274427051,21.681332990719515
421,1,0.07699253831780418,51.90663580855658,0.47475797381929247,403.1540843029078,24.490923254534287
421,2,0.07699253831780418,51.90663580855658,0.5033489582853671,326.3059530759694,26.213224919747297
421,3,0.07699253831780418,51.90663580855658,0.5011228749232,234.92050047097126,28.893193238956865
421,4,0.07699253831780418,51.90663580855658,0.3898754643147424,163.89117158890068,27.86435736905417
421,5,0.07699253831780418,51.90663580855658,0.6233112792711968,79.63114177085929,22.054086643611466
421,6,0.07699253831780418,51.90663580855658,0.411076079151374,165.47864690963078,20.92363268748281
421,7,0.07699253831780418,51.90663580855658,0.4927126508392522,163.16097195365953,13.943031743645426
421,8,0.07699253831780418,51.90663580855658,0.5399192440176077,274.2046191328387,12.427374741867816
421,9,0.07699253831780418,51.90663580855658,0.5032827773136953,410.64421027960765,11.809778936787584
421,10,0.07699253831780418,51.90663580855658,0.5420848655621959,368.8059232817156,13.80519275790229
421,11,0.07699253831780418,51.90663580855658,0.3325197978556613,362.515322638777,15.863926627679598
422,0,0.1636873047908058,51.465978944727865,0.3707056947978975,479.38995323761736,17.991736956185626
422,1,0.1636873047908058,51.465978944727865,0.3765572103229207,319.99568105673404,24.89674601749933
422,2,0.1636873047908058,51.465978944727865,0.5044016276834393,456.0643658328592,26.650530722779802
422,3,0.1636873047908058,51.465978944727865,0.5280779506139538,292.96041849315594,25.960501566676594
422,4,0.1636873047908058,51.465978944727865,0.534891793991789,100.51158528483445,28.167561037864427
422,5,0.1636873047908058,51.465978944727865,0.6879432201658006,102.05919066060886,24.213774330039648
422,6,0.1636873047908058,51.465978944727865,0.4535610139923046,144.4078252062281,20.12627428553465
422,7,0.1636873047908058,51.465978944727865,0.5476333318416794,185.91752621839814,16.29810045340693
422,8,0.1636873047908058,51.465978944727865,0.3887625392747732,269.5406144802998,13.27925722706333
422,9,0.1636873047908058,51.465978944727865,0.6273485140910677,361.5386279430404,13.18611301062546
422,10,0.1636873047908058,51.465978944727865,0.40730934238635697,378.4637734720103,12.804947869674313
422,11,0.1636873047908058,51.465978944727865,0.4782397191431819,341.2417151986193,14.769591776133177
423,0,0.19451427103986316,51.69501833518952,0.5155402490391937,349.5484178509206,20.576064965581708
423,1,0.19451427103986316,51.69501833518952,0.6272540177678452,398.766216204597,23.547509662556283
423,2,0.19451427103986316,51.69501833518952,0.5240833800872279,332.5521230279359,27.683568651626512
423,3,0.19451427103986316,51.69501833518952,0.5807374198520974,278.03348100946675,28.295234325867757
423,4,0.19451427103986316,51.69501833518952,0.5940978926419659,158.7842126837527,26.623495691265397
423,5,0.19451427103986316,51.69501833518952,0.43203859635364633,92.67284988236148,23.35225963548014
423,6,0.19451427103986316,51.69501833518952,0.5868816895713946,141.28947104821785,21.547805068958617
423,7,0.19451427103986316,51.69501833518952,0.5151118142892228,204.45940113674547,15.449891749622369
423,8,0.19451427103986316,51.69501833518952,0.810240898751887,299.69407801457913,12.225423368818028
423,9,0.19451427103986316,51.69501833518952,0.5660459728960464,350.42805275513456,11.12968294854836
423,10,0.19451427103986316,51.69501833518952,0.5431605755510283,360.4333042112483,13.629592507422851
423,11,0.19451427103986316,51.69501833518952,0.42133402363867445,350.6219108516825,16.300193268949993
424,0,0.14958955856112427,51.7890169757019,0.4658804857276074,434.96758045910866,19.52973913033461
424,1,0.14958955856112427,51.7890169757019,0.27195365768729357,424.53464667327063,24.307721539000035
424,2,0.14958955856112427,51.7890169757019,0.5253214217098668,386.49456840762394,26.507377863421745
424,3,0.14958955856112427,51.7890169757019,0.571974008123322,193.23949352896335,28.46441999336855
424,4,0.14958955856112427,51.7890169757019,0.26745875588088897,129.25708133010986,27.679883704820764
424,5,0.14958955856112427,51.7890169757019,0.5968875159443818,120.59112145804829,25.522940682797774
424,6,0.14958955856112427,51.7890169757019,0.2725092291160316,148.0525223746616,20.390477851563467
424,7,0.14958955856112427,51.7890169757019,0.49424649280770594,201.09318499385722,15.82404310938883
424,8,0.14958955856112427,51.7890169757019,0.5502005912047261,304.02471333993896,12.704051080241737
424,9,0.14958955856112427,51.7890169757019,0.49613018975818474,355.7836425100861,10.667162891036845
424,10,0.14958955856112427,51.7890169757019,0.5185714623069075,348.05504240263707,12.732193337754508
424,11,0.14958955856112427,51.7890169757019,0.5446690318644182,298.54593621216446,14.89051985134773
425,0,0.1048042753367882,50.99552872580756,0.38033797247579954,321.53771234412966,19.641873614597877
425,1,0.1048042753367882,50.99552872580756,0.4960462113421,382.4025923071892,23.59681990740741
425,2,0.1048042753367882,50.99552872580756,0.5421672209165672,297.51037726147104,26.374756074196828
425,3,0.1048042753367882,50.99552872580756,0.2562562875528808,240.7829305825618,27.198517186350113
425,4,0.1048042753367882,50.99552872580756,0.3897990060378162,110.88031043185214,26.73606088951258
425,5,0.1048042753367882,50.99552872580756,0.15553445000212007,154.7303631358964,24.096446016121668
425,6,0.1048042753367882,50.99552872580756,0.5559522967939957,166.0875800748852,21.085898840910744
425,7,0.1048042753367882,50.99552872580756,0.6233461765456682,160.43144674479842,16.21034121944801
425,8,0.1048042753367882,50.99552872580756,0.5259753201668715,313.6720835492021,13.795671206243751
425,9,0.1048042753367882,50.99552872580756,0.5181954970221873,361.63681743578246,10.634401553259547
425,10,0.1048042753367882,50.99552872580756,0.3610081617661175,445.71458037355956,14.833936118767655
425,11,0.1048042753367882,50.99552872580756,0.6581175063028442,339.82944864117087,16.292628823092507
426,0,0.08637190980552611,51.75823053858243,0.5666759241306767,351.1582875925512,20.44661468605859
426,1,0.08637190980552611,51.75823053858243,0.6068171642121089,426.51689056625565,25.062498355296217
426,2,0.08637190980552611,51.75823053858243,0.5805206128428534,282.0685553920173,27.903165628377696
426,3,0.08637190980552611,51.75823053858243,0.36331925184232394,213.36698774273282,28.768614960851227
426,4,0.08637190980552611,51.75823053858243,0.5125184760585881,103.71026603008171,26.60670135458462
426,5,0.08637190980552611,51.75823053858243,0.5506858306995699,131.14420544368699,24.240690085892606
426,6,0.08637190980552611,51.75823053858243,0.6085518488079784,167.79066860763132,20.034197225398536
426,7,0.08637190980552611,51.75823053858243,0.522683621608145,230.6688061899629,15.570858168343202
426,8,0.08637190980552611,51.75823053858243,0.42406248783209066,290.5060621358528,13.219031477056847
426,9,0.08637190980552611,51.75823053858243,0.6283774677489395,388.1943519804447,12.471919918097115
426,10,0.08637190980552611,51.75823053858243,0.42614531616138596,358.70361670263003,14.288864133102294
426,11,0.08637190980552611,51.75823053858243,0.6085749147160947,359.6547765235301,15.65019677974336
427,0,0.09875288442929173,52.079753900568036,0.5030988224467585,324.92307576228825,21.040212817589886
427,1,0.09875288442929173,52.079753900568036,0.6138435740468526,465.944252438155,24.441889553244682
427,2,0.09875288442929173,52.079753900568036,0.48350135403381433,349.68189614595127,27.120773123069455
427,3,0.09875288442929173,52.079753900568036,0.4007075406278285,288.4303664103929,28.87611402466119
427,4,0.09875288442929173,52.079753900568036,0.5525529308170635,141.22932177461985,29.302513122185417
427,5,0.09875288442929173,52.079753900568036,0.5457808466789439,132.42716215830714,23.737111269800288
427,6,0.09875288442929173,52.079753900568036,0.5870584123683281,151.47256273800247,20.286889564270947
427,7,0.09875288442929173,52.079753900568036,0.6611063397872254,165.47171426244873,15.045315685248143
427,8,0.09875288442929173,52.079753900568036,0.47687138080415103,216.4312830080007,12.156758509495493
427,9,0.09875288442929173,52.079753900568036,0.5890723916373806,420.23323732295256,10.755833180087082
427,10,0.09875288442929173,52.079753900568036,0.5162268493325036,406.54363515327015,12.351631804429807
427,11,0.09875288442929173,52.079753900568036,0.538821887140951,293.3862003076287,16.551466565375318
428,0,0.14842750234762403,51.582141196485345,0.6644461196330809,316.08279030000324,19.468727170011956
428,1,0.14842750234762403,51.582141196485345,0.5205388673303529,291.35448050946434,24.253717455236043
428,2,0.14842750234762403,51.582141196485345,0.6422816056676443,295.42916630872804,27.365650406705097
428,3,0.14842750234762403,51.582141196485345,0.4034038197826437,218.80537948453437,27.224348690167574
428,4,0.14842750234762403,51.582141196485345,0.5987074448020425,118.5732386953224,27.94363231387822
428,5,0.14842750234762403,51.582141196485345,0.521330723304854,116.51277233482648,22.427809931147063
428,6,0.14842750234762403,51.582141196485345,0.5208923697609646,146.78503314953724,19.50113534604144
428,7,0.14842750234762403,51.582141196485345,0.6390129016460168,175.5937368695261,14.741904444862598
428,8,0.14842750234762403,51.582141196485345,0.4524498200311422,186.4092351138109,14.609397780666587
428,9,0.14842750234762403,51.582141196485345,0.5812419676389536,303.06049758400144,12.467169960432482
428,10,0.14842750234762403,51.582141196485345,0.5122487393951712,379.9058203027093,12.896941538405498
428,11,0.14842750234762403,51.582141196485345,0.29807735431791726,278.3149561533737,15.494322652515788
429,0,0.1890311863606593,52.04601760978344,0.6084610999650439,405.64011814926926,19.285279627464547
429,1,0.1890311863606593,52.04601760978344,0.40757282335344047,351.4748489443053,23.96362018705901
429,2,0.1890311863606593,52.04601760978344,0.5209750266975739,400.54150206993614,25.616607414359375
429,3,0.1890311863606593,52.04601760978344,0.5966548148144128,277.8827274309772,28.574033837322066
429,4,0.1890311863606593,52.04601760978344,0.4838274335541189,140.2315734471809,28.47798709418701
429,5,0.1890311863606593,52.04601760978344,0.4985325805341061,129.0004233315297,23.26349941466715
429,6,0.1890311863606593,52.04601760978344,0.3738823358859344,129.23697952029488,17.67261895854353
429,7,0.1890311863606593,52.04601760978344,0.5463163287076186,193.72609054482032,15.741236601815098
429,8,0.1890311863606593,52.04601760978344,0.7420322140161963,238.8307131003738,12.508811704585261
429,9,0.1890311863606593,52.04601760978344,0.5614352502151279,352.9006532066041,11.861650804951552
429,10,0.1890311863606593,52.04601760978344,0.4695155417993232,339.59985723330783,14.132638744111668
429,11,0.1890311863606593,52.04601760978344,0.37837755881995927,427.92390319578493,17.893831063989435
430,0,0.1787512524575361,51.869721325093025,0.358933828958261,292.309352312767,20.706516719318977
430,1,0.1787512524575361,51.869721325093025,0.5151662179998858,310.67803017132013,23.951212739474464
430,2,0.1787512524575361,51.869721325093025,0.5540032915350243,390.5863021708373,27.69592964510294
430,3,0.1787512524575361,51.869721325093025,0.5107553061026403,268.2197755440044,28.051564114817815
430,4,0.1787512524575361,51.869721325093025,0.7018679068754767,116.72975895243414,26.50329534602285
430,5,0.1787512524575361,51.869721325093025,0.6294691299384425,111.60932876915163,26.501143580674032
430,6,0.1787512524575361,51.869721325093025,0.361234040803862,135.17172223783408,21.570827604626775
430,7,0.1787512524575361,51.869721325093025,0.5710766151648529,185.46328177411854,16.065866089110674
430,8,0.1787512524575361,51.869721325093025,0.4474452268870786,220.5300400300999,12.18819335157015
430,9,0.1787512524575361,51.869721325093025,0.4327940662761776,351.0709817989038,10.82994811968948
430,10,0.1787512524575361,51.869721325093025,0.5047260661937485,333.6400184807276,12.79984127472498
430,11,0.1787512524575361,51.869721325093025,0.5951136815309804,349.7498851709783,15.525907130432794
431,0,0.06732609537560404,52.523835894783076,0.46889987027192126,336.6489753717106,18.72189185396464
431,1,0.06732609537560404,52.523835894783076,0.42339699079082205,352.39618876826967,24.119497932307056
431,2,0.06732609537560404,52.523835894783076,0.44180107888294895,338.4955303042714,26.011506161649606
431,3,0.06732609537560404,52.523835894783076,0.43199894848507003,282.9423368978436,27.916415715081833
431,4,0.06732609537560404,52.523835894783076,0.43301244017249585,135.14133204003514,27.09401798558111
431,5,0.06732609537560404,52.523835894783076,0.5026547700929305,146.2066633738618,26.377649918657777
431,6,0.06732609537560404,52.523835894783076,0.4539067496514886,139.70481937626286,18.938345254697065
431,7,0.06732609537560404,52.523835894783076,0.6873163446473496,156.99013539367672,16.79352952737789
431,8,0.06732609537560404,52.523835894783076,0.5932868276367443,339.76653776093366,11.943715048512514
431,9,0.06732609537560404,52.523835894783076,0.3879840146097462,350.7721120453802,10.913865154244245
431,10,0.06732609537560404,52.523835894783076,0.5532996396327519,410.23835181573344,13.428931478412807
431,11,0.06732609537560404,52.523835894783076,0.6188156897890827,370.7389798471695,16.809247089614612
432,0,0.18369788154067473,51.919599777499116,0.3889910194725947,333.1003724101596,19.858895852806057
432,1,0.18369788154067473,51.919599777499116,0.4515248079378143,349.2268070786217,23.13650230787702
432,2,0.18369788154067473,51.919599777499116,0.5170865395396136,444.11923701396597,28.4181065007114
432,3,0.18369788154067473,51.919599777499116,0.4773497978325572,199.91666102133635,27.320366944739952
432,4,0.18369788154067473,51.919599777499116,0.47246470995188594,120.74101761512627,27.455151390437422
432,5,0.18369788154067473,51.919599777499116,0.6066615982126595,103.97188771664592,23.340502839221813
432,6,0.18369788154067473,51.919599777499116,0.4947792020116727,122.13649164182706,20.760702180619692
432,7,0.18369788154067473,51.919599777499116,0.574792864656434,160.81963130920388,15.573698132297292
432,8,0.18369788154067473,51.919599777499116,0.43052541484313517,284.03605935084454,12.256652835490991
432,9,0.18369788154067473,51.919599777499116,0.48198605833306046,354.32166586916435,11.656101573070856
432,10,0.18369788154067473,51.919599777499116,0.5329545562905416,387.5083710343761,13.49093406006893
432,11,0.18369788154067473,51.919599777499116,0.6024736783473145,358.11298090179133,16.33847849533114
433,0,0.058926947275829346,52.10711664981689,0.47662972284511956,376.2676431268985,19.859570854798395
433,1,0.058926947275829346,52.10711664981689,0.3804226967149329,328.03831435983295,22.372752209092795
433,2,0.058926947275829346,52.10711664981689,0.5784058512030753,427.0230455802337,25.692904783086398
433,3,0.058926947275829346,52.10711664981689,0.5795490264677169,255.8927489289336,28.22639788149965
433,4,0.058926947275829346,52.10711664981689,0.7235972978597399,155.66215670413987,28.530617913364768
433,5,0.058926947275829346,52.10711664981689,0.6006960384753883,133.80740024842623,23.131646654935665
433,6,0.058926947275829346,52.10711664981689,0.6102291300779722,152.4541597250997,21.36720991668252
433,7,0.058926947275829346,52.10711664981689,0.5888731604159585,182.73114293620134,16.951946289221446
433,8,0.058926947275829346,52.10711664981689,0.697649120062781,299.2360359408073,12.467607315068292
433,9,0.058926947275829346,52.10711664981689,0.4811607977284415,421.1553056629713,12.566290843610915
433,10,0.058926947275829346,52.10711664981689,0.4776378939616814,538.7900721391925,13.641541698575093
433,11,0.058926947275829346,52.10711664981689,0.5199338149071421,347.9391866584421,16.44587721211733
434,0,0.09713993467169062,52.01754872910125,0.4757496969366968,432.53965337640216,16.711689943381774
434,1,0.09713993467169062,52.01754872910125,0.3833700354599873,459.8082475265592,22.824223021324773
434,2,0.09713993467169062,52.01754872910125,0.4856694579411929,342.029594284839,27.29805823980778
434,3,0.09713993467169062,52.01754872910125,0.6316990790001236,266.3108004830083,28.20228226520949
434,4,0.09713993467169062,52.01754872910125,0.5898209498965021,130.72151707499884,25.493571392850104
434,5,0.09713993467169062,52.01754872910125,0.5039081906291097,125.91502902679997,25.83192595388561
434,6,0.09713993467169062,52.01754872910125,0.5564027028596318,93.97488093059401,18.881701483447596
434,7,0.09713993467169062,52.01754872910125,0.5841373128468865,195.1957164870686,17.043695058652187
434,8,0.09713993467169062,52.01754872910125,0.541270802747286,263.43738068114254,12.143860995121823
434,9,0.09713993467169062,52.01754872910125,0.5160181960957864,319.4221299766864,11.044959759697766
434,10,0.09713993467169062,52.01754872910125,0.5310877263472376,441.58315829418206,15.960758954656296
434,11,0.09713993467169062,52.01754872910125,0.5078534733072285,417.14681179515975,15.613288661932838
435,0,0.04376850103956774,51.878749714764865,0.27513392945282933,358.4450221208747,20.14538585170091
435,1,0.04376850103956774,51.878749714764865,0.37586667105919735,358.93464024850346,23.026410198024923
435,2,0.04376850103956774,51.878749714764865,0.6441484308445565,394.61427680978977,28.188490958770103
435,3,0.04376850103956774,51.878749714764865,0.2460436744956654,231.46216488185945,27.639311302204717
435,4,0.04376850103956774,51.878749714764865,0.5275622290690235,162.45304441202467,24.754639099240592
435,5,0.04376850103956774,51.878749714764865,0.49603043813165026,129.22583232374095,23.890727682944608
435,6,0.04376850103956774,51.878749714764865,0.43491828791893083,201.78300530694938,21.588082469196614
435,7,0.04376850103956774,51.878749714764865,0.528770788180603,196.49554507462503,15.374024463193429
435,8,0.04376850103956774,51.878749714764865,0.627557613892469,270.1420885293666,12.50910686857811
435,9,0.04376850103956774,51.878749714764865,0.5830335936914074,351.4176506328737,12.453835053939404
435,10,0.04376850103956774,51.878749714764865,0.531039156038167,406.2917571989779,12.388467200853343
435,11,0.04376850103956774,51.878749714764865,0.4208243791939245,360.56175008992903,13.265694681456973
436,0,0.09414739207383467,52.645588428146056,0.31466025616594095,333.41490616492354,20.839951107882023
436,1,0.09414739207383467,52.645588428146056,0.5790494694094713,467.8320731018669,23.563780490502864
436,2,0.09414739207383467,52.645588428146056,0.4868908580805453,316.3267617362823,27.49849662322335
436,3,0.09414739207383467,52.645588428146056,0.706511816977028,246.72360607517385,26.321795753305704
436,4,0.09414739207383467,52.645588428146056,0.5945002678144052,125.23193772295694,28.529221162383596
436,5,0.09414739207383467,52.645588428146056,0.395167231034073,112.97203663175378,26.18314064370518
436,6,0.09414739207383467,52.645588428146056,0.5002138907978005,147.67148674411314,21.222638424425586
436,7,0.09414739207383467,52.645588428146056,0.4583864033854025,164.17630933288643,15.552485330550988
436,8,0.09414739207383467,52.645588428146056,0.6164987259680321,276.42010997890384,12.583365394555793
436,9,0.09414739207383467,52.645588428146056,0.5773311892406394,357.4058022036113,13.077279098745436
436,10,0.09414739207383467,52.645588428146056,0.47308460547587466,335.9211215431808,12.02513714558376
436,11,0.09414739207383467,52.645588428146056,0.43392873519037556,420.50425908725964,16.71870871282648
437,0,0.2524031368772123,52.162954128551696,0.4731386560241019,377.5125922152369,18.62100130098715
437,1,0.2524031368772123,52.162954128551696,0.2511482666235998,429.84462784242544,23.68402474470661
437,2,0.2524031368772123,52.162954128551696,0.5435169981609148,324.23865465824844,24.855481961402063
437,3,0.2524031368772123,52.162954128551696,0.3418542300592997,209.1220518553488,26.571483088211348
437,4,0.2524031368772123,52.162954128551696,0.49904550896504607,162.77340249136424,27.049930418646532
437,5,0.2524031368772123,52.162954128551696,0.541367819687678,124.08176806573725,24.028345973583104
437,6,0.2524031368772123,52.162954128551696,0.4621573308315466,143.4102795738559,21.247147979728883
437,7,0.2524031368772123,52.162954128551696,0.49227086359767136,200.5493968799996,14.810690798681918
437,8,0.2524031368772123,52.162954128551696,0.6735399947991195,273.74689901766754,12.822983674655463
437,9,0.2524031368772123,52.162954128551696,0.49568198871933533,397.20474323411446,12.032481034372859
437,10,0.2524031368772123,52.162954128551696,0.6241261527925807,497.838785593176,11.733032775160575
437,11,0.2524031368772123,52.162954128551696,0.5851210572957292,318.54961081351075,14.858953057265062
438,0,0.12018125765273471,52.129409039236265,0.5110617111038815,418.87252513226446,21.329346256253686
438,1,0.12018125765273471,52.129409039236265,0.4889276962148208,291.3475542571634,23.01117777865993
438,2,0.12018125765273471,52.129409039236265,0.4082885786014377,346.79076560702737,27.67162587181074
438,3,0.12018125765273471,52.129409039236265,0.4208067788224928,289.2530356365527,26.463008726884038
438,4,0.12018125765273471,52.129409039236265,0.6394502611011627,106.37495455112025,26.197570922297526
438,5,0.12018125765273471,52.129409039236265,0.511945819268745,130.29939139578374,23.434271313747548
438,6,0.12018125765273471,52.129409039236265,0.5493213647180806,130.39554741618375,19.71854975281564
438,7,0.12018125765273471,52.129409039236265,0.3887335833430887,219.6161121995636,15.92289680297672
438,8,0.12018125765273471,52.129409039236265,0.5881799186633062,266.16198786973257,13.22852710967758
438,9,0.12018125765273471,52.129409039236265,0.49337950552903276,326.1973911134558,11.780682039779096
438,10,0.12018125765273471,52.129409039236265,0.4374195118933599,343.42616779319144,14.024533649024956
438,11,0.12018125765273471,52.129409039236265,0.5690938318935294,309.8816149499329,16.15506092486746
439,0,0.023941840855973097,52.29220182503518,0.3389668552322197,329.814424924875,21.189642997164107
439,1,0.023941840855973097,52.29220182503518,0.5954782368091607,420.51119942039895,23.63252869792442
439,2,0.023941840855973097,52.29220182503518,0.4860940039664147,418.6340277873926,26.8857540003853
439,3,0.023941840855973097,52.29220182503518,0.4522770595235649,330.75583561752916,28.399946438867758
439,4,0.023941840855973097,52.29220182503518,0.4839561703600591,133.68419913102736,28.03051291163413
439,5,0.023941840855973097,52.29220182503518,0.6110841512774723,98.32041710067686,25.160959574749874
439,6,0.023941840855973097,52.29220182503518,0.6453000486094205,151.14374935251922,18.43391588062451
439,7,0.023941840855973097,52.29220182503518,0.5824163302143222,165.78688782627265,16.90012475411959
439,8,0.023941840855973097,52.29220182503518,0.3391187555685608,281.46012202297567,14.512598691440937
439,9,0.023941840855973097,52.29220182503518,0.5470537281390433,484.61738179356234,11.610878091485402
439,10,0.023941840855973097,52.29220182503518,0.533807726214856,352.946333844747,14.244941228465567
439,11,0.023941840855973097,52.29220182503518,0.40498574750993227,387.9302510894175,14.835621473029814
440,0,0.11966997161887463,52.840380987694274,0.3662936346558019,434.5823385150776,17.766156811870225
440,1,0.11966997161887463,52.840380987694274,0.5940629291045795,421.82934518887936,24.173677714089248
440,2,0.11966997161887463,52.840380987694274,0.5058045599192492,378.2696478316086,27.024468151202765
440,3,0.11966997161887463,52.840380987694274,0.27720521251801444,325.2907789456526,26.551113127558775
440,4,0.11966997161887463,52.840380987694274,0.583349509684827,140.86675165713174,26.793684674737968
440,5,0.11966997161887463,52.840380987694274,0.5018548505023944,107.7659719743492,24.57217331037733
440,6,0.11966997161887463,52.840380987694274,0.438843797026662,157.85611227437508,18.387868292505644
440,7,0.11966997161887463,52.840380987694274,0.46463248137818586,151.93239796819142,16.090987658999136
440,8,0.11966997161887463,52.840380987694274,0.6084731017726033,229.8691457324594,13.0908154412752
440,9,0.11966997161887463,52.840380987694274,0.48497155317094376,384.8965128244705,12.28587915161126
440,10,0.11966997161887463,52.840380987694274,0.46859182434685426,424.57766534209776,13.117662412311178
440,11,0.11966997161887463,52.840380987694274,0.5716865253072756,391.5641870592223,17.00183755335719
441,0,0.1088518039758712,51.65933004998471,0.6829293424260579,364.67042201634365,22.202702792113453
441,1,0.1088518039758712,51.65933004998471,0.6917588131489418,389.55188471625905,23.577442886759815
441,2,0.1088518039758712,51.65933004998471,0.600097842039614,333.2587329109821,28.484026143906185
441,3,0.1088518039758712,51.65933004998471,0.5284194945783388,241.07701310758722,28.187768356180598
441,4,0.1088518039758712,51.65933004998471,0.3822145224286838,134.3934991160725,25.704288789689535
441,5,0.1088518039758712,51.65933004998471,0.688725638995978,104.5403370012343,22.293405207262463
441,6,0.1088518039758712,51.65933004998471,0.5186153494791653,135.27570760202045,19.523636820358266
441,7,0.1088518039758712,51.65933004998471,0.3395406984896977,212.84719611852185,16.11372300288769
441,8,0.1088518039758712,51.65933004998471,0.5906940214541829,324.0884448743532,13.53678969430897
441,9,0.1088518039758712,51.65933004998471,0.4681143396321438,397.05163256473685,10.338551229661391
441,10,0.1088518039758712,51.65933004998471,0.6455538976228106,483.1500853927423,12.945264435291369
441,11,0.1088518039758712,51.65933004998471,0.478657487718169,359.0785274001169,16.177400259923353
442,0,0.18632200366948368,52.555125515708106,0.5406550741818331,302.4467450475719,19.452076764567664
442,1,0.18632200366948368,52.555125515708106,0.5299473470794718,391.62145517927,24.227260121322136
442,2,0.18632200366948368,52.555125515708106,0.4437715940408681,267.37567045702747,26.11245566662839
442,3,0.18632200366948368,52.555125515708106,0.662307064323263,207.83185484632145,28.67981702669459
442,4,0.18632200366948368,52.555125515708106,0.5108892950494272,149.68005085884056,25.606939328045343
442,5,0.18632200366948368,52.555125515708106,0.49828282786404815,127.529924692913,23.219931003221667
442,6,0.18632200366948368,52.555125515708106,0.4238586905657628,139.4276087459319,19.573523461956437
442,7,0.18632200366948368,52.555125515708106,0.49614293287840533,167.95940058521487,15.6026815492621
442,8,0.18632200366948368,52.555125515708106,0.550932437088849,305.59609981545066,14.378107971592144
442,9,0.18632200366948368,52.555125515708106,0.45710805395070103,364.6344787605962,12.035391353625725
442,10,0.18632200366948368,52.555125515708106,0.30778113735521706,543.0845346110688,13.372467376610615
442,11,0.18632200366948368,52.555125515708106,0.6357888989725067,451.41738588053573,18.05605344524612
443,0,0.06888784238657102,51.59344670403088,0.4814554884480656,378.7338888067696,19.64893117341942
443,1,0.06888784238657102,51.59344670403088,0.449482981207242,369.3548746177458,25.047681230368713
443,2,0.06888784238657102,51.59344670403088,0.5501527122133079,375.2739673115716,27.253108325821476
443,3,0.06888784238657102,51.59344670403088,0.5783785358944173,285.9217494559402,27.92617921625082
443,4,0.06888784238657102,51.59344670403088,0.45934455839102745,105.10076068759534,25.065281109606133
443,5,0.06888784238657102,51.59344670403088,0.6206463742852444,107.76401883905588,22.38965746744735
443,6,0.06888784238657102,51.59344670403088,0.4412709814892222,135.08060808891045,20.350665763748133
443,7,0.06888784238657102,51.59344670403088,0.33002878199318575,221.8152743653577,17.391645367694544
443,8,0.06888784238657102,51.59344670403088,0.45137122506368815,407.6079556698592,13.979408476629377
443,9,0.06888784238657102,51.59344670403088,0.570279020614297,320.5504921940013,9.656999173200798
443,10,0.06888784238657102,51.59344670403088,0.5262368298824578,483.4770149293998,14.482359067267806
443,11,0.06888784238657102,51.59344670403088,0.3363710245505709,364.9086907226214,15.963553107803568
444,0,0.07169610476626025,51.95372415984842,0.3738111166674305,369.44277720455165,20.499270072412234
444,1,0.07169610476626025,51.95372415984842,0.6328945298819174,373.1707286312026,22.846478146399004
444,2,0.07169610476626025,51.95372415984842,0.5762101810731393,356.0002967169119,26.77772875071081
444,3,0.07169610476626025,51.95372415984842,0.5150514452605374,332.2020255533984,24.889264267657104
444,4,0.07169610476626025,51.95372415984842,0.4471949182731758,154.8749986033284,27.384617027388433
444,5,0.07169610476626025,51.95372415984842,0.353948473815465,136.0273402235158,25.350668539182802
444,6,0.07169610476626025,51.95372415984842,0.47847769080500047,117.25007175098473,21.070583183198192
444,7,0.07169610476626025,51.95372415984842,0.5321570738405275,155.33676050797393,15.893251175793774
444,8,0.07169610476626025,51.95372415984842,0.5483776555229416,337.7431138742718,13.878001913757139
444,9,0.07169610476626025,51.95372415984842,0.6060391805325024,286.17515078725495,11.952829272873439
444,10,0.07169610476626025,51.95372415984842,0.2407595419982041,365.4490129468332,12.259723581198939
444,11,0.07169610476626025,51.95372415984842,0.4327691926837502,341.8781451940296,13.60606614879996
445,0,0.10861511409282854,52.29364769571819,0.5788483769855639,414.33956721519405,21.008714235249503
445,1,0.10861511409282854,52.29364769571819,0.3173080708395273,300.6216252510327,24.41288011981096
445,2,0.10861511409282854,52.29364769571819,0.5494109687638318,371.28005266258936,26.948620211564243
445,3,0.10861511409282854,52.29364769571819,0.29863337865960293,297.11885448117215,28.017761928513103
445,4,0.10861511409282854,52.29364769571819,0.44487185992094436,137.97384619014366,27.957675895126222
445,5,0.10861511409282854,52.29364769571819,0.656535919910454,144.67966882551355,23.466331793731808
445,6,0.10861511409282854,52.29364769571819,0.6528674339943228,119.82189606989206,20.432974438613858
445,7,0.10861511409282854,52.29364769571819,0.5388522483098863,154.72273464745913,15.392677798691244
445,8,0.10861511409282854,52.29364769571819,0.44093070609046603,279.10741696046057,11.837852445311697
445,9,0.10861511409282854,52.29364769571819,0.46004157237297133,388.7342633376701,10.75561946728303
445,10,0.10861511409282854,52.29364769571819,0.4983737991246696,407.04214350190495,13.788699354646694
445,11,0.10861511409282854,52.29364769571819,0.623342710430997,301.088014588292,15.730636181300289
446,0,0.0830599040572351,52.49348791997296,0.6498914181882642,380.0003749730417,20.416542221990728
446,1,0.0830599040572351,52.49348791997296,0.3995601130212716,420.5017891964045,23.520473731957004
446,2,0.0830599040572351,52.49348791997296,0.6003003687784816,329.8070297341788,26.076652219420737
446,3,0.0830599040572351,52.49348791997296,0.47567235771781385,293.95151646304026,27.841893160645334
446,4,0.0830599040572351,52.49348791997296,0.5069786063266001,170.6600662119933,29.084515264671758
446,5,0.0830599040572351,52.49348791997296,0.5351855837175256,92.68540909629928,24.9687512319973
446,6,0.0830599040572351,52.49348791997296,0.37811220790204514,124.38397542405359,20.340163757393203
446,7,0.0830599040572351,52.49348791997296,0.6324664236101847,151.784659531481,17.13405361747654
446,8,0.0830599040572351,52.49348791997296,0.5295948739794131,340.68900511704,10.777206202749312
446,9,0.0830599040572351,52.49348791997296,0.38406678433839897,334.04366225966425,11.808266876674802
446,10,0.0830599040572351,52.49348791997296,0.5830552689270224,468.12198167585797,13.142728871008309
446,11,0.0830599040572351,52.49348791997296,0.33871388711109995,313.9597399477165,14.330291346167915
447,0,0.10892250874301941,51.673544427032894,0.5016862825734042,284.29285407506967,20.135276320760045
447,1,0.10892250874301941,51.673544427032894,0.5273478853433521,466.7118468364457,22.837521007354653
447,2,0.10892250874301941,51.673544427032894,0.5009183013177781,414.3435216541138,27.66092686353557
447,3,0.10892250874301941,51.673544427032894,0.732978596613398,311.36609917874966,26.629451066432324
447,4,0.10892250874301941,51.673544427032894,0.6319011966514467,136.96451885730087,24.990765555732523
447,5,0.10892250874301941,51.673544427032894,0.43315200793198105,128.7032798374899,24.52066837255024
447,6,0.10892250874301941,51.673544427032894,0.39763543144565994,177.96703598612388,20.30659105461824
447,7,0.10892250874301941,51.673544427032894,0.5213845458853575,140.78010979642073,16.33073069757659
447,8,0.10892250874301941,51.673544427032894,0.36681191331533736,276.72807065268944,12.188821404313599
447,9,0.10892250874301941,51.673544427032894,0.5942932576217022,345.1938239825976,9.358914930156152
447,10,0.10892250874301941,51.673544427032894,0.3893275218545079,415.45008664688874,12.677257261165002
447,11,0.10892250874301941,51.673544427032894,0.43125535486745775,421.319515185387,16.58860097305486
448,0,0.08699334149685724,52.484744388743366,0.542842251493913,364.81899899300174,20.399821223613493
448,1,0.08699334149685724,52.484744388743366,0.4642444021223169,351.2594860076398,24.626035143851848
448,2,0.08699334149685724,52.484744388743366,0.43397292083834893,337.88601779401034,26.63938044282246
448,3,0.08699334149685724,52.484744388743366,0.39465949193246397,302.05448090765265,29.087636361521536
448,4,0.08699334149685724,52.484744388743366,0.530785710050762,148.8379742015394,27.683225364976053
448,5,0.08699334149685724,52.484744388743366,0.4229849865596258,109.65820667798329,24.126747069132293
448,6,0.08699334149685724,52.484744388743366,0.4897387253086059,149.2593368052508,20.564391655935164
448,7,0.08699334149685724,52.484744388743366,0.4370923392902357,192.1215088722341,15.78371582522305
448,8,0.08699334149685724,52.484744388743366,0.4926841075494475,294.4982738953128,13.473950602394504
448,9,0.08699334149685724,52.484744388743366,0.3891293194167925,285.4759276628353,11.742974808786553
448,10,0.08699334149685724,52.484744388743366,0.6243067708755613,446.8424402333043,13.720971135036361
448,11,0.08699334149685724,52.484744388743366,0.4439444907306103,411.635318786486,16.13844440581958
449,0,0.18616728436573582,52.272644174267505,0.5309592130419245,335.78174779487284,20.472721533352615
449,1,0.18616728436573582,52.272644174267505,0.5709358484220972,336.0925159980603,25.01462125613627
449,2,0.18616728436573582,52.272644174267505,0.7366303136178524,317.5817810568962,26.56715850194554
449,3,0.18616728436573582,52.272644174267505,0.5273814543169629,228.81478226353204,28.49100183695702
449,4,0.18616728436573582,52.272644174267505,0.3750078892545916,173.87362772576338,27.150831227257196
449,5,0.18616728436573582,52.272644174267505,0.6092993509688371,129.93248049201216,22.75426703705134
449,6,0.18616728436573582,52.272644174267505,0.44303863775159674,171.79200832433293,18.998437665090083
449,7,0.18616728436573582,52.272644174267505,0.44193917774169916,171.30394735783437,15.721814830581588
449,8,0.18616728436573582,52.272644174267505,0.6895250653252355,305.70700563708317,12.196947261798014
449,9,0.18616728436573582,52.272644174267505,0.49407275594028155,399.9608841692219,12.306255433666855
449,10,0.18616728436573582,52.272644174267505,0.35933595129173945,342.8545510162032,12.305399038817825
449,11,0.18616728436573582,52.272644174267505,0.6310695641071729,388.4544290758486,16.00289821867491
450,0,0.06041871897951974,52.93818919292906,0.561199282950347,306.7750626349621,17.465909595421017
450,1,0.06041871897951974,52.93818919292906,0.6433847560680672,346.1792464315112,23.67014965499897
450,2,0.06041871897951974,52.93818919292906,0.5432732546816873,365.922108578716,25.819115036984385
450,3,0.06041871897951974,52.93818919292906,0.4561887676735323,280.83823097819584,26.776478433162698
450,4,0.06041871897951974,52.93818919292906,0.5192757391419879,121.88767829533008,25.62530848056025
450,5,0.06041871897951974,52.93818919292906,0.6730009265980194,126.78563125767721,23.4576051074014
450,6,0.06041871897951974,52.93818919292906,0.2813806012256508,137.03207880439103,19.480268598520567
450,7,0.06041871897951974,52.93818919292906,0.4585252900606084,152.84592457997172,16.679200225666662
450,8,0.06041871897951974,52.93818919292906,0.4447278848766288,282.08450398921207,13.280268484666998
450,9,0.06041871897951974,52.93818919292906,0.5469071708306334,268.4638610111991,12.317276279529468
450,10,0.06041871897951974,52.93818919292906,0.4128189618488357,316.572362848083,14.921880756036499
450,11,0.06041871897951974,52.93818919292906,0.6734834268578622,358.5207672671804,16.257353740295372
451,0,0.09855216129952214,51.495050192215245,0.4925637971304696,324.7669347116034,21.5734062974884
451,1,0.09855216129952214,51.495050192215245,0.4787699703775383,275.13717401257,24.86431005794402
451,2,0.09855216129952214,51.495050192215245,0.10430621625842917,317.76794286828823,27.224116335295303
451,3,0.09855216129952214,51.495050192215245,0.40774261171217063,226.3562148266569,27.459678729318735
451,4,0.09855216129952214,51.495050192215245,0.4887420984071128,158.93981981388038,27.286533738294896
451,5,0.09855216129952214,51.495050192215245,0.5510981959304274,102.89092170393289,24.23561949760827
451,6,0.09855216129952214,51.495050192215245,0.6115026719059836,123.62880274338677,19.858691363107965
451,7,0.09855216129952214,51.495050192215245,0.6391519680560228,202.09625888055447,17.380714919410895
451,8,0.09855216129952214,51.495050192215245,0.47179040629681945,327.5314332847394,12.07116738549622
451,9,0.09855216129952214,51.495050192215245,0.42736752512705756,295.7162800740055,13.27959890751777
451,10,0.09855216129952214,51.495050192215245,0.4075764429287027,436.8952286308249,13.688418714287788
451,11,0.09855216129952214,51.495050192215245,0.446301035870048,415.7807555453609,16.22267506112139
452,0,0.0769436824775313,52.22254954365114,0.28708885587976235,363.58837665654454,20.228425502034316
452,1,0.0769436824775313,52.22254954365114,0.5265223399221338,440.78555630418805,24.154938523414096
452,2,0.0769436824775313,52.22254954365114,0.7437774955830747,386.74213328592884,28.05560090381354
452,3,0.0769436824775313,52.22254954365114,0.45496633829625155,246.70782080530614,28.432913598147763
452,4,0.0769436824775313,52.22254954365114,0.67117371499881,107.49627147496332,28.28470043897132
452,5,0.0769436824775313,52.22254954365114,0.41381601597069906,121.91529642029319,25.104581635142377
452,6,0.0769436824775313,52.22254954365114,0.5128436177951006,135.93783232194585,18.979762188478585
452,7,0.0769436824775313,52.22254954365114,0.594260582548209,186.1373003838905,17.67020548403903
452,8,0.0769436824775313,52.22254954365114,0.3807941350764804,296.88943133091243,12.999483794573068
452,9,0.0769436824775313,52.22254954365114,0.44470315477864797,464.2729668135396,12.057374293928675
452,10,0.0769436824775313,52.22254954365114,0.6381243944926493,409.1636028347592,14.207041107099268
452,11,0.0769436824775313,52.22254954365114,0.5265624091087979,341.0336199775488,15.9374369001838
453,0,0.07552627296102847,51.82811257946692,0.594970511766806,313.50035226607787,19.242407538808216
453,1,0.07552627296102847,51.82811257946692,0.6532569142140109,326.68074188333446,24.01123043756054
453,2,0.07552627296102847,51.82811257946692,0.43927914643148774,398.7026215210855,26.49158381114254
453,3,0.07552627296102847,51.82811257946692,0.5485404179035289,314.04959342755643,26.790829896248542
453,4,0.07552627296102847,51.82811257946692,0.6042351319234678,145.5583603654719,25.79528043113371
453,5,0.07552627296102847,51.82811257946692,0.4577163828397902,123.67796115643915,22.34770611431813
453,6,0.07552627296102847,51.82811257946692,0.4343237251323152,142.23125211786368,20.519183761272025
453,7,0.07552627296102847,51.82811257946692,0.5206582692679101,183.50771481367437,15.05251420847323
453,8,0.07552627296102847,51.82811257946692,0.5547098925788908,276.6436635692415,12.691014860599827
453,9,0.07552627296102847,51.82811257946692,0.26086708410532905,413.7683559331679,12.55032135397029
453,10,0.07552627296102847,51.82811257946692,0.5406684810747122,370.4026649700878,12.604059332738768
453,11,0.07552627296102847,51.82811257946692,0.6472253590456135,406.47296206638106,14.62783021268869
454,0,0.1793698192099496,51.86495717675545,0.5247679211738883,371.7563642486569,21.309436574573798
454,1,0.1793698192099496,51.86495717675545,0.4947695873928686,522.301387877625,23.551122529948138
454,2,0.1793698192099496,51.86495717675545,0.4319133826860472,380.34558703617387,26.87833995631132
454,3,0.1793698192099496,51.86495717675545,0.3825245901803802,266.8731784938677,27.628724527466414
454,4,0.1793698192099496,51.86495717675545,0.5443851810920987,123.74737865935336,26.612071949041045
454,5,0.1793698192099496,51.86495717675545,0.48974401685988794,108.055781663713,27.057078951596154
454,6,0.1793698192099496,51.86495717675545,0.34717914641953473,127.13111662025041,20.352642687979852
454,7,0.1793698192099496,51.86495717675545,0.520697090622156,182.70695867394582,16.560332091765858
454,8,0.1793698192099496,51.86495717675545,0.6019808748378086,226.77119926781174,12.523237168486634
454,9,0.1793698192099496,51.86495717675545,0.33818899314240636,274.98125231937337,12.037695689087956
454,10,0.1793698192099496,51.86495717675545,0.7590992828049932,432.6256490406741,11.229497225429585
454,11,0.1793698192099496,51.86495717675545,0.4720313208599033,342.13231315806013,15.969320907918
455,0,0.08035894454300878,52.00909035731316,0.4217050435576318,401.85385652033034,20.8567654917823
455,1,0.08035894454300878,52.00909035731316,0.656849027071601,418.47248638358104,25.40221343774395
455,2,0.08035894454300878,52.00909035731316,0.4980427252771295,300.6722337169969,26.826025824808838
455,3,0.08035894454300878,52.00909035731316,0.4156634127754584,194.7142919189287,27.89520166746227
455,4,0.08035894454300878,52.00909035731316,0.6058215977895491,132.34546397101343,27.574433968574176
455,5,0.08035894454300878,52.00909035731316,0.5630462668108642,118.73578189257422,26.489931277203247
455,6,0.08035894454300878,52.00909035731316,0.3230305145624175,154.21626936090203,19.875644927868024
455,7,0.08035894454300878,52.00909035731316,0.40739606624163927,147.17952461897903,17.352369253605524
455,8,0.08035894454300878,52.00909035731316,0.49251404674993937,253.46560792405063,13.96744459195499
455,9,0.08035894454300878,52.00909035731316,0.43724047207579037,484.6574886910148,11.503742314392104
455,10,0.08035894454300878,52.00909035731316,0.30388744342231944,346.4090926182774,12.684814381053362
455,11,0.08035894454300878,52.00909035731316,0.5877900052192383,429.0313835714672,16.49146199620994
456,0,0.08662560623939353,51.80028988850583,0.3922382995126531,375.74505454620817,19.81388174464731
456,1,0.08662560623939353,51.80028988850583,0.4453070122356808,342.18010434356074,22.429966014481124
456,2,0.08662560623939353,51.80028988850583,0.5278185825369651,313.1593900563088,28.087889079902602
456,3,0.08662560623939353,51.80028988850583,0.5050317017709388,265.4295954532427,28.34997698988262
456,4,0.08662560623939353,51.80028988850583,0.5484809268114345,139.03963785781465,26.061671349840807
456,5,0.08662560623939353,51.80028988850583,0.693052685465679,142.2854318028169,24.001851878463153
456,6,0.08662560623939353,51.80028988850583,0.36698837337941187,153.92151603395723,19.894920894601977
456,7,0.08662560623939353,51.80028988850583,0.5871872759920961,160.88515956515,14.173311889689998
456,8,0.08662560623939353,51.80028988850583,0.4857013841901531,299.4426535725571,15.006674304118391
456,9,0.08662560623939353,51.80028988850583,0.39585568807139393,343.9038682582313,13.448758826836523
456,10,0.08662560623939353,51.80028988850583,0.646458077167368,369.57708419117,13.540005648787895
456,11,0.08662560623939353,51.80028988850583,0.7428443850384194,322.4816456861721,17.212189540001777
457,0,0.052751779638358566,52.201231639821756,0.4233836546787153,343.1399916928824,20.601672497334057
457,1,0.052751779638358566,52.201231639821756,0.4854236867091387,382.8913041010395,24.49934628437957
457,2,0.052751779638358566,52.201231639821756,0.5544352642039031,325.24656042936704,27.559574181643768
457,3,0.052751779638358566,52.201231639821756,0.34263359982690994,293.7667308306709,27.08791943231781
457,4,0.052751779638358566,52.201231639821756,0.5093827473088821,142.05268427700187,26.2477914384073
457,5,0.052751779638358566,52.201231639821756,0.458215632604963,136.82463306471473,24.429062643781936
457,6,0.052751779638358566,52.201231639821756,0.66111267242555,132.17405741874245,20.429643242311656
457,7,0.052751779638358566,52.201231639821756,0.3607215168815022,144.6720832453155,16.308301469130026
457,8,0.052751779638358566,52.201231639821756,0.5010802429008376,222.75850004084768,13.143505319484971
457,9,0.052751779638358566,52.201231639821756,0.5444623379238078,330.18812718354184,11.571327609823811
457,10,0.052751779638358566,52.201231639821756,0.6012999347627259,231.72569903690376,13.488238600296224
457,11,0.052751779638358566,52.201231639821756,0.34465948268354046,308.22295904463755,15.018198627834154
458,0,0.1571480968561745,52.05116936605947,0.5354459888664932,322.74691878470725,20.546713297622663
458,1,0.1571480968561745,52.05116936605947,0.37503596541258516,276.1857048177533,24.382757216796072
458,2,0.1571480968561745,52.05116936605947,0.4945668721978606,293.133682377977,29.11426138077346
458,3,0.1571480968561745,52.05116936605947,0.5171647008425504,228.49849431917366,26.6170596770149
458,4,0.1571480968561745,52.05116936605947,0.5185617719820138,163.05791922047953,27.11992497035992
458,5,0.1571480968561745,52.05116936605947,0.5092090628087417,108.11416720415153,23.852775273190435
458,6,0.1571480968561745,52.05116936605947,0.34890983651317353,131.06794007891426,21.23936474175248
458,7,0.1571480968561745,52.05116936605947,0.3264549857031384,184.87280555496335,15.86391082068619
458,8,0.1571480968561745,52.05116936605947,0.5503184008578303,310.0693804020687,12.912315020110182
458,9,0.1571480968561745,52.05116936605947,0.49656260806729685,323.862756201529,12.229635435647081
458,10,0.1571480968561745,52.05116936605947,0.5104952221753905,341.037804448787,12.988668031398936
458,11,0.1571480968561745,52.05116936605947,0.456183004084307,315.3400400803237,14.666978847832418
459,0,0.11324567984722005,51.60583461511641,0.5855038637116297,361.8646899527076,20.09571487848696
459,1,0.11324567984722005,51.60583461511641,0.5390093199734942,440.83440317309737,23.56767665859037
459,2,0.11324567984722005,51.60583461511641,0.2934116510054219,428.88612635258494,27.379118068053607
459,3,0.11324567984722005,51.60583461511641,0.5654554717306105,238.9758786934957,28.073142689569764
459,4,0.11324567984722005,51.60583461511641,0.38548217216805536,145.98403495503678,24.81461302551402
459,5,0.11324567984722005,51.60583461511641,0.3907514128261228,142.03220287172303,24.9902366528541
459,6,0.11324567984722005,51.60583461511641,0.6850687297232243,140.4350209667364,18.572500681349332
459,7,0.11324567984722005,51.60583461511641,0.490958402379561,220.66106949995418,16.186364636850058
459,8,0.11324567984722005,51.60583461511641,0.41282990192116337,270.0941346679519,12.689555937381945
459,9,0.11324567984722005,51.60583461511641,0.4737673511076381,326.5221604928694,13.47731308187667
459,10,0.11324567984722005,51.60583461511641,0.41525904946356285,458.3171775076307,13.296050124159544
459,11,0.11324567984722005,51.60583461511641,0.504238171783216,350.6925386987186,15.899166130251569
460,0,0.12026881152780759,52.93351943227336,0.3920932720601358,375.03102384314167,20.055450991055643
460,1,0.12026881152780759,52.93351943227336,0.4080404753083998,458.07158637318906,23.459544067414793
460,2,0.12026881152780759,52.93351943227336,0.5016457346754708,355.5855173339646,26.57176799976258
460,3,0.12026881152780759,52.93351943227336,0.5373422858302843,223.52302127695356,28.42603095011265
460,4,0.12026881152780759,52.93351943227336,0.6431979403784017,120.09893358781486,28.30421537915979
460,5,0.12026881152780759,52.93351943227336,0.5892655728798323,113.94129537947546,24.149115063295234
460,6,0.12026881152780759,52.93351943227336,0.5572186036354255,145.16270043885774,21.642920928063678
460,7,0.12026881152780759,52.93351943227336,0.6186957827669021,160.3081595744613,17.023052917459776
460,8,0.12026881152780759,52.93351943227336,0.43597090020307594,238.74215994314372,12.78504678068048
460,9,0.12026881152780759,52.93351943227336,0.44092709290024956,354.077806411978,10.756057661970935
460,10,0.12026881152780759,52.93351943227336,0.4609262467373389,412.5677124599037,13.648379125019117
460,11,0.12026881152780759,52.93351943227336,0.42174884590991046,424.7128095694407,15.155385587327679
461,0,0.12163501482440807,52.02745497347815,0.5606448682599701,348.00740778080166,19.688998912681118
461,1,0.12163501482440807,52.02745497347815,0.5647178868418036,418.9118293892802,25.182703490472836
461,2,0.12163501482440807,52.02745497347815,0.4808288013027563,344.34832588653984,26.46461105002011
461,3,0.12163501482440807,52.02745497347815,0.5502301509531027,208.2784312913304,30.213410763447513
461,4,0.12163501482440807,52.02745497347815,0.5253951854031821,118.53422355387256,24.315269857931
461,5,0.12163501482440807,52.02745497347815,0.6281475095671938,113.5108867362428,22.973971205543815
461,6,0.12163501482440807,52.02745497347815,0.5510204780742016,118.56899326759378,19.457810322487646
461,7,0.12163501482440807,52.02745497347815,0.49103305804564146,192.46819911998114,15.348540688717733
461,8,0.12163501482440807,52.02745497347815,0.45792580801793714,292.67931049459645,11.959323077963857
461,9,0.12163501482440807,52.02745497347815,0.47487646534914085,256.9863844848408,11.283919847521663
461,10,0.12163501482440807,52.02745497347815,0.3056486857739741,496.1635419358149,14.679219515888402
461,11,0.12163501482440807,52.02745497347815,0.49743814115750784,369.04043289905326,15.624984185024308
462,0,0.0513149285637759,51.291819471894534,0.548184450300996,316.6238140139204,21.757660254907545
462,1,0.0513149285637759,51.291819471894534,0.5211663087062356,332.6994883840011,24.995200149953302
462,2,0.0513149285637759,51.291819471894534,0.4914001210913066,341.59866132181764,27.857734565896198
462,3,0.0513149285637759,51.291819471894534,0.582594678510626,328.45968529151963,28.125792481957742
462,4,0.0513149285637759,51.291819471894534,0.5612076801190954,136.53338609728505,27.251091607951736
462,5,0.0513149285637759,51.291819471894534,0.5911180079384574,116.38419819449075,24.451317437150752
462,6,0.0513149285637759,51.291819471894534,0.539676991265721,155.24264110126813,18.5930301433496
462,7,0.0513149285637759,51.291819471894534,0.38346302894384743,194.04101524246562,17.10416261826232
462,8,0.0513149285637759,51.291819471894534,0.49075538431870724,250.5187455773913,12.488050429720305
462,9,0.0513149285637759,51.291819471894534,0.44416461851933875,363.20874759614236,11.301490031480517
462,10,0.0513149285637759,51.291819471894534,0.6281040215183646,396.05372394165397,14.08636082142969
462,11,0.0513149285637759,51.291819471894534,0.40883038094996377,302.0979386060896,15.89137123064851
463,0,0.12457144586046938,51.90535384616871,0.6454827964897051,320.570967792452,21.328744809633072
463,1,0.12457144586046938,51.90535384616871,0.616476292208822,436.3432764910718,22.615011675384295
463,2,0.12457144586046938,51.90535384616871,0.5417028019955775,282.90855796542786,26.58384382807582
463,3,0.12457144586046938,51.90535384616871,0.5565907652321794,206.34503361263756,29.069968477358834
463,4,0.12457144586046938,51.90535384616871,0.47505129053504686,138.0862377254033,28.1547985129167
463,5,0.12457144586046938,51.90535384616871,0.6128184374970438,132.08300342112813,22.956304605243275
463,6,0.12457144586046938,51.90535384616871,0.3973463978947991,121.05937504687586,18.88841498737705
463,7,0.12457144586046938,51.90535384616871,0.5361995110820567,166.74762350925357,18.793692524847376
463,8,0.12457144586046938,51.90535384616871,0.3445940119506241,244.618969962637,14.754053010759995
463,9,0.12457144586046938,51.90535384616871,0.5646619410511804,343.67627151148923,12.147747798025264
463,10,0.12457144586046938,51.90535384616871,0.5275426825650752,561.5422643489543,13.632787914934989
463,11,0.12457144586046938,51.90535384616871,0.6626104898079236,367.0287691772689,16.677064780357366
464,0,0.09151508739795955,52.02751421111403,0.4161093396517614,325.56870725260774,21.23816133250165
464,1,0.09151508739795955,52.02751421111403,0.6006794590952056,456.01528649226924,22.150873500667856
464,2,0.09151508739795955,52.02751421111403,0.4576187226541193,408.55729898940615,27.117990161349617
464,3,0.09151508739795955,52.02751421111403,0.46550465488955484,229.8957853341234,28.807661382382467
464,4,0.09151508739795955,52.02751421111403,0.43748370219076294,121.6280981848712,27.375109992410547
464,5,0.09151508739795955,52.02751421111403,0.4627809159718477,88.52966951648521,23.143532927289673
464,6,0.09151508739795955,52.02751421111403,0.42690457854253255,144.74967638432236,21.189767360161493
464,7,0.09151508739795955,52.02751421111403,0.40671141258751736,165.60402720299828,15.754786921784023
464,8,0.09151508739795955,52.02751421111403,0.6845366212269298,319.52994720033706,12.849005788518213
464,9,0.09151508739795955,52.02751421111403,0.23313152599597275,392.6167276704667,12.380969564255853
464,10,0.09151508739795955,52.02751421111403,0.6390179263652661,480.566685440006,13.388227446352404
464,11,0.09151508739795955,52.02751421111403,0.5245722817965086,413.846429430789,17.685743561198006
465,0,0.0706078832203939,51.89051674218646,0.4308925914844288,418.0792922729608,19.064167852341036
465,1,0.0706078832203939,51.89051674218646,0.549187757839497,227.22193054454024,24.18239257523235
465,2,0.0706078832203939,51.89051674218646,0.47476649421838857,382.5960623797944,24.993047040166452
465,3,0.0706078832203939,51.89051674218646,0.43670806715136745,239.05661971355835,28.363494560321058
465,4,0.0706078832203939,51.89051674218646,0.5162408392703756,135.07158260931863,28.45326757379955
465,5,0.0706078832203939,51.89051674218646,0.4663218648298597,112.59520777706703,25.22816513752445
465,6,0.0706078832203939,51.89051674218646,0.5977756096123401,150.1251155287649,18.643769499032974
465,7,0.0706078832203939,51.89051674218646,0.4548436189621835,178.61948500162754,15.884578089634243
465,8,0.0706078832203939,51.89051674218646,0.6159320562129109,283.29489069037845,14.887512238794754
465,9,0.0706078832203939,51.89051674218646,0.3011443998466128,328.8459783792764,12.614240354822236
465,10,0.0706078832203939,51.89051674218646,0.5153219990424883,415.96155148342405,13.999493532812291
465,11,0.0706078832203939,51.89051674218646,0.4056065168712053,337.24369646940954,15.309239341726592
466,0,0.14862540295642676,51.89430004309024,0.675073272480961,335.7281697694232,20.392608226134907
466,1,0.14862540295642676,51.89430004309024,0.6619327854377902,301.1102553193524,24.809459388194597
466,2,0.14862540295642676,51.89430004309024,0.37533307303146735,303.4555533572291,25.915963856900134
466,3,0.14862540295642676,51.89430004309024,0.446059996553695,230.99534447428158,27.48267444398604
466,4,0.14862540295642676,51.89430004309024,0.531300264250456,149.4076722956061,27.45280509413899
466,5,0.14862540295642676,51.89430004309024,0.3744101173416676,127.111012852458,26.31321636300453
466,6,0.14862540295642676,51.89430004309024,0.3550655039873918,134.34260505344864,20.769155515434242
466,7,0.14862540295642676,51.89430004309024,0.5138318648502957,207.06120503962435,15.957835931462489
466,8,0.14862540295642676,51.89430004309024,0.4831240887325794,348.4067350560851,11.075858701958055
466,9,0.14862540295642676,51.89430004309024,0.5779445623294603,331.27287460305365,11.544426758330726
466,10,0.14862540295642676,51.89430004309024,0.46961191175474376,406.66187919261176,13.35411911796151
466,11,0.14862540295642676,51.89430004309024,0.5705697095753353,405.9380185640639,15.797359853250011
467,0,0.14384244321637993,52.511519745484,0.6195374795360297,435.815837045074,19.642555759355847
467,1,0.14384244321637993,52.511519745484,0.5543159067018208,362.33592378238166,25.577991507678565
467,2,0.14384244321637993,52.511519745484,0.5373736338758784,387.81582640833756,26.534533035797256
467,3,0.14384244321637993,52.511519745484,0.5451009245324792,340.8832433794268,26.73762584424332
467,4,0.14384244321637993,52.511519745484,0.4691737851409101,128.2713186379108,26.86963435641132
467,5,0.14384244321637993,52.511519745484,0.4998178402900267,127.34428326086027,23.183130377290546
467,6,0.14384244321637993,52.511519745484,0.616281286351061,117.10706672460216,20.458595834199944
467,7,0.14384244321637993,52.511519745484,0.5071262181754044,134.94022201174153,18.17253956195495
467,8,0.14384244321637993,52.511519745484,0.6530410357674765,290.03837081630877,12.890106590152309
467,9,0.14384244321637993,52.511519745484,0.5113106631796639,371.98368431720087,11.957441425661303
467,10,0.14384244321637993,52.511519745484,0.27576839633011285,282.27345837406136,12.922150910848142
467,11,0.14384244321637993,52.511519745484,0.6111620050517461,426.4282311487842,15.236655762699984
468,0,0.10646722377481559,51.77909468806195,0.39217636948270207,368.03880507840165,20.33683579535583
468,1,0.10646722377481559,51.77909468806195,0.4667450516244754,471.3100444706097,24.327699339841924
468,2,0.10646722377481559,51.77909468806195,0.3493017797828052,444.2233084550032,27.99761618572769
468,3,0.10646722377481559,51.77909468806195,0.5689907653605188,243.27283628850296,28.249078151944325
468,4,0.10646722377481559,51.77909468806195,0.616425177405522,119.24460830549818,27.53757649820561
468,5,0.10646722377481559,51.77909468806195,0.5823236592716562,118.0261824273993,21.723417662482845
468,6,0.10646722377481559,51.77909468806195,0.4872947902975428,151.7464228549603,19.339005275536547
468,7,0.10646722377481559,51.77909468806195,0.6651809403145595,140.03792679220612,14.866969360979677
468,8,0.10646722377481559,51.77909468806195,0.3128589096404403,360.7024233315856,11.464426549132343
468,9,0.10646722377481559,51.77909468806195,0.6455979429897415,399.89991434588836,11.783795980771103
468,10,0.10646722377481559,51.77909468806195,0.6415740691063871,361.3638714773549,13.741435975534142
468,11,0.10646722377481559,51.77909468806195,0.6034927396440183,383.3483612408595,14.448844520451214
469,0,0.1248044072854877,51.822661815059114,0.480279399411293,328.51862926852255,18.67498892090078
469,1,0.1248044072854877,51.822661815059114,0.5597599617338117,458.2537645741344,23.33604321652736
469,2,0.1248044072854877,51.822661815059114,0.581459149165048,461.9520167499797,27.265827482756
469,3,0.1248044072854877,51.822661815059114,0.7526987772478179,239.79682975628964,28.835552291155054
469,4,0.1248044072854877,51.822661815059114,0.5320524531849993,145.7922427567058,28.999204341291396
469,5,0.1248044072854877,51.822661815059114,0.4990225182984539,125.57494259854457,25.208682806544118
469,6,0.1248044072854877,51.822661815059114,0.5217274472612421,140.38905804518242,20.39135113480167
469,7,0.1248044072854877,51.822661815059114,0.5148979456423862,211.78715032545762,17.854946391274453
469,8,0.1248044072854877,51.822661815059114,0.4068453956792675,273.19728144878013,10.63389541446589
469,9,0.1248044072854877,51.822661815059114,0.6445397872745264,312.01635582419493,13.733825811358248
469,10,0.1248044072854877,51.822661815059114,0.592318342880003,455.77289799490626,11.371916305432558
469,11,0.1248044072854877,51.822661815059114,0.5356214078341291,336.87961188887016,16.217490796085475
470,0,0.16257042810364605,51.79095131568056,0.5841607345195171,420.34462247540836,20.080977308313784
470,1,0.16257042810364605,51.79095131568056,0.7201748313060168,409.9832204204369,24.223315893769385
470,2,0.16257042810364605,51.79095131568056,0.49685490192305143,387.83256949205605,26.473844987238913
470,3,0.16257042810364605,51.79095131568056,0.5246390886499218,194.08808380783782,28.335885920803292
470,4,0.16257042810364605,51.79095131568056,0.5389401597336675,151.1657063401834,26.795236735335003
470,5,0.16257042810364605,51.79095131568056,0.554827802366993,113.22327488941949,22.813658273571047
470,6,0.16257042810364605,51.79095131568056,0.44983467137341854,154.98676833735868,17.588772533656858
470,7,0.16257042810364605,51.79095131568056,0.30911279514736767,175.22021715462122,15.11800457543771
470,8,0.16257042810364605,51.79095131568056,0.47458863491471137,273.63738980580365,14.37152557977088
470,9,0.16257042810364605,51.79095131568056,0.5406445889051628,335.6924520985133,12.836289709434574
470,10,0.16257042810364605,51.79095131568056,0.5406684813069969,280.9865661611782,13.03454459577519
470,11,0.16257042810364605,51.79095131568056,0.23823976708661948,459.4748491951435,14.994672221744425
471,0,0.061752545578971564,51.84911597356974,0.4536292575707266,398.34373052880363,18.608078983536632
471,1,0.061752545578971564,51.84911597356974,0.5832628462728848,451.4614255518159,23.911884825369203
471,2,0.061752545578971564,51.84911597356974,0.5140598094793366,348.83809272132737,26.45883321023134
471,3,0.061752545578971564,51.84911597356974,0.47258818526048724,227.66929646775733,29.55785761246671
471,4,0.061752545578971564,51.84911597356974,0.5036820861762211,139.5208307590444,25.294807096127034
471,5,0.061752545578971564,51.84911597356974,0.501655021136991,121.09466828505676,23.663294736794345
471,6,0.061752545578971564,51.84911597356974,0.5475796331439261,166.51672979760235,19.67801933084181
471,7,0.061752545578971564,51.84911597356974,0.27234142312047993,183.75861211776026,15.434776055208452
471,8,0.061752545578971564,51.84911597356974,0.4357145259375115,316.0560278339523,13.920713052621059
471,9,0.061752545578971564,51.84911597356974,0.38467738694245623,414.24657575094074,11.591809389819765
471,10,0.061752545578971564,51.84911597356974,0.498670198123062,395.12241210572574,12.839705184896417
471,11,0.061752545578971564,51.84911597356974,0.6612958312618181,306.41417133632353,17.187469050017008
472,0,0.13239598659999968,51.73406105146962,0.503662414781203,350.28140731491186,19.899046979378575
472,1,0.13239598659999968,51.73406105146962,0.4501254662645426,385.79617655588146,23.144278068597913
472,2,0.13239598659999968,51.73406105146962,0.5375405836514038,266.3420990971495,26.35471943388598
472,3,0.13239598659999968,51.73406105146962,0.6175429227928552,251.32624889880856,27.314059462726746
472,4,0.13239598659999968,51.73406105146962,0.5783311195811811,147.37404346032875,25.83237415907229
472,5,0.13239598659999968,51.73406105146962,0.47374656156980866,111.3640418252098,23.621862434730538
472,6,0.13239598659999968,51.73406105146962,0.3476790080254262,130.98148774743694,22.399726095738902
472,7,0.13239598659999968,51.73406105146962,0.4356618868375556,158.5046981048579,17.565048155458232
472,8,0.13239598659999968,51.73406105146962,0.4063428401705597,234.14299812398477,12.456769496005396
472,9,0.13239598659999968,51.73406105146962,0.28440246587948925,317.0232616111554,11.362616384231506
472,10,0.13239598659999968,51.73406105146962,0.5019319969382288,382.7766573215055,13.850174352815461
472,11,0.13239598659999968,51.73406105146962,0.4356297086964565,392.46850954657805,15.893810399798383
473,0,0.20426164445339054,52.05303515021917,0.5089978436771592,350.8517255005913,20.392852866879583
473,1,0.20426164445339054,52.05303515021917,0.4676810447641539,367.5168610757862,24.060040693211505
473,2,0.20426164445339054,52.05303515021917,0.5635012457464202,396.7299807207327,26.21897344756619
473,3,0.20426164445339054,52.05303515021917,0.6968737602781555,178.54395571784508,27.932969872399976
473,4,0.20426164445339054,52.05303515021917,0.4482605306781936,140.0012274070517,26.07351207405986
473,5,0.20426164445339054,52.05303515021917,0.6572661865868108,123.96570993673599,23.55537319008408
473,6,0.20426164445339054,52.05303515021917,0.4049972382548352,159.08743588812075,19.662615230366352
473,7,0.20426164445339054,52.05303515021917,0.4180510126937031,206.74675017742135,17.09435367735482
473,8,0.20426164445339054,52.05303515021917,0.6552934935818269,262.82166167208635,12.09569285230315
473,9,0.20426164445339054,52.05303515021917,0.44461877108669307,249.91812382018256,12.088810778073242
473,10,0.20426164445339054,52.05303515021917,0.7765803105442294,396.14307450866596,11.927580309664751
473,11,0.20426164445339054,52.05303515021917,0.5461097367286235,387.50042363085123,18.031860717979182
474,0,0.2864956390091849,52.44518098154166,0.4018481226628491,317.95931644725937,20.45759228096531
474,1,0.2864956390091849,52.44518098154166,0.4604647852969923,415.3528498093856,26.647746564555575
474,2,0.2864956390091849,52.44518098154166,0.5007222549059742,278.53297291668616,25.769766361262015
474,3,0.2864956390091849,52.44518098154166,0.5467257846173891,250.40560489254082,29.559344307390983
474,4,0.2864956390091849,52.44518098154166,0.5494289091517118,161.82811360315702,26.409187404640537
474,5,0.2864956390091849,52.44518098154166,0.481321216340863,92.66082048644769,22.922700457981676
474,6,0.2864956390091849,52.44518098154166,0.4329201463951985,136.0484319112885,20.148110927958253
474,7,0.2864956390091849,52.44518098154166,0.34278583904782034,133.91458991357771,17.051257871579615
474,8,0.2864956390091849,52.44518098154166,0.42259709232791054,284.86394106827197,12.154799784544485
474,9,0.2864956390091849,52.44518098154166,0.5048281708591613,365.6591988894825,11.82103409733542
474,10,0.2864956390091849,52.44518098154166,0.5171807862261588,508.8689116831669,11.659710252360265
474,11,0.2864956390091849,52.44518098154166,0.6603588673122387,387.9158604354186,17.12367607577883
475,0,0.14157178520950117,52.060338350731485,0.5183366186121912,302.77905145854623,19.811118592392628
475,1,0.14157178520950117,52.060338350731485,0.4483349846975715,420.14567881797007,23.92876907322534
475,2,0.14157178520950117,52.060338350731485,0.5434863911831593,354.8029636415329,27.444398733268386
475,3,0.14157178520950117,52.060338350731485,0.44369821157814837,299.65529739709956,27.38489230630935
475,4,0.14157178520950117,52.060338350731485,0.5582668985858467,95.37390420041433,26.058691078538263
475,5,0.14157178520950117,52.060338350731485,0.4764761308666917,155.06648183414157,23.25631651920944
475,6,0.14157178520950117,52.060338350731485,0.41365271949976834,115.8164316490151,20.118659376769422
475,7,0.14157178520950117,52.060338350731485,0.541443399667137,164.08545121380558,15.991529455230298
475,8,0.14157178520950117,52.060338350731485,0.7523123142024226,326.71494522126017,13.783335199839085
475,9,0.14157178520950117,52.060338350731485,0.671993862935045,294.6056577830537,11.309375231585562
475,10,0.14157178520950117,52.060338350731485,0.5634349780350726,350.22675858320883,13.752937959608289
475,11,0.14157178520950117,52.060338350731485,0.3788123010736654,357.5548572185347,14.8528850638075
476,0,0.1436775095449519,52.067470797581684,0.6042007845828243,417.88744948931867,19.13765931361691
476,1,0.1436775095449519,52.067470797581684,0.3980127506072717,370.82812634877797,24.267507428847665
476,2,0.1436775095449519,52.067470797581684,0.5189141433738622,367.69726795416335,26.760334726723364
476,3,0.1436775095449519,52.067470797581684,0.5649545183310419,258.04766760987985,25.42321295914545
476,4,0.1436775095449519,52.067470797581684,0.44877841914080147,128.02314001429139,27.815557744204618
476,5,0.1436775095449519,52.067470797581684,0.50042019526496,149.1379612012903,23.388132330919966
476,6,0.1436775095449519,52.067470797581684,0.5370539353005437,163.25399379405897,19.05227205706432
476,7,0.1436775095449519,52.067470797581684,0.42798975574775283,192.50870009577176,15.224219989480726
476,8,0.1436775095449519,52.067470797581684,0.3291464790896551,339.2053148873403,13.775882880055502
476,9,0.1436775095449519,52.067470797581684,0.5408331844589135,318.27449142416503,12.341715632266611
476,10,0.1436775095449519,52.067470797581684,0.46575462379510935,337.18693662110644,12.190691414633838
476,11,0.1436775095449519,52.067470797581684,0.678531567616018,422.80351483830924,15.62612004693745
477,0,0.04079844083921248,51.815138804252264,0.47431124401147917,376.9717748277939,20.21231599094919
477,1,0.04079844083921248,51.815138804252264,0.46299628599525194,338.74228721873715,23.781563090273476
477,2,0.04079844083921248,51.815138804252264,0.5299099674143983,294.73742973619653,26.223054547435986
477,3,0.04079844083921248,51.815138804252264,0.4310832139862416,222.66709946289953,27.69797817923142
477,4,0.04079844083921248,51.815138804252264,0.5549532867475336,105.31910817831617,26.35839831759797
477,5,0.04079844083921248,51.815138804252264,0.4884024348038522,98.47581603047873,22.819885728215425
477,6,0.04079844083921248,51.815138804252264,0.3629319981216656,200.79018414552814,20.29670985032996
477,7,0.04079844083921248,51.815138804252264,0.4432190091568592,131.8536933275706,15.657743523141047
477,8,0.04079844083921248,51.815138804252264,0.4323388694966922,243.88079299792489,12.651174580712588
477,9,0.04079844083921248,51.815138804252264,0.5637930571284255,327.8545268307097,11.534023288782365
477,10,0.04079844083921248,51.815138804252264,0.6351836300908251,419.1813603016083,13.207305441996926
477,11,0.04079844083921248,51.815138804252264,0.6262424853776142,389.4938341497085,16.879077865644692
478,0,0.12930744862825075,51.79893481061995,0.3342320448981696,358.77614282125194,17.836331406866595
478,1,0.12930744862825075,51.79893481061995,0.42675841133827586,317.8301955977439,24.64869719142698
478,2,0.12930744862825075,51.79893481061995,0.4893565050536871,450.6181879849065,27.821630153252986
478,3,0.12930744862825075,51.79893481061995,0.5919940044236625,225.3963785367997,28.082527357272483
478,4,0.12930744862825075,51.79893481061995,0.5712331230294075,150.87649075692903,26.397543826391452
478,5,0.12930744862825075,51.79893481061995,0.5923866171965502,108.38472911827367,24.212062175571337
478,6,0.12930744862825075,51.79893481061995,0.579335332513357,132.76996372678306,20.584036947708025
478,7,0.12930744862825075,51.79893481061995,0.35460638254618027,185.23963195383712,15.536206659643772
478,8,0.12930744862825075,51.79893481061995,0.46786020645663307,257.40048642815185,13.093036435733849
478,9,0.12930744862825075,51.79893481061995,0.5778641094156338,344.5289384845958,14.55356232889683
478,10,0.12930744862825075,51.79893481061995,0.5785065994195672,451.80880224371344,13.058261067803896
478,11,0.12930744862825075,51.79893481061995,0.4695163076418327,321.2406223510556,15.978218774650758
479,0,0.08111899901610956,51.41935869943054,0.6294311091483081,383.8386342884674,20.417323614110785
479,1,0.08111899901610956,51.41935869943054,0.5948203363107207,290.22849964916253,24.273731855681028
479,2,0.08111899901610956,51.41935869943054,0.4490156779837506,321.0421662136494,25.678574657866438
479,3,0.08111899901610956,51.41935869943054,0.49394802730651516,182.57951351496163,27.850255470369923
479,4,0.08111899901610956,51.41935869943054,0.5722372493421835,124.0670133326819,25.897814763592315
479,5,0.08111899901610956,51.41935869943054,0.5014907858140027,111.7677192975731,25.218854096391414
479,6,0.08111899901610956,51.41935869943054,0.44507236573296016,169.02051834641236,21.4217702411676
479,7,0.08111899901610956,51.41935869943054,0.4882742077488703,238.1356571040999,16.057686191651516
479,8,0.08111899901610956,51.41935869943054,0.4187539517992798,223.19744390698696,12.912509646652769
479,9,0.08111899901610956,51.41935869943054,0.5114616003178863,307.89764878450893,10.816469907819139
479,10,0.08111899901610956,51.41935869943054,0.47580203956373335,375.6861591822928,14.104141332920955
479,11,0.08111899901610956,51.41935869943054,0.5113923488521359,270.83411597320656,16.01817289772477
480,0,0.10151227435995451,52.74724327811072,0.5458745315962603,266.1503884313172,19.928190173211895
480,1,0.10151227435995451,52.74724327811072,0.3448776109235626,400.38086119317387,24.551394513277092
480,2,0.10151227435995451,52.74724327811072,0.49715828926934047,410.48951466355686,27.068791091750185
480,3,0.10151227435995451,52.74724327811072,0.5825424989931225,271.378421865449,28.96549713153752
480,4,0.10151227435995451,52.74724327811072,0.551947252808342,137.71117047259327,26.313243812077424
480,5,0.10151227435995451,52.74724327811072,0.22789657538025598,138.767292781263,26.76774293175965
480,6,0.10151227435995451,52.74724327811072,0.5002487671773111,178.49905298120885,21.50283215302887
480,7,0.10151227435995451,52.74724327811072,0.6313809340964751,173.0875050747598,15.453023553838747
480,8,0.10151227435995451,52.74724327811072,0.6495917982520492,313.85888750569643,12.920896640201178
480,9,0.10151227435995451,52.74724327811072,0.4040987725513474,435.69903728158783,12.139910997687227
480,10,0.10151227435995451,52.74724327811072,0.383559580155419,425.9699447110492,12.158947449285948
480,11,0.10151227435995451,52.74724327811072,0.5830091739161757,384.96489264436,14.133846052110178
481,0,0.07787432899102106,51.90216212775577,0.43461411884236645,377.4350464621439,19.288791774498538
481,1,0.07787432899102106,51.90216212775577,0.34990810506058423,522.3833032943014,25.864133706793883
481,2,0.07787432899102106,51.90216212775577,0.5952527364106682,482.1327196428953,27.271996206637045
481,3,0.07787432899102106,51.90216212775577,0.46029494950935795,267.1711125712285,25.25085454858308
481,4,0.07787432899102106,51.90216212775577,0.43598167755968603,135.08111726732804,27.52408175214882
481,5,0.07787432899102106,51.90216212775577,0.5159653010783991,106.73739163824615,24.51874328466186
481,6,0.07787432899102106,51.90216212775577,0.44380116024915134,141.36223773654643,19.490798548517414
481,7,0.07787432899102106,51.90216212775577,0.5924354224429883,159.02975010765357,16.08214668320151
481,8,0.07787432899102106,51.90216212775577,0.3604783478370556,257.5490344986271,15.261541494183604
481,9,0.07787432899102106,51.90216212775577,0.4289907882323002,267.64144340866926,11.498536896816105
481,10,0.07787432899102106,51.90216212775577,0.5934009202194779,311.98592071192905,13.746943511199017
481,11,0.07787432899102106,51.90216212775577,0.45917605327526023,329.12957653603314,14.745516801316834
482,0,0.16501311596088275,51.622352106539445,0.3571335163049736,324.8847968975002,19.30898314397866
482,1,0.16501311596088275,51.622352106539445,0.47661173291783554,369.8715331286258,23.22632948878077
482,2,0.16501311596088275,51.622352106539445,0.5867255317478974,441.28700272777263,28.385135889879173
482,3,0.16501311596088275,51.622352106539445,0.7244027386308152,226.64473024140403,27.48593363681072
482,4,0.16501311596088275,51.622352106539445,0.6067606003563305,128.64596222224745,26.786251329031366
482,5,0.16501311596088275,51.622352106539445,0.48471285015605337,133.66881991729755,25.069648697901393
482,6,0.16501311596088275,51.622352106539445,0.4620341210811806,188.77092981065888,21.896184164519134
482,7,0.16501311596088275,51.622352106539445,0.5763950163537904,218.55739684076065,17.988638608424637
482,8,0.16501311596088275,51.622352106539445,0.7099625312997937,254.71049272350035,13.22825108065923
482,9,0.16501311596088275,51.622352106539445,0.631275786161045,209.72681871401997,11.590025315134119
482,10,0.16501311596088275,51.622352106539445,0.6237656161091605,456.6948002805934,13.478350814415792
482,11,0.16501311596088275,51.622352106539445,0.5706014321764019,318.23957817792206,14.595734541662317
483,0,0.1260648210476752,52.02216318146508,0.4208298985896572,377.68531034692904,19.934403707688205
483,1,0.1260648210476752,52.02216318146508,0.5625540792666556,316.6361956885437,23.399020006807714
483,2,0.1260648210476752,52.02216318146508,0.5008379241694831,351.7742386863653,26.718974311173085
483,3,0.1260648210476752,52.02216318146508,0.4692389262562604,228.76792284509543,28.31403625533511
483,4,0.1260648210476752,52.02216318146508,0.5498454544670023,153.19944541706133,26.375189399767795
483,5,0.1260648210476752,52.02216318146508,0.6355954214781501,116.00638450231268,23.223463154223722
483,6,0.1260648210476752,52.02216318146508,0.49376797019785745,137.57673062038376,19.102856434701657
483,7,0.1260648210476752,52.02216318146508,0.28366266564087844,194.8415727329634,16.35166741655136
483,8,0.1260648210476752,52.02216318146508,0.612700912293373,351.59381364577604,13.260548281477728
483,9,0.1260648210476752,52.02216318146508,0.3576571315786913,348.4857289276332,12.039641319224788
483,10,0.1260648210476752,52.02216318146508,0.38172656105663666,517.5752267058411,13.72489276802463
483,11,0.1260648210476752,52.02216318146508,0.3030332285176217,438.3530763047229,15.977017765021174
484,0,0.09646795641415928,51.91829821872348,0.52897253793839,413.1456183657984,20.867064950430898
484,1,0.09646795641415928,51.91829821872348,0.3911544990752443,293.0247291004101,23.267126757367077
484,2,0.09646795641415928,51.91829821872348,0.38672362289556633,300.7780110360437,26.550520543998907
484,3,0.09646795641415928,51.91829821872348,0.5124054627214243,274.33845918127275,28.278067830668455
484,4,0.09646795641415928,51.91829821872348,0.4140118306969351,124.65213382720655,27.796495384649432
484,5,0.09646795641415928,51.91829821872348,0.6610145554022303,109.12243443396129,23.608127472331248
484,6,0.09646795641415928,51.91829821872348,0.5178925729134604,119.8309209502178,19.874510933121606
484,7,0.09646795641415928,51.91829821872348,0.5651260397205969,158.37310761615805,16.11183319308967
484,8,0.09646795641415928,51.91829821872348,0.4859617064219148,356.9964474744259,12.330917116137147
484,9,0.09646795641415928,51.91829821872348,0.7014233191961656,283.82443648611155,12.108881982040707
484,10,0.09646795641415928,51.91829821872348,0.6983234761539773,382.113955940578,13.717785246700066
484,11,0.09646795641415928,51.91829821872348,0.29448878863728284,319.13256678339496,17.801423400115045
485,0,0.16343959775160816,52.46443000671494,0.5342475937642001,323.5096372383694,21.493822805131582
485,1,0.16343959775160816,52.46443000671494,0.5596305751350722,409.5545390967888,23.881689112151292
485,2,0.16343959775160816,52.46443000671494,0.6610167885696011,356.51192153451694,27.889402185983357
485,3,0.16343959775160816,52.46443000671494,0.6144718230767541,343.0336566428454,26.61237284341841
485,4,0.16343959775160816,52.46443000671494,0.4193614453502333,121.6891688610759,27.32770227185348
485,5,0.16343959775160816,52.46443000671494,0.5037799642767966,131.84107656568384,23.681309252315693
485,6,0.16343959775160816,52.46443000671494,0.4570277594060085,118.5143328026507,17.84477209522607
485,7,0.16343959775160816,52.46443000671494,0.48655486605097664,182.85897553180232,15.152105004807325
485,8,0.16343959775160816,52.46443000671494,0.48043681330143184,298.3038039959582,13.720884892825875
485,9,0.16343959775160816,52.46443000671494,0.493417648925486,426.1831446220745,11.883304643550927
485,10,0.16343959775160816,52.46443000671494,0.5728113143695799,369.918707306074,11.955654445419386
485,11,0.16343959775160816,52.46443000671494,0.6395703233456563,277.07920030528857,16.9049953500375
486,0,0.04813281007584659,52.15832187721653,0.6112779140536856,325.5952006987452,19.39756070872099
486,1,0.04813281007584659,52.15832187721653,0.4840101019330954,411.6131664921896,24.085916719708198
486,2,0.04813281007584659,52.15832187721653,0.3817696916203602,402.10640709753756,27.87004708637367
486,3,0.04813281007584659,52.15832187721653,0.4865315672851756,146.93069887991354,28.517158390890636
486,4,0.04813281007584659,52.15832187721653,0.34342010086584096,127.03913314083715,26.939571117408416
486,5,0.04813281007584659,52.15832187721653,0.3893670816400891,111.49942918270999,23.00239937307668
486,6,0.04813281007584659,52.15832187721653,0.42225465158992714,144.72520484329092,19.398552911123296
486,7,0.04813281007584659,52.15832187721653,0.33253133016175906,208.29658481980155,18.295967740929992
486,8,0.04813281007584659,52.15832187721653,0.540103972779444,288.55521568834456,12.733321768687953
486,9,0.04813281007584659,52.15832187721653,0.44326022580464436,366.63557024091006,12.59700037548154
486,10,0.04813281007584659,52.15832187721653,0.442997833392358,370.53063491747537,13.16041667526145
486,11,0.04813281007584659,52.15832187721653,0.5892930977066093,300.72023155075567,16.518315495880255
487,0,0.07003460210732518,51.56452890714698,0.4451740710063104,392.856609163778,20.466395050694615
487,1,0.07003460210732518,51.56452890714698,0.5005015540577666,412.73005773650164,25.883077802508037
487,2,0.07003460210732518,51.56452890714698,0.531772432716026,344.65865061178107,27.491563013653696
487,3,0.07003460210732518,51.56452890714698,0.6090061756423384,203.38163594242167,28.078663728892035
487,4,0.07003460210732518,51.56452890714698,0.4864394940602047,128.4282908581228,25.678521410015197
487,5,0.07003460210732518,51.56452890714698,0.3760774626535219,119.62612250255866,24.0642962620406
487,6,0.07003460210732518,51.56452890714698,0.5314190113012319,113.32731217529586,20.379197336403198
487,7,0.07003460210732518,51.56452890714698,0.553165359230945,168.24442841626464,16.886820761462786
487,8,0.07003460210732518,51.56452890714698,0.4201065283754932,273.3395405966142,12.6828457840376
487,9,0.07003460210732518,51.56452890714698,0.45225018634921077,290.887286897126,12.520333003378044
487,10,0.07003460210732518,51.56452890714698,0.6163809644258427,358.79427016143586,13.279319084972972
487,11,0.07003460210732518,51.56452890714698,0.646569666715418,479.5230177700508,14.379120341319897
488,0,0.11478281734479592,51.79059490707196,0.6213970037490021,358.10835928158457,19.249211939405978
488,1,0.11478281734479592,51.79059490707196,0.6652697892981496,429.08889163251735,23.448862512487114
488,2,0.11478281734479592,51.79059490707196,0.520841500052467,342.7128049505005,27.002154569717916
488,3,0.11478281734479592,51.79059490707196,0.4547667160156215,232.01215189278898,29.09181129774023
488,4,0.11478281734479592,51.79059490707196,0.4276059008842016,121.43125122946921,27.092571657690968
488,5,0.11478281734479592,51.79059490707196,0.5308157151739805,132.49354217525482,23.2656953907116
488,6,0.11478281734479592,51.79059490707196,0.5319182081065457,134.80934775332275,18.4267699113902
488,7,0.11478281734479592,51.79059490707196,0.5414488896369807,203.51562634451497,17.187729514407145
488,8,0.11478281734479592,51.79059490707196,0.3128440880472648,299.0781640475284,13.213436081461381
488,9,0.11478281734479592,51.79059490707196,0.5735205848308758,375.1401190016026,11.817722105596134
488,10,0.11478281734479592,51.79059490707196,0.4103795320110804,358.7960745181823,12.513602196216851
488,11,0.11478281734479592,51.79059490707196,0.4728799873224995,367.20130857482934,16.316918207176847
489,0,0.04916067828632371,51.64403688939199,0.5881150155528694,411.34863827604414,20.583158383344898
489,1,0.04916067828632371,51.64403688939199,0.4717532947922794,336.5201011335083,24.725068919768677
489,2,0.04916067828632371,51.64403688939199,0.38865777620425457,426.35275709640763,24.882940635375846
489,3,0.04916067828632371,51.64403688939199,0.383547941931872,244.62373053663302,29.439213425899997
489,4,0.04916067828632371,51.64403688939199,0.5470113689731412,117.30673735438018,27.761292899385133
489,5,0.04916067828632371,51.64403688939199,0.6139694442618912,159.9553550509143,22.86481523501936
489,6,0.04916067828632371,51.64403688939199,0.39214192649422513,153.98291992170488,18.980714375437756
489,7,0.04916067828632371,51.64403688939199,0.6088839061224581,110.9873810164596,16.51186073400008
489,8,0.04916067828632371,51.64403688939199,0.571102412350093,330.46743532410403,12.644390549811929
489,9,0.04916067828632371,51.64403688939199,0.4237167354283674,269.38388732047025,11.414603728452027
489,10,0.04916067828632371,51.64403688939199,0.4535996334156577,411.70280371488417,13.988738730620613
489,11,0.04916067828632371,51.64403688939199,0.5145620071209632,349.6638514936113,16.10072577769909
490,0,0.08270871436163066,51.925790079259414,0.660749062280976,394.3086485572682,19.822070264022326
490,1,0.08270871436163066,51.925790079259414,0.6166589755856,368.6764957165992,25.648991965674952
490,2,0.08270871436163066,51.925790079259414,0.5923139093021408,279.04419111074657,26.866658102599196
490,3,0.08270871436163066,51.925790079259414,0.5778425764401794,284.470577713806,27.553583841383375
490,4,0.08270871436163066,51.925790079259414,0.3772676754273939,157.96292570898962,28.590111309965334
490,5,0.08270871436163066,51.925790079259414,0.4818141839779011,139.03134392058516,24.385830187101874
490,6,0.08270871436163066,51.925790079259414,0.47564689273160193,148.71200363179378,21.172804022115354
490,7,0.08270871436163066,51.925790079259414,0.4352191478519587,169.91589815669468,14.343039162175947
490,8,0.08270871436163066,51.925790079259414,0.3578417938718568,242.38320969275836,13.033859648378447
490,9,0.08270871436163066,51.925790079259414,0.5833727963083488,398.3435495807799,11.14659290563837
490,10,0.08270871436163066,51.925790079259414,0.4815516855130943,516.8679907545011,14.983752466538826
490,11,0.08270871436163066,51.925790079259414,0.4627356438694127,320.35127070050044,16.626544466675
491,0,0.09792896940912461,51.3768948886639,0.5025101256431453,359.03542413856604,20.008260248149444
491,1,0.09792896940912461,51.3768948886639,0.49441605386591936,513.8543389438593,25.77192925561576
491,2,0.09792896940912461,51.3768948886639,0.5252593093627194,411.24178545016815,28.439238257169862
491,3,0.09792896940912461,51.3768948886639,0.47162220689390383,236.33201925784877,29.039901139433994
491,4,0.09792896940912461,51.3768948886639,0.47241270036954447,126.12066592951172,27.592754488291007
491,5,0.09792896940912461,51.3768948886639,0.42900899451778773,124.25222115739244,24.560509107671095
491,6,0.09792896940912461,51.3768948886639,0.517049364798673,149.43096573521137,19.43199832335959
491,7,0.09792896940912461,51.3768948886639,0.4050997765076253,184.0365641613867,15.85871348646826
491,8,0.09792896940912461,51.3768948886639,0.40773612620404687,275.3065466564018,11.9925868492174
491,9,0.09792896940912461,51.3768948886639,0.7927941262900537,312.0751826150013,11.43717821703018
491,10,0.09792896940912461,51.3768948886639,0.4090707113500228,426.3752561988135,12.51823774739597
491,11,0.09792896940912461,51.3768948886639,0.48923289695726185,453.03852449844214,14.64239737452883
492,0,0.06006569910880096,52.6760276603753,0.47981548934899787,386.1704163669122,19.60541261115953
492,1,0.06006569910880096,52.6760276603753,0.5013665828308981,439.9476620790179,24.225685162110945
492,2,0.06006569910880096,52.6760276603753,0.47802245518810793,455.62818286085434,26.235388599064276
492,3,0.06006569910880096,52.6760276603753,0.5029315258411681,243.04798873251622,29.538580459029298
492,4,0.06006569910880096,52.6760276603753,0.2853477431215953,165.25667611961083,25.85871546519466
492,5,0.06006569910880096,52.6760276603753,0.5219849868502174,133.94549873595525,22.614657209870746
492,6,0.06006569910880096,52.6760276603753,0.48229569546961615,123.14368105069536,19.653202398207785
492,7,0.06006569910880096,52.6760276603753,0.5070194086110043,127.95415557583668,14.375242674346389
492,8,0.06006569910880096,52.6760276603753,0.34627857161743447,290.726972778349,13.589246460149324
492,9,0.06006569910880096,52.6760276603753,0.3882009512405999,461.7188987003783,13.023742909418031
492,10,0.06006569910880096,52.6760276603753,0.5528922134324612,405.2481003161099,13.974443738797238
492,11,0.06006569910880096,52.6760276603753,0.5151430998186292,283.2570609319635,17.03964375286719
493,0,0.13978925986051727,52.15053768058999,0.5583968874789449,413.110855956415,18.62912440989391
493,1,0.13978925986051727,52.15053768058999,0.4117205155644936,356.0343885644268,24.756893168339182
493,2,0.13978925986051727,52.15053768058999,0.5910919356841908,382.81781538942056,26.927430490983742
493,3,0.13978925986051727,52.15053768058999,0.5151871974925756,223.46647453713732,27.491628848768404
493,4,0.13978925986051727,52.15053768058999,0.5345946278839331,159.6438997113676,27.046971269652616
493,5,0.13978925986051727,52.15053768058999,0.46862293513750686,132.76889651985908,23.36297079670849
493,6,0.13978925986051727,52.15053768058999,0.45782718346692475,124.01649964780384,18.659776072453276
493,7,0.13978925986051727,52.15053768058999,0.48498412828393517,141.35738495409947,17.050098380880915
493,8,0.13978925986051727,52.15053768058999,0.5751737342406268,254.27400132201592,12.317298748835697
493,9,0.13978925986051727,52.15053768058999,0.5042708854851188,314.5810160574672,12.048677419349973
493,10,0.13978925986051727,52.15053768058999,0.334253910504251,383.3725224736953,12.201403139802721
493,11,0.13978925986051727,52.15053768058999,0.3714160074572736,306.2522406117236,15.198432152862587
494,0,0.0869294635750889,52.07455754455173,0.5555459807206177,250.5689442429958,20.87524659038594
494,1,0.0869294635750889,52.07455754455173,0.49256949747899975,394.9680670875361,23.920094290291296
494,2,0.0869294635750889,52.07455754455173,0.5138927561663457,346.7525757749862,27.477907186351963
494,3,0.0869294635750889,52.07455754455173,0.31138972458699665,267.5829414207992,26.75275679666161
494,4,0.0869294635750889,52.07455754455173,0.5042299799145413,170.1026902790384,26.784489739239955
494,5,0.0869294635750889,52.07455754455173,0.4386813344645531,134.10189278435362,24.667647696153878
494,6,0.0869294635750889,52.07455754455173,0.5145617498204461,127.1542587217952,17.365970135601245
494,7,0.0869294635750889,52.07455754455173,0.4396241066869,207.83890931511968,15.30291175046589
494,8,0.0869294635750889,52.07455754455173,0.4405491177363018,247.6194776558131,13.857175214871312
494,9,0.0869294635750889,52.07455754455173,0.36631810257199027,362.95274472908005,10.990967960600884
494,10,0.0869294635750889,52.07455754455173,0.3866018248908343,234.72089774845716,13.537369132120336
494,11,0.0869294635750889,52.07455754455173,0.5595069051924162,290.73223015298885,15.06868202157655
495,0,0.0817542729944601,52.11065423409429,0.5444568270954715,288.38490820167334,19.042022836227627
495,1,0.0817542729944601,52.11065423409429,0.5868262575024332,416.3469451386658,24.708649350984853
495,2,0.0817542729944601,52.11065423409429,0.6483387566896998,408.475159718063,26.49321034505856
495,3,0.0817542729944601,52.11065423409429,0.40849667954269886,275.27110363770737,28.3341674592672
495,4,0.0817542729944601,52.11065423409429,0.7239345196466652,144.0377226260901,27.455705109425857
495,5,0.0817542729944601,52.11065423409429,0.5586923198596687,149.47368006347455,24.73531785901206
495,6,0.0817542729944601,52.11065423409429,0.5537439271056775,126.49763535569355,18.630119163866652
495,7,0.0817542729944601,52.11065423409429,0.43232438836937204,184.71813192808193,17.333369651110115
495,8,0.0817542729944601,52.11065423409429,0.563254482461471,313.55868287867537,11.963548134648764
495,9,0.0817542729944601,52.11065423409429,0.7544524314396948,358.554767295874,10.667766247862478
495,10,0.0817542729944601,52.11065423409429,0.40607034282706556,499.146033567144,14.229514573505384
495,11,0.0817542729944601,52.11065423409429,0.494438992743539,433.20293106638906,16.760399517702457
496,0,0.06687001082420406,52.24738702565982,0.34784687271723214,339.75484806532694,22.632008695688743
496,1,0.06687001082420406,52.24738702565982,0.5176375230871587,425.78025120776476,23.472970881511852
496,2,0.06687001082420406,52.24738702565982,0.5406949729563616,371.204122375463,27.201792224324073
496,3,0.06687001082420406,52.24738702565982,0.4291507691288018,233.7578683335323,27.929637399417377
496,4,0.06687001082420406,52.24738702565982,0.5675848087415659,114.97784084534014,27.215213766153564
496,5,0.06687001082420406,52.24738702565982,0.45481599164050657,105.39747598101029,22.217779186099843
496,6,0.06687001082420406,52.24738702565982,0.5715686735092815,112.86837824621388,19.731206752183173
496,7,0.06687001082420406,52.24738702565982,0.42940309196641285,202.98287786876162,15.255144159470177
496,8,0.06687001082420406,52.24738702565982,0.5184640871941114,315.93251968627703,13.587543567256969
496,9,0.06687001082420406,52.24738702565982,0.5394533612008529,394.8770508739046,11.629540675583858
496,10,0.06687001082420406,52.24738702565982,0.4406068904521223,383.59900835586217,13.678509476011271
496,11,0.06687001082420406,52.24738702565982,0.475219185271956,363.82482801558024,15.353054337827587
497,0,0.06171461264954514,51.66779467862234,0.5435551759794828,278.16020994591815,19.462390737607702
497,1,0.06171461264954514,51.66779467862234,0.6258595406811105,409.16585731297323,25.465274442787383
497,2,0.06171461264954514,51.66779467862234,0.43073971113542536,404.89685879554406,25.8776138352594
497,3,0.06171461264954514,51.66779467862234,0.41528314952119116,219.50457545112343,28.091398875159964
497,4,0.06171461264954514,51.66779467862234,0.5135896432297812,115.4888590423968,27.75432829681693
497,5,0.06171461264954514,51.66779467862234,0.4620210066564662,122.4989680669686,23.85332955164844
497,6,0.06171461264954514,51.66779467862234,0.45889867884692304,110.7588839390006,20.089327197267156
497,7,0.06171461264954514,51.66779467862234,0.38952124298663354,148.1465043903249,15.978030419032127
497,8,0.06171461264954514,51.66779467862234,0.4321528303215396,284.2346984490908,12.96749853772302
497,9,0.06171461264954514,51.66779467862234,0.4487541490158162,365.89135407542057,10.613992117353968
497,10,0.06171461264954514,51.66779467862234,0.7076206091976825,448.0902084894048,13.939508655276054
497,11,0.06171461264954514,51.66779467862234,0.5281171674171371,335.1777087893456,16.284934674757867
498,0,0.06345180427925111,52.052095209162076,0.4987781868792232,366.61930956448776,19.81967049141881
498,1,0.06345180427925111,52.052095209162076,0.6303192799789773,369.25327203492077,24.144427734697388
498,2,0.06345180427925111,52.052095209162076,0.45488102529544755,381.2933150844754,28.568348707797853
498,3,0.06345180427925111,52.052095209162076,0.3656564290427527,243.25835532965814,29.415432544069763
498,4,0.06345180427925111,52.052095209162076,0.6545525993719681,118.58459733263061,25.910900724120996
498,5,0.06345180427925111,52.052095209162076,0.5853734919543613,121.1386061730229,23.640012761749844
498,6,0.06345180427925111,52.052095209162076,0.31143833002344645,154.12803480238796,18.25939932442019
498,7,0.06345180427925111,52.052095209162076,0.6660328630056168,206.07547890710953,14.611296862056486
498,8,0.06345180427925111,52.052095209162076,0.43872707167603986,319.5697145523566,13.876128490566726
498,9,0.06345180427925111,52.052095209162076,0.672626432084093,341.5453645261529,12.3599823904822
498,10,0.06345180427925111,52.052095209162076,0.5674830621080418,498.6807546532602,14.097622535137114
498,11,0.06345180427925111,52.052095209162076,0.5303360065397734,402.47411168105134,17.026791495515358
499,0,0.06867265982048405,52.64964634385087,0.5101598841420814,344.2177927170072,20.653182528522475
499,1,0.06867265982048405,52.64964634385087,0.5937265021810085,367.3395148038565,25.425248141380436
499,2,0.06867265982048405,52.64964634385087,0.6346729057827621,370.32713962987987,26.389685247496224
499,3,0.06867265982048405,52.64964634385087,0.3844687421410915,239.65874786805517,27.648261900539648
499,4,0.06867265982048405,52.64964634385087,0.6287630813985015,132.08797219789852,27.155877706291278
499,5,0.06867265982048405,52.64964634385087,0.4314659085052393,114.40459925504472,23.912982417515316
499,6,0.06867265982048405,52.64964634385087,0.30940541813117906,118.51566488821102,20.470741569984074
499,7,0.06867265982048405,52.64964634385087,0.3842746485532443,137.40466324156816,14.491847985678447
499,8,0.06867265982048405,52.64964634385087,0.5023906610253144,264.75021153230153,14.58310543487589
499,9,0.06867265982048405,52.64964634385087,0.5152498369513279,317.21580668881205,10.384004217730206
499,10,0.06867265982048405,52.64964634385087,0.47593123567665907,420.6413890014541,12.597089171273607
499,11,0.06867265982048405,52.64964634385087,0.4844393247469247,344.3958683740207,16.340411109629546
