anio,mes,precipitacion_anual_mm,fusion_anual_mm,afluente_m3s,demanda_hm3,temperatura_c
0,0,141.86783118784157,257.8208815843166,62.6047604581037,240.97421337874715,20.30047849277771
0,1,141.86783118784157,257.8208815843166,92.48231719254359,268.5812214581064,23.58087743082124
0,2,141.86783118784157,257.8208815843166,88.86832798580309,237.64807398121852,27.915766639459324
0,3,141.86783118784157,257.8208815843166,38.11421761979214,183.82370930946374,29.07877039458127
0,4,141.86783118784157,257.8208815843166,50.620250937125704,102.8198190808917,27.08351323718793
0,5,141.86783118784157,257.8208815843166,54.126218501951016,91.83292331853335,23.646987344024915
0,6,141.86783118784157,257.8208815843166,23.333242215785674,85.12790457729923,19.46783280716952
0,7,141.86783118784157,257.8208815843166,47.77409117198924,57.5990734311703,16.572397559269888
0,8,141.86783118784157,257.8208815843166,59.54374209581593,164.14929661029845,12.798537697085715
0,9,141.86783118784157,257.8208815843166,70.15690676137928,285.45961409695576,12.080084137086489
0,10,141.86783118784157,257.8208815843166,56.74824342199108,304.7118620856002,13.72958715829347
0,11,141.86783118784157,257.8208815843166,31.40013067821625,264.3208665907157,15.544548141888532
1,0,287.75011603330256,293.4535522664757,55.285252323869685,308.68875747278815,20.36357203158722
1,1,287.75011603330256,293.4535522664757,44.433116900933214,265.2267171077199,25.617546193255173
1,2,287.75011603330256,293.4535522664757,79.13797432940335,261.37764917319095,26.69551548427218
1,3,287.75011603330256,293.4535522664757,77.52152685265655,189.10380290322962,27.52091935635448
1,4,287.75011603330256,293.4535522664757,50.399839554124526,100.24630642506425,27.478271623367682
1,5,287.75011603330256,293.4535522664757,86.17861383325116,84.87430407875746,23.669990107946468
1,6,287.75011603330256,293.4535522664757,53.80174404904372,48.6871322666175,19.23883586609111
1,7,287.75011603330256,293.4535522664757,66.51527446601358,123.49668944144975,16.320449291332903
1,8,287.75011603330256,293.4535522664757,89.19549373316065,202.8227680117674,14.123934238362239
1,9,287.75011603330256,293.4535522664757,74.26589060046342,215.15864029283344,11.896635090447267
1,10,287.75011603330256,293.4535522664757,56.324789579258194,336.76144156901864,14.296507964886407
1,11,287.75011603330256,293.4535522664757,64.09975930753028,224.20582697817915,16.12573614656313
2,0,153.62846665740204,296.06219859390717,114.31456931772163,218.3880488645385,19.12582820061517
2,1,153.62846665740204,296.06219859390717,56.710191635178006,292.62629929445546,24.65130232587661
2,2,153.62846665740204,296.06219859390717,68.91370034916513,215.4366898083597,25.095649823675817
2,3,153.62846665740204,296.06219859390717,40.426859050171885,149.67961830583764,28.196295185478082
2,4,153.62846665740204,296.06219859390717,72.27906250254533,95.08831195252392,26.47741425445058
2,5,153.62846665740204,296.06219859390717,52.45709742214095,93.2356760559272,23.62712557442758
2,6,153.62846665740204,296.06219859390717,78.41551371214517,110.11506454416697,19.550011901677856
2,7,153.62846665740204,296.06219859390717,44.49224037600494,116.74739537830426,14.032250508592064
2,8,153.62846665740204,296.06219859390717,74.4695338246092,221.1449337487459,12.941261555759445
2,9,153.62846665740204,296.06219859390717,62.49830186796852,211.36519843078057,11.602528122297693
2,10,153.62846665740204,296.06219859390717,68.24907763679306,266.274059192014,12.203443074815375
2,11,153.62846665740204,296.06219859390717,71.62361747194097,215.08191954212435,14.267190286645874
3,0,280.388069609907,326.99799285014797,77.10770888342542,224.1490755288085,22.097664759522083
3,1,280.388069609907,326.99799285014797,44.264403345594694,302.0904176357144,24.726982185995418
3,2,280.388069609907,326.99799285014797,24.216137796790804,233.6198969443514,26.855719129956807
3,3,280.388069609907,326.99799285014797,58.98340388402799,190.26394873829463,28.911270817541748
3,4,280.388069609907,326.99799285014797,75.59125564718013,93.11234288428012,27.44748183333042
3,5,280.388069609907,326.99799285014797,39.01458265498021,103.7829118200378,23.61378943321082
3,6,280.388069609907,326.99799285014797,82.53165875791296,91.44578982007495,21.76117752894742
3,7,280.388069609907,326.99799285014797,43.54158163160622,116.47364598855012,15.79179201908964
3,8,280.388069609907,326.99799285014797,64.4087682279997,196.5908881793011,13.833083258853867
3,9,280.388069609907,326.99799285014797,62.00751054018666,238.67489753481146,12.275799172091059
3,10,280.388069609907,326.99799285014797,63.02130016650489,264.8474356422232,12.49134989447291
3,11,280.388069609907,326.99799285014797,88.88787620584921,300.72609875924354,15.159937642852269
4,0,284.41568073913004,251.47541971003008,38.27239100999017,189.92532136984872,17.844920124289306
4,1,284.41568073913004,251.47541971003008,42.41860317930028,304.4093989048875,24.209281213158537
4,2,284.41568073913004,251.47541971003008,51.70885514250568,223.09008227411766,27.620347677618017
4,3,284.41568073913004,251.47541971003008,65.90540292543936,142.23789227991153,26.333405491087127
4,4,284.41568073913004,251.47541971003008,43.91428752523659,104.43281434077659,26.97705007845343
4,5,284.41568073913004,251.47541971003008,87.31772738309354,95.08855139307039,24.362879003398998
4,6,284.41568073913004,251.47541971003008,61.69924810680351,97.88524049985925,19.802369058005578
4,7,284.41568073913004,251.47541971003008,59.9837535564798,82.73821592299029,14.752934885272522
4,8,284.41568073913004,251.47541971003008,52.01714006771658,202.951071744344,13.956558171254999
4,9,284.41568073913004,251.47541971003008,79.43836593234067,266.59984768838535,10.716263868971172
4,10,284.41568073913004,251.47541971003008,88.53496999099453,274.2839211775367,14.797178616608035
4,11,284.41568073913004,251.47541971003008,11.974929341381781,258.17169705357105,14.776110772754159
5,0,447.29984876293406,159.02846927854372,71.23489007873368,282.2218986066081,20.276526802053755
5,1,447.29984876293406,159.02846927854372,39.09638221849093,214.6019725647284,23.435919998518315
5,2,447.29984876293406,159.02846927854372,68.75924035034924,339.9317536505126,25.669002795196675
5,3,447.29984876293406,159.02846927854372,64.37252041379148,125.04557523055185,29.98004260896881
5,4,447.29984876293406,159.02846927854372,66.64821275474515,85.18227612653712,25.513513832939978
5,5,447.29984876293406,159.02846927854372,58.4712262708023,95.18595259158131,23.645830702468423
5,6,447.29984876293406,159.02846927854372,51.61501650794659,117.30205684197614,21.40742063128885
5,7,447.29984876293406,159.02846927854372,76.49038132535573,118.85327838313182,15.985884061888948
5,8,447.29984876293406,159.02846927854372,41.933671423805244,184.15838914302003,13.564159478946616
5,9,447.29984876293406,159.02846927854372,89.39640384926403,286.4074717535117,12.955444148667333
5,10,447.29984876293406,159.02846927854372,75.23280298601264,326.1083996951095,14.48539065996939
5,11,447.29984876293406,159.02846927854372,35.09343126902339,235.40636646572432,17.949132608012658
6,0,224.44530429579873,151.35785746457265,28.18000639813939,252.75707033084294,19.329253514642673
6,1,224.44530429579873,151.35785746457265,92.95204782786558,291.55493161543365,23.261987040448904
6,2,224.44530429579873,151.35785746457265,58.275698390087484,234.808644069187,26.582887655033314
6,3,224.44530429579873,151.35785746457265,39.54439240338112,189.91373875141485,28.77696859480705
6,4,224.44530429579873,151.35785746457265,78.9754286231838,76.75208332332363,28.11493810740864
6,5,224.44530429579873,151.35785746457265,62.74275562315499,89.10984658552847,23.37915430745423
6,6,224.44530429579873,151.35785746457265,70.1891854760182,88.03058063904405,22.08656564231685
6,7,224.44530429579873,151.35785746457265,60.854714391005494,120.75822461283684,14.992522296210083
6,8,224.44530429579873,151.35785746457265,62.58834446338202,244.52893926049617,11.812615251273138
6,9,224.44530429579873,151.35785746457265,72.77767395524779,231.10605328196428,11.453636159448816
6,10,224.44530429579873,151.35785746457265,77.28142191979344,241.09724783831174,13.576700974415846
6,11,224.44530429579873,151.35785746457265,22.314878741672665,219.09370139433204,15.504212597945768
7,0,131.59495292697773,281.4856548626992,58.612576393808816,222.82309126924847,21.436608825440345
7,1,131.59495292697773,281.4856548626992,74.4661904756023,217.70236399776488,23.58028674475639
7,2,131.59495292697773,281.4856548626992,81.02814582636948,218.7898601223042,28.347794151850632
7,3,131.59495292697773,281.4856548626992,53.51942800129039,124.47822280452036,30.405744089145504
7,4,131.59495292697773,281.4856548626992,58.718354719791336,111.98810306312579,28.668589324025294
7,5,131.59495292697773,281.4856548626992,44.606217438516225,94.62775215655917,25.319763394945035
7,6,131.59495292697773,281.4856548626992,26.041065214879325,85.05726990264024,19.928759948727354
7,7,131.59495292697773,281.4856548626992,49.09791728814305,154.19248044228533,16.867381533755815
7,8,131.59495292697773,281.4856548626992,70.5774553160965,186.77812420318617,14.21024164419247
7,9,131.59495292697773,281.4856548626992,58.44631912168537,259.78556287658745,12.322648256617578
7,10,131.59495292697773,281.4856548626992,82.56053473461606,372.3238761218752,13.518581916837011
7,11,131.59495292697773,281.4856548626992,48.44181903245936,229.62831508824777,17.10687821926269
8,0,171.00324547245134,388.0470908039604,69.0323204267087,328.6254511790263,19.770640150274104
8,1,171.00324547245134,388.0470908039604,56.19366213749619,233.57635355278973,23.710266098042453
8,2,171.00324547245134,388.0470908039604,67.98265660128448,308.95513775690284,26.689982317052397
8,3,171.00324547245134,388.0470908039604,45.00328873970649,165.0058848985051,27.745708269568595
8,4,171.00324547245134,388.0470908039604,57.047459450929196,85.85314375765061,27.34192430407188
8,5,171.00324547245134,388.0470908039604,58.46969352626498,85.31119578151095,23.85374534287875
8,6,171.00324547245134,388.0470908039604,64.36545521244597,76.436541934857,19.966638550026616
8,7,171.00324547245134,388.0470908039604,97.96776211107732,80.57445916031186,15.222871698731455
8,8,171.00324547245134,388.0470908039604,35.202647744470596,236.47641406433672,13.115996806996089
8,9,171.00324547245134,388.0470908039604,76.90585090210051,214.94561244209936,11.439567778324804
8,10,171.00324547245134,388.0470908039604,46.42976960476282,262.63339856015494,14.417246463606107
8,11,171.00324547245134,388.0470908039604,61.955836050488394,190.07733793775517,13.906478574576346
9,0,260.06092448659865,388.17602147455716,54.56986419681857,223.58204848267135,19.93676002807185
9,1,260.06092448659865,388.17602147455716,59.67483623949761,284.12201307994394,23.95938660925631
9,2,260.06092448659865,388.17602147455716,90.11491114504317,263.0825149596072,27.035417050856662
9,3,260.06092448659865,388.17602147455716,54.1998974481412,227.10687580151722,27.88499255543103
9,4,260.06092448659865,388.17602147455716,94.75796485283952,94.44516684541586,27.570654503907882
9,5,260.06092448659865,388.17602147455716,38.42437457331181,99.2239966462121,24.570753601079442
9,6,260.06092448659865,388.17602147455716,61.353177034416106,108.14602009814766,19.250205852676118
9,7,260.06092448659865,388.17602147455716,52.19650696689306,97.17659840421639,16.30885172899236
9,8,260.06092448659865,388.17602147455716,37.29702903434294,226.96782419376564,12.58502101109727
9,9,260.06092448659865,388.17602147455716,66.971927008013,246.96709817329983,12.65788400493534
9,10,260.06092448659865,388.17602147455716,47.13715823877712,331.1649748461203,12.794585760089728
9,11,260.06092448659865,388.17602147455716,75.84224501865232,229.11548893405157,15.139785912363378
10,0,151.72244977392054,338.02653946465995,44.31716422930401,244.7854765988288,18.92268806084826
10,1,151.72244977392054,338.02653946465995,64.72124018265535,263.6038380463903,23.12207114579963
10,2,151.72244977392054,338.02653946465995,64.9401571030786,302.447029618844,28.084307674328315
10,3,151.72244977392054,338.02653946465995,95.50295688008799,195.09482499754512,29.610252517088504
10,4,151.72244977392054,338.02653946465995,68.63782990199408,106.47416470361333,26.072612803651108
10,5,151.72244977392054,338.02653946465995,48.065980239348946,93.51028802953527,23.712223375854318
10,6,151.72244977392054,338.02653946465995,27.541922150661946,102.33122479798098,19.376060368870547
10,7,151.72244977392054,338.02653946465995,57.45615392463429,111.1312878342234,16.025699913840906
10,8,151.72244977392054,338.02653946465995,83.97236727718116,195.18322008774734,12.257808087283335
10,9,151.72244977392054,338.02653946465995,70.981708954521,170.9735756190457,12.478746235077816
10,10,151.72244977392054,338.02653946465995,44.600716146212804,237.14498930460547,14.390665719167401
10,11,151.72244977392054,338.02653946465995,62.71959387982726,273.6108968434412,15.138020175593315
11,0,203.1044506362518,380.9735755720443,71.09962386128794,231.68895038641082,21.752758080320895
11,1,203.1044506362518,380.9735755720443,54.81907428192627,293.67116066123316,24.035550599012343
11,2,203.1044506362518,380.9735755720443,61.16205131355384,339.11769799526064,28.499335563495418
11,3,203.1044506362518,380.9735755720443,57.89706984431618,130.7100869152523,27.8623151977463
11,4,203.1044506362518,380.9735755720443,61.74010199234183,85.1195005215495,26.368895536931632
11,5,203.1044506362518,380.9735755720443,79.80948510681819,97.72513859713406,24.388398545448677
11,6,203.1044506362518,380.9735755720443,11.275661342185515,107.8072594490107,19.715281518830217
11,7,203.1044506362518,380.9735755720443,6.581970942695349,143.56771583773528,15.04073484586059
11,8,203.1044506362518,380.9735755720443,80.94410564723327,167.47779359838796,14.721288878594004
11,9,203.1044506362518,380.9735755720443,51.417265467712014,265.6104294120892,12.960456674920358
11,10,203.1044506362518,380.9735755720443,82.39140142238882,294.9970373294327,11.449752468652298
11,11,203.1044506362518,380.9735755720443,89.56168320519775,260.2044083300059,15.850581542098402
12,0,362.0286154894927,301.2259590148322,51.198359875773065,258.77248945694373,20.451773800148235
12,1,362.0286154894927,301.2259590148322,56.12198791759028,304.6536547026407,22.99470167218276
12,2,362.0286154894927,301.2259590148322,81.18546950687009,221.00998022894268,27.301727800666207
12,3,362.0286154894927,301.2259590148322,81.70791897458747,152.96624227235768,28.815869817292267
12,4,362.0286154894927,301.2259590148322,67.20351571729275,107.90220164901787,27.720250531770077
12,5,362.0286154894927,301.2259590148322,76.0259954901043,93.80741246418108,25.231494701164973
12,6,362.0286154894927,301.2259590148322,53.73045028894587,75.08922306087415,20.728722288764455
12,7,362.0286154894927,301.2259590148322,68.5182103777661,123.93155653356268,15.905126319691007
12,8,362.0286154894927,301.2259590148322,51.68066124921058,163.95399725556328,12.072577374001826
12,9,362.0286154894927,301.2259590148322,75.11192513118753,149.07337061200158,13.198132943396574
12,10,362.0286154894927,301.2259590148322,45.9232748504143,320.669442273978,14.651757887028566
12,11,362.0286154894927,301.2259590148322,59.867747715772516,235.67800888104713,14.59617647248352
13,0,384.10722782117216,290.6704113208389,64.75923682852063,235.33106939952998,19.157737005580298
13,1,384.10722782117216,290.6704113208389,14.639975779331003,325.12229110327536,26.52434968690195
13,2,384.10722782117216,290.6704113208389,90.76953243556162,294.97892964489284,25.883097137536353
13,3,384.10722782117216,290.6704113208389,27.728567468668487,198.88915736907137,27.730614862835584
13,4,384.10722782117216,290.6704113208389,53.71449159927745,105.24998269948385,27.704057559571748
13,5,384.10722782117216,290.6704113208389,51.83872400047638,101.70221440628855,25.163325709250046
13,6,384.10722782117216,290.6704113208389,56.78034695606333,128.42697912591882,19.35023947570329
13,7,384.10722782117216,290.6704113208389,19.05942230513609,113.89759832249865,14.987581364239468
13,8,384.10722782117216,290.6704113208389,72.64537475942605,161.10302581068922,13.557719425637433
13,9,384.10722782117216,290.6704113208389,67.21273285440664,252.80292703419676,10.541283066537865
13,10,384.10722782117216,290.6704113208389,64.69272812640155,323.6445610492787,12.164981142235648
13,11,384.10722782117216,290.6704113208389,68.88861407003469,236.65743831767682,15.47466014039035
14,0,242.6856496284658,343.8771832475109,85.93471867119358,232.88808754984984,19.78749915341042
14,1,242.6856496284658,343.8771832475109,54.47147550588844,346.9840467742773,23.7889250553252
14,2,242.6856496284658,343.8771832475109,47.51931642383593,249.88828693006946,26.560611987446716
14,3,242.6856496284658,343.8771832475109,78.43967175171923,179.5753949065902,28.510187764683277
14,4,242.6856496284658,343.8771832475109,37.784305128147395,100.90205073945214,27.282670646877904
14,5,242.6856496284658,343.8771832475109,52.29693778738635,111.80616656114157,23.40270670762727
14,6,242.6856496284658,343.8771832475109,41.75287544213875,86.43337303520217,18.401437751234944
14,7,242.6856496284658,343.8771832475109,82.49651637877334,132.49104617527237,17.15374784389034
14,8,242.6856496284658,343.8771832475109,58.80751135409792,208.84260116227256,12.873092041709283
14,9,242.6856496284658,343.8771832475109,79.98257966211844,270.86831172082,11.945507120396723
14,10,242.6856496284658,343.8771832475109,71.71710173174463,293.8424420694212,13.514425771834492
14,11,242.6856496284658,343.8771832475109,39.386396393061624,367.4173248124288,14.854911556401634
15,0,221.62856280434036,412.3345258349939,58.41944568857996,217.5111867905779,19.74915666739891
15,1,221.62856280434036,412.3345258349939,39.81030107321697,253.68623652287707,23.16139569385276
15,2,221.62856280434036,412.3345258349939,23.681634080962873,325.2718063521363,25.6171431859815
15,3,221.62856280434036,412.3345258349939,60.26100195387327,166.25412718390734,27.60211001786031
15,4,221.62856280434036,412.3345258349939,38.928701462455905,113.9629985252841,26.687261575832483
15,5,221.62856280434036,412.3345258349939,57.28043628693897,47.66285763644311,23.371976547157665
15,6,221.62856280434036,412.3345258349939,55.36716195436553,126.13574778671477,20.015581461344055
15,7,221.62856280434036,412.3345258349939,89.90454084048825,88.80887494034037,15.706047986441172
15,8,221.62856280434036,412.3345258349939,52.018297962981066,190.06197829836142,13.759234847779174
15,9,221.62856280434036,412.3345258349939,47.83055137928261,253.7021810359883,13.914412965877405
15,10,221.62856280434036,412.3345258349939,56.816408934156584,328.60879932718115,13.167333896907202
15,11,221.62856280434036,412.3345258349939,37.683634734414085,277.0785442747678,17.22100424583506
16,0,248.009058173097,415.4295884913747,62.20659684212921,304.67900267037413,18.841827630167344
16,1,248.009058173097,415.4295884913747,69.75212134573766,318.0907385313211,23.60576713348645
16,2,248.009058173097,415.4295884913747,48.71361115827327,239.08944429662927,26.564020014182162
16,3,248.009058173097,415.4295884913747,34.91697769063329,201.86945892288247,27.81604160196103
16,4,248.009058173097,415.4295884913747,43.774267636898024,101.40341029404401,26.902089276205004
16,5,248.009058173097,415.4295884913747,75.15925305783719,63.3439509417351,23.460864186257012
16,6,248.009058173097,415.4295884913747,44.648501727977376,78.29674613771232,20.52560436352878
16,7,248.009058173097,415.4295884913747,58.209008210165926,104.66710338124618,16.710432901800385
16,8,248.009058173097,415.4295884913747,43.59102537341461,192.06781531287075,12.43453839544031
16,9,248.009058173097,415.4295884913747,42.68520052545707,268.98009371931175,13.052145903428002
16,10,248.009058173097,415.4295884913747,72.88472192636556,295.8618850172809,11.967089752947086
16,11,248.009058173097,415.4295884913747,23.448824985622387,239.7168036729473,16.144776648898535
17,0,239.89346734084535,338.05481774355707,86.37322465296504,256.9201398131574,21.285966569438166
17,1,239.89346734084535,338.05481774355707,63.7875173531076,257.231245458829,23.205369228907166
17,2,239.89346734084535,338.05481774355707,74.13846322420913,226.5660580379681,26.70199558789221
17,3,239.89346734084535,338.05481774355707,47.33759862752241,182.82509651610027,29.363311716737048
17,4,239.89346734084535,338.05481774355707,35.84033803241921,109.97371839708616,27.486028010375016
17,5,239.89346734084535,338.05481774355707,9.653432510363736,88.09033455285697,22.639351735252937
17,6,239.89346734084535,338.05481774355707,46.47687339336102,102.63032169159516,19.951248453319185
17,7,239.89346734084535,338.05481774355707,71.53014976545325,171.44503827613866,15.989990440861625
17,8,239.89346734084535,338.05481774355707,63.54781356323671,196.30102970452182,11.139737879185093
17,9,239.89346734084535,338.05481774355707,65.87112348560579,292.8683836818511,11.676966456342022
17,10,239.89346734084535,338.05481774355707,39.446622792316646,251.05627538613666,13.331190200375918
17,11,239.89346734084535,338.05481774355707,46.14720829776948,298.94223021398227,16.582522060765193
18,0,162.54420436805142,195.15940629860836,79.79634117453081,291.771428011171,20.411224243069437
18,1,162.54420436805142,195.15940629860836,32.30514960012464,250.67552363184373,25.495487942216865
18,2,162.54420436805142,195.15940629860836,35.318968966391076,322.6636175169187,25.385078769312535
18,3,162.54420436805142,195.15940629860836,91.03544137453903,101.99672037993682,28.295474119695697
18,4,162.54420436805142,195.15940629860836,71.95868147609741,105.04333427957324,26.40040511978413
18,5,162.54420436805142,195.15940629860836,77.94677671047054,103.66493291036717,24.071320320687015
18,6,162.54420436805142,195.15940629860836,52.557470112638846,114.709013262397,19.291815148994917
18,7,162.54420436805142,195.15940629860836,38.74198921455225,163.37537203917458,16.48974330461037
18,8,162.54420436805142,195.15940629860836,55.872758140992275,208.98607813258076,12.426855639913509
18,9,162.54420436805142,195.15940629860836,65.22695159538813,256.508478315188,12.754064189677383
18,10,162.54420436805142,195.15940629860836,84.16227004270999,304.4210747269174,12.962845239810171
18,11,162.54420436805142,195.15940629860836,92.7987321561767,280.0527240910017,14.950256423756136
19,0,172.83132724410405,254.7760381661202,51.81955029490126,264.6514059692377,17.458003182497215
19,1,172.83132724410405,254.7760381661202,71.58668047670459,324.02618631637034,25.055255161350427
19,2,172.83132724410405,254.7760381661202,46.40494271516901,279.8728470303912,25.124082166752636
19,3,172.83132724410405,254.7760381661202,50.2598646548134,187.65284862925765,27.621511643091164
19,4,172.83132724410405,254.7760381661202,52.44815775667016,99.30571116955333,27.18644257796425
19,5,172.83132724410405,254.7760381661202,35.522988214513774,93.29582846902136,25.76777182794413
19,6,172.83132724410405,254.7760381661202,38.065086881889876,124.37610965472948,19.48032898251933
19,7,172.83132724410405,254.7760381661202,106.40126306520364,114.98279810452813,13.58201175447885
19,8,172.83132724410405,254.7760381661202,40.31057990595329,166.33903502095419,12.343980605012423
19,9,172.83132724410405,254.7760381661202,92.91192622679225,303.3639867391646,11.772891157681066
19,10,172.83132724410405,254.7760381661202,48.10142879550093,356.55079677635206,12.751643840886581
19,11,172.83132724410405,254.7760381661202,68.54572985795173,318.7899125127405,14.219422032197249
20,0,250.79967771266968,111.47964432876563,30.365875532354206,268.0680284317462,18.917542480815726
20,1,250.79967771266968,111.47964432876563,99.82292382053812,263.97933012439984,24.226509413424786
20,2,250.79967771266968,111.47964432876563,71.20279284994952,296.48784667148055,25.864870643095813
20,3,250.79967771266968,111.47964432876563,32.553653680242206,159.88313635872248,26.53837356273126
20,4,250.79967771266968,111.47964432876563,60.27658852004575,107.00892417496088,26.51284271066296
20,5,250.79967771266968,111.47964432876563,75.13779003331028,76.58117012774096,23.674086847548985
20,6,250.79967771266968,111.47964432876563,32.99650121681896,102.65210015822608,22.501119012040782
20,7,250.79967771266968,111.47964432876563,87.95676563515013,140.9974712913406,16.623869390512645
20,8,250.79967771266968,111.47964432876563,54.76144436227952,198.01403550227565,13.704780955238645
20,9,250.79967771266968,111.47964432876563,59.33349575067527,231.44055441230776,13.732148151990785
20,10,250.79967771266968,111.47964432876563,30.13059348914769,317.18705372111845,13.003435260749601
20,11,250.79967771266968,111.47964432876563,53.665727780912924,186.82643056312247,15.095505159457442
21,0,214.68951453936114,386.7873247003332,83.39100625860672,215.15171340772307,20.059440874204938
21,1,214.68951453936114,386.7873247003332,60.41248797191597,261.6962730825993,21.525158316155657
21,2,214.68951453936114,386.7873247003332,48.652312616481396,260.95645803347526,25.988619602339355
21,3,214.68951453936114,386.7873247003332,39.1864056886964,162.13932025651332,29.82219936698818
21,4,214.68951453936114,386.7873247003332,45.94620090559175,87.50665191903668,26.75485436484466
21,5,214.68951453936114,386.7873247003332,80.83615535232244,108.12826925657255,23.697851703037188
21,6,214.68951453936114,386.7873247003332,55.86650840201112,121.3403588105753,20.09718818921168
21,7,214.68951453936114,386.7873247003332,38.8651335887707,116.3215686189954,17.56262866180568
21,8,214.68951453936114,386.7873247003332,82.09845814048391,243.1823325906417,13.143572974807446
21,9,214.68951453936114,386.7873247003332,59.54758141915876,257.85343433081425,12.090784712508679
21,10,214.68951453936114,386.7873247003332,92.75236960596743,278.4722324667291,11.908896423161043
21,11,214.68951453936114,386.7873247003332,94.31013217242945,274.5521333832161,15.709021786334112
22,0,239.27060423691583,298.30256589572434,65.26785587409299,268.3283470853008,20.469385521132956
22,1,239.27060423691583,298.30256589572434,39.01746798627107,319.09576031736276,22.66481740515985
22,2,239.27060423691583,298.30256589572434,47.65019602426108,354.92445684784394,27.19843381789707
22,3,239.27060423691583,298.30256589572434,78.06955979098436,162.31660388311053,27.690547005745604
22,4,239.27060423691583,298.30256589572434,75.02032927912863,88.21812863009232,26.863712603697376
22,5,239.27060423691583,298.30256589572434,57.678263346809175,78.4132977193178,25.551133298524103
22,6,239.27060423691583,298.30256589572434,74.79270930541442,61.37643775114299,20.913683189847685
22,7,239.27060423691583,298.30256589572434,60.88660030824151,118.50823670028312,15.03669213168508
22,8,239.27060423691583,298.30256589572434,26.132188069964442,236.9005814439602,13.532910355065333
22,9,239.27060423691583,298.30256589572434,70.82926346987206,259.739241651937,12.357672232009381
22,10,239.27060423691583,298.30256589572434,56.68288756640325,282.6642142727085,11.646065939722234
22,11,239.27060423691583,298.30256589572434,60.27670216553313,224.81345323229004,13.91479621015256
23,0,316.04116010350845,408.86845007189237,50.30466914866612,255.43311366918792,18.187046829062993
23,1,316.04116010350845,408.86845007189237,94.16809095935444,315.5757000109446,25.15507514618297
23,2,316.04116010350845,408.86845007189237,62.81635680244972,276.2711129508986,26.809191726772816
23,3,316.04116010350845,408.86845007189237,36.88584694139575,161.0932833975113,28.323100237832865
23,4,316.04116010350845,408.86845007189237,56.45117049593185,102.59963860357611,27.651749976512047
23,5,316.04116010350845,408.86845007189237,97.05346754377734,85.93274559699704,23.419134150226732
23,6,316.04116010350845,408.86845007189237,52.46252221080093,117.49487264177183,19.572042832615992
23,7,316.04116010350845,408.86845007189237,41.48752719459502,139.94917692432804,17.36602394519619
23,8,316.04116010350845,408.86845007189237,62.844749227746,172.59154107721923,12.860570809176618
23,9,316.04116010350845,408.86845007189237,68.130218789939,220.27169223983714,12.622809518231541
23,10,316.04116010350845,408.86845007189237,67.9612519160878,299.52776641786033,13.88875100869186
23,11,316.04116010350845,408.86845007189237,48.84001858670645,284.5773698899587,16.116506854039184
24,0,395.4660359422739,409.8501632902965,55.88959019124647,251.92812248714796,20.464778812105866
24,1,395.4660359422739,409.8501632902965,54.565380944140024,230.07833626675995,23.84469274642673
24,2,395.4660359422739,409.8501632902965,75.1513622075877,278.6084379676341,26.925518734383427
24,3,395.4660359422739,409.8501632902965,56.99821811229979,157.27937212009195,26.946348425169976
24,4,395.4660359422739,409.8501632902965,71.1583811823102,94.65143481571249,26.72580028195581
24,5,395.4660359422739,409.8501632902965,123.37697487017451,57.41724993158788,22.588808695476757
24,6,395.4660359422739,409.8501632902965,65.76247345974475,90.86097001118351,20.106379683272767
24,7,395.4660359422739,409.8501632902965,64.90103608928663,113.51072950401698,17.68898666791567
24,8,395.4660359422739,409.8501632902965,63.48160758531729,193.9482143931856,13.132663462324304
24,9,395.4660359422739,409.8501632902965,39.994888488550096,239.60805709293604,13.043373716240582
24,10,395.4660359422739,409.8501632902965,79.90424613200912,200.47518431283027,13.886141764736607
24,11,395.4660359422739,409.8501632902965,47.926666009053086,247.99981369549175,14.137732865229664
25,0,393.50881025394233,288.76725333570107,96.58168126406315,240.9977456710793,21.023254142546904
25,1,393.50881025394233,288.76725333570107,50.70686056920096,375.52055638520494,25.6545404976754
25,2,393.50881025394233,288.76725333570107,93.61131361501677,263.03262258207496,27.408487441877828
25,3,393.50881025394233,288.76725333570107,52.55051387688721,178.5306699828385,27.914764337378298
25,4,393.50881025394233,288.76725333570107,78.57659686089916,123.38158747965701,27.786415028211863
25,5,393.50881025394233,288.76725333570107,57.212115498288085,87.22954098599665,22.884766583211363
25,6,393.50881025394233,288.76725333570107,91.6646466821854,91.02681858242636,20.38471017115017
25,7,393.50881025394233,288.76725333570107,100.16957276426346,132.57096909225092,15.834556302116678
25,8,393.50881025394233,288.76725333570107,61.7780754540966,162.7770112458029,13.032698910707694
25,9,393.50881025394233,288.76725333570107,59.7258282949619,249.9119443498304,13.1361449293669
25,10,393.50881025394233,288.76725333570107,56.47311049798659,235.2405974084915,12.14632203631607
25,11,393.50881025394233,288.76725333570107,60.09281850184518,283.8588633533179,16.86115117946373
26,0,141.8283113219,355.7968470888436,64.00031246445046,212.80559884198095,19.595597284543466
26,1,141.8283113219,355.7968470888436,70.34656765701739,219.57577631437442,23.32390776362263
26,2,141.8283113219,355.7968470888436,74.95395483212712,321.7329971970506,26.083055261875803
26,3,141.8283113219,355.7968470888436,54.7510374722318,205.13993824105046,27.543003465741172
26,4,141.8283113219,355.7968470888436,63.67801745802212,85.66714095516566,26.666162289570465
26,5,141.8283113219,355.7968470888436,58.044557916729005,72.24635127914615,21.267981230455582
26,6,141.8283113219,355.7968470888436,50.89421546278462,120.18903271227532,22.87506244538991
26,7,141.8283113219,355.7968470888436,85.35513616288942,162.7756541683626,15.676633470345825
26,8,141.8283113219,355.7968470888436,52.64234124705237,179.07501353433912,13.135536237431044
26,9,141.8283113219,355.7968470888436,58.401690460316296,260.4865612521172,11.071274194697997
26,10,141.8283113219,355.7968470888436,58.49421032503828,258.4162741515102,13.750410393259985
26,11,141.8283113219,355.7968470888436,57.348342045842514,298.6154988288609,15.59146311255924
27,0,319.4283446855231,298.87863759489375,48.296922505495004,235.92361749488938,21.03846209638589
27,1,319.4283446855231,298.87863759489375,59.50671167727897,189.30099641637747,25.619244107401283
27,2,319.4283446855231,298.87863759489375,105.53704839631789,306.11074938179485,26.375902034130736
27,3,319.4283446855231,298.87863759489375,45.96094772279021,206.95063007184874,28.5433799442101
27,4,319.4283446855231,298.87863759489375,44.59719614990283,95.48490918282849,26.681576254918483
27,5,319.4283446855231,298.87863759489375,75.9933086935489,84.44651944493937,23.445862229896846
27,6,319.4283446855231,298.87863759489375,30.210703925453203,93.57191011186656,19.392860057082405
27,7,319.4283446855231,298.87863759489375,67.25307305180675,127.11371346505368,16.2959672010764
27,8,319.4283446855231,298.87863759489375,42.7751911537501,180.567325796831,14.015323162820742
27,9,319.4283446855231,298.87863759489375,38.33823299436186,210.9670729091871,11.802839347199162
27,10,319.4283446855231,298.87863759489375,26.82289535863839,322.07892386644966,12.473334394211301
27,11,319.4283446855231,298.87863759489375,72.42977918072235,288.4216201291622,15.532551510559149
28,0,337.26509316401473,185.31435688074004,34.87783340810631,201.21444186186744,19.143221937605315
28,1,337.26509316401473,185.31435688074004,61.89880552555362,344.1433416155902,25.00785421697111
28,2,337.26509316401473,185.31435688074004,50.88426415874264,233.7663070923926,26.987649698015147
28,3,337.26509316401473,185.31435688074004,75.06117814023818,184.97416058598583,28.483524044476205
28,4,337.26509316401473,185.31435688074004,49.58979177441168,108.27734075837347,26.524258214269388
28,5,337.26509316401473,185.31435688074004,95.4188307788331,101.14325537645095,22.20904614428969
28,6,337.26509316401473,185.31435688074004,76.19902878246367,95.0631668044308,19.25534491636049
28,7,337.26509316401473,185.31435688074004,88.31853098154588,130.7672676103184,15.184584612225734
28,8,337.26509316401473,185.31435688074004,34.67856019919583,216.6850524978409,13.219269258515538
28,9,337.26509316401473,185.31435688074004,68.0254129369852,169.98361278512525,13.050757488386305
28,10,337.26509316401473,185.31435688074004,84.25539194378385,274.6057653827194,13.834534400021733
28,11,337.26509316401473,185.31435688074004,74.04101010309581,212.8966879973282,15.733785969308485
29,0,195.1517510786583,337.6364230801935,33.1074802711053,243.3778132269459,20.100105599043076
29,1,195.1517510786583,337.6364230801935,30.30578262863439,282.55319140203994,25.109253396437726
29,2,195.1517510786583,337.6364230801935,43.31928626506641,300.5976332369717,27.062784612294244
29,3,195.1517510786583,337.6364230801935,43.71686575447142,173.45851416876314,25.321155143120087
29,4,195.1517510786583,337.6364230801935,75.94994981723914,95.62843861657977,26.732788305237154
29,5,195.1517510786583,337.6364230801935,65.75266174912693,82.6397416198361,23.281563177749078
29,6,195.1517510786583,337.6364230801935,26.341786419559668,128.16987815339303,21.364497937152812
29,7,195.1517510786583,337.6364230801935,66.27896880788893,121.56028675143293,14.862947964287608
29,8,195.1517510786583,337.6364230801935,67.68836583327875,158.99202958586253,12.402816178134584
29,9,195.1517510786583,337.6364230801935,70.42771921396074,254.51482473056208,13.829813579932877
29,10,195.1517510786583,337.6364230801935,51.59116327839579,263.6628106122106,11.854105052133178
29,11,195.1517510786583,337.6364230801935,39.18722076449708,203.32152044145693,16.290339475368175
30,0,99.27709808980856,318.23357775961495,34.65064579650992,226.17071721199733,21.100115100426578
30,1,99.27709808980856,318.23357775961495,64.4984975091594,292.4972594161507,25.959328813892405
30,2,99.27709808980856,318.23357775961495,26.240995397888994,268.1342683233744,28.421424926831794
30,3,99.27709808980856,318.23357775961495,38.25737977067626,166.1754071272995,27.680409297588902
30,4,99.27709808980856,318.23357775961495,79.20004938383931,91.70533797138907,25.64755766750154
30,5,99.27709808980856,318.23357775961495,80.12173868980187,81.07381258199261,24.45352290948415
30,6,99.27709808980856,318.23357775961495,71.72406796099017,119.66315465157764,18.759928857541162
30,7,99.27709808980856,318.23357775961495,47.159601596818135,143.73531818956917,16.65512851542593
30,8,99.27709808980856,318.23357775961495,85.26597814759336,191.60972460779254,14.151291817281185
30,9,99.27709808980856,318.23357775961495,21.948724439714653,236.76994723520235,13.20564732189408
30,10,99.27709808980856,318.23357775961495,35.83897892813722,277.14155778849306,13.09714415738744
30,11,99.27709808980856,318.23357775961495,53.21763715755502,258.5809266157584,16.35551912919281
31,0,369.4456515579116,319.46598693652555,69.18039768915183,297.52504307291304,20.23904795473711
31,1,369.4456515579116,319.46598693652555,29.455021093392908,312.20082826988096,24.149588319423003
31,2,369.4456515579116,319.46598693652555,74.68869456907571,246.7432203973529,26.19720306778769
31,3,369.4456515579116,319.46598693652555,53.38361674423392,149.82468013940823,28.178640690804855
31,4,369.4456515579116,319.46598693652555,54.296847486212975,84.73246774559392,27.50136868057033
31,5,369.4456515579116,319.46598693652555,47.026131914401354,89.83061089932205,24.668910666784058
31,6,369.4456515579116,319.46598693652555,83.5330200651272,97.45920015157637,19.92302315317244
31,7,369.4456515579116,319.46598693652555,42.03409100335034,102.20369170064019,16.064568278017244
31,8,369.4456515579116,319.46598693652555,27.159617358366866,179.57221856971762,12.791312423109886
31,9,369.4456515579116,319.46598693652555,65.92178549885433,289.4157479273349,10.966958824587742
31,10,369.4456515579116,319.46598693652555,71.70087620804392,241.63743852953561,12.83343635108613
31,11,369.4456515579116,319.46598693652555,63.158403476482476,263.8881724652386,16.302941924996826
32,0,165.24709941356085,433.10262950246033,9.149347007007755,241.8360302823563,20.45300212218481
32,1,165.24709941356085,433.10262950246033,69.13544200992132,302.882035449513,24.2449646152767
32,2,165.24709941356085,433.10262950246033,49.22434890182603,237.86251077810832,25.4916099909228
32,3,165.24709941356085,433.10262950246033,37.321499759010166,169.75920318213537,27.091028163069534
32,4,165.24709941356085,433.10262950246033,72.32540052406067,71.20757479881279,28.512590561715754
32,5,165.24709941356085,433.10262950246033,86.14168775129393,106.28512184163073,23.402617427824797
32,6,165.24709941356085,433.10262950246033,37.551590562887,94.06889583703943,20.239103166151338
32,7,165.24709941356085,433.10262950246033,57.89422254543397,126.45948077140329,15.683479027860667
32,8,165.24709941356085,433.10262950246033,41.82979767684334,212.70408326565922,12.022678344070576
32,9,165.24709941356085,433.10262950246033,61.143136170463556,216.22537859422584,13.45519452071892
32,10,165.24709941356085,433.10262950246033,56.57640887433447,387.95612228534213,13.696056990519908
32,11,165.24709941356085,433.10262950246033,72.69597891549368,310.3642006212188,16.479876817330442
33,0,178.53780853028218,227.94734759193256,49.79620813877912,286.54960828284936,21.965987036437678
33,1,178.53780853028218,227.94734759193256,29.386346933752975,241.5850882092588,24.087912423414195
33,2,178.53780853028218,227.94734759193256,67.863073100526,252.19789111791363,27.813635755551825
33,3,178.53780853028218,227.94734759193256,64.59908620852023,191.05009134975032,28.25288115573844
33,4,178.53780853028218,227.94734759193256,84.08131046937716,96.0384190739859,29.716822302095473
33,5,178.53780853028218,227.94734759193256,35.51032727179504,112.6671682002515,25.733398184126656
33,6,178.53780853028218,227.94734759193256,60.184943485809086,120.68870980868999,21.36764542920688
33,7,178.53780853028218,227.94734759193256,94.12207883989562,145.7651100879769,17.22632891827354
33,8,178.53780853028218,227.94734759193256,55.485690719072984,186.6213190281338,12.460237853729152
33,9,178.53780853028218,227.94734759193256,76.68911979779202,240.56815957412738,12.9456193464376
33,10,178.53780853028218,227.94734759193256,67.36572689221012,373.2592037016472,13.773821798472364
33,11,178.53780853028218,227.94734759193256,71.44503905335428,310.23136767028274,14.935377711855566
34,0,292.0865077957306,180.16737824286747,45.483179566462795,181.0922633515771,20.783301836783235
34,1,292.0865077957306,180.16737824286747,36.97855487900327,251.11967362534583,25.68825478409617
34,2,292.0865077957306,180.16737824286747,30.701099359890726,292.17958160081326,27.879411378798757
34,3,292.0865077957306,180.16737824286747,43.001987362643156,204.0104421010745,28.403632389169903
34,4,292.0865077957306,180.16737824286747,69.27980231153401,96.72556763567965,27.8551800550786
34,5,292.0865077957306,180.16737824286747,84.01724216052224,79.49615460477186,25.645225223253526
34,6,292.0865077957306,180.16737824286747,47.18864684477914,78.94681085263045,21.105381819606066
34,7,292.0865077957306,180.16737824286747,64.36910303133072,112.60857581403,15.879891124575844
34,8,292.0865077957306,180.16737824286747,75.73389967698294,180.34015217745394,14.35354456623217
34,9,292.0865077957306,180.16737824286747,26.4277998805336,266.1166511338993,12.957143742297418
34,10,292.0865077957306,180.16737824286747,54.09021843301544,323.6786467009095,12.341109392278794
34,11,292.0865077957306,180.16737824286747,83.91066721858745,231.90524126931396,15.006998512520775
35,0,158.40075756049015,377.1037241882017,67.90758349022711,282.71561869108984,19.582902520405057
35,1,158.40075756049015,377.1037241882017,60.471995804163654,284.257691547284,24.438173818961037
35,2,158.40075756049015,377.1037241882017,65.11034381125297,280.83613041307154,26.78879992293305
35,3,158.40075756049015,377.1037241882017,57.71697295442253,181.88996161232674,27.84729181279579
35,4,158.40075756049015,377.1037241882017,84.37515056916794,103.5525991314349,27.14410645491791
35,5,158.40075756049015,377.1037241882017,68.81034164525798,78.10396004799439,24.413388732241373
35,6,158.40075756049015,377.1037241882017,55.788958072250345,110.7637963449155,16.380614104681257
35,7,158.40075756049015,377.1037241882017,82.01832367096529,139.64379119777172,17.01720548518489
35,8,158.40075756049015,377.1037241882017,84.15110756827264,228.53805022105234,11.791106613373145
35,9,158.40075756049015,377.1037241882017,67.02229278275875,268.2696534389963,12.278934456741638
35,10,158.40075756049015,377.1037241882017,71.561709654971,330.1066174542174,13.155793218044785
35,11,158.40075756049015,377.1037241882017,52.74566767840233,284.8161323055371,15.583928079870665
36,0,207.12639927680456,399.1680572098454,51.75485713626908,246.83719289252923,18.21555380074393
36,1,207.12639927680456,399.1680572098454,72.2986028199366,227.2011303718209,23.796010523813024
36,2,207.12639927680456,399.1680572098454,78.64086792831513,297.69517837901475,26.129508504720068
36,3,207.12639927680456,399.1680572098454,34.42839675768743,143.98155030088049,28.70023697162559
36,4,207.12639927680456,399.1680572098454,63.85178267041632,93.10650613484694,27.94953533811584
36,5,207.12639927680456,399.1680572098454,50.633268888131944,86.63316391839606,24.5574471758681
36,6,207.12639927680456,399.1680572098454,45.492905683752454,116.24549716991244,19.645740140187797
36,7,207.12639927680456,399.1680572098454,36.63971697428951,143.13214628950948,15.153932243824084
36,8,207.12639927680456,399.1680572098454,34.769931391810545,212.0319567442038,11.13446771824424
36,9,207.12639927680456,399.1680572098454,38.470803575246876,262.52023662120257,11.53008084670586
36,10,207.12639927680456,399.1680572098454,62.54733154080009,327.06376539691155,13.608760766739065
36,11,207.12639927680456,399.1680572098454,66.88013433030204,277.60212928962716,15.16281039517419
37,0,274.2597616988139,353.4080814759499,75.03230422630273,252.77657023478133,19.114286554260172
37,1,274.2597616988139,353.4080814759499,47.39177769092898,330.92173380418893,23.93196949901753
37,2,274.2597616988139,353.4080814759499,37.013236945163456,236.75936692453823,25.18956126481145
37,3,274.2597616988139,353.4080814759499,54.44328441733489,199.21812417244286,27.72667695276752
37,4,274.2597616988139,353.4080814759499,122.2440896469981,78.46698075030018,26.550777924078435
37,5,274.2597616988139,353.4080814759499,51.274028665618715,102.84618741105591,24.48098478583446
37,6,274.2597616988139,353.4080814759499,37.39578474254365,90.89942569641413,19.219844074645536
37,7,274.2597616988139,353.4080814759499,29.302732807918513,139.27736524912234,16.518228179018998
37,8,274.2597616988139,353.4080814759499,63.083587233507735,244.7701408994622,12.571807093097089
37,9,274.2597616988139,353.4080814759499,85.99881361124318,252.44622963755975,12.448053195089177
37,10,274.2597616988139,353.4080814759499,52.24869581012465,317.40240014050636,11.694173631553904
37,11,274.2597616988139,353.4080814759499,90.8123915810688,312.03549471859367,18.624965504146175
38,0,252.11012020930372,311.98961750207104,46.42434383096721,243.8194918656533,19.04709812850394
38,1,252.11012020930372,311.98961750207104,40.68846069311701,305.84037574867676,23.536601442320208
38,2,252.11012020930372,311.98961750207104,53.054246555169726,244.1733978153415,25.59362223799992
38,3,252.11012020930372,311.98961750207104,83.63506535873086,149.21808104839224,28.126207700604116
38,4,252.11012020930372,311.98961750207104,51.7828904282468,90.27787457386216,28.594989231253304
38,5,252.11012020930372,311.98961750207104,49.17122665307477,93.39667711102295,24.37570714983547
38,6,252.11012020930372,311.98961750207104,58.694193424731004,75.12169655424617,19.756094014257
38,7,252.11012020930372,311.98961750207104,85.7278287271226,131.50358029949447,17.304363727634886
38,8,252.11012020930372,311.98961750207104,68.71051856263439,151.39312543057432,12.98476733434588
38,9,252.11012020930372,311.98961750207104,65.90823454668634,251.45348992974797,12.847878532596665
38,10,252.11012020930372,311.98961750207104,24.075955101415374,250.085002392071,12.851736669458608
38,11,252.11012020930372,311.98961750207104,54.10801435883247,284.99848551023916,17.38514669229829
39,0,282.4680364486526,326.7712460067182,66.96289753493312,221.6911894936569,18.72579118112492
39,1,282.4680364486526,326.7712460067182,74.26185631113447,314.42955697244355,24.5302192722742
39,2,282.4680364486526,326.7712460067182,75.59711498871486,249.22759173384577,26.679426193141165
39,3,282.4680364486526,326.7712460067182,33.341464816400375,196.7502078189495,26.301694335539487
39,4,282.4680364486526,326.7712460067182,82.99060825688758,95.86778996298007,28.110425558934008
39,5,282.4680364486526,326.7712460067182,44.11856762067414,69.21461443828944,24.308033862163548
39,6,282.4680364486526,326.7712460067182,87.2228292325656,75.9977359713644,20.009576734261802
39,7,282.4680364486526,326.7712460067182,19.104678216103935,119.75648588231961,15.915128615376938
39,8,282.4680364486526,326.7712460067182,74.3619895383999,181.55096004901853,13.547096366887976
39,9,282.4680364486526,326.7712460067182,62.829401757579014,292.43468859609436,11.861591215658207
39,10,282.4680364486526,326.7712460067182,105.245450995798,328.0396524761674,13.319729040229479
39,11,282.4680364486526,326.7712460067182,59.23498743328608,257.7395645322491,14.627612945672475
40,0,183.05045612471886,323.04838753069225,15.296732213416895,257.2048470401968,19.64205487024625
40,1,183.05045612471886,323.04838753069225,71.49917777463835,227.9045791106839,24.04064704347081
40,2,183.05045612471886,323.04838753069225,51.73941280588472,279.2778344036737,26.421515427263497
40,3,183.05045612471886,323.04838753069225,46.1729942162741,213.73727863322986,28.60606326284477
40,4,183.05045612471886,323.04838753069225,89.02696390238961,101.73750055988849,25.59775634188405
40,5,183.05045612471886,323.04838753069225,76.91789068187964,94.24924243213955,24.254854157545765
40,6,183.05045612471886,323.04838753069225,65.90134563116003,110.31027155977281,19.24552964235015
40,7,183.05045612471886,323.04838753069225,63.37367724779908,99.8371495994541,16.66886247091406
40,8,183.05045612471886,323.04838753069225,70.57181886822194,181.79653197679175,12.31556178454415
40,9,183.05045612471886,323.04838753069225,99.5784117897875,261.25526866614643,11.77809614002179
40,10,183.05045612471886,323.04838753069225,113.57153066127579,294.48901084120337,12.766367459944584
40,11,183.05045612471886,323.04838753069225,54.101015283877025,264.1080464863997,16.784770575486778
41,0,191.8594878916506,314.0532174535106,38.63581301046982,288.85633705688815,19.196166076573448
41,1,191.8594878916506,314.0532174535106,26.176275608973178,314.4476749222236,22.032519870533797
41,2,191.8594878916506,314.0532174535106,39.72394494117671,213.9927784673688,26.491711237771167
41,3,191.8594878916506,314.0532174535106,63.95354952543962,186.6641574157615,27.01255917289429
41,4,191.8594878916506,314.0532174535106,37.368784430594786,113.35960978073538,28.38786249597411
41,5,191.8594878916506,314.0532174535106,58.35444514293064,96.14750498253515,23.474316399569386
41,6,191.8594878916506,314.0532174535106,55.42036076192824,65.34554032068671,20.74977843670177
41,7,191.8594878916506,314.0532174535106,101.03313794567796,85.29709788316448,15.695927870659622
41,8,191.8594878916506,314.0532174535106,60.461206620371996,213.3142020260618,13.493474907240824
41,9,191.8594878916506,314.0532174535106,71.05690670703612,169.8049029976777,12.231962690503728
41,10,191.8594878916506,314.0532174535106,80.62667019678952,310.1510610317383,11.916288489488005
41,11,191.8594878916506,314.0532174535106,20.75766684860364,236.45602664436836,15.52735605512857
42,0,324.5828443169283,280.0729893006454,80.92756367678855,277.0070814627214,20.894737589192168
42,1,324.5828443169283,280.0729893006454,64.91670867916244,294.1194715021292,24.066220712302066
42,2,324.5828443169283,280.0729893006454,73.19639132031726,377.97844476994544,27.16064642872966
42,3,324.5828443169283,280.0729893006454,55.61008864332208,176.37375601694353,28.93300110736307
42,4,324.5828443169283,280.0729893006454,86.44655926499809,90.81724711111481,27.02537776063214
42,5,324.5828443169283,280.0729893006454,56.11802548715207,75.74788135856062,25.07253639530199
42,6,324.5828443169283,280.0729893006454,67.13756403169214,114.13620298624087,18.890981723718077
42,7,324.5828443169283,280.0729893006454,95.15683578855902,87.92972805830907,14.94061652514657
42,8,324.5828443169283,280.0729893006454,89.61020572065637,235.66092295327624,12.52240468902768
42,9,324.5828443169283,280.0729893006454,35.97022990215493,237.33380717760434,12.324039099875097
42,10,324.5828443169283,280.0729893006454,49.01741626075626,285.94927390278076,13.981575313362178
42,11,324.5828443169283,280.0729893006454,60.3751649928102,288.42866130666454,14.578452553413099
43,0,259.0147131075883,401.0865463778525,55.02510417301653,154.28691213709834,20.542652888808142
43,1,259.0147131075883,401.0865463778525,61.295687119641386,255.36920258526632,25.704990367744166
43,2,259.0147131075883,401.0865463778525,79.59147077180131,260.23087677961036,25.9311341145759
43,3,259.0147131075883,401.0865463778525,75.26478534367699,181.1562500369771,28.01301652723139
43,4,259.0147131075883,401.0865463778525,73.58038512327444,109.06734893738184,26.79266306762065
43,5,259.0147131075883,401.0865463778525,80.49538727010102,99.52694119657252,25.034134322305
43,6,259.0147131075883,401.0865463778525,37.839236150168105,83.50220683715067,20.80902544202219
43,7,259.0147131075883,401.0865463778525,50.925794119157715,114.84214817836623,15.309862953124314
43,8,259.0147131075883,401.0865463778525,86.26275892629454,181.62143370121188,12.508486400234455
43,9,259.0147131075883,401.0865463778525,41.018185582008456,292.37983592791437,14.55215007667788
43,10,259.0147131075883,401.0865463778525,34.866783437476016,259.73349516007477,12.91575648231873
43,11,259.0147131075883,401.0865463778525,51.29114310740266,286.8761185165802,15.107001248909569
44,0,232.97783947402644,260.0825348314104,37.0025644027361,223.16272053405075,19.524379396996842
44,1,232.97783947402644,260.0825348314104,52.21854252971173,297.0613219629341,22.72272900568754
44,2,232.97783947402644,260.0825348314104,84.63201474994364,317.02237104054757,26.988977559252774
44,3,232.97783947402644,260.0825348314104,62.48331304009311,141.52711911730677,28.407676506858024
44,4,232.97783947402644,260.0825348314104,60.803885696819044,123.67200537256657,25.600931983096277
44,5,232.97783947402644,260.0825348314104,40.297955293621825,64.5580302799091,25.40935148587476
44,6,232.97783947402644,260.0825348314104,33.16518108845872,103.5899971010893,18.339389071591583
44,7,232.97783947402644,260.0825348314104,84.39867288376321,126.51335872849245,14.216733581576708
44,8,232.97783947402644,260.0825348314104,20.766804113479893,266.46105740433705,13.800280605590988
44,9,232.97783947402644,260.0825348314104,38.02618759392219,235.26674959752464,11.964164441256067
44,10,232.97783947402644,260.0825348314104,93.32092737224255,360.3437103771989,12.846088121483534
44,11,232.97783947402644,260.0825348314104,59.72744169632723,282.59727640913735,15.062359632366732
45,0,328.4543908105314,198.94712395343288,35.87283593637544,313.7876300691871,19.394297924012108
45,1,328.4543908105314,198.94712395343288,86.29169475367709,264.199458191217,24.377927984481467
45,2,328.4543908105314,198.94712395343288,52.76616377566646,198.34810044197926,26.655512307798656
45,3,328.4543908105314,198.94712395343288,61.46063295310459,194.4972658260591,27.870509814807164
45,4,328.4543908105314,198.94712395343288,82.66716320382213,86.66491486800435,26.177802496818597
45,5,328.4543908105314,198.94712395343288,48.95310835807087,99.9259300301772,23.730100004419242
45,6,328.4543908105314,198.94712395343288,21.371656931135533,89.82863064446292,21.122354894524065
45,7,328.4543908105314,198.94712395343288,61.258702105004545,87.86751058413748,15.15034448080323
45,8,328.4543908105314,198.94712395343288,89.65528731502893,215.09936681497587,12.54680441504833
45,9,328.4543908105314,198.94712395343288,68.62595253336417,181.40005729503875,12.948342704957128
45,10,328.4543908105314,198.94712395343288,69.2263142813496,298.87041061591117,14.023901776903958
45,11,328.4543908105314,198.94712395343288,43.66961648440631,288.4208639736349,16.70293946408109
46,0,249.54929262895877,304.97956282895893,66.29005959077703,261.0604716853226,19.59903875423815
46,1,249.54929262895877,304.97956282895893,94.57278133390564,286.05233629692833,23.548460199456226
46,2,249.54929262895877,304.97956282895893,86.62092280656825,181.95059229346154,26.640659868919585
46,3,249.54929262895877,304.97956282895893,58.19269549072835,174.0420514253951,28.998199267637286
46,4,249.54929262895877,304.97956282895893,84.01338396813665,114.24583172111507,27.346657040081823
46,5,249.54929262895877,304.97956282895893,55.520377685241414,86.51080963199364,24.124931718673242
46,6,249.54929262895877,304.97956282895893,90.85918995027284,96.15921283380854,20.73379169482377
46,7,249.54929262895877,304.97956282895893,33.91072415734146,163.6618167327876,17.488751308611278
46,8,249.54929262895877,304.97956282895893,63.49159129071519,187.80055433346706,12.898430235242031
46,9,249.54929262895877,304.97956282895893,14.239651122248318,201.9954630668649,11.047791988672646
46,10,249.54929262895877,304.97956282895893,54.16606790971605,323.2080553010032,11.443372331580031
46,11,249.54929262895877,304.97956282895893,124.14307912743742,292.1160743237753,19.483877305020396
47,0,139.84802155450762,246.82544337071835,56.13480721678737,257.97925180164765,19.636985630765437
47,1,139.84802155450762,246.82544337071835,91.5465559363021,321.36760525484846,25.596672469085743
47,2,139.84802155450762,246.82544337071835,71.5705648069068,246.90151714514386,27.351382508967017
47,3,139.84802155450762,246.82544337071835,92.01781706636362,155.88482353183736,28.60544457255386
47,4,139.84802155450762,246.82544337071835,50.67239889674589,106.31241427333973,28.070286917332353
47,5,139.84802155450762,246.82544337071835,50.943657662500605,107.11800299315482,24.271720058326636
47,6,139.84802155450762,246.82544337071835,58.78476518686076,118.36637851661958,20.73122536768115
47,7,139.84802155450762,246.82544337071835,62.28067794559787,126.05524843618626,15.10010254553134
47,8,139.84802155450762,246.82544337071835,61.302142408661574,222.51594061130064,12.116259246267584
47,9,139.84802155450762,246.82544337071835,70.86191781597006,238.6829089261277,13.242527394675694
47,10,139.84802155450762,246.82544337071835,44.06835546440636,398.44534479888733,12.828279285991657
47,11,139.84802155450762,246.82544337071835,73.21992259482745,299.52416245397535,13.79889382895678
48,0,146.183724496297,230.56825775042313,87.13430935810699,158.92722699236856,19.589181160739297
48,1,146.183724496297,230.56825775042313,43.38009436878234,312.9898103927446,25.37363546667902
48,2,146.183724496297,230.56825775042313,40.22110297790424,309.6209289364742,28.560122157577947
48,3,146.183724496297,230.56825775042313,77.07900598918876,189.03524434504305,28.381358841237272
48,4,146.183724496297,230.56825775042313,64.05067956461716,117.90729224898445,25.788305652771662
48,5,146.183724496297,230.56825775042313,78.4722551076521,104.73951365837505,25.288519803456214
48,6,146.183724496297,230.56825775042313,39.518651432949696,46.024668952072176,20.20682962555353
48,7,146.183724496297,230.56825775042313,52.42784965933902,116.29605862695355,16.44078058087227
48,8,146.183724496297,230.56825775042313,69.8053389942703,199.40412045940704,13.238398212408836
48,9,146.183724496297,230.56825775042313,47.784260597901955,234.12684060380067,11.863865435176375
48,10,146.183724496297,230.56825775042313,66.35036120792125,276.1824108638057,12.921696808228749
48,11,146.183724496297,230.56825775042313,61.976107598280954,219.53896605829672,15.273713902141747
49,0,247.8762826736678,348.3855850481626,44.32321656427688,231.8342057890616,18.52739336974682
49,1,247.8762826736678,348.3855850481626,54.078184458041,293.89384510476003,22.465962466208367
49,2,247.8762826736678,348.3855850481626,41.44499038677786,338.5554104879413,26.753272528257913
49,3,247.8762826736678,348.3855850481626,35.535756421581986,214.26894258903022,27.890700715396036
49,4,247.8762826736678,348.3855850481626,46.62565984339065,103.54986893629639,26.836124382115635
49,5,247.8762826736678,348.3855850481626,91.43915747987934,81.57347477610666,22.865100982535292
49,6,247.8762826736678,348.3855850481626,58.945362050963055,98.40393956322337,21.985808470177695
49,7,247.8762826736678,348.3855850481626,67.13537272284532,124.26831968583622,15.246196080275693
49,8,247.8762826736678,348.3855850481626,48.869616823628114,222.64449935177151,13.788272321923692
49,9,247.8762826736678,348.3855850481626,51.63125319293327,283.4581103234282,10.046479038534821
49,10,247.8762826736678,348.3855850481626,60.58232918703644,340.5103913200707,14.526296033350492
49,11,247.8762826736678,348.3855850481626,23.12057698301752,318.9520455822783,15.670707850580108
50,0,234.16755090511376,209.51701510932048,29.59657514774022,200.47855144137372,19.908713108683855
50,1,234.16755090511376,209.51701510932048,37.96545324244883,284.068919081197,22.865235501631386
50,2,234.16755090511376,209.51701510932048,85.77663723002686,309.7987726926424,27.483085649100815
50,3,234.16755090511376,209.51701510932048,73.51028313812651,177.6629680969877,27.316982971160563
50,4,234.16755090511376,209.51701510932048,34.04120059126466,120.43004456700446,28.387669454511343
50,5,234.16755090511376,209.51701510932048,45.68881191843921,104.75525094538402,23.670184051536804
50,6,234.16755090511376,209.51701510932048,72.73264795458653,112.77041107806052,20.112287798920757
50,7,234.16755090511376,209.51701510932048,53.4073451594506,110.39209869966834,16.47208025467948
50,8,234.16755090511376,209.51701510932048,95.69636598263935,229.4286548490674,14.106948554408943
50,9,234.16755090511376,209.51701510932048,68.95906136325036,236.1885600915589,12.108492815381073
50,10,234.16755090511376,209.51701510932048,54.295298539200076,330.6227253176722,12.875373981126163
50,11,234.16755090511376,209.51701510932048,66.9466363682912,249.77664379715188,16.917260590865418
51,0,269.00384310771193,224.234171504006,79.40957274103502,318.48928479476274,18.52774442654318
51,1,269.00384310771193,224.234171504006,67.53565736906127,317.97729364540675,23.486166487257126
51,2,269.00384310771193,224.234171504006,51.471832117456415,259.31095827878625,26.76559869788556
51,3,269.00384310771193,224.234171504006,81.8116963288886,226.96539966045998,28.611839304051305
51,4,269.00384310771193,224.234171504006,82.06567890527697,110.10941921831969,28.591793723780544
51,5,269.00384310771193,224.234171504006,65.3675854205055,87.19434482369849,24.184585954936765
51,6,269.00384310771193,224.234171504006,81.87583808689976,93.89168260886873,18.307502982443637
51,7,269.00384310771193,224.234171504006,82.1233708062544,139.2193504389423,15.679678572785477
51,8,269.00384310771193,224.234171504006,75.78547843262966,201.1874012487874,13.107693557661433
51,9,269.00384310771193,224.234171504006,34.29300644773443,234.06204300145157,13.083069123108322
51,10,269.00384310771193,224.234171504006,27.0623699438011,240.17770244523945,11.64340420933846
51,11,269.00384310771193,224.234171504006,63.93722666704115,224.48777272770522,18.048075190529296
52,0,316.66089860048135,253.43680952355487,75.35516057316299,326.9539425971511,18.927823136050797
52,1,316.66089860048135,253.43680952355487,59.83129289648279,286.3427158469954,22.82888916452492
52,2,316.66089860048135,253.43680952355487,42.26661448407589,238.43218874461252,26.04355041432692
52,3,316.66089860048135,253.43680952355487,67.70825160806197,170.5518033317086,28.277559882543365
52,4,316.66089860048135,253.43680952355487,40.873119985471604,58.16835851982698,26.504743495944833
52,5,316.66089860048135,253.43680952355487,45.07754546521643,87.61339933479374,23.242127231887522
52,6,316.66089860048135,253.43680952355487,60.51663810573263,94.35857320524276,18.55222303414503
52,7,316.66089860048135,253.43680952355487,74.32112492610584,146.16021681049173,16.900072705104037
52,8,316.66089860048135,253.43680952355487,74.38180549036318,210.65901170756547,13.279097074295208
52,9,316.66089860048135,253.43680952355487,54.99604087956773,278.1866137957895,13.428780381215038
52,10,316.66089860048135,253.43680952355487,59.93472071511074,319.2360568287001,13.079609518754488
52,11,316.66089860048135,253.43680952355487,90.6500598840172,273.2733668622218,16.142595906218418
53,0,342.92886510107024,231.2338957088312,23.994218812081044,253.24151336622418,18.53800822012858
53,1,342.92886510107024,231.2338957088312,65.70977549034836,268.73837250219594,24.02663669165197
53,2,342.92886510107024,231.2338957088312,73.08166082513074,245.3469421273182,26.063511011949164
53,3,342.92886510107024,231.2338957088312,80.41909161092455,225.9223315153931,29.835896229716067
53,4,342.92886510107024,231.2338957088312,62.578025441019705,96.74493851879483,27.711786758870264
53,5,342.92886510107024,231.2338957088312,52.92663959199925,82.86808313476726,25.341551801835674
53,6,342.92886510107024,231.2338957088312,90.09137252244005,104.97703945867445,20.344143191949346
53,7,342.92886510107024,231.2338957088312,55.30340476323812,122.7753789128913,15.557272728573373
53,8,342.92886510107024,231.2338957088312,61.527892445549185,172.9550822533217,14.376900959009827
53,9,342.92886510107024,231.2338957088312,97.18389834260607,236.36793179571018,13.015443267051664
53,10,342.92886510107024,231.2338957088312,68.00055755613525,261.0039311634924,13.57525353446657
53,11,342.92886510107024,231.2338957088312,56.10340421005389,179.41688307162227,15.684082669760437
54,0,240.29339366470762,267.68377837092845,50.342490381914075,317.9594313606957,20.867992095928418
54,1,240.29339366470762,267.68377837092845,77.39995776384326,321.9313841972112,24.197857429113068
54,2,240.29339366470762,267.68377837092845,18.844369720367162,257.3316900050588,28.678628028570767
54,3,240.29339366470762,267.68377837092845,49.95553258384153,181.72173504928435,26.668156983034038
54,4,240.29339366470762,267.68377837092845,60.74544952425275,76.58046116766945,28.283121761802857
54,5,240.29339366470762,267.68377837092845,64.81839127454153,81.8863223319257,23.443687945486566
54,6,240.29339366470762,267.68377837092845,19.27971627146838,110.19303297581273,18.76868201752152
54,7,240.29339366470762,267.68377837092845,51.43715555260388,103.83478340252871,16.888433882795255
54,8,240.29339366470762,267.68377837092845,68.8342813342023,179.32600899707757,13.502886077694878
54,9,240.29339366470762,267.68377837092845,39.26582848863349,299.70515065400724,12.63350255146821
54,10,240.29339366470762,267.68377837092845,43.21444573102111,245.80232592591764,14.366018437138361
54,11,240.29339366470762,267.68377837092845,27.511967021177398,251.1639751458163,15.812811426437364
55,0,181.75580250879122,273.49960675651647,85.2011543127648,214.92822903845948,20.918630385417575
55,1,181.75580250879122,273.49960675651647,87.38551142598767,265.41427390919904,24.20048884826028
55,2,181.75580250879122,273.49960675651647,87.29421784177619,233.5662425608196,25.25456956853775
55,3,181.75580250879122,273.49960675651647,46.24336249632165,179.12881590266792,28.01024798983394
55,4,181.75580250879122,273.49960675651647,61.70868740201022,106.19110362445807,26.408221948913344
55,5,181.75580250879122,273.49960675651647,71.54498113696434,104.30913027411451,24.590769178496327
55,6,181.75580250879122,273.49960675651647,87.7449930204377,108.02720465590569,18.967997625967893
55,7,181.75580250879122,273.49960675651647,43.00582046000441,98.67662019961358,15.522428223065937
55,8,181.75580250879122,273.49960675651647,79.76746171933408,232.07783269744112,14.039120360136994
55,9,181.75580250879122,273.49960675651647,69.19186666362756,248.2571893215553,12.562146150228973
55,10,181.75580250879122,273.49960675651647,79.84380905930584,370.07965730216307,14.05333030904791
55,11,181.75580250879122,273.49960675651647,78.04033810171259,262.2448559773557,18.24217417049767
56,0,262.9803531000742,200.08188445427072,51.13685213967253,231.66412987536253,19.482427296552224
56,1,262.9803531000742,200.08188445427072,68.58993684248422,313.180456404919,23.912366502909432
56,2,262.9803531000742,200.08188445427072,51.29295128424279,241.90528815182128,27.525364782994377
56,3,262.9803531000742,200.08188445427072,32.515181386885864,216.94595856980072,26.529905591330007
56,4,262.9803531000742,200.08188445427072,65.15829076150932,115.82741513657278,25.693195338316684
56,5,262.9803531000742,200.08188445427072,26.712774683271455,107.43225765772159,22.58154895702862
56,6,262.9803531000742,200.08188445427072,90.28594799203113,100.86871329841998,21.10449833332485
56,7,262.9803531000742,200.08188445427072,75.52565517920908,121.9765664304851,15.532180791660505
56,8,262.9803531000742,200.08188445427072,52.83878286224554,198.60736802431344,14.83376418062348
56,9,262.9803531000742,200.08188445427072,72.72313296571849,252.96838751576024,12.657038992255425
56,10,262.9803531000742,200.08188445427072,53.999340456710236,250.29266507676513,10.657610988018291
56,11,262.9803531000742,200.08188445427072,64.52323862307655,285.554316290138,15.870609567255274
57,0,224.4287419474064,192.71089234435243,40.293796860794586,230.3375862644372,17.23147728493067
57,1,224.4287419474064,192.71089234435243,81.21818494942582,319.7270516847324,24.188460077985994
57,2,224.4287419474064,192.71089234435243,37.14858756916594,246.45761093493252,28.788610754800416
57,3,224.4287419474064,192.71089234435243,44.15918215642485,151.38938537401205,29.853190254147222
57,4,224.4287419474064,192.71089234435243,115.51194563674093,104.0872879379281,27.006166129292563
57,5,224.4287419474064,192.71089234435243,75.63793102615638,89.4237755351527,23.734763694503176
57,6,224.4287419474064,192.71089234435243,45.072243156289474,132.5373909086724,19.49654297934266
57,7,224.4287419474064,192.71089234435243,76.57998801430567,164.72268226348478,14.649469027527447
57,8,224.4287419474064,192.71089234435243,35.040299607913255,254.14991836543797,12.935255833475962
57,9,224.4287419474064,192.71089234435243,58.40653096971919,253.38292346867908,13.160060016890757
57,10,224.4287419474064,192.71089234435243,43.058444269050256,343.3871051388539,11.293426618733479
57,11,224.4287419474064,192.71089234435243,47.30275986971653,258.96816524149096,16.613963320072262
58,0,197.47611678065928,464.3972875385819,60.594826127512356,230.80781141720468,19.309260687686045
58,1,197.47611678065928,464.3972875385819,72.2277976920357,280.45693351578353,24.579011179232914
58,2,197.47611678065928,464.3972875385819,81.50196729089241,209.15367576883096,29.090912053100737
58,3,197.47611678065928,464.3972875385819,56.596102687256106,183.42238498561073,26.982901438467575
58,4,197.47611678065928,464.3972875385819,26.229347573414643,117.21181352568331,26.557276178617165
58,5,197.47611678065928,464.3972875385819,66.41849227433082,97.27501300896398,26.79222281762509
58,6,197.47611678065928,464.3972875385819,63.506495563372006,94.36709321256927,20.320191283319314
58,7,197.47611678065928,464.3972875385819,87.3158720560042,123.57593598634698,15.73640127996146
58,8,197.47611678065928,464.3972875385819,68.17294853599276,198.64824069853208,13.99598498481002
58,9,197.47611678065928,464.3972875385819,100.02908513653358,195.71888374784606,9.93711171341131
58,10,197.47611678065928,464.3972875385819,82.85573379683647,261.1327686450359,12.406734356650743
58,11,197.47611678065928,464.3972875385819,57.04923002957685,323.7403211160016,16.888396999428675
59,0,412.8167459183548,316.65759927941383,70.97838003900299,226.0410243103364,22.17895455303275
59,1,412.8167459183548,316.65759927941383,61.539479460301365,229.1566267789095,22.786518209165088
59,2,412.8167459183548,316.65759927941383,100.0105003687095,263.35988569881084,25.02048199054606
59,3,412.8167459183548,316.65759927941383,41.08914823544683,161.42517974445963,27.009713331493433
59,4,412.8167459183548,316.65759927941383,57.520696725120715,96.56165211283196,27.368202887027838
59,5,412.8167459183548,316.65759927941383,74.36480438253693,73.93253260222846,25.428455430543487
59,6,412.8167459183548,316.65759927941383,39.390246586056136,59.21748209888877,20.03106511385817
59,7,412.8167459183548,316.65759927941383,80.32587339690446,137.4484905851124,14.864667683551325
59,8,412.8167459183548,316.65759927941383,28.779963652001015,194.33549474117393,13.781233332335924
59,9,412.8167459183548,316.65759927941383,84.7309245028023,218.7950128472477,11.203251865865493
59,10,412.8167459183548,316.65759927941383,68.57159068179863,280.80853845196987,12.29307228672032
59,11,412.8167459183548,316.65759927941383,57.47998749985479,238.5226948685075,16.98420568507179
60,0,361.98466493256325,268.59415987877475,60.62221680573555,247.66583703299546,19.496013214323785
60,1,361.98466493256325,268.59415987877475,36.95608312185378,312.84083701425476,24.31172781380429
60,2,361.98466493256325,268.59415987877475,79.08809322748155,257.03698816395433,27.631506975052414
60,3,361.98466493256325,268.59415987877475,76.9967456296539,103.06987087898635,26.65811736955799
60,4,361.98466493256325,268.59415987877475,37.97069918480554,88.50669756792948,25.199679274564055
60,5,361.98466493256325,268.59415987877475,68.57430814633626,91.54132408315802,25.83207868046434
60,6,361.98466493256325,268.59415987877475,59.290322770214196,97.48760707226245,20.57596433478147
60,7,361.98466493256325,268.59415987877475,60.840547083158846,136.91857736382508,17.386317544495387
60,8,361.98466493256325,268.59415987877475,35.86436752430392,202.51325656406624,11.513257861979426
60,9,361.98466493256325,268.59415987877475,96.99645785852974,225.3019594399453,12.648968008941237
60,10,361.98466493256325,268.59415987877475,82.57520969510945,181.97036105012796,12.14592315784607
60,11,361.98466493256325,268.59415987877475,50.46001358756469,263.3241867274047,16.225943992666647
61,0,329.33360415055154,341.89477764720516,62.52851524783003,285.9945199699974,20.84445638784976
61,1,329.33360415055154,341.89477764720516,99.56042723130558,214.21839771188826,24.142041035035042
61,2,329.33360415055154,341.89477764720516,61.63900514025186,280.04143060372655,25.313738982406374
61,3,329.33360415055154,341.89477764720516,59.1283211112993,153.31399714579535,27.769552331154976
61,4,329.33360415055154,341.89477764720516,71.13112049409376,95.1152844875109,28.05243870171713
61,5,329.33360415055154,341.89477764720516,75.7902118358489,95.16597585459446,24.31077686706699
61,6,329.33360415055154,341.89477764720516,59.641202329616426,80.8441647939121,21.61065189755833
61,7,329.33360415055154,341.89477764720516,63.11747269666392,124.16585410544404,16.47054223102974
61,8,329.33360415055154,341.89477764720516,82.00518301065415,163.39950345654592,11.65137155264765
61,9,329.33360415055154,341.89477764720516,51.45243393887842,202.2251284654543,11.616885909132721
61,10,329.33360415055154,341.89477764720516,48.62660897774266,237.65322399662227,13.550682025619231
61,11,329.33360415055154,341.89477764720516,61.13992530312597,251.80404679257276,15.413839670110848
62,0,167.99043220727762,317.04437352813386,20.078794405583622,270.1028853863984,19.8797194443859
62,1,167.99043220727762,317.04437352813386,38.46500257393542,265.39781768220803,24.323393199286187
62,2,167.99043220727762,317.04437352813386,67.60745742931209,162.76468015208937,28.062994764978786
62,3,167.99043220727762,317.04437352813386,42.77831713913227,185.435832164527,29.713074542956882
62,4,167.99043220727762,317.04437352813386,65.2602385628428,113.30178408406478,26.81253082493083
62,5,167.99043220727762,317.04437352813386,53.16590738052167,96.96011101616571,24.529548003311966
62,6,167.99043220727762,317.04437352813386,58.76781338018047,114.2562005648079,19.103620725968007
62,7,167.99043220727762,317.04437352813386,28.001191562396762,133.37742104794677,15.974134485859011
62,8,167.99043220727762,317.04437352813386,27.00996267282521,211.8852415766729,12.869037777083529
62,9,167.99043220727762,317.04437352813386,25.768728629746477,255.5175560614384,12.612202813457612
62,10,167.99043220727762,317.04437352813386,83.29910333859954,316.146413432899,11.964650514340478
62,11,167.99043220727762,317.04437352813386,51.32452191652219,231.08714343202905,15.76577816817155
63,0,155.70766649247255,311.34739908779517,62.76561749019996,223.72830840014015,17.388965456829794
63,1,155.70766649247255,311.34739908779517,74.24224754651311,218.81320053415774,23.52371880736919
63,2,155.70766649247255,311.34739908779517,76.36849655479804,235.33880844968252,26.36106084197276
63,3,155.70766649247255,311.34739908779517,46.723967140326195,197.04175917636633,26.93318527461153
63,4,155.70766649247255,311.34739908779517,25.976698451052144,111.40323936370756,26.49968326314172
63,5,155.70766649247255,311.34739908779517,44.21821947108795,81.89459039678316,23.23185746259171
63,6,155.70766649247255,311.34739908779517,54.14680215829784,137.0662859380941,19.733727388545475
63,7,155.70766649247255,311.34739908779517,49.693689877891124,137.7282274177764,14.744134086872958
63,8,155.70766649247255,311.34739908779517,55.681849783504994,202.39984275384538,11.82584708338535
63,9,155.70766649247255,311.34739908779517,19.116775671130725,246.73447117661664,11.58590539320651
63,10,155.70766649247255,311.34739908779517,44.53503057177567,338.08182024088774,12.882218145022328
63,11,155.70766649247255,311.34739908779517,34.116958724638955,215.4107403148495,16.544511641328054
64,0,214.66964114769004,271.3207816531559,79.3630979206034,284.43032689332273,21.08532863581585
64,1,214.66964114769004,271.3207816531559,37.924938236829334,266.76007173009907,24.591879046442664
64,2,214.66964114769004,271.3207816531559,20.572832581233037,246.79441866225537,26.65888494513682
64,3,214.66964114769004,271.3207816531559,65.4780961898384,126.3029052974182,27.979416394191496
64,4,214.66964114769004,271.3207816531559,84.72648587967512,96.99809484082913,24.314613071100187
64,5,214.66964114769004,271.3207816531559,76.11723393429563,94.70323032630074,25.255101863193335
64,6,214.66964114769004,271.3207816531559,74.45983747788426,96.3373730802702,21.34638694019841
64,7,214.66964114769004,271.3207816531559,70.51374666590513,131.0770669719492,17.444047282134658
64,8,214.66964114769004,271.3207816531559,59.75876834642599,204.24721461122473,15.333124041026984
64,9,214.66964114769004,271.3207816531559,56.056741417938966,260.4700327427214,11.113836214083282
64,10,214.66964114769004,271.3207816531559,37.279991659199375,258.60630480593625,11.367450951787617
64,11,214.66964114769004,271.3207816531559,64.93752625484673,269.2314463470961,16.091885566268456
65,0,199.40892011323186,279.33879076229795,81.42636714939124,257.5529048320214,19.136188050414358
65,1,199.40892011323186,279.33879076229795,78.13437600521533,228.6648496934066,24.059243964319233
65,2,199.40892011323186,279.33879076229795,33.88549600854465,301.8242243738448,25.486323085136693
65,3,199.40892011323186,279.33879076229795,81.29740696414723,200.24437760135413,27.664729648719224
65,4,199.40892011323186,279.33879076229795,54.967919364081986,83.02856635990709,26.129991877670175
65,5,199.40892011323186,279.33879076229795,68.05480436307538,79.23565174355264,22.461148171182742
65,6,199.40892011323186,279.33879076229795,74.00298493981467,110.79237940868288,19.396961719864397
65,7,199.40892011323186,279.33879076229795,40.466465252809435,84.6307372166392,16.857922124684798
65,8,199.40892011323186,279.33879076229795,54.3859228665652,177.7236951592475,12.740554007189461
65,9,199.40892011323186,279.33879076229795,71.26056733801778,251.91398034187108,11.95179708044252
65,10,199.40892011323186,279.33879076229795,38.53265432691372,306.55601250174226,11.787888190431316
65,11,199.40892011323186,279.33879076229795,47.91424480276832,231.10771186562332,16.20590131312585
66,0,120.28814421431414,265.1936159611355,64.9183770938153,240.03652462528296,19.943799907767442
66,1,120.28814421431414,265.1936159611355,19.585600776108436,272.55715106542834,22.144043253066588
66,2,120.28814421431414,265.1936159611355,26.053038233296107,253.38415035231557,26.352818369283128
66,3,120.28814421431414,265.1936159611355,47.063977880932185,198.25905148123434,26.2491008581615
66,4,120.28814421431414,265.1936159611355,29.723468138142945,92.74169121733,28.373298828923573
66,5,120.28814421431414,265.1936159611355,43.374607953225755,76.26479888598953,23.24572126261693
66,6,120.28814421431414,265.1936159611355,83.6009518150413,93.22101873762315,18.042818850407524
66,7,120.28814421431414,265.1936159611355,65.86708852809227,110.09293905500209,16.245389542503656
66,8,120.28814421431414,265.1936159611355,76.12260552301485,186.15930998032155,13.586685760602656
66,9,120.28814421431414,265.1936159611355,37.13720725679296,360.16992969364696,13.105224952869055
66,10,120.28814421431414,265.1936159611355,74.1428745599273,310.07547617546027,12.980954857777332
66,11,120.28814421431414,265.1936159611355,55.57686389372468,278.0085488258387,16.11745622611679
67,0,208.53326455383274,433.4878392877207,83.02285673415787,239.1033412113818,19.62672275287137
67,1,208.53326455383274,433.4878392877207,47.44907701033162,232.6737491669357,25.512508781851512
67,2,208.53326455383274,433.4878392877207,64.91692683633799,204.99140383386325,27.219010319009097
67,3,208.53326455383274,433.4878392877207,68.14099278591333,134.98439707478025,28.15942204503897
67,4,208.53326455383274,433.4878392877207,95.43874760717979,90.29283442537859,29.757639981625978
67,5,208.53326455383274,433.4878392877207,69.13276230981438,84.23229098630841,23.789969862212768
67,6,208.53326455383274,433.4878392877207,41.729102609791525,85.32564590087445,20.069994695252326
67,7,208.53326455383274,433.4878392877207,63.76330918552593,119.1965212161056,15.628573923187288
67,8,208.53326455383274,433.4878392877207,97.16024329252531,225.07646527483863,14.402478532304503
67,9,208.53326455383274,433.4878392877207,44.69328461437398,288.1401961239819,11.604571003405747
67,10,208.53326455383274,433.4878392877207,28.559566687907196,252.51106303719126,14.518101176937378
67,11,208.53326455383274,433.4878392877207,46.782305477467965,297.96652114812974,16.91228011877962
68,0,281.6577207071306,276.7953437449377,76.24010833427188,217.07799181953172,20.795711442545688
68,1,281.6577207071306,276.7953437449377,25.242395970578222,216.40903342911787,23.549192032052332
68,2,281.6577207071306,276.7953437449377,37.6994564090163,267.78942927320804,27.177720250096094
68,3,281.6577207071306,276.7953437449377,104.68034235942201,157.12027317164976,28.427920273656934
68,4,281.6577207071306,276.7953437449377,52.931961315715824,103.87442284448345,28.45231508025131
68,5,281.6577207071306,276.7953437449377,54.17333638730707,93.50791442537398,22.063793746460632
68,6,281.6577207071306,276.7953437449377,63.28756846610015,96.8734754049287,19.21237315457401
68,7,281.6577207071306,276.7953437449377,62.371910023824555,113.82895000517725,14.143075153235598
68,8,281.6577207071306,276.7953437449377,45.29230390877643,255.94982864731173,13.337926477243084
68,9,281.6577207071306,276.7953437449377,52.94472771220955,284.7472932053808,11.120974724694618
68,10,281.6577207071306,276.7953437449377,25.41476625883559,364.5924383057906,13.986418268113043
68,11,281.6577207071306,276.7953437449377,68.5032140420931,265.1852346277091,15.239840773266266
69,0,492.9177108638752,336.2041712875769,62.240178202366565,255.06766782377804,19.58507259969354
69,1,492.9177108638752,336.2041712875769,101.07030950171375,233.28878005509628,22.73628473559845
69,2,492.9177108638752,336.2041712875769,44.52428727908625,242.0147726087085,27.742405124713905
69,3,492.9177108638752,336.2041712875769,48.491664444678634,212.73592698321227,27.432682289939212
69,4,492.9177108638752,336.2041712875769,44.77995560443269,94.61608976237564,27.355652104897658
69,5,492.9177108638752,336.2041712875769,52.22807617443388,77.45287890645594,21.92934624525884
69,6,492.9177108638752,336.2041712875769,71.36242858028533,102.4542858008495,19.041084828842074
69,7,492.9177108638752,336.2041712875769,79.26433493365046,145.33077500248052,14.557239919554089
69,8,492.9177108638752,336.2041712875769,50.68440837318202,241.41858992543396,13.160636717237159
69,9,492.9177108638752,336.2041712875769,56.118366963414104,214.0459168982662,12.852194071161422
69,10,492.9177108638752,336.2041712875769,44.87163525983246,272.61029704983315,14.112807831938753
69,11,492.9177108638752,336.2041712875769,77.58460797876313,291.35549037297926,15.667096071777326
70,0,332.01810507159536,341.43505680642295,37.41238488235234,239.00101892530628,19.981494258187787
70,1,332.01810507159536,341.43505680642295,42.73632019330468,324.48728827492806,24.297709072328633
70,2,332.01810507159536,341.43505680642295,56.52377815935089,326.9967417649255,27.357570489040853
70,3,332.01810507159536,341.43505680642295,60.15886026661955,188.98572333579142,28.75468180499872
70,4,332.01810507159536,341.43505680642295,32.08739831788051,126.0812353652861,26.590244117748764
70,5,332.01810507159536,341.43505680642295,46.95289020574856,101.91651234709641,24.37723867496479
70,6,332.01810507159536,341.43505680642295,52.917301027687664,88.02136457206291,19.503924279998177
70,7,332.01810507159536,341.43505680642295,69.14037351252105,101.32278998588862,14.108528941196875
70,8,332.01810507159536,341.43505680642295,44.233109162495964,178.8850472967632,12.531052034263212
70,9,332.01810507159536,341.43505680642295,45.20485870462224,314.9809886018255,13.845209953312423
70,10,332.01810507159536,341.43505680642295,95.78545297251102,301.92383250219814,13.279473189442632
70,11,332.01810507159536,341.43505680642295,77.41429701278207,264.3076008644924,15.00456315558867
71,0,169.56121926431447,154.44212737507556,99.63276884308428,258.241450784757,18.297320583266504
71,1,169.56121926431447,154.44212737507556,92.6755231546473,364.53283363655913,24.9288635987148
71,2,169.56121926431447,154.44212737507556,71.45077681215159,217.94620698562184,25.991591844952524
71,3,169.56121926431447,154.44212737507556,77.8797674583742,207.33639765720957,28.23046433349095
71,4,169.56121926431447,154.44212737507556,23.061712670581997,100.74442239800345,28.35998476526454
71,5,169.56121926431447,154.44212737507556,33.696545980795676,70.45661420262469,23.743443731006884
71,6,169.56121926431447,154.44212737507556,51.842405166553235,102.34506681164022,18.65979558224285
71,7,169.56121926431447,154.44212737507556,75.60611412730043,123.66437121721398,14.33996366905761
71,8,169.56121926431447,154.44212737507556,60.757995631544105,235.53896450814392,13.739312665612891
71,9,169.56121926431447,154.44212737507556,45.69983933269877,329.02560855859014,13.706582980291525
71,10,169.56121926431447,154.44212737507556,33.75436854553672,337.9045880831232,13.08748338456306
71,11,169.56121926431447,154.44212737507556,84.72709753621277,292.1393054166363,18.240431672971734
72,0,168.3959868079221,389.6554744834821,36.01203506331127,242.30156139535688,19.671716031017414
72,1,168.3959868079221,389.6554744834821,61.2506259269689,313.08538071552994,23.98333538510231
72,2,168.3959868079221,389.6554744834821,59.567163409200454,218.20786379781046,27.249358635059277
72,3,168.3959868079221,389.6554744834821,51.7446253014506,222.6200149583381,28.183166770117126
72,4,168.3959868079221,389.6554744834821,60.86053664726594,102.72100903962647,26.116473101053685
72,5,168.3959868079221,389.6554744834821,62.53699745817342,106.93573327515148,23.887586290983954
72,6,168.3959868079221,389.6554744834821,89.56179863320443,98.16716232429022,19.70592723624899
72,7,168.3959868079221,389.6554744834821,39.590295993670594,142.79404411524382,14.86093758154109
72,8,168.3959868079221,389.6554744834821,52.1853753696692,207.93964904340442,11.488485852218787
72,9,168.3959868079221,389.6554744834821,37.57082453458062,234.729485771877,11.882956310668895
72,10,168.3959868079221,389.6554744834821,85.01818503225778,333.2419059545301,15.188747633235831
72,11,168.3959868079221,389.6554744834821,73.20554760570903,275.21939730147807,15.435088477990622
73,0,239.6558281869675,319.0306257151825,63.68987246444082,287.1049941711791,18.988780628059057
73,1,239.6558281869675,319.0306257151825,61.19667049759012,213.41847941411933,25.060776820331533
73,2,239.6558281869675,319.0306257151825,54.4048603734569,285.7856462285153,26.30947229175304
73,3,239.6558281869675,319.0306257151825,66.63208843018076,200.92790067623048,27.04423347430152
73,4,239.6558281869675,319.0306257151825,76.57619274492745,79.30638237679423,26.206594790752835
73,5,239.6558281869675,319.0306257151825,73.72139695343338,74.57705783180353,23.663340111162594
73,6,239.6558281869675,319.0306257151825,59.49578343018297,103.09117972780761,21.10033953308107
73,7,239.6558281869675,319.0306257151825,76.86899563296615,117.36925295581763,17.198973050096388
73,8,239.6558281869675,319.0306257151825,58.199872921096315,241.22879591536258,11.765223629059886
73,9,239.6558281869675,319.0306257151825,13.013936696965715,324.01505130793726,12.125445578130423
73,10,239.6558281869675,319.0306257151825,81.80228893381158,263.3953646678421,11.901702218785545
73,11,239.6558281869675,319.0306257151825,50.677919357125376,247.53986521070482,16.012881074568753
74,0,257.12333411391137,159.82723264185356,48.08207445664258,296.9207508704396,19.073931405243073
74,1,257.12333411391137,159.82723264185356,69.9980752137385,354.35372038936856,25.850829928459184
74,2,257.12333411391137,159.82723264185356,58.594425890216336,228.49098045106905,26.587757152561682
74,3,257.12333411391137,159.82723264185356,52.65817782625973,194.13735883724988,27.59229847042047
74,4,257.12333411391137,159.82723264185356,57.111906192180726,111.34503557964473,25.703252228589317
74,5,257.12333411391137,159.82723264185356,72.66688555260691,74.05832702657274,23.664126866833378
74,6,257.12333411391137,159.82723264185356,60.68873286349377,92.6517698444034,20.019110040672523
74,7,257.12333411391137,159.82723264185356,56.923323846732494,138.45044549692864,14.793139716172243
74,8,257.12333411391137,159.82723264185356,36.741169939745944,114.17927138535543,10.10097843344292
74,9,257.12333411391137,159.82723264185356,79.11344521096407,187.45696413126112,10.564033247678648
74,10,257.12333411391137,159.82723264185356,36.27374222376048,238.3672552280182,13.44667585544303
74,11,257.12333411391137,159.82723264185356,44.73752333294334,157.44436277585703,16.109059302306502
75,0,348.27806077973435,417.1249267351502,68.1490459438368,252.70491493125087,21.35269314236372
75,1,348.27806077973435,417.1249267351502,51.35886106663446,244.53816543261425,22.564686679452755
75,2,348.27806077973435,417.1249267351502,66.9556668358255,269.35709726549936,28.07336804540686
75,3,348.27806077973435,417.1249267351502,36.215230525854196,176.02412439798252,29.90760857838555
75,4,348.27806077973435,417.1249267351502,56.3949995089243,86.55770389560014,24.564365835324434
75,5,348.27806077973435,417.1249267351502,73.43562962868674,89.503179108707,23.281306335173685
75,6,348.27806077973435,417.1249267351502,83.72755989534014,126.15733990057139,22.271651321672213
75,7,348.27806077973435,417.1249267351502,53.249440692704816,119.07701946810847,15.636765507355722
75,8,348.27806077973435,417.1249267351502,63.89506623214287,120.18963775603164,13.754126816263767
75,9,348.27806077973435,417.1249267351502,68.12226547637374,266.9662451793016,11.824569454488017
75,10,348.27806077973435,417.1249267351502,101.93576505110656,312.8015723964969,12.855438680667536
75,11,348.27806077973435,417.1249267351502,39.97788382243112,206.88332871956578,17.137581557043823
76,0,181.6152748701457,376.95948255154434,91.49590641737697,242.23872332730514,20.45355299896295
76,1,181.6152748701457,376.95948255154434,41.90841492418792,355.0129229994486,24.712606128361458
76,2,181.6152748701457,376.95948255154434,65.77534543066122,190.36866398652828,27.252238559150932
76,3,181.6152748701457,376.95948255154434,81.56307277056331,178.4166779240797,27.806287575188016
76,4,181.6152748701457,376.95948255154434,34.431842248646745,118.28587435228519,26.884751863835646
76,5,181.6152748701457,376.95948255154434,70.93307942106975,56.61698416153874,23.413256197881307
76,6,181.6152748701457,376.95948255154434,27.165043599718196,119.53182656671721,19.325073460392208
76,7,181.6152748701457,376.95948255154434,72.35326704447122,86.19186687851679,15.55790359121722
76,8,181.6152748701457,376.95948255154434,63.065756499337816,191.30888774538326,13.83272221042893
76,9,181.6152748701457,376.95948255154434,96.57614854973338,276.7326448316706,11.65502914666664
76,10,181.6152748701457,376.95948255154434,66.26509992301554,329.33312010953273,13.571847727072774
76,11,181.6152748701457,376.95948255154434,70.53878875199538,244.1594253667372,15.146693847782036
77,0,355.8165623596734,323.466190870457,55.35715060795889,271.3727351439082,21.01288653495324
77,1,355.8165623596734,323.466190870457,82.94760340138495,296.45937591264584,24.073227293613204
77,2,355.8165623596734,323.466190870457,48.17905437620951,278.9908730396786,26.852396232565695
77,3,355.8165623596734,323.466190870457,40.814182380695115,155.9587806564974,29.157036478225905
77,4,355.8165623596734,323.466190870457,59.24166286747241,100.17934869440943,27.87280591799509
77,5,355.8165623596734,323.466190870457,71.96146841561,95.80593990787449,23.840725916095163
77,6,355.8165623596734,323.466190870457,71.38207688312308,84.76919514768821,20.882074867144798
77,7,355.8165623596734,323.466190870457,58.52500074464257,151.16234601093674,18.03010835986731
77,8,355.8165623596734,323.466190870457,51.92891807291018,204.13403328807362,13.41236451439771
77,9,355.8165623596734,323.466190870457,30.07673097281171,278.50497819326796,9.526087735747652
77,10,355.8165623596734,323.466190870457,31.670890995975892,304.17037021354537,13.176943917452174
77,11,355.8165623596734,323.466190870457,57.85986218284852,248.3953061417119,15.542442602749022
78,0,178.7492232961068,249.231125377061,72.94792874497533,232.3555969387899,19.010447012439233
78,1,178.7492232961068,249.231125377061,90.2251376596266,266.65010426995514,23.132195746109602
78,2,178.7492232961068,249.231125377061,81.5237013804754,322.7037850243783,28.12807242444596
78,3,178.7492232961068,249.231125377061,75.12742789651476,184.2319912760156,27.80548425411213
78,4,178.7492232961068,249.231125377061,53.970310310089914,92.65634329132413,28.018072383930832
78,5,178.7492232961068,249.231125377061,34.141590283322266,88.87752783946868,23.693753659081285
78,6,178.7492232961068,249.231125377061,55.81642127291145,90.31416187045293,20.194415976712623
78,7,178.7492232961068,249.231125377061,48.19676338713478,128.28924427650142,17.919205829978516
78,8,178.7492232961068,249.231125377061,49.93370464318943,208.94616440610793,13.78396084341101
78,9,178.7492232961068,249.231125377061,73.36014463929119,300.0360151379306,11.589453807960806
78,10,178.7492232961068,249.231125377061,50.81460055720741,304.1451145694442,14.312260047579077
78,11,178.7492232961068,249.231125377061,52.704400825748344,298.81347847923666,16.523840503723598
79,0,148.62755770760828,229.11401713096876,62.904276270266585,187.31364548664564,21.332100518495867
79,1,148.62755770760828,229.11401713096876,66.63857757846819,264.71694733631125,24.663213459476207
79,2,148.62755770760828,229.11401713096876,64.75489528263643,194.25098668170807,28.287527007137392
79,3,148.62755770760828,229.11401713096876,83.49385733499231,142.51954617171214,27.869618222553015
79,4,148.62755770760828,229.11401713096876,31.799405672532277,113.28633196873763,28.265493926826466
79,5,148.62755770760828,229.11401713096876,94.123642795752,100.4203462831497,25.975358687217692
79,6,148.62755770760828,229.11401713096876,53.12021293860784,62.20381006171846,21.048381275842438
79,7,148.62755770760828,229.11401713096876,40.170137845087595,110.88058234209014,15.712120959893682
79,8,148.62755770760828,229.11401713096876,82.93723035103167,207.65232497001915,12.798169714479533
79,9,148.62755770760828,229.11401713096876,18.368393637129607,274.1418974612092,12.76664492909745
79,10,148.62755770760828,229.11401713096876,64.84787927186755,273.7418301626624,12.855658629734721
79,11,148.62755770760828,229.11401713096876,17.82060843322209,319.7729882145921,17.00595170938203
80,0,269.8843046651512,287.6043867224352,82.03031808032028,258.19474728881556,20.088641848152015
80,1,269.8843046651512,287.6043867224352,47.36530348954186,297.8677846008489,23.309358550292746
80,2,269.8843046651512,287.6043867224352,121.58658520301871,283.8372562406292,27.958118657453706
80,3,269.8843046651512,287.6043867224352,37.11795568980238,184.5095589905613,27.64647984967618
80,4,269.8843046651512,287.6043867224352,92.8680306286609,97.64354828466256,27.476613196480017
80,5,269.8843046651512,287.6043867224352,55.86609547895878,63.030037158658075,24.11567151708632
80,6,269.8843046651512,287.6043867224352,57.632337278690635,73.3811668001416,19.39700914587309
80,7,269.8843046651512,287.6043867224352,47.83838752221766,107.38473052484868,15.446394034984689
80,8,269.8843046651512,287.6043867224352,46.48301836570997,188.9280332991176,11.649950652569139
80,9,269.8843046651512,287.6043867224352,52.51925384300888,259.77761641510403,11.806140520960883
80,10,269.8843046651512,287.6043867224352,88.68577305639131,282.43119849598014,13.070657754071505
80,11,269.8843046651512,287.6043867224352,74.84875849244725,300.9583718536307,16.580028333429723
81,0,170.5282210978211,264.09419405621617,73.1850263537123,255.69858810141898,21.52852033659459
81,1,170.5282210978211,264.09419405621617,39.08779404443246,323.5586111551208,22.127713343012278
81,2,170.5282210978211,264.09419405621617,62.5103780550196,273.7922405546656,26.17220918900574
81,3,170.5282210978211,264.09419405621617,74.27162136247456,178.437240690536,29.158643137135172
81,4,170.5282210978211,264.09419405621617,36.98609427987486,74.57436399763758,27.898887575560373
81,5,170.5282210978211,264.09419405621617,75.82216077115675,108.67350423229054,25.100095156314005
81,6,170.5282210978211,264.09419405621617,85.66543891090664,106.88842275069086,18.281702968785826
81,7,170.5282210978211,264.09419405621617,65.97659256111528,125.18661185114166,16.909046855271164
81,8,170.5282210978211,264.09419405621617,61.96020106307498,204.68188192576758,13.381459363885211
81,9,170.5282210978211,264.09419405621617,70.64441433275735,179.99450126783472,12.212272938009646
81,10,170.5282210978211,264.09419405621617,45.00467208480584,272.23252599794404,12.197868950690813
81,11,170.5282210978211,264.09419405621617,81.34108896212484,301.9378151332512,16.73907814114004
82,0,338.66370331312896,378.96871126129133,98.17954273425846,287.224147174897,19.622089833283443
82,1,338.66370331312896,378.96871126129133,57.74555929205641,298.8868106181182,23.219714609817377
82,2,338.66370331312896,378.96871126129133,65.31140709993663,288.4733059172387,27.820224648304308
82,3,338.66370331312896,378.96871126129133,51.833160750569796,223.00847172297404,26.670790963108768
82,4,338.66370331312896,378.96871126129133,51.625025871368365,93.04047422334979,26.735219883209567
82,5,338.66370331312896,378.96871126129133,49.71335540640757,95.39458759057611,23.181779705851586
82,6,338.66370331312896,378.96871126129133,43.53652817020289,88.47900085974885,19.8999069716951
82,7,338.66370331312896,378.96871126129133,80.90309633689336,134.2931852416154,16.594262705758943
82,8,338.66370331312896,378.96871126129133,54.01170736138373,193.49493647689764,12.705933670099196
82,9,338.66370331312896,378.96871126129133,57.27938512784321,197.08510389280727,11.460408229405447
82,10,338.66370331312896,378.96871126129133,62.26630547340673,332.9320627163506,13.670923150496348
82,11,338.66370331312896,378.96871126129133,40.128984679464594,377.4246167235285,16.76429079363161
83,0,455.9159831366698,350.1391291515736,80.15515818678705,258.91971103184744,20.419829456827262
83,1,455.9159831366698,350.1391291515736,77.41231988739406,182.19021274525863,25.07152963682907
83,2,455.9159831366698,350.1391291515736,87.6587778463244,256.14432750770663,27.27245438411111
83,3,455.9159831366698,350.1391291515736,31.31658258797114,167.3850603231938,27.742859167103905
83,4,455.9159831366698,350.1391291515736,64.64739191428906,80.5640804524544,27.809233011456495
83,5,455.9159831366698,350.1391291515736,86.86375614565898,80.81803100605177,24.99406414348156
83,6,455.9159831366698,350.1391291515736,26.579515124821164,84.72366406703242,21.13679623075574
83,7,455.9159831366698,350.1391291515736,49.41784137563166,114.6127269389615,17.251430556833494
83,8,455.9159831366698,350.1391291515736,36.16628585937962,202.16672473108898,11.728098778377799
83,9,455.9159831366698,350.1391291515736,61.39615731173728,204.18505982151143,13.143628333833115
83,10,455.9159831366698,350.1391291515736,67.28419742666414,270.02847327748526,13.347826257348952
83,11,455.9159831366698,350.1391291515736,63.959332785898695,216.16733416161938,17.544033730719438
84,0,143.0924161678581,385.9297885084918,51.56582342238253,212.2731478931228,19.63204702742842
84,1,143.0924161678581,385.9297885084918,69.53754426669765,263.01763808292685,23.02453833940734
84,2,143.0924161678581,385.9297885084918,41.26575510950332,262.1778119921496,27.45261862384982
84,3,143.0924161678581,385.9297885084918,82.73440207832573,233.6981939586958,28.444935694740384
84,4,143.0924161678581,385.9297885084918,59.11892907596364,77.93987421548934,26.813512849991852
84,5,143.0924161678581,385.9297885084918,21.076770500521754,96.80056470334954,23.41595150666592
84,6,143.0924161678581,385.9297885084918,56.824623367166154,79.18764908430074,20.11048075978069
84,7,143.0924161678581,385.9297885084918,68.29228015340361,123.17286055379766,17.58406365094223
84,8,143.0924161678581,385.9297885084918,8.715026362092935,158.9824888949487,13.301575043111837
84,9,143.0924161678581,385.9297885084918,110.56692169044979,315.5078373213311,11.793335534068438
84,10,143.0924161678581,385.9297885084918,47.21683498088132,254.6898388364436,12.04399771647956
84,11,143.0924161678581,385.9297885084918,22.056428996396974,273.47937737549205,15.327752112576768
85,0,254.79260508025573,316.0670913304603,82.36570520023213,198.163925331248,19.580242202529327
85,1,254.79260508025573,316.0670913304603,92.27098088112467,267.90921648235167,23.14977433241074
85,2,254.79260508025573,316.0670913304603,81.58851206374823,337.52718382901486,25.115685532519894
85,3,254.79260508025573,316.0670913304603,65.82897418752152,143.54093852476908,26.35714631242799
85,4,254.79260508025573,316.0670913304603,56.64367607994035,116.00487268695599,25.857900311053474
85,5,254.79260508025573,316.0670913304603,97.14580384624517,75.47614468989904,24.551994765371884
85,6,254.79260508025573,316.0670913304603,75.50411494842879,123.38179899423398,20.669299613260158
85,7,254.79260508025573,316.0670913304603,24.640744387168496,134.32289456890683,16.461860763379192
85,8,254.79260508025573,316.0670913304603,82.33695560108367,189.81898374410514,13.560300596132313
85,9,254.79260508025573,316.0670913304603,84.66476005156724,275.0990206490272,11.915632811286416
85,10,254.79260508025573,316.0670913304603,24.400915022386172,267.1129044473221,12.669672822151336
85,11,254.79260508025573,316.0670913304603,27.237966906401823,178.1160341045723,15.902204871173927
86,0,275.78072541506356,288.09397477881674,86.00935881161315,210.06965044557228,20.956347981674856
86,1,275.78072541506356,288.09397477881674,58.667443197898784,357.0004374377789,25.124139549245708
86,2,275.78072541506356,288.09397477881674,47.96158077125652,234.18619018494098,27.88699484673218
86,3,275.78072541506356,288.09397477881674,49.808787245498905,167.93159711102746,28.719379023517565
86,4,275.78072541506356,288.09397477881674,82.18204821187655,99.43986311935096,26.55000098033557
86,5,275.78072541506356,288.09397477881674,53.960676552049556,71.11737733147058,23.18302643747118
86,6,275.78072541506356,288.09397477881674,37.27004525055506,114.99149411728524,19.90951262401353
86,7,275.78072541506356,288.09397477881674,71.55907213694805,121.89709252315856,17.25847617162655
86,8,275.78072541506356,288.09397477881674,56.578695870825314,206.18889927339663,13.018244148017166
86,9,275.78072541506356,288.09397477881674,62.01629355536556,231.83015942824787,12.90484021225122
86,10,275.78072541506356,288.09397477881674,62.28223399098305,291.6857182145697,13.724456429645155
86,11,275.78072541506356,288.09397477881674,18.89572022238633,212.16352047698655,17.258687696921843
87,0,211.0297687594906,281.4676625437577,60.003595432390796,266.823910339822,19.45366800475328
87,1,211.0297687594906,281.4676625437577,58.17406014308426,203.0701010167518,24.301630537904472
87,2,211.0297687594906,281.4676625437577,65.90467012828012,324.88568214066737,28.696786579388696
87,3,211.0297687594906,281.4676625437577,65.85477100443464,141.0712723763719,27.05676016339811
87,4,211.0297687594906,281.4676625437577,65.01468592882524,73.33648150535683,28.20384224138157
87,5,211.0297687594906,281.4676625437577,61.04744602736891,100.97104366447941,23.95984287327938
87,6,211.0297687594906,281.4676625437577,75.49704384379508,105.04554456060701,20.215298531245075
87,7,211.0297687594906,281.4676625437577,62.044805066827976,85.63593185482549,14.951282413761389
87,8,211.0297687594906,281.4676625437577,91.46497207723074,187.32753247722928,14.03097923681277
87,9,211.0297687594906,281.4676625437577,50.63568054280982,272.5948054791462,11.23614202386151
87,10,211.0297687594906,281.4676625437577,49.866726634241914,229.01078821152734,13.63728253407625
87,11,211.0297687594906,281.4676625437577,94.20830970264417,293.902361675609,16.87150993394575
88,0,270.2500651787593,277.69898633199404,66.20902432109284,263.4709544128394,20.84902275673338
88,1,270.2500651787593,277.69898633199404,57.253112990224494,245.0019496187271,23.466911442191872
88,2,270.2500651787593,277.69898633199404,31.64533588951898,208.3131643600264,26.491327982691168
88,3,270.2500651787593,277.69898633199404,67.76588044727183,183.516924984283,29.242320066292336
88,4,270.2500651787593,277.69898633199404,30.02568865048287,92.3050909128655,26.348521881898698
88,5,270.2500651787593,277.69898633199404,45.829967131247045,79.68302846142437,25.041120178132147
88,6,270.2500651787593,277.69898633199404,54.59966024759622,110.48978992284135,19.05073544658754
88,7,270.2500651787593,277.69898633199404,84.92063305741884,141.8933888807505,13.849611535574322
88,8,270.2500651787593,277.69898633199404,78.44774294798486,199.52556582555135,14.63995502018245
88,9,270.2500651787593,277.69898633199404,65.67755357899685,219.27368966546697,12.632259625021046
88,10,270.2500651787593,277.69898633199404,71.6888934011393,304.8381869399458,13.072025445579584
88,11,270.2500651787593,277.69898633199404,56.57670304449929,255.9433669824363,16.366330679721678
89,0,206.62161697451833,287.3573860961926,74.52531399269654,243.6150817799758,19.67275742450636
89,1,206.62161697451833,287.3573860961926,59.164549754351555,284.9082017043801,24.008969986101174
89,2,206.62161697451833,287.3573860961926,70.94834207826393,286.7836910423938,25.54057448376642
89,3,206.62161697451833,287.3573860961926,70.92243767717676,153.03362570084573,27.953944216342954
89,4,206.62161697451833,287.3573860961926,16.237975616532026,105.37281632878796,26.112753245154988
89,5,206.62161697451833,287.3573860961926,25.636015347102173,92.8466125584678,22.468138465737233
89,6,206.62161697451833,287.3573860961926,7.113669878061842,70.7486969170125,19.525581162219225
89,7,206.62161697451833,287.3573860961926,10.66981894612151,107.99039609131886,15.01467126615361
89,8,206.62161697451833,287.3573860961926,49.812944399157274,179.1192682484178,15.022183229142554
89,9,206.62161697451833,287.3573860961926,55.54241161056331,320.8670939500521,12.222570959989286
89,10,206.62161697451833,287.3573860961926,81.4458207663828,287.06340520204895,14.051501780433256
89,11,206.62161697451833,287.3573860961926,103.67043063500938,241.3718154175195,15.196749976320609
90,0,142.21029179499098,327.1109737446762,50.23925246632555,235.94813641312675,19.17634337262262
90,1,142.21029179499098,327.1109737446762,85.53863366317258,246.7507550516532,24.88711825313004
90,2,142.21029179499098,327.1109737446762,88.08636920740634,224.41528372538528,26.231077205447022
90,3,142.21029179499098,327.1109737446762,72.62319125569526,173.51383676937263,27.21980098792278
90,4,142.21029179499098,327.1109737446762,22.280884169548834,115.90700793971207,26.166175918494346
90,5,142.21029179499098,327.1109737446762,36.10441542473084,90.0190536806243,23.650640682420065
90,6,142.21029179499098,327.1109737446762,38.7325056442721,101.15821639640731,20.956338821013052
90,7,142.21029179499098,327.1109737446762,67.53772648324816,123.2615987962567,15.180727849854456
90,8,142.21029179499098,327.1109737446762,87.94485838998396,193.94696952586804,12.939830322998805
90,9,142.21029179499098,327.1109737446762,35.685734827718335,237.7212204470181,11.23046183355935
90,10,142.21029179499098,327.1109737446762,46.76771689724009,328.8340072216523,12.582818729541838
90,11,142.21029179499098,327.1109737446762,57.88618326965475,272.94888022824426,16.677725749108017
91,0,306.8646394893164,316.811049003349,67.91242906183494,234.7446729371246,20.241560762480777
91,1,306.8646394893164,316.811049003349,43.690379980490526,267.57008908813077,23.469439960891016
91,2,306.8646394893164,316.811049003349,83.68149180835925,282.18373719548475,29.891218196211206
91,3,306.8646394893164,316.811049003349,68.97021874241555,111.75153363407298,29.662309002437453
91,4,306.8646394893164,316.811049003349,84.86110740655366,95.10896424663842,27.603134421410736
91,5,306.8646394893164,316.811049003349,40.3288164217011,78.52567271505983,23.518921960280444
91,6,306.8646394893164,316.811049003349,77.2498729601303,107.64907455251426,20.22781970762389
91,7,306.8646394893164,316.811049003349,37.15154410387743,130.17336458641154,15.434728923474447
91,8,306.8646394893164,316.811049003349,75.29033801534206,181.62304292342137,12.916784472687127
91,9,306.8646394893164,316.811049003349,70.58095361415388,221.7105749155733,12.13541472330039
91,10,306.8646394893164,316.811049003349,75.94541859601195,353.15706258819597,13.46917803404137
91,11,306.8646394893164,316.811049003349,76.80274764394551,267.2120872111589,15.564183520265209
92,0,209.03753014418186,299.12282284593283,73.83254201128355,231.9229580668513,19.65212824880729
92,1,209.03753014418186,299.12282284593283,52.45280014530575,258.33178616581233,24.257386330226772
92,2,209.03753014418186,299.12282284593283,97.67865261698518,258.1918287590182,27.946402418670264
92,3,209.03753014418186,299.12282284593283,26.682717666313714,199.54500205723807,28.93047943683466
92,4,209.03753014418186,299.12282284593283,86.86536628135303,102.07656829504639,27.666515721250697
92,5,209.03753014418186,299.12282284593283,63.76042641951702,90.96111425940563,23.303741160855957
92,6,209.03753014418186,299.12282284593283,53.359399634207215,98.46093855841322,18.307389379094882
92,7,209.03753014418186,299.12282284593283,37.94657658133773,117.48991791019172,16.438587862502526
92,8,209.03753014418186,299.12282284593283,49.3445634264548,228.0459333332567,14.163224911656245
92,9,209.03753014418186,299.12282284593283,49.07605469821567,161.13038749068826,11.667443765001348
92,10,209.03753014418186,299.12282284593283,11.1718585707452,338.23643845354206,13.850688405231875
92,11,209.03753014418186,299.12282284593283,67.12278563266307,236.78840612609415,14.097541378745564
93,0,275.0402318584957,492.2030124256552,26.510154855939206,230.08650222596273,19.516400031294104
93,1,275.0402318584957,492.2030124256552,42.15321021964745,258.60712572666813,24.78136060429273
93,2,275.0402318584957,492.2030124256552,26.94742004151456,224.637453636766,27.189348650292334
93,3,275.0402318584957,492.2030124256552,101.30148282978635,202.45848936169213,28.16624849679884
93,4,275.0402318584957,492.2030124256552,60.17408671421313,92.94535651054434,26.438694970500475
93,5,275.0402318584957,492.2030124256552,70.14550656528539,80.90394531177456,25.976347421263885
93,6,275.0402318584957,492.2030124256552,62.69827347074818,100.11655329963554,20.965409518204098
93,7,275.0402318584957,492.2030124256552,63.04390021353592,125.62721524157328,17.28197890579125
93,8,275.0402318584957,492.2030124256552,58.1742980020423,183.85672173659208,12.014956545027886
93,9,275.0402318584957,492.2030124256552,41.70520154053864,290.0252842580425,11.971656771375063
93,10,275.0402318584957,492.2030124256552,94.18510214554664,237.01696320823504,12.168365398372767
93,11,275.0402318584957,492.2030124256552,73.34795715491751,277.24397931573344,15.642122336151044
94,0,424.9866237165165,309.4921213564078,36.156331839789374,213.1131562469766,20.50004491964635
94,1,424.9866237165165,309.4921213564078,67.61341897885445,232.53832280708116,24.389663876482665
94,2,424.9866237165165,309.4921213564078,45.75383730727351,308.7277454637682,26.114544946716705
94,3,424.9866237165165,309.4921213564078,33.421795995932484,187.84275030801706,24.84345108997953
94,4,424.9866237165165,309.4921213564078,28.011857934993607,116.9024014590349,25.449339240179164
94,5,424.9866237165165,309.4921213564078,50.84146989514737,88.05122313925133,24.027370620608433
94,6,424.9866237165165,309.4921213564078,28.70770725322962,94.95440443640784,18.959497365925436
94,7,424.9866237165165,309.4921213564078,41.785687427384396,139.36779450101716,16.30725239378671
94,8,424.9866237165165,309.4921213564078,56.3771271941739,127.66987233707655,12.09707284973146
94,9,424.9866237165165,309.4921213564078,31.449817516974644,284.08781903659445,12.449877790229332
94,10,424.9866237165165,309.4921213564078,51.16221045864374,296.0818913874967,13.034549978654075
94,11,424.9866237165165,309.4921213564078,40.98173505334681,231.36382157090503,15.535384524671974
95,0,309.4285864396125,326.7027852456256,92.18510377005842,274.24953533817427,20.40962346502521
95,1,309.4285864396125,326.7027852456256,56.65657027220918,284.93889598956997,23.88118232083716
95,2,309.4285864396125,326.7027852456256,87.91083007828117,233.44521517316804,27.846099257784523
95,3,309.4285864396125,326.7027852456256,81.66430680870626,183.2255807115,27.84373391844074
95,4,309.4285864396125,326.7027852456256,78.31785709736624,82.75488545422319,25.910696205601038
95,5,309.4285864396125,326.7027852456256,47.44349387710574,77.47496129854603,23.774734095038436
95,6,309.4285864396125,326.7027852456256,54.53144195531133,135.32792707020164,21.135289631629927
95,7,309.4285864396125,326.7027852456256,84.17129723813103,151.51526002716113,16.328352695826776
95,8,309.4285864396125,326.7027852456256,79.28462586872658,217.23799746283007,12.981130238442002
95,9,309.4285864396125,326.7027852456256,40.780657479038624,380.03194534693523,11.63136868170279
95,10,309.4285864396125,326.7027852456256,4.2151007423178015,292.540819453365,10.839026067314588
95,11,309.4285864396125,326.7027852456256,61.242322085611995,264.712503698364,16.27720510454137
96,0,340.26319167211466,283.77357346413044,45.6798969848397,241.2784113830675,17.936513117993805
96,1,340.26319167211466,283.77357346413044,65.93124856074503,274.81770535889257,23.408025024780112
96,2,340.26319167211466,283.77357346413044,79.41783831518575,282.2186020877296,27.24616625753288
96,3,340.26319167211466,283.77357346413044,74.21163250082896,167.05342796841904,28.937320322050944
96,4,340.26319167211466,283.77357346413044,51.64386063166182,100.81176468912791,27.43143541636753
96,5,340.26319167211466,283.77357346413044,17.19178535516113,85.65776755623658,25.221067061842152
96,6,340.26319167211466,283.77357346413044,82.70042685400237,84.0605259010131,18.941348969501217
96,7,340.26319167211466,283.77357346413044,71.47006878733548,103.66487234492911,14.97172396822873
96,8,340.26319167211466,283.77357346413044,50.490872945581486,213.37554293757623,13.215123632052226
96,9,340.26319167211466,283.77357346413044,62.19804441383365,250.8804218033855,11.603176192532118
96,10,340.26319167211466,283.77357346413044,60.782929996528985,299.8354421906399,12.970170575675231
96,11,340.26319167211466,283.77357346413044,57.22196372180826,259.3477406080836,17.652240642047673
97,0,486.43019120978164,379.66960156625026,56.884402459281546,190.57703805117748,18.450445914180666
97,1,486.43019120978164,379.66960156625026,65.14961481466487,248.51488192362,24.094364079097197
97,2,486.43019120978164,379.66960156625026,49.760102212575795,328.9460260668202,27.120805628020936
97,3,486.43019120978164,379.66960156625026,57.49480463228668,167.88171557405892,28.7438626481367
97,4,486.43019120978164,379.66960156625026,63.258195596560476,109.42477350979128,26.67491359480869
97,5,486.43019120978164,379.66960156625026,41.14888810056118,91.86048590302283,24.26888961317084
97,6,486.43019120978164,379.66960156625026,46.7777825611405,127.0320184111505,19.212164686748135
97,7,486.43019120978164,379.66960156625026,30.935640518540737,102.73244302670146,15.651036958261548
97,8,486.43019120978164,379.66960156625026,88.90191799617575,219.1907460599256,14.78209622229633
97,9,486.43019120978164,379.66960156625026,51.199369517412755,218.48356354006646,12.176038313721559
97,10,486.43019120978164,379.66960156625026,94.18404857887637,402.2578752804869,12.787984597656623
97,11,486.43019120978164,379.66960156625026,28.923749732814294,330.3545562179395,16.29162777472397
98,0,237.79661129918082,368.76242202205765,79.01667762789778,287.42805541955926,20.861144134318213
98,1,237.79661129918082,368.76242202205765,83.83742657358546,283.3657053919121,22.22406749693483
98,2,237.79661129918082,368.76242202205765,73.26600634914413,207.59661577686663,27.690675727444177
98,3,237.79661129918082,368.76242202205765,74.79220114884191,185.19959134521017,28.477545837844378
98,4,237.79661129918082,368.76242202205765,94.33243906119927,78.81333550109724,26.619044009175653
98,5,237.79661129918082,368.76242202205765,97.58367425424935,74.4933263988475,22.546361637262013
98,6,237.79661129918082,368.76242202205765,38.0965829683352,117.95404085578829,19.534001245083996
98,7,237.79661129918082,368.76242202205765,22.238645003298622,125.746435403247,16.04234822950697
98,8,237.79661129918082,368.76242202205765,21.575494941208625,190.13365562813976,14.566271013720865
98,9,237.79661129918082,368.76242202205765,50.125567015026085,203.25706364103976,12.872215051749857
98,10,237.79661129918082,368.76242202205765,46.83392997495277,315.2307503735989,13.061474650263449
98,11,237.79661129918082,368.76242202205765,49.795468561161634,267.2193892170852,16.02516997786672
99,0,274.437470752457,308.0271420795668,48.868785689677054,308.51505309780794,19.968132252231168
99,1,274.437470752457,308.0271420795668,60.57720027769158,285.11606003020376,22.742330557439463
99,2,274.437470752457,308.0271420795668,58.651614787836884,255.98559006291947,26.00060518047536
99,3,274.437470752457,308.0271420795668,69.20315770067269,146.08795869206682,28.59682132576322
99,4,274.437470752457,308.0271420795668,34.448540258548476,120.45610198324735,28.504528725382762
99,5,274.437470752457,308.0271420795668,56.19344801955124,78.01736435530066,23.241877782824677
99,6,274.437470752457,308.0271420795668,68.78453726189615,99.57332209656606,19.561351142075473
99,7,274.437470752457,308.0271420795668,96.12984396452893,103.86015836021986,17.265619351426462
99,8,274.437470752457,308.0271420795668,70.96783720105171,218.59342596680227,12.59454236374965
99,9,274.437470752457,308.0271420795668,53.56613039427666,252.46639177186185,12.250109807038676
99,10,274.437470752457,308.0271420795668,69.78926051320792,265.5415788567945,12.428585618412306
99,11,274.437470752457,308.0271420795668,77.74618330722987,287.3863954858195,16.264140347617055
100,0,240.53603420409226,382.7420073400549,63.594592216107564,249.2100948078917,19.42584899478263
100,1,240.53603420409226,382.7420073400549,56.70982964322957,327.90203568433174,23.637792102727246
100,2,240.53603420409226,382.7420073400549,49.49798511244559,251.39683495203448,27.525609290227152
100,3,240.53603420409226,382.7420073400549,33.6333590350095,208.1352631050194,28.326288893005184
100,4,240.53603420409226,382.7420073400549,67.88348639767355,105.12776731259912,26.901520212709993
100,5,240.53603420409226,382.7420073400549,34.18070877964895,105.33304867380303,24.216037758973528
100,6,240.53603420409226,382.7420073400549,63.62353087155816,111.67758031489892,18.904052313208073
100,7,240.53603420409226,382.7420073400549,41.06111205353841,115.51405357561497,16.75371107134531
100,8,240.53603420409226,382.7420073400549,45.71608825516211,163.18656547568267,12.84041876805164
100,9,240.53603420409226,382.7420073400549,65.70342636962734,313.4583032321443,11.443988180589175
100,10,240.53603420409226,382.7420073400549,73.48089824870218,283.1793686863282,14.778870099964815
100,11,240.53603420409226,382.7420073400549,63.06682765860528,307.45696618744347,17.062285777296644
101,0,290.30031333958135,350.46249666155734,56.0152335731762,273.40074045796405,19.245847596842232
101,1,290.30031333958135,350.46249666155734,62.58202727177638,308.1790082243913,24.267148454332375
101,2,290.30031333958135,350.46249666155734,86.51134430202416,276.7185951479033,26.63862993076129
101,3,290.30031333958135,350.46249666155734,36.92342002477034,167.72210669178048,28.56517665395358
101,4,290.30031333958135,350.46249666155734,98.33904735697664,94.24421966261232,25.889042116242415
101,5,290.30031333958135,350.46249666155734,83.41257164332198,68.82579856819788,25.597291932467105
101,6,290.30031333958135,350.46249666155734,58.24987748443864,93.75764164631488,17.69948432322113
101,7,290.30031333958135,350.46249666155734,84.65234746593298,121.82546779534496,17.395303107236757
101,8,290.30031333958135,350.46249666155734,62.93259564741875,181.77809172801796,13.085830612149879
101,9,290.30031333958135,350.46249666155734,62.18518340450231,187.61373906651946,12.994523111690668
101,10,290.30031333958135,350.46249666155734,87.50680273208685,276.0395312944712,12.69902834861832
101,11,290.30031333958135,350.46249666155734,77.81629109475058,258.6420198486002,16.31403259440816
102,0,95.74266532141384,197.72658003521713,31.56556054808413,316.89954380454265,18.979317077005238
102,1,95.74266532141384,197.72658003521713,57.482515085885495,250.5705235107491,23.43458042265552
102,2,95.74266532141384,197.72658003521713,77.41152544301647,301.2286521223428,26.792258825520765
102,3,95.74266532141384,197.72658003521713,23.094790450994786,166.90659769479657,28.066770272495663
102,4,95.74266532141384,197.72658003521713,54.81732145323779,105.63427729929664,26.449161002141228
102,5,95.74266532141384,197.72658003521713,8.217995275649308,98.89387912062045,23.90087122590163
102,6,95.74266532141384,197.72658003521713,88.14284645759832,101.7338842213237,20.827340789745328
102,7,95.74266532141384,197.72658003521713,62.65464362489966,143.1723438470934,16.251173834210267
102,8,95.74266532141384,197.72658003521713,69.7994911601134,232.97334916265822,13.369416516696017
102,9,95.74266532141384,197.72658003521713,71.1072396844294,177.07978563025233,11.233785901919115
102,10,95.74266532141384,197.72658003521713,74.47509981424358,287.1788612657205,14.270068255876984
102,11,95.74266532141384,197.72658003521713,34.86059808548653,345.0841439976,16.35349216641074
103,0,209.17783368623498,200.4352100237181,79.93035078113238,267.86732832418346,20.702527842544544
103,1,209.17783368623498,200.4352100237181,44.01364741568404,237.46526906830331,23.839094875450844
103,2,209.17783368623498,200.4352100237181,54.34338838226925,178.10339284022905,29.23730635209786
103,3,209.17783368623498,200.4352100237181,100.36895668767932,163.86437153509615,27.53631771356667
103,4,209.17783368623498,200.4352100237181,42.65733148795829,87.04073519102738,27.61109176367285
103,5,209.17783368623498,200.4352100237181,70.32218134136276,106.41989959368044,25.686152411471973
103,6,209.17783368623498,200.4352100237181,80.79272348762703,109.97900525623594,21.11898122940326
103,7,209.17783368623498,200.4352100237181,42.06331116009575,114.08591909825499,15.81112989594177
103,8,209.17783368623498,200.4352100237181,62.085953286967694,188.6524163529801,13.940817125707714
103,9,209.17783368623498,200.4352100237181,59.46833185342376,201.47830453373624,11.938262623581943
103,10,209.17783368623498,200.4352100237181,67.7782020392881,340.70076147794094,12.213944585087079
103,11,209.17783368623498,200.4352100237181,82.57585638910587,266.4045238738001,16.264485608831386
104,0,256.60858120676596,223.92764910002458,73.08574802195432,239.6779794632469,17.358150069951392
104,1,256.60858120676596,223.92764910002458,71.56506821709019,367.5246561599218,25.262319308071003
104,2,256.60858120676596,223.92764910002458,22.346380914757773,223.66281415911578,26.943685712262035
104,3,256.60858120676596,223.92764910002458,58.097097040362286,165.8253886263531,28.137615138528396
104,4,256.60858120676596,223.92764910002458,84.18117917761518,118.45510115373084,27.37551781506683
104,5,256.60858120676596,223.92764910002458,55.48427260151573,86.38512415503563,26.283269481542437
104,6,256.60858120676596,223.92764910002458,56.81141182827182,97.90966423371204,19.89060753150092
104,7,256.60858120676596,223.92764910002458,73.14590894388613,133.31484879351032,15.053505445814318
104,8,256.60858120676596,223.92764910002458,56.99697524170722,175.80641111739348,13.127132091181373
104,9,256.60858120676596,223.92764910002458,57.6672529609165,238.374369643615,13.715017215828425
104,10,256.60858120676596,223.92764910002458,64.42898899492599,341.6547113461174,12.783203992736954
104,11,256.60858120676596,223.92764910002458,34.02172966744835,220.6579161865133,15.980959183087142
105,0,253.14619845272847,309.7013368091424,64.30921476850094,220.0969574591997,18.819324003112673
105,1,253.14619845272847,309.7013368091424,26.176594050577357,265.2775011052664,25.86996304445114
105,2,253.14619845272847,309.7013368091424,48.58603461997819,251.66679087191773,29.506516586948536
105,3,253.14619845272847,309.7013368091424,24.920714493244056,188.34637957786077,28.498066502350422
105,4,253.14619845272847,309.7013368091424,38.93479229938891,109.74712536723945,27.733687464222193
105,5,253.14619845272847,309.7013368091424,42.014273844623915,89.20649696079835,25.778668754603657
105,6,253.14619845272847,309.7013368091424,80.58063167376984,117.02238379170784,20.07786702342153
105,7,253.14619845272847,309.7013368091424,78.61426243955675,150.14444285252378,16.07536247654762
105,8,253.14619845272847,309.7013368091424,54.971591017321416,207.1563519453394,10.998840968765878
105,9,253.14619845272847,309.7013368091424,52.00151745599778,283.9206332196489,11.90711534997005
105,10,253.14619845272847,309.7013368091424,73.46657237523206,303.8353464101949,13.102700449662436
105,11,253.14619845272847,309.7013368091424,28.930228328949706,316.5425923807838,17.26634521504349
106,0,157.5467155293905,239.83307802957313,69.46623143224711,241.79929840881772,21.06116820224522
106,1,157.5467155293905,239.83307802957313,47.525435980494706,265.2608190695188,23.603811890236184
106,2,157.5467155293905,239.83307802957313,79.62294479263477,331.12814985745916,25.874722628715197
106,3,157.5467155293905,239.83307802957313,74.25135946936359,202.90364399864077,27.658633561602837
106,4,157.5467155293905,239.83307802957313,52.47826741367548,97.2581007544554,26.923872262540122
106,5,157.5467155293905,239.83307802957313,64.18315997716942,104.92875602353669,24.086889468379514
106,6,157.5467155293905,239.83307802957313,48.395557256219114,96.14809538719157,20.04063052265462
106,7,157.5467155293905,239.83307802957313,22.852338458540807,139.41563468395185,16.367734766265357
106,8,157.5467155293905,239.83307802957313,99.3805116388196,188.09408631592393,11.273605988028688
106,9,157.5467155293905,239.83307802957313,75.88024883206576,269.2415059037068,11.578508699769028
106,10,157.5467155293905,239.83307802957313,71.9240739821509,282.6826248520352,12.738169893383198
106,11,157.5467155293905,239.83307802957313,50.124491575420926,296.92535965668196,17.33681536828033
107,0,290.4741452981684,172.48020078536533,51.59862377629683,262.0018523756085,20.04565368142537
107,1,290.4741452981684,172.48020078536533,40.564209187356596,246.43071336164024,23.248437888719472
107,2,290.4741452981684,172.48020078536533,85.20819511739606,256.2059635392987,25.909063135734538
107,3,290.4741452981684,172.48020078536533,38.214577904663685,211.58084230088951,27.78005093113981
107,4,290.4741452981684,172.48020078536533,51.0385416354661,111.4431504389893,26.388391342807726
107,5,290.4741452981684,172.48020078536533,47.26674186431774,53.76199551732765,23.358591827038758
107,6,290.4741452981684,172.48020078536533,22.722958341875795,105.40894680999371,21.815671042964095
107,7,290.4741452981684,172.48020078536533,33.075071591904006,143.926381892419,16.151959824692586
107,8,290.4741452981684,172.48020078536533,101.85040395874583,207.6908632553108,13.050310250076853
107,9,290.4741452981684,172.48020078536533,74.18678850456186,214.73230322629846,11.508640504930485
107,10,290.4741452981684,172.48020078536533,40.94039188059671,210.21378580532658,12.948546792795309
107,11,290.4741452981684,172.48020078536533,46.46088798484953,303.2819300919201,15.734138383768942
108,0,166.66333171742946,249.76253992387373,93.53685904337384,260.0337024505461,18.873779422415872
108,1,166.66333171742946,249.76253992387373,60.74606094984751,293.7169887671836,24.65145250951356
108,2,166.66333171742946,249.76253992387373,32.261522109963764,279.2565844925458,26.891694922273125
108,3,166.66333171742946,249.76253992387373,31.235988285346096,179.79268556001756,26.615122081957733
108,4,166.66333171742946,249.76253992387373,85.28822655991448,121.35703277894305,28.13762113120514
108,5,166.66333171742946,249.76253992387373,69.13780105030807,100.33579451835259,22.91951965791756
108,6,166.66333171742946,249.76253992387373,88.95883967701246,129.08111223753914,20.67843026611442
108,7,166.66333171742946,249.76253992387373,54.29702721312789,114.64324231798297,15.84815241638417
108,8,166.66333171742946,249.76253992387373,29.658528555234987,184.37731740781382,13.551333776126965
108,9,166.66333171742946,249.76253992387373,51.60931571059273,261.55826560678474,11.535504383576486
108,10,166.66333171742946,249.76253992387373,73.67500406687935,359.05746132195014,12.186652071568561
108,11,166.66333171742946,249.76253992387373,83.70133451767636,357.18224806688704,15.184616402948224
109,0,158.6466942050076,295.674596071018,82.5442478953785,286.19751413869767,19.50332412060465
109,1,158.6466942050076,295.674596071018,78.49201858810736,135.41623631598154,24.83109203801263
109,2,158.6466942050076,295.674596071018,38.588900465028004,300.0335011986388,28.87050508433876
109,3,158.6466942050076,295.674596071018,80.07096482810206,170.64859749864374,27.06630009943498
109,4,158.6466942050076,295.674596071018,59.973588936592414,104.47479347470447,27.91381357030353
109,5,158.6466942050076,295.674596071018,54.934050069221826,102.82525999830914,22.40348179296414
109,6,158.6466942050076,295.674596071018,55.58827902129715,113.91008321084111,18.17365566374199
109,7,158.6466942050076,295.674596071018,87.73160210629035,133.26698158303262,16.146588670759375
109,8,158.6466942050076,295.674596071018,90.05351170233791,238.30063413169876,11.78953175917641
109,9,158.6466942050076,295.674596071018,62.08300193927258,292.52393178916384,11.825201944843887
109,10,158.6466942050076,295.674596071018,81.73537425999804,279.8730886201641,13.405934951799596
109,11,158.6466942050076,295.674596071018,27.969546051948853,230.1043065166787,15.04743441100893
110,0,252.23481832782622,291.5655565542213,58.0877431172443,294.87194351906845,18.00661187332669
110,1,252.23481832782622,291.5655565542213,15.763697030143291,293.44872215577396,23.670753014140963
110,2,252.23481832782622,291.5655565542213,67.71587832824552,266.6978849357286,25.120203237740487
110,3,252.23481832782622,291.5655565542213,81.53262718647284,188.47601392830157,29.60063620739972
110,4,252.23481832782622,291.5655565542213,81.74635733799965,110.95544569544522,25.149722092886627
110,5,252.23481832782622,291.5655565542213,77.80228040823764,74.88491518334232,23.61124502217907
110,6,252.23481832782622,291.5655565542213,79.40457109313587,95.85493869200977,19.754640976418802
110,7,252.23481832782622,291.5655565542213,28.861482714155102,115.95318377982476,16.721273753887672
110,8,252.23481832782622,291.5655565542213,51.149294977400544,198.83809225758827,12.964546402345798
110,9,252.23481832782622,291.5655565542213,91.51988195690555,213.9164023019535,12.61288401701627
110,10,252.23481832782622,291.5655565542213,52.42485000240182,302.97790616047763,14.256079388898454
110,11,252.23481832782622,291.5655565542213,49.35738526296754,277.00334047101586,18.658153209301673
111,0,363.5034830703108,308.78615441733905,80.00501613572415,324.53181663065186,19.643291278764664
111,1,363.5034830703108,308.78615441733905,79.72552443234515,281.61178465189886,23.529674448117497
111,2,363.5034830703108,308.78615441733905,57.57248968193431,235.9160830123232,27.620585980623463
111,3,363.5034830703108,308.78615441733905,52.13037872552252,187.79846163952422,26.830757599429912
111,4,363.5034830703108,308.78615441733905,67.12373535280206,99.72457078458753,27.887542815384705
111,5,363.5034830703108,308.78615441733905,78.19573777795617,89.7247505495359,23.564061798115485
111,6,363.5034830703108,308.78615441733905,43.80744124219423,126.06165797917357,20.23401710924119
111,7,363.5034830703108,308.78615441733905,92.2413111386451,114.44442680893951,14.993447573240356
111,8,363.5034830703108,308.78615441733905,55.21974571891723,170.30918357931694,13.222238353667716
111,9,363.5034830703108,308.78615441733905,48.03127954962193,230.33198696994896,11.082821608952564
111,10,363.5034830703108,308.78615441733905,71.62022935100559,308.876040903964,12.063319433050532
111,11,363.5034830703108,308.78615441733905,25.90555798775793,273.3545488161662,18.1121806607687
112,0,145.49632280455384,284.58178027350095,79.09710768076599,233.78831530774235,19.726325370675774
112,1,145.49632280455384,284.58178027350095,91.80715040975088,313.1022969698704,23.71892657057843
112,2,145.49632280455384,284.58178027350095,71.98581726731126,266.23817597735473,28.21010807009947
112,3,145.49632280455384,284.58178027350095,53.36964125343745,185.4271205076954,28.07538663622322
112,4,145.49632280455384,284.58178027350095,57.78074553069968,96.96960895981074,26.87835258074777
112,5,145.49632280455384,284.58178027350095,32.5223825338871,85.1326999302091,22.35834936373883
112,6,145.49632280455384,284.58178027350095,53.33031145863527,127.01302341498675,18.711473472646905
112,7,145.49632280455384,284.58178027350095,70.31544404073777,150.72777571506307,14.66059412233369
112,8,145.49632280455384,284.58178027350095,79.18562815002029,186.3558872825034,14.079198815661327
112,9,145.49632280455384,284.58178027350095,56.557003805035436,233.69785301540523,12.528732027630596
112,10,145.49632280455384,284.58178027350095,73.85160595613804,208.8376918058258,11.432083318146786
112,11,145.49632280455384,284.58178027350095,77.57139858856456,315.919349593964,16.623270225577187
113,0,234.57292196166324,311.8284760406496,77.38775813483453,256.28230818606386,20.93408343874922
113,1,234.57292196166324,311.8284760406496,44.71659080663405,346.29304137916955,23.128701122572778
113,2,234.57292196166324,311.8284760406496,62.736729838573005,298.90579491383386,27.070141693633595
113,3,234.57292196166324,311.8284760406496,47.73896081846196,147.36728086307915,26.648495537007367
113,4,234.57292196166324,311.8284760406496,56.88769232363914,96.70812051179976,25.63666403653542
113,5,234.57292196166324,311.8284760406496,57.30462804206244,114.91768561156587,23.088819522563917
113,6,234.57292196166324,311.8284760406496,65.40719578361679,76.79376969393581,19.917020801744492
113,7,234.57292196166324,311.8284760406496,95.56014575756963,137.91714615450877,15.62784293314578
113,8,234.57292196166324,311.8284760406496,29.019967898993112,212.36903230641016,13.122794318743464
113,9,234.57292196166324,311.8284760406496,63.4063282879916,290.3751906118185,11.244000903682467
113,10,234.57292196166324,311.8284760406496,63.19528055144728,266.59284247596025,12.279334870571144
113,11,234.57292196166324,311.8284760406496,47.36972189806046,230.4480843088074,16.070654360539546
114,0,194.69683929034363,281.64676048761464,51.197604318175735,227.25737229229426,19.743418385223684
114,1,194.69683929034363,281.64676048761464,55.17869308442201,312.0543560750434,25.77767744128244
114,2,194.69683929034363,281.64676048761464,67.61662550553058,339.6681860074165,27.388500427875375
114,3,194.69683929034363,281.64676048761464,56.083988205984014,194.9775262039491,27.200684076979602
114,4,194.69683929034363,281.64676048761464,53.15316970450802,119.16357781039797,26.730515962542484
114,5,194.69683929034363,281.64676048761464,69.38456143859703,100.19247987347215,22.732204598171702
114,6,194.69683929034363,281.64676048761464,47.14088406489667,107.88944826221838,19.386310734205917
114,7,194.69683929034363,281.64676048761464,39.579170549488644,113.29341229711964,15.561926080436313
114,8,194.69683929034363,281.64676048761464,57.70328939002347,192.2956224008345,12.478803078967697
114,9,194.69683929034363,281.64676048761464,48.32790158711443,303.2830026044805,11.551508782556539
114,10,194.69683929034363,281.64676048761464,53.25597177689723,288.39177696359246,13.455983990221835
114,11,194.69683929034363,281.64676048761464,58.82729516684087,291.40216730486196,15.206215188496051
115,0,187.43422664378343,234.2357984348527,43.7834789588223,263.29506706847116,21.06795622753664
115,1,187.43422664378343,234.2357984348527,70.86941285426137,304.44360364051727,23.526601317423715
115,2,187.43422664378343,234.2357984348527,54.83729552672061,234.9888440230768,26.452015662693697
115,3,187.43422664378343,234.2357984348527,73.36388912382327,183.6509184230248,28.60870862948744
115,4,187.43422664378343,234.2357984348527,81.93638195121972,107.70485240402488,27.640404385081464
115,5,187.43422664378343,234.2357984348527,71.66969904749641,82.22851080392819,22.940492644556613
115,6,187.43422664378343,234.2357984348527,65.9673228017505,104.14060117551085,19.751884431995812
115,7,187.43422664378343,234.2357984348527,68.024368034405,152.880046014318,15.401236242914253
115,8,187.43422664378343,234.2357984348527,70.53873993334423,177.38279323378038,12.055490603532544
115,9,187.43422664378343,234.2357984348527,69.96384312074747,211.25681476788432,11.860806167507054
115,10,187.43422664378343,234.2357984348527,55.576675717733416,270.93676305977675,15.661432062819475
115,11,187.43422664378343,234.2357984348527,44.302189466134124,241.43001789724008,16.429969375784523
116,0,283.7574025473221,191.01722441893747,61.08692558112596,240.09289608652946,20.147425981736557
116,1,283.7574025473221,191.01722441893747,86.2696808537747,325.21310061144175,22.83770842873621
116,2,283.7574025473221,191.01722441893747,90.74105653391906,248.61654359654554,27.489710329894386
116,3,283.7574025473221,191.01722441893747,77.23264813860118,146.70258335815717,26.887978151102544
116,4,283.7574025473221,191.01722441893747,79.58188415477863,109.78367772212414,27.245341939523406
116,5,283.7574025473221,191.01722441893747,41.43583098939496,81.33316646187379,22.883935783117717
116,6,283.7574025473221,191.01722441893747,62.72598195258639,107.15009639940811,20.429511478043395
116,7,283.7574025473221,191.01722441893747,20.565954405046426,125.32302242076871,17.29298953235549
116,8,283.7574025473221,191.01722441893747,29.90786605162009,211.00034192743888,12.410132986525957
116,9,283.7574025473221,191.01722441893747,131.15730586860684,273.01920952904663,11.440814699075622
116,10,283.7574025473221,191.01722441893747,71.15828361405566,250.02850243279025,10.5947974995345
116,11,283.7574025473221,191.01722441893747,64.7828612768802,192.63472517979673,17.963199749881248
117,0,197.26111662908704,291.86233260684054,44.27643678501319,237.59488719754924,20.753758036442864
117,1,197.26111662908704,291.86233260684054,81.72232307605245,342.21982969571724,23.51645328255548
117,2,197.26111662908704,291.86233260684054,71.5917455846054,270.71343888339464,26.927586559288066
117,3,197.26111662908704,291.86233260684054,68.7402383076842,187.43412531356336,29.556182438886964
117,4,197.26111662908704,291.86233260684054,31.144838362733278,85.18680599662346,27.26741582093543
117,5,197.26111662908704,291.86233260684054,48.90628228503573,54.392887586851245,25.162862649809004
117,6,197.26111662908704,291.86233260684054,83.99118715757423,96.13991270799097,21.041314978855603
117,7,197.26111662908704,291.86233260684054,56.13436783151548,112.54389705454456,17.59406653742052
117,8,197.26111662908704,291.86233260684054,91.30799198788068,227.03375152383555,13.200944849932599
117,9,197.26111662908704,291.86233260684054,54.881306940949294,301.3839846997182,11.593204982959604
117,10,197.26111662908704,291.86233260684054,63.712797437118255,326.37902180485963,12.107053748024594
117,11,197.26111662908704,291.86233260684054,57.45519263593807,264.3159602637183,16.10566250566838
118,0,253.68540209598913,338.9623381309677,96.60278839100101,275.9749037234623,20.53426851565369
118,1,253.68540209598913,338.9623381309677,35.863933182766154,200.65981701720165,26.331767510259134
118,2,253.68540209598913,338.9623381309677,86.38004276255967,268.7377742094032,26.59728731276178
118,3,253.68540209598913,338.9623381309677,85.67961472374728,219.2610896905658,29.06173811240139
118,4,253.68540209598913,338.9623381309677,58.874917342849315,102.35850325640179,26.760892100419916
118,5,253.68540209598913,338.9623381309677,87.3082500267852,78.17935280760248,22.917044517939534
118,6,253.68540209598913,338.9623381309677,69.15641951609113,75.99129992689609,21.444989082963726
118,7,253.68540209598913,338.9623381309677,41.74742844896668,167.08943725391754,14.938398415449234
118,8,253.68540209598913,338.9623381309677,42.529324745536925,215.41520238649454,13.772839086966503
118,9,253.68540209598913,338.9623381309677,37.71652342943931,313.72287930943577,12.224768291347717
118,10,253.68540209598913,338.9623381309677,46.61488925827147,237.55954471853798,11.20331092322104
118,11,253.68540209598913,338.9623381309677,90.21747259368706,208.98309610532618,14.421953434444795
119,0,166.27743702138253,247.96028384450366,27.135426173929908,214.62522121362838,21.12531967209653
119,1,166.27743702138253,247.96028384450366,35.44047953130168,236.7295748073263,24.282996520172073
119,2,166.27743702138253,247.96028384450366,37.87137526756833,219.66981540765008,28.442810124721145
119,3,166.27743702138253,247.96028384450366,61.62158185775373,163.94514722386697,28.11729633718614
119,4,166.27743702138253,247.96028384450366,81.7967595737783,108.544935527186,28.343640142148114
119,5,166.27743702138253,247.96028384450366,69.74667317335293,111.07193843190775,25.47485688169133
119,6,166.27743702138253,247.96028384450366,79.60538233100925,95.89346366517825,21.534640147287035
119,7,166.27743702138253,247.96028384450366,44.5114895749402,130.2918258595729,14.993438397758029
119,8,166.27743702138253,247.96028384450366,57.372084935796124,215.46358694111015,11.106653496558906
119,9,166.27743702138253,247.96028384450366,68.52874171642733,220.16150695364053,11.274044431345564
119,10,166.27743702138253,247.96028384450366,52.79458413300106,251.2541892218288,14.113670728843454
119,11,166.27743702138253,247.96028384450366,53.049463103834306,266.1842197330699,17.089258686734077
120,0,137.37918423665317,251.98807258964484,78.7908464566675,239.06178879604963,18.49754410646169
120,1,137.37918423665317,251.98807258964484,44.943924136110454,237.53611526042184,23.994163042429385
120,2,137.37918423665317,251.98807258964484,60.28332291507232,252.67450870334318,27.35449102763308
120,3,137.37918423665317,251.98807258964484,31.134853297987842,201.46142587233192,27.134847790603096
120,4,137.37918423665317,251.98807258964484,3.718794145378837,133.15464733526443,25.795950820587688
120,5,137.37918423665317,251.98807258964484,73.6963719130032,97.97074945223268,23.706674180325113
120,6,137.37918423665317,251.98807258964484,50.816636544724744,88.50215839425346,19.931210486043653
120,7,137.37918423665317,251.98807258964484,80.02838726319034,122.80907443020224,14.62297639061024
120,8,137.37918423665317,251.98807258964484,64.16136068409763,260.1861656184256,14.858760995613578
120,9,137.37918423665317,251.98807258964484,67.12884906313577,265.2924467341488,12.237164291388332
120,10,137.37918423665317,251.98807258964484,66.98650473624062,304.2885134812042,13.168375972201144
120,11,137.37918423665317,251.98807258964484,44.19489957045634,280.339922158528,16.32103320440948
121,0,182.3225768876225,360.56615767504996,67.4169284894194,207.13388242683754,19.56694545407744
121,1,182.3225768876225,360.56615767504996,29.086560784082685,226.1048612712652,24.82160016647532
121,2,182.3225768876225,360.56615767504996,57.61774401729092,241.19453835283554,27.75231776522964
121,3,182.3225768876225,360.56615767504996,20.750283003144226,136.92166649181306,29.586780823551198
121,4,182.3225768876225,360.56615767504996,17.033014512259555,103.20738920840992,27.569855639341036
121,5,182.3225768876225,360.56615767504996,51.649360907820125,86.29472629516106,23.340770374674957
121,6,182.3225768876225,360.56615767504996,60.84165280392996,112.31636901157775,20.135393242570476
121,7,182.3225768876225,360.56615767504996,41.40408817344991,128.62521530879334,16.538224412475397
121,8,182.3225768876225,360.56615767504996,48.67249859176021,166.1990628284819,13.103466926162218
121,9,182.3225768876225,360.56615767504996,80.09869169129257,243.3101534254008,12.512756584207633
121,10,182.3225768876225,360.56615767504996,49.5943034238196,319.1657181175021,14.17598067057651
121,11,182.3225768876225,360.56615767504996,68.01643142849845,303.734820842908,16.655663564776457
122,0,129.9255607258787,432.356429261053,65.39761696689715,177.2651800023619,19.66307736070111
122,1,129.9255607258787,432.356429261053,43.91410209121118,310.18223170877707,21.40140150573587
122,2,129.9255607258787,432.356429261053,44.343555977601575,262.9197905548152,27.452593716068055
122,3,129.9255607258787,432.356429261053,81.75841303189038,192.45789974359496,28.70056577340457
122,4,129.9255607258787,432.356429261053,54.743823041926,125.7103151386955,26.37751603424209
122,5,129.9255607258787,432.356429261053,61.15870551690223,82.34814065290037,24.824366768764687
122,6,129.9255607258787,432.356429261053,70.26342579622563,103.04796838066252,21.15650443286434
122,7,129.9255607258787,432.356429261053,60.71833084810271,132.176095919654,14.940897741172707
122,8,129.9255607258787,432.356429261053,15.884217451768272,230.42928388016364,12.911256886071225
122,9,129.9255607258787,432.356429261053,77.97128018785904,300.75630763389506,13.268158603474491
122,10,129.9255607258787,432.356429261053,69.11164889410206,317.1858262070226,13.010985385409775
122,11,129.9255607258787,432.356429261053,55.37819015306568,341.0853198669239,14.41870884511019
123,0,186.95489624738883,411.09444442225765,65.54047752683196,269.29444184938603,20.475838078207584
123,1,186.95489624738883,411.09444442225765,73.90529355924022,223.07845404491667,24.627296564939332
123,2,186.95489624738883,411.09444442225765,83.20541502589289,321.11967097750824,26.384594170237307
123,3,186.95489624738883,411.09444442225765,56.15569157147257,160.95901963556813,27.712730963693538
123,4,186.95489624738883,411.09444442225765,35.55117475517439,111.77712282945129,27.51508972383221
123,5,186.95489624738883,411.09444442225765,70.55294960106728,96.81445490456608,25.115463423251224
123,6,186.95489624738883,411.09444442225765,19.371431846319837,110.40508773113513,20.47633312412118
123,7,186.95489624738883,411.09444442225765,95.00033320818406,129.27809850309802,17.43496248824259
123,8,186.95489624738883,411.09444442225765,52.43826676523409,192.4266131565381,13.017054876029233
123,9,186.95489624738883,411.09444442225765,29.851074432865097,291.9862284406078,13.11503593355696
123,10,186.95489624738883,411.09444442225765,54.35159527794288,342.5181543276323,12.625272630792407
123,11,186.95489624738883,411.09444442225765,32.320247567037015,244.2050198559113,17.59392421845739
124,0,211.58745375496628,253.07090316409466,65.72280816113125,247.71812692648643,19.160496359023632
124,1,211.58745375496628,253.07090316409466,44.60961954114187,275.5171671363721,24.334814965678248
124,2,211.58745375496628,253.07090316409466,58.55855963043319,262.6592540792535,27.58125694593427
124,3,211.58745375496628,253.07090316409466,93.20837016178677,223.87818494865627,28.02364044553471
124,4,211.58745375496628,253.07090316409466,103.87564727494706,89.6615443100284,28.509470929007037
124,5,211.58745375496628,253.07090316409466,66.2919610629424,82.60331634480626,24.75621948683252
124,6,211.58745375496628,253.07090316409466,47.949886619875656,96.98054309137815,22.549525349961634
124,7,211.58745375496628,253.07090316409466,67.70402791608696,124.20697350641126,15.791561601485984
124,8,211.58745375496628,253.07090316409466,69.98507271915183,219.1148811061692,14.47349915487734
124,9,211.58745375496628,253.07090316409466,16.878590981631575,266.0574508183029,10.765611598150059
124,10,211.58745375496628,253.07090316409466,39.306696857458654,278.9122332439193,13.730000978215669
124,11,211.58745375496628,253.07090316409466,54.45713406078713,232.11620571844477,17.066060798314474
125,0,148.91188019866183,239.0202081257671,87.53049788516498,142.1042264490212,19.08541983804273
125,1,148.91188019866183,239.0202081257671,74.67653705583866,296.09866194103415,24.57662503668261
125,2,148.91188019866183,239.0202081257671,85.25509591552171,249.62134038106763,29.073603651540708
125,3,148.91188019866183,239.0202081257671,36.70047912440995,163.1757900396259,27.14274213535612
125,4,148.91188019866183,239.0202081257671,59.998674773978664,75.85609341889949,26.583557905057738
125,5,148.91188019866183,239.0202081257671,52.47570624399789,105.85823806874453,26.025383352804933
125,6,148.91188019866183,239.0202081257671,66.41498889367944,96.90728855153776,20.001022546141375
125,7,148.91188019866183,239.0202081257671,92.81582013489333,94.37976655968902,14.99771317166507
125,8,148.91188019866183,239.0202081257671,77.74710871038069,155.990133029075,12.452534638728057
125,9,148.91188019866183,239.0202081257671,49.86456552203959,248.807952612518,10.954451843010787
125,10,148.91188019866183,239.0202081257671,68.70693879367413,273.7100393664177,12.980430554546231
125,11,148.91188019866183,239.0202081257671,88.07197939369756,340.2752789706593,16.007380393381837
126,0,253.04084441763942,274.6086434650119,76.9900934612867,302.62379999444073,20.397801430567355
126,1,253.04084441763942,274.6086434650119,59.26108238533791,307.30122465104756,21.48763026243373
126,2,253.04084441763942,274.6086434650119,82.8526011242789,201.73394429504472,27.16473789953714
126,3,253.04084441763942,274.6086434650119,43.034212896922895,174.93585601092715,27.917064469552656
126,4,253.04084441763942,274.6086434650119,47.002219962379556,130.45975589948924,25.983752677460913
126,5,253.04084441763942,274.6086434650119,76.01283414871605,98.56882633681836,24.59095807204012
126,6,253.04084441763942,274.6086434650119,65.94055587335421,85.75275131906945,21.36414164145296
126,7,253.04084441763942,274.6086434650119,40.39045845186887,144.77111498114857,15.991654884174384
126,8,253.04084441763942,274.6086434650119,62.2989681463884,190.84157195636865,13.688569574235688
126,9,253.04084441763942,274.6086434650119,65.57396976294996,309.4465574240724,13.29406357000612
126,10,253.04084441763942,274.6086434650119,14.975320143724247,242.419953571692,13.575603225197758
126,11,253.04084441763942,274.6086434650119,74.54878049489209,238.17928142982976,14.357197684477956
127,0,336.12180277606024,310.02119296850094,46.434635672602376,258.607136855105,19.635472757357746
127,1,336.12180277606024,310.02119296850094,19.867158775861256,333.4193789560837,22.689646861436827
127,2,336.12180277606024,310.02119296850094,47.979685787021076,250.49907167986703,27.606023810833964
127,3,336.12180277606024,310.02119296850094,57.933328049382055,162.01445798613125,27.24859768018669
127,4,336.12180277606024,310.02119296850094,82.28906877034795,88.9846836642546,26.994824176190605
127,5,336.12180277606024,310.02119296850094,36.80225715492122,86.67456461999646,22.09705807049242
127,6,336.12180277606024,310.02119296850094,35.56930684545367,95.17385989689511,20.470579558412695
127,7,336.12180277606024,310.02119296850094,66.82685782025673,82.76862770192344,16.451272489721035
127,8,336.12180277606024,310.02119296850094,26.675299722091033,257.35023230957427,13.116894283774533
127,9,336.12180277606024,310.02119296850094,103.4856134467363,235.4911283197611,12.696090408670228
127,10,336.12180277606024,310.02119296850094,47.69535991105396,295.2185317759334,13.629503069246606
127,11,336.12180277606024,310.02119296850094,72.07399534912965,272.3683291430551,17.438650361734872
128,0,133.56656000311136,322.19006430060506,56.05919543413458,232.4086891402002,20.66688013776254
128,1,133.56656000311136,322.19006430060506,74.77695054068988,221.48784246287173,23.37003783404799
128,2,133.56656000311136,322.19006430060506,54.13169117510592,296.19279337195485,26.776134944778494
128,3,133.56656000311136,322.19006430060506,50.15169873981077,192.9648780566604,28.038772464762385
128,4,133.56656000311136,322.19006430060506,50.253561685779005,111.98689039517772,26.604296094682446
128,5,133.56656000311136,322.19006430060506,91.76092328011063,83.00578395697501,24.289504438044034
128,6,133.56656000311136,322.19006430060506,69.9677522793456,91.1290405626235,20.25423327925858
128,7,133.56656000311136,322.19006430060506,54.242173213951205,111.75435448388788,15.671442166356222
128,8,133.56656000311136,322.19006430060506,60.86575731611334,200.69196504177924,11.848819480458689
128,9,133.56656000311136,322.19006430060506,80.8845836096511,291.378381589519,11.807637515988409
128,10,133.56656000311136,322.19006430060506,81.50844017266138,291.782737567297,13.315148288536644
128,11,133.56656000311136,322.19006430060506,48.22268193989733,254.75170368055524,16.35656155322457
129,0,208.3501176075237,151.16959497374825,34.20600448310036,276.6326760037954,19.781478884881025
129,1,208.3501176075237,151.16959497374825,74.91505693266211,264.42385914619706,24.608340098227238
129,2,208.3501176075237,151.16959497374825,73.28720808784513,270.6364976178204,28.282275316651162
129,3,208.3501176075237,151.16959497374825,72.56381875270938,163.8422872177583,27.953582829771456
129,4,208.3501176075237,151.16959497374825,86.83474464232663,99.9344775565756,25.394701980574162
129,5,208.3501176075237,151.16959497374825,43.664357375826185,87.41244756450139,23.14061708566071
129,6,208.3501176075237,151.16959497374825,61.80424004267938,101.87599349597025,20.380940444189598
129,7,208.3501176075237,151.16959497374825,66.02637516219299,108.27740915237212,15.246896241731735
129,8,208.3501176075237,151.16959497374825,62.932933552600055,196.4398115885353,11.134309825878018
129,9,208.3501176075237,151.16959497374825,40.64034684681971,237.6917431264905,11.360359486624228
129,10,208.3501176075237,151.16959497374825,83.8482251609916,185.05027710411616,11.850720316293492
129,11,208.3501176075237,151.16959497374825,80.07646002582268,213.46761956527982,13.374602412787112
130,0,133.75985552029388,396.63145486361407,70.06936908139359,289.4288425693131,21.0766043996381
130,1,133.75985552029388,396.63145486361407,68.77650912883868,266.519241616268,25.08273167921345
130,2,133.75985552029388,396.63145486361407,61.759399859001036,317.36614914465815,27.29433307682903
130,3,133.75985552029388,396.63145486361407,30.991180174863928,222.1505175174995,27.91242259782778
130,4,133.75985552029388,396.63145486361407,50.804070907529876,81.48649288121035,29.1189917542061
130,5,133.75985552029388,396.63145486361407,36.47819060794148,100.32823964981354,24.606663362143994
130,6,133.75985552029388,396.63145486361407,77.4962982936386,112.8913734468868,18.200895035041235
130,7,133.75985552029388,396.63145486361407,39.838916489857155,123.71605251083622,14.89697500162175
130,8,133.75985552029388,396.63145486361407,41.54704140679828,206.27226783106266,12.081263786672945
130,9,133.75985552029388,396.63145486361407,85.96117897896089,252.27205189364082,12.131893909314206
130,10,133.75985552029388,396.63145486361407,48.084379934469,270.10061363183615,12.950024272417721
130,11,133.75985552029388,396.63145486361407,79.22899784989664,329.15159439719747,16.196423165677324
131,0,206.6043778218002,364.9467035517973,40.93332057386366,270.3129125970658,18.18364211090302
131,1,206.6043778218002,364.9467035517973,94.86316268191455,306.5255804062879,24.28311554900211
131,2,206.6043778218002,364.9467035517973,79.93654261153982,246.00057510074717,28.833508281074486
131,3,206.6043778218002,364.9467035517973,44.04375765345084,152.6353068772044,26.443807747227233
131,4,206.6043778218002,364.9467035517973,16.245729584184218,118.35850326477204,26.053457679877738
131,5,206.6043778218002,364.9467035517973,81.00879317234362,107.70640220922552,23.915573243580223
131,6,206.6043778218002,364.9467035517973,63.644212860921925,81.32380956379232,20.88837815661427
131,7,206.6043778218002,364.9467035517973,34.12801874789387,102.51253260766813,15.448742281294432
131,8,206.6043778218002,364.9467035517973,92.17963200823436,232.6075925123649,13.47565007605669
131,9,206.6043778218002,364.9467035517973,58.18670412997679,251.5172277869489,11.381267558592153
131,10,206.6043778218002,364.9467035517973,69.17494122901363,304.7698636569767,13.754511440877334
131,11,206.6043778218002,364.9467035517973,90.07953683986193,330.1279237399001,17.001577381809195
132,0,136.41895666510464,261.44526114643975,113.9943914935144,244.15313846016588,20.88192569425874
132,1,136.41895666510464,261.44526114643975,22.416440136022928,249.39820108523628,25.177506990200047
132,2,136.41895666510464,261.44526114643975,91.06480134563553,284.94377082866885,27.2248294448492
132,3,136.41895666510464,261.44526114643975,47.14428462707181,139.97819000003864,28.994903636809624
132,4,136.41895666510464,261.44526114643975,77.7638075968286,102.01728942141189,25.887675779983212
132,5,136.41895666510464,261.44526114643975,29.128088437330497,97.91215939257212,23.572394339299795
132,6,136.41895666510464,261.44526114643975,28.678645951172854,93.43809543379959,20.59202469001775
132,7,136.41895666510464,261.44526114643975,47.32732888542971,125.7045452851166,17.795587912007157
132,8,136.41895666510464,261.44526114643975,46.71787947675723,259.0716633007197,13.750090593336475
132,9,136.41895666510464,261.44526114643975,37.93361134379374,241.33110373978846,11.417037289320204
132,10,136.41895666510464,261.44526114643975,59.98258048048819,272.552894204093,12.140961831844226
132,11,136.41895666510464,261.44526114643975,55.94304920960968,237.60269578292088,14.622294681549443
133,0,271.74305878641803,338.26680919087016,57.80752467074543,309.4511079587312,17.504167663409913
133,1,271.74305878641803,338.26680919087016,72.9037188154078,278.94914269751746,23.81732641322407
133,2,271.74305878641803,338.26680919087016,68.92382446741357,283.4566671641601,28.388820245371644
133,3,271.74305878641803,338.26680919087016,49.35212433095002,165.65535912854963,27.220728377000093
133,4,271.74305878641803,338.26680919087016,51.770464263842584,100.45826680522671,26.07867373545631
133,5,271.74305878641803,338.26680919087016,66.88249099781746,76.90295002351918,23.828366429239978
133,6,271.74305878641803,338.26680919087016,75.42335278781275,93.8264670812359,21.718864410057964
133,7,271.74305878641803,338.26680919087016,36.137523201735156,123.66859722400793,16.744245365417715
133,8,271.74305878641803,338.26680919087016,24.95968256609239,162.00933800987198,13.434066561530921
133,9,271.74305878641803,338.26680919087016,83.90691222964466,270.22974062541243,10.865014597819282
133,10,271.74305878641803,338.26680919087016,37.6152310400056,174.69891889935255,13.586588297023795
133,11,271.74305878641803,338.26680919087016,20.89581225294073,165.7756030126217,15.254905302317994
134,0,418.2034868706051,245.3285514514509,71.51057010805667,264.7230051145304,19.77840612130299
134,1,418.2034868706051,245.3285514514509,63.25984039129824,290.623213867663,24.567817844502528
134,2,418.2034868706051,245.3285514514509,35.83823177678024,336.0311847248166,26.413436623590318
134,3,418.2034868706051,245.3285514514509,53.40349378701028,177.71735305385258,28.244068510290813
134,4,418.2034868706051,245.3285514514509,79.40950012104551,104.51665741259113,26.296444865837906
134,5,418.2034868706051,245.3285514514509,55.18198587587487,73.06824246842731,24.59912804938055
134,6,418.2034868706051,245.3285514514509,66.88007686282837,119.16098359139293,18.929079931866642
134,7,418.2034868706051,245.3285514514509,48.530148873668914,130.05808177047672,15.877783135426592
134,8,418.2034868706051,245.3285514514509,66.03340929520851,208.16824971116844,13.80403311225375
134,9,418.2034868706051,245.3285514514509,52.306013937504204,247.74098966934918,13.46191592385127
134,10,418.2034868706051,245.3285514514509,64.32883579321125,301.0364387718096,14.305479160426367
134,11,418.2034868706051,245.3285514514509,48.232076599158376,195.66077210729267,15.517992164622289
135,0,147.23800260817356,291.6972553832042,90.78867013564098,273.0352733684044,20.693634498733925
135,1,147.23800260817356,291.6972553832042,67.14422197474504,333.17576447988074,23.544338986736193
135,2,147.23800260817356,291.6972553832042,71.59458509127847,280.6264881406562,26.16776631563208
135,3,147.23800260817356,291.6972553832042,39.31550638797882,191.1486345175766,28.72805763366606
135,4,147.23800260817356,291.6972553832042,62.4912133545391,114.12275778307568,26.454394844441154
135,5,147.23800260817356,291.6972553832042,53.79274212800949,92.58741125892891,22.82535895747818
135,6,147.23800260817356,291.6972553832042,84.17744142535494,82.73879008500138,19.46982199667073
135,7,147.23800260817356,291.6972553832042,63.705973147356055,117.89822373124854,15.031471470255324
135,8,147.23800260817356,291.6972553832042,70.1753501772397,208.32567722486587,14.53868692860154
135,9,147.23800260817356,291.6972553832042,62.546761682027174,240.3049697558759,12.664084837617418
135,10,147.23800260817356,291.6972553832042,7.117370399861294,307.2551365474075,12.14636502449291
135,11,147.23800260817356,291.6972553832042,63.566632610731865,247.44322671154774,17.083782154018916
136,0,321.6212959519276,412.31863183310077,89.45435068343642,272.08296123901334,19.529259087293536
136,1,321.6212959519276,412.31863183310077,44.27384360406849,270.5886889300007,22.69205602783247
136,2,321.6212959519276,412.31863183310077,60.88957356591961,314.39576610106644,29.084518682458988
136,3,321.6212959519276,412.31863183310077,63.65252401513207,209.64309605666057,27.38613506084541
136,4,321.6212959519276,412.31863183310077,52.036637790750355,90.25382950365307,27.112556966691162
136,5,321.6212959519276,412.31863183310077,78.84912535125682,79.27362857061479,24.384726579301766
136,6,321.6212959519276,412.31863183310077,67.79124996954945,88.21056923118347,18.771592117187488
136,7,321.6212959519276,412.31863183310077,83.85686847419166,121.79781880471769,15.143465124105745
136,8,321.6212959519276,412.31863183310077,36.362197746378584,195.34556746255808,12.450542380430468
136,9,321.6212959519276,412.31863183310077,60.18767646085446,285.96247922101804,12.918840117783622
136,10,321.6212959519276,412.31863183310077,96.42622593459183,282.1141700975372,12.833958062147627
136,11,321.6212959519276,412.31863183310077,34.7203035436831,268.4800717507025,15.743284671028388
137,0,279.42255431265716,193.40568077626787,59.25037938817441,209.3960736298248,21.436814914148087
137,1,279.42255431265716,193.40568077626787,62.22805029786278,222.02971093870292,22.035572041225432
137,2,279.42255431265716,193.40568077626787,57.98175076345288,231.6984567500602,26.978568171241207
137,3,279.42255431265716,193.40568077626787,83.03043515360906,224.8056286589217,27.440321260685106
137,4,279.42255431265716,193.40568077626787,44.540525761620685,113.90748475502927,24.5552785620256
137,5,279.42255431265716,193.40568077626787,38.3709714266225,100.20268838831613,23.937097588830937
137,6,279.42255431265716,193.40568077626787,92.8070199034274,86.0481785583739,17.504525872287413
137,7,279.42255431265716,193.40568077626787,69.05357750868292,107.68605097427819,15.502794041983208
137,8,279.42255431265716,193.40568077626787,44.129733024429186,224.3892721763002,14.293084857869566
137,9,279.42255431265716,193.40568077626787,61.92383806652833,278.82405003204366,12.67110169182
137,10,279.42255431265716,193.40568077626787,51.42195491126145,284.62303454818993,12.43013704047804
137,11,279.42255431265716,193.40568077626787,60.774930265205775,194.9621936037538,15.255814196975274
138,0,174.66925921607367,254.43454784696567,60.40734457297541,173.5142027433229,20.812958465976124
138,1,174.66925921607367,254.43454784696567,88.47681579411297,300.8929363964216,24.143195561987117
138,2,174.66925921607367,254.43454784696567,74.9471135326797,250.91092086734517,25.76844136922004
138,3,174.66925921607367,254.43454784696567,87.34553122540626,198.2788443842654,28.063989001977003
138,4,174.66925921607367,254.43454784696567,71.77878845591526,104.98839861119306,26.268620919658233
138,5,174.66925921607367,254.43454784696567,54.15320480090126,106.0522444316956,22.72121776426939
138,6,174.66925921607367,254.43454784696567,72.86197540085917,84.37149980929216,20.508392321325406
138,7,174.66925921607367,254.43454784696567,59.238000373592435,104.38919841359609,15.180146753458288
138,8,174.66925921607367,254.43454784696567,79.290839472051,157.85133593724697,13.143778650353434
138,9,174.66925921607367,254.43454784696567,64.06337673490164,222.1333326981642,11.508481888493055
138,10,174.66925921607367,254.43454784696567,40.15975600567775,219.0117611225884,15.082174475380146
138,11,174.66925921607367,254.43454784696567,57.342905450208264,273.6689860046148,16.89267421046709
139,0,137.52313392572518,258.5302647875852,21.41821406866483,173.86147338106977,19.50817201393073
139,1,137.52313392572518,258.5302647875852,100.54199188226994,280.02493255579225,24.582603316966708
139,2,137.52313392572518,258.5302647875852,91.31870722998063,352.75830704036775,29.04065399797078
139,3,137.52313392572518,258.5302647875852,46.96246664561379,153.8294406261751,28.234710673261283
139,4,137.52313392572518,258.5302647875852,36.581600784705614,95.114116413662,26.631039095224523
139,5,137.52313392572518,258.5302647875852,90.07313831733128,82.3395860490712,26.103582789384863
139,6,137.52313392572518,258.5302647875852,40.023105515961674,109.34220915597892,19.339052150072128
139,7,137.52313392572518,258.5302647875852,72.45893958472192,149.81233157049422,16.358903496354937
139,8,137.52313392572518,258.5302647875852,108.6973605556414,158.71331236937047,13.384479674831272
139,9,137.52313392572518,258.5302647875852,63.03952437536101,191.3845771272038,10.88098178655842
139,10,137.52313392572518,258.5302647875852,72.50992502686346,210.29572240786516,13.775151337192106
139,11,137.52313392572518,258.5302647875852,84.56360552967811,240.98147173883103,15.937601969660452
140,0,149.15940642791386,271.1013833717243,69.24267030893635,232.0992600776193,18.010880215209152
140,1,149.15940642791386,271.1013833717243,43.34245171943452,215.69952435710812,23.541950420124316
140,2,149.15940642791386,271.1013833717243,62.524719635428134,277.5369652947228,27.018611298245585
140,3,149.15940642791386,271.1013833717243,131.3424062090636,187.8719903889064,29.362269839326938
140,4,149.15940642791386,271.1013833717243,68.9040642891346,99.20214323915961,26.55749196159758
140,5,149.15940642791386,271.1013833717243,68.3655664299304,68.63916096966557,23.08403123198581
140,6,149.15940642791386,271.1013833717243,63.70853661527389,119.6744811259638,19.23772994110893
140,7,149.15940642791386,271.1013833717243,64.81043815878809,128.08364912640837,16.20377630185061
140,8,149.15940642791386,271.1013833717243,49.35295017436062,219.507824600957,15.052744873845537
140,9,149.15940642791386,271.1013833717243,64.49110202597319,158.9415825634064,11.268075807544879
140,10,149.15940642791386,271.1013833717243,84.09614102216122,342.5589351732708,14.167889490530992
140,11,149.15940642791386,271.1013833717243,11.792742750116247,341.25212809989733,16.111177448578136
141,0,275.04939507793716,319.61913071377614,62.08248064111978,272.9149043328985,18.957108800210904
141,1,275.04939507793716,319.61913071377614,63.759302803833286,330.492991350802,24.67563659309145
141,2,275.04939507793716,319.61913071377614,56.83769992831837,227.55903032117658,26.64901238445958
141,3,275.04939507793716,319.61913071377614,52.43091634005168,134.73408115792947,29.303927705156077
141,4,275.04939507793716,319.61913071377614,54.635862069900114,122.7272581926543,27.226454939332346
141,5,275.04939507793716,319.61913071377614,92.42743669420673,79.64472822949766,22.994633138098074
141,6,275.04939507793716,319.61913071377614,54.41496271306614,88.81023486744613,19.338389959957794
141,7,275.04939507793716,319.61913071377614,65.38007663547694,154.51449461866682,17.34105501912214
141,8,275.04939507793716,319.61913071377614,61.866013553737446,210.12230835614943,13.521021160777897
141,9,275.04939507793716,319.61913071377614,45.75131890223677,225.93075587644054,10.109144735807277
141,10,275.04939507793716,319.61913071377614,83.97919634870844,286.366493887504,12.185434414446709
141,11,275.04939507793716,319.61913071377614,37.7724320728885,214.9692466732443,16.466622128157365
142,0,398.17613692252485,288.5581380509198,82.28295084403987,272.5770576399984,21.186982774714764
142,1,398.17613692252485,288.5581380509198,82.89109867253705,314.7083924064161,25.69192258311272
142,2,398.17613692252485,288.5581380509198,66.46761166216021,248.86549562976066,24.805707726798808
142,3,398.17613692252485,288.5581380509198,31.718469932088006,189.54273827034908,28.035272374463375
142,4,398.17613692252485,288.5581380509198,92.22734807686342,81.06045806756632,25.844645786175814
142,5,398.17613692252485,288.5581380509198,71.34818547755084,75.52974675572003,24.396675025565145
142,6,398.17613692252485,288.5581380509198,79.11465904753867,80.39887439526716,19.653035361406662
142,7,398.17613692252485,288.5581380509198,80.10522785022403,147.89855623383258,14.040065188170088
142,8,398.17613692252485,288.5581380509198,52.66762756209128,191.45556640011696,12.165332112112903
142,9,398.17613692252485,288.5581380509198,56.5756212480344,283.6722379901347,13.7133577499075
142,10,398.17613692252485,288.5581380509198,23.79123666810858,365.2507140979641,12.222834684061567
142,11,398.17613692252485,288.5581380509198,47.72488560758042,264.1089304793875,17.035043905250582
143,0,112.93571618759316,439.8807467927915,63.27210590384803,239.475447738168,19.837534675676405
143,1,112.93571618759316,439.8807467927915,57.55534910784113,302.89232907213983,22.91867870674037
143,2,112.93571618759316,439.8807467927915,44.50330724750181,232.34804870861538,26.9003991974267
143,3,112.93571618759316,439.8807467927915,46.323082017196114,191.05342242901168,27.633689172877475
143,4,112.93571618759316,439.8807467927915,67.00985026788203,90.23281143385397,26.6366087631641
143,5,112.93571618759316,439.8807467927915,72.82051100931153,77.2967882027732,22.866426576505514
143,6,112.93571618759316,439.8807467927915,70.76855270383969,89.87402369453233,20.503476045189238
143,7,112.93571618759316,439.8807467927915,87.01739817178924,104.79529421965356,15.365619600924365
143,8,112.93571618759316,439.8807467927915,39.480050127645754,156.6571056134387,13.563184431449471
143,9,112.93571618759316,439.8807467927915,87.71831887069027,261.69540436300656,12.319703334738549
143,10,112.93571618759316,439.8807467927915,54.964142095859856,303.8246121760923,12.457720185669535
143,11,112.93571618759316,439.8807467927915,72.75624532060483,296.87048836115866,15.470289752943208
144,0,207.13403454636483,225.92893488596172,73.97031433818253,287.41729667741464,21.948505792150183
144,1,207.13403454636483,225.92893488596172,70.58978538762172,290.02659076035826,24.41320517953639
144,2,207.13403454636483,225.92893488596172,44.894565754459364,294.31032774721956,28.052158361825338
144,3,207.13403454636483,225.92893488596172,49.73983631603971,188.6019222934864,29.032056295233158
144,4,207.13403454636483,225.92893488596172,57.77945983030317,68.5511991235636,25.839387497985147
144,5,207.13403454636483,225.92893488596172,71.78703925997952,85.49207173159716,24.542704561989176
144,6,207.13403454636483,225.92893488596172,52.50268669389568,101.18805020170565,21.46103213481587
144,7,207.13403454636483,225.92893488596172,56.96713716722424,100.22783463175449,17.978957297515684
144,8,207.13403454636483,225.92893488596172,81.36056107905172,190.0790995065674,13.080384967103614
144,9,207.13403454636483,225.92893488596172,59.64093790254479,233.90791038100846,11.61278590976123
144,10,207.13403454636483,225.92893488596172,63.50537859204026,244.6389490369278,12.649917266522435
144,11,207.13403454636483,225.92893488596172,52.52743982709248,301.90514074421714,14.765666317460209
145,0,178.03659645662404,357.8007052455773,66.64864906821475,217.8243559207165,18.92982766693009
145,1,178.03659645662404,357.8007052455773,25.50195395943679,262.4668586641408,23.679552559172542
145,2,178.03659645662404,357.8007052455773,77.03538124778575,308.0409086527274,27.194816948035182
145,3,178.03659645662404,357.8007052455773,55.01857877082032,116.80696798323903,27.220524413547015
145,4,178.03659645662404,357.8007052455773,55.22983227878477,113.80060872484667,27.13678425615956
145,5,178.03659645662404,357.8007052455773,71.38196897877016,88.97443652997615,24.210396526215163
145,6,178.03659645662404,357.8007052455773,39.03699626851344,132.14115668970763,20.292173224812764
145,7,178.03659645662404,357.8007052455773,88.4065174823073,151.80166206409368,15.940517300266702
145,8,178.03659645662404,357.8007052455773,116.04661204321764,222.03603973985216,14.08272081512661
145,9,178.03659645662404,357.8007052455773,46.08989076176533,288.45227136784456,13.787540499935677
145,10,178.03659645662404,357.8007052455773,85.10081443009965,341.4279445151648,12.878723437249544
145,11,178.03659645662404,357.8007052455773,62.89351825653745,208.4692518837112,16.08584690540322
146,0,203.2069020682654,267.62476778965623,76.04424409534272,206.50956725194115,21.10775931353034
146,1,203.2069020682654,267.62476778965623,61.02723031088472,268.4420168497976,23.37285806810511
146,2,203.2069020682654,267.62476778965623,64.74414194062938,311.4154810153777,27.491125186371054
146,3,203.2069020682654,267.62476778965623,52.11463050431635,164.69527867770344,26.781656340177626
146,4,203.2069020682654,267.62476778965623,41.75101903584581,91.4622022322611,26.323335336323584
146,5,203.2069020682654,267.62476778965623,57.69315843363403,91.03639481350639,22.624266909878664
146,6,203.2069020682654,267.62476778965623,58.83754370622194,91.69742319114904,19.00748713792298
146,7,203.2069020682654,267.62476778965623,74.58184308346698,121.04935451883864,15.734166893802122
146,8,203.2069020682654,267.62476778965623,42.18585760853384,248.42038812556697,12.926680398004727
146,9,203.2069020682654,267.62476778965623,27.79939016634107,295.66644967083255,12.089982201556536
146,10,203.2069020682654,267.62476778965623,47.029551345168755,277.90488255363874,11.941710429700448
146,11,203.2069020682654,267.62476778965623,39.04054141074543,264.8570691176122,14.354855563267398
147,0,155.114755671745,328.48339681707813,66.026753837924,244.799950803071,19.29727293439451
147,1,155.114755671745,328.48339681707813,85.94363356663862,304.9709150588107,24.861968947393983
147,2,155.114755671745,328.48339681707813,40.85748530332888,272.1261796404167,26.089376622924014
147,3,155.114755671745,328.48339681707813,51.80096525709583,166.65983255650397,27.549568770611344
147,4,155.114755671745,328.48339681707813,53.36170544348104,108.52902333492935,26.103359915136732
147,5,155.114755671745,328.48339681707813,33.222957790108104,80.8662825041897,24.677567529715937
147,6,155.114755671745,328.48339681707813,47.292965480688956,67.14248039031247,19.821122752046005
147,7,155.114755671745,328.48339681707813,55.35474484379783,123.58863632781551,14.63840116774961
147,8,155.114755671745,328.48339681707813,59.99300737155108,161.89185263376916,12.739291363345801
147,9,155.114755671745,328.48339681707813,75.58663652969544,326.84404704453846,12.713629333028607
147,10,155.114755671745,328.48339681707813,54.226949110713285,327.81018883561524,14.33515326067517
147,11,155.114755671745,328.48339681707813,105.23557063021092,230.76061048963723,14.943448154876895
148,0,179.15521364453505,286.14100971324035,83.03414422116533,201.1904475462621,19.247186815735187
148,1,179.15521364453505,286.14100971324035,66.90446164361417,271.5860830728336,24.098508956454875
148,2,179.15521364453505,286.14100971324035,82.33785060147358,221.88323074022728,25.602644460691
148,3,179.15521364453505,286.14100971324035,83.53673169253399,182.5566364085623,27.488668755710258
148,4,179.15521364453505,286.14100971324035,86.91781455208803,87.17908257515563,26.735183229407273
148,5,179.15521364453505,286.14100971324035,13.297666834020106,75.2244983805727,26.382686376059038
148,6,179.15521364453505,286.14100971324035,71.68444681177247,98.70745547616714,18.920400914801576
148,7,179.15521364453505,286.14100971324035,50.44823005725423,120.75885332808197,16.46719015122944
148,8,179.15521364453505,286.14100971324035,53.04385739324995,182.8745168730114,11.862837583032427
148,9,179.15521364453505,286.14100971324035,64.3742072035488,236.45563675496433,13.269970613983112
148,10,179.15521364453505,286.14100971324035,61.218567536046365,301.3408610222329,10.01343259230777
148,11,179.15521364453505,286.14100971324035,65.47132491682916,292.6433676078813,16.639327191078362
149,0,359.8873294608149,272.4709340991313,46.55321841685936,246.25234172015973,20.805181436674744
149,1,359.8873294608149,272.4709340991313,67.3517974091284,273.79309772151197,24.731693695690883
149,2,359.8873294608149,272.4709340991313,74.87059450167264,273.5303524194517,26.518985493572135
149,3,359.8873294608149,272.4709340991313,75.36452744269126,183.21543103430147,30.00268473482794
149,4,359.8873294608149,272.4709340991313,50.909318122479796,92.60684956103256,26.55085599850615
149,5,359.8873294608149,272.4709340991313,61.146966060294325,100.0004778881927,23.110963249479692
149,6,359.8873294608149,272.4709340991313,66.78546353485397,78.95583519732939,20.60205293436461
149,7,359.8873294608149,272.4709340991313,47.679882127989714,99.05335610089773,15.727990663582693
149,8,359.8873294608149,272.4709340991313,42.59310487157426,221.0675723544048,12.744817857167506
149,9,359.8873294608149,272.4709340991313,75.31312592783881,233.8140831130639,11.254793372848287
149,10,359.8873294608149,272.4709340991313,112.26072181059695,273.3610692430619,11.840307663332606
149,11,359.8873294608149,272.4709340991313,32.5390841803903,310.69475137984927,15.65296885152866
150,0,146.09866049995998,250.01740289301273,71.13153094493202,203.37167658628994,20.621812540197418
150,1,146.09866049995998,250.01740289301273,63.7211071321969,343.0914381105488,22.868279348472687
150,2,146.09866049995998,250.01740289301273,67.4005693386739,250.11319419083736,27.838744845988334
150,3,146.09866049995998,250.01740289301273,15.335071492132911,182.29932190371147,27.609920547604233
150,4,146.09866049995998,250.01740289301273,55.92004151912605,67.23943744500983,28.096138707572887
150,5,146.09866049995998,250.01740289301273,63.728728935053574,90.59674282607415,24.156707014424686
150,6,146.09866049995998,250.01740289301273,61.607863896975395,105.5681920124984,20.69836012072683
150,7,146.09866049995998,250.01740289301273,35.50880403691983,127.06239435645647,14.494329000896565
150,8,146.09866049995998,250.01740289301273,69.17815608871223,189.11360463062658,14.698071269924926
150,9,146.09866049995998,250.01740289301273,74.90206906234825,258.67209251856605,12.350470005266816
150,10,146.09866049995998,250.01740289301273,35.993397469515465,332.3064549468758,12.721067112876414
150,11,146.09866049995998,250.01740289301273,80.10642648132306,256.75753558826375,15.873620655991504
151,0,193.46336012189454,275.2307501882561,21.24651583318319,257.66805467334314,18.629059530638393
151,1,193.46336012189454,275.2307501882561,62.479851452402784,297.23332829046893,23.338622962036663
151,2,193.46336012189454,275.2307501882561,57.17483728469719,273.77366352310054,27.00632633734575
151,3,193.46336012189454,275.2307501882561,77.2143179830726,200.8526685180147,27.551358854636664
151,4,193.46336012189454,275.2307501882561,59.043497875526626,121.6177303719463,26.721530137709518
151,5,193.46336012189454,275.2307501882561,42.95203596637883,83.1720323544935,24.56196304337675
151,6,193.46336012189454,275.2307501882561,62.9896712344476,102.51979482595699,19.727149510372456
151,7,193.46336012189454,275.2307501882561,43.32483932459372,138.75858492973856,15.892399899707666
151,8,193.46336012189454,275.2307501882561,29.104545011581596,209.33799976242335,13.125313286479953
151,9,193.46336012189454,275.2307501882561,42.66342253753808,245.63049763307893,12.740113276455661
151,10,193.46336012189454,275.2307501882561,47.18668028959887,249.52064578316498,11.692881582888466
151,11,193.46336012189454,275.2307501882561,56.90911338801677,295.93236899101186,16.70697503700682
152,0,132.02922156017723,214.91708401846876,70.3065507624304,216.73444553695265,20.35945882676599
152,1,132.02922156017723,214.91708401846876,71.08056640714099,275.5692405142041,24.70494487833697
152,2,132.02922156017723,214.91708401846876,41.975649718245165,240.81931343839372,27.17286069449448
152,3,132.02922156017723,214.91708401846876,14.336001669057481,194.29456744973012,29.104532698096985
152,4,132.02922156017723,214.91708401846876,60.23852371773886,76.97742165391483,27.195607737143607
152,5,132.02922156017723,214.91708401846876,64.93511985378684,105.57462019904085,24.59142841449923
152,6,132.02922156017723,214.91708401846876,85.76109257182428,90.23867092948484,19.897783425359073
152,7,132.02922156017723,214.91708401846876,58.586276617522806,146.9820850159545,16.745057712279188
152,8,132.02922156017723,214.91708401846876,33.52098904027393,224.5119417385247,14.487133853488434
152,9,132.02922156017723,214.91708401846876,41.985681863545075,265.1286241636198,13.566756441613702
152,10,132.02922156017723,214.91708401846876,27.898270291161722,349.69488967191535,14.756982289603476
152,11,132.02922156017723,214.91708401846876,44.11904410380011,241.02417432807133,15.221227307878925
153,0,207.0750269708912,248.52502356312218,104.38258048723887,236.3474845309031,19.20714851438401
153,1,207.0750269708912,248.52502356312218,82.62982039206368,299.8566194185341,22.998655618622024
153,2,207.0750269708912,248.52502356312218,57.22772737946945,291.09339833595783,27.410467882330973
153,3,207.0750269708912,248.52502356312218,66.05574567674783,163.55382050357673,29.01033951472613
153,4,207.0750269708912,248.52502356312218,59.70947323173212,111.32139557467889,25.636047606186743
153,5,207.0750269708912,248.52502356312218,42.981102481448445,80.12297488193651,24.04146838990452
153,6,207.0750269708912,248.52502356312218,39.945270821800634,110.44766386115279,19.886946509827045
153,7,207.0750269708912,248.52502356312218,53.63385404800937,111.95900227549008,14.840380002941252
153,8,207.0750269708912,248.52502356312218,35.8269227057773,212.21080438806607,14.850966345792907
153,9,207.0750269708912,248.52502356312218,66.98537677251201,246.21050382992354,10.937121527040356
153,10,207.0750269708912,248.52502356312218,60.79254343732039,352.8729463182038,12.987192419700577
153,11,207.0750269708912,248.52502356312218,62.90617177103523,226.0395358155083,16.639599820485344
154,0,233.24554347533456,117.5636823559557,56.38145082679709,246.69161489876203,19.768068799303343
154,1,233.24554347533456,117.5636823559557,79.64498385255939,295.18814127809577,23.24855634428691
154,2,233.24554347533456,117.5636823559557,72.78905403978062,318.0009238408546,28.684592582769696
154,3,233.24554347533456,117.5636823559557,69.91611738865667,139.56472179046904,27.911423179209585
154,4,233.24554347533456,117.5636823559557,48.38481147035422,89.94681767894588,27.856377424372155
154,5,233.24554347533456,117.5636823559557,89.88783219183283,99.21495359025327,26.53050790957617
154,6,233.24554347533456,117.5636823559557,46.068707261769944,102.69568125057502,21.7742713588201
154,7,233.24554347533456,117.5636823559557,75.73957612133428,103.69562381653161,15.627342081150834
154,8,233.24554347533456,117.5636823559557,97.13008513606643,265.3225292847194,13.444269038685977
154,9,233.24554347533456,117.5636823559557,63.79994347073727,187.55129095903965,11.05356117405276
154,10,233.24554347533456,117.5636823559557,57.441187773333496,281.7620276583456,12.500771399589791
154,11,233.24554347533456,117.5636823559557,48.309405539523055,276.8961854745116,15.373413258129494
155,0,224.44095635244943,272.751645463165,90.02516489646835,168.18362709808997,20.081181233935933
155,1,224.44095635244943,272.751645463165,69.56428527138806,245.29656731474057,25.069111673206574
155,2,224.44095635244943,272.751645463165,55.73967069654469,222.69178262854908,27.139927726764043
155,3,224.44095635244943,272.751645463165,101.78263478559235,127.75473034490246,29.93041990536472
155,4,224.44095635244943,272.751645463165,42.79290310105195,95.28385056794811,25.45131435061454
155,5,224.44095635244943,272.751645463165,6.188380770316428,89.22723588034519,23.48728366395395
155,6,224.44095635244943,272.751645463165,60.70066561672864,92.03633167551399,20.507493815434316
155,7,224.44095635244943,272.751645463165,38.99006972927525,131.5577735999895,16.624357463320592
155,8,224.44095635244943,272.751645463165,46.41280238800983,195.32695908554072,12.285674562267719
155,9,224.44095635244943,272.751645463165,52.10465157894962,233.46681129469624,11.880005124594886
155,10,224.44095635244943,272.751645463165,88.76982620264198,272.63022948878273,14.103614717006518
155,11,224.44095635244943,272.751645463165,72.4717173401632,249.2618168847792,14.127253118316869
156,0,266.4048572327589,226.20619295488126,24.138085416314667,303.9434531471341,19.540547035019774
156,1,266.4048572327589,226.20619295488126,29.038432103082712,314.7863470933134,24.173797079089063
156,2,266.4048572327589,226.20619295488126,86.44296229253239,270.45325654590783,27.111022258211666
156,3,266.4048572327589,226.20619295488126,33.427663340794425,132.08986698933614,28.576490064628516
156,4,266.4048572327589,226.20619295488126,54.9153260919992,98.15957126890962,27.83965073851534
156,5,266.4048572327589,226.20619295488126,74.76950549126522,84.46301503674513,24.40350200550007
156,6,266.4048572327589,226.20619295488126,45.833161404400535,102.28950685208902,20.850548936045385
156,7,266.4048572327589,226.20619295488126,40.26301338457931,144.45427774485114,16.488186119108573
156,8,266.4048572327589,226.20619295488126,54.03910441989965,231.1177401922607,14.724509360399228
156,9,266.4048572327589,226.20619295488126,44.90608104569725,245.09648835325197,12.657501190896246
156,10,266.4048572327589,226.20619295488126,63.79516604059866,322.3292102719056,10.997913281233416
156,11,266.4048572327589,226.20619295488126,85.9552902591812,272.3535241321956,17.261292965533414
157,0,174.6793485715051,273.31907586569804,64.4660259619065,307.93045430092036,19.676621401243207
157,1,174.6793485715051,273.31907586569804,50.72588516790529,232.03877746098541,25.410947163942833
157,2,174.6793485715051,273.31907586569804,35.718618845066345,330.9737128595302,27.812294419032465
157,3,174.6793485715051,273.31907586569804,41.672857656034054,144.0176768473211,29.0209528822635
157,4,174.6793485715051,273.31907586569804,19.449103332096897,85.9778180516894,26.763776095728723
157,5,174.6793485715051,273.31907586569804,86.18958198835948,77.08648458389133,23.225685272252576
157,6,174.6793485715051,273.31907586569804,66.68455303466676,95.0028192276854,22.158641635429788
157,7,174.6793485715051,273.31907586569804,83.4148663374938,172.21042138258758,17.451071792936556
157,8,174.6793485715051,273.31907586569804,53.75938050649722,200.86785882686496,15.525975862315935
157,9,174.6793485715051,273.31907586569804,109.27177913530582,243.0389897575626,11.866410867292293
157,10,174.6793485715051,273.31907586569804,85.18800601415394,219.16336406642068,13.961008473218458
157,11,174.6793485715051,273.31907586569804,53.246635031995176,288.6361404353298,15.783490049246236
158,0,272.0943208329729,229.26305953762397,43.87401769763956,257.5991879355704,20.303743335946173
158,1,272.0943208329729,229.26305953762397,27.386815591289853,322.64971344359606,23.696337480166967
158,2,272.0943208329729,229.26305953762397,40.24492108839772,261.03376359917127,28.66824781551013
158,3,272.0943208329729,229.26305953762397,63.979091971316414,207.51565393194937,27.331836376115383
158,4,272.0943208329729,229.26305953762397,20.547104501419582,106.25544110234773,26.660234049543025
158,5,272.0943208329729,229.26305953762397,76.07578019150009,58.16326965299537,22.042382829482026
158,6,272.0943208329729,229.26305953762397,83.51240417155721,107.37760698224731,19.921096190119467
158,7,272.0943208329729,229.26305953762397,65.76542571968008,141.91268359186418,14.282565867292004
158,8,272.0943208329729,229.26305953762397,58.37597035069967,197.4225587152853,12.495272449193896
158,9,272.0943208329729,229.26305953762397,44.26311710070543,229.63861747332078,12.366019099088879
158,10,272.0943208329729,229.26305953762397,105.39300905774746,356.77785843922646,13.052322641542505
158,11,272.0943208329729,229.26305953762397,53.68715891285605,242.58410884394308,15.80039160381776
159,0,252.00613921050302,380.40714136633284,89.09610298085641,253.14217699623626,19.89284654248675
159,1,252.00613921050302,380.40714136633284,70.41906529875399,305.68768888867436,23.581612966618902
159,2,252.00613921050302,380.40714136633284,90.28907076403247,292.7170090585205,28.42345466273856
159,3,252.00613921050302,380.40714136633284,83.75499862464132,132.8811552945065,28.15474274464929
159,4,252.00613921050302,380.40714136633284,42.42555114017112,132.20627481701914,27.785638061418318
159,5,252.00613921050302,380.40714136633284,69.265440717806,67.98367327943456,22.642030209124883
159,6,252.00613921050302,380.40714136633284,56.77694285468191,81.0564490058565,20.0611952801873
159,7,252.00613921050302,380.40714136633284,79.65294801730613,125.87464575241059,14.794612681396435
159,8,252.00613921050302,380.40714136633284,39.18013940226421,168.06517175861325,13.241042100924385
159,9,252.00613921050302,380.40714136633284,57.52984343945701,253.02037938676142,12.355192030908077
159,10,252.00613921050302,380.40714136633284,49.03856884256318,249.96777123426037,12.154701037814247
159,11,252.00613921050302,380.40714136633284,65.082094186002,288.87945430665314,16.97664909165118
160,0,190.20373238365295,282.1858938162651,30.192403005642724,255.7203020029184,22.019000496596565
160,1,190.20373238365295,282.1858938162651,65.1688445227249,344.97695480790327,23.442044282446194
160,2,190.20373238365295,282.1858938162651,48.28469857189123,242.30604153559844,26.84317538025092
160,3,190.20373238365295,282.1858938162651,71.53690271565769,150.50075125778164,29.27622259295775
160,4,190.20373238365295,282.1858938162651,50.125903423487436,124.88872015460761,26.07742838935011
160,5,190.20373238365295,282.1858938162651,51.679295462099645,92.2602218748308,24.60469046781698
160,6,190.20373238365295,282.1858938162651,58.44255579399484,117.13138359519846,21.196647807944622
160,7,190.20373238365295,282.1858938162651,56.616234313500875,126.95705178196381,16.14474646480286
160,8,190.20373238365295,282.1858938162651,6.548693540364837,224.7200714656976,11.794372190632071
160,9,190.20373238365295,282.1858938162651,72.64167606302645,282.51498052439007,12.697414800100926
160,10,190.20373238365295,282.1858938162651,59.32754188025713,336.2724916669531,14.32238336175445
160,11,190.20373238365295,282.1858938162651,53.71330286874617,263.2407960478126,15.069506089524074
161,0,262.7444141585364,286.0374660784612,62.27391742854677,306.0227746854759,20.89389861668019
161,1,262.7444141585364,286.0374660784612,44.997611220106094,322.8476514354928,23.032698088280362
161,2,262.7444141585364,286.0374660784612,63.4316123835591,204.76051654010982,26.262722481149254
161,3,262.7444141585364,286.0374660784612,25.695965667724636,121.81520296878291,28.309154244711955
161,4,262.7444141585364,286.0374660784612,37.31328783344365,107.5857814997079,26.885620943803573
161,5,262.7444141585364,286.0374660784612,60.099941644103254,88.19929237864277,23.629750616990776
161,6,262.7444141585364,286.0374660784612,25.336898420250918,81.52908763473339,21.23722763063048
161,7,262.7444141585364,286.0374660784612,60.759644323585135,108.69097803785743,15.978158374125902
161,8,262.7444141585364,286.0374660784612,95.6890468994496,158.02521131446002,13.031974200207475
161,9,262.7444141585364,286.0374660784612,87.2726225924301,187.59367348872138,13.130313407257526
161,10,262.7444141585364,286.0374660784612,78.01318839157706,352.5705520200838,12.590823383902935
161,11,262.7444141585364,286.0374660784612,46.71745240312656,238.63013154609038,16.196798367471267
162,0,198.17555495452737,395.7034640003839,42.891827834233155,216.10980752443342,20.68332532100232
162,1,198.17555495452737,395.7034640003839,60.7576231338866,332.83949865423585,23.97964538387713
162,2,198.17555495452737,395.7034640003839,78.11782267603341,259.22303598588036,27.05192525597111
162,3,198.17555495452737,395.7034640003839,67.07993097804172,189.82153175524678,28.067200482210414
162,4,198.17555495452737,395.7034640003839,57.57936554393079,99.020612122617,26.799069286787322
162,5,198.17555495452737,395.7034640003839,57.352861465430635,89.66327842048744,22.70606554620629
162,6,198.17555495452737,395.7034640003839,100.66979638661923,65.57616804640895,20.14045308816106
162,7,198.17555495452737,395.7034640003839,14.882962570537657,137.80478360941757,14.164413083613319
162,8,198.17555495452737,395.7034640003839,31.80513067052774,151.8364717106852,13.110867660136508
162,9,198.17555495452737,395.7034640003839,78.46478149902862,270.72189359221386,11.514055522315358
162,10,198.17555495452737,395.7034640003839,67.5613499224851,354.54654860712157,13.511482649693814
162,11,198.17555495452737,395.7034640003839,35.059769251221425,238.56206368208078,15.78255273396953
163,0,216.94939584859398,216.65782290095166,84.45753612573557,246.09947513717916,19.567420463115234
163,1,216.94939584859398,216.65782290095166,37.712799759728675,353.0210951597478,25.231531923889477
163,2,216.94939584859398,216.65782290095166,58.914107584661714,276.44518331807683,26.18717176723025
163,3,216.94939584859398,216.65782290095166,58.454322081327035,176.6776862468261,28.589365493905873
163,4,216.94939584859398,216.65782290095166,64.75492377971112,96.63229716624471,26.044058864751964
163,5,216.94939584859398,216.65782290095166,56.77971279756498,79.06953002980471,24.51328785802714
163,6,216.94939584859398,216.65782290095166,76.96283895953502,104.657567114008,20.936983359185774
163,7,216.94939584859398,216.65782290095166,54.97174300759927,155.6050073661029,16.61035307707499
163,8,216.94939584859398,216.65782290095166,46.68765870226452,172.3890334292978,12.97885150933978
163,9,216.94939584859398,216.65782290095166,45.101269212414806,214.6006452408412,12.585117190492749
163,10,216.94939584859398,216.65782290095166,24.120902286164878,286.8456733992047,11.647382772458478
163,11,216.94939584859398,216.65782290095166,52.67440276246944,280.6799750734689,13.913152616417376
164,0,133.68807577098983,310.087164109729,94.58352981108382,240.09490438694726,20.439172345938363
164,1,133.68807577098983,310.087164109729,57.949614872168986,303.48750500733433,22.749557051405148
164,2,133.68807577098983,310.087164109729,89.26449797273057,230.18067825741488,28.24531503789945
164,3,133.68807577098983,310.087164109729,45.00540527523736,155.63758778076766,27.86097892822613
164,4,133.68807577098983,310.087164109729,67.29443999425493,95.96394418862843,28.748192951743082
164,5,133.68807577098983,310.087164109729,66.64826015135155,84.77875922843089,23.778037064462875
164,6,133.68807577098983,310.087164109729,5.9670032827383395,116.57751037282125,20.90094490752182
164,7,133.68807577098983,310.087164109729,37.32110469904378,131.04191433940517,15.757684313949678
164,8,133.68807577098983,310.087164109729,33.01904338586341,237.7089915592711,12.68962700418133
164,9,133.68807577098983,310.087164109729,67.60624204112042,270.631878189296,11.165104880150468
164,10,133.68807577098983,310.087164109729,29.140894297725502,212.05193163012243,13.025493761856684
164,11,133.68807577098983,310.087164109729,79.07824652506562,258.47312031040445,13.818580021498263
165,0,236.9833255688114,192.1982748947467,60.09401009189755,222.64464266231306,18.779507988311448
165,1,236.9833255688114,192.1982748947467,42.24911696653567,275.8960650571087,23.382391620728068
165,2,236.9833255688114,192.1982748947467,34.61748644793506,294.40597374451755,25.86195214279452
165,3,236.9833255688114,192.1982748947467,103.92460465624733,188.21514849344072,27.945700719583915
165,4,236.9833255688114,192.1982748947467,75.07745936636442,107.94822133672291,25.73410889357879
165,5,236.9833255688114,192.1982748947467,59.474242456941894,86.65844556479456,24.89490942377555
165,6,236.9833255688114,192.1982748947467,93.79183480503158,104.26529162680052,19.400301866335354
165,7,236.9833255688114,192.1982748947467,55.005324672285056,118.03308441185332,17.459878549442454
165,8,236.9833255688114,192.1982748947467,73.25091003964397,207.2269141438076,13.774260853626922
165,9,236.9833255688114,192.1982748947467,54.1661451387347,212.85648435560006,11.350646560605194
165,10,236.9833255688114,192.1982748947467,73.97616854790803,260.0670854436367,14.905044943755929
165,11,236.9833255688114,192.1982748947467,71.2026071120634,310.4868233852885,14.186688511612372
166,0,137.36230288877428,230.9920339964927,84.78403453591558,292.97944634150707,20.7245204754444
166,1,137.36230288877428,230.9920339964927,83.82091994711804,250.21442481215806,25.10147591308655
166,2,137.36230288877428,230.9920339964927,62.37507927602537,235.25337189175374,27.230978099510775
166,3,137.36230288877428,230.9920339964927,52.51293271640054,148.41401444267356,27.931361754439973
166,4,137.36230288877428,230.9920339964927,64.19565194672276,108.65786561875555,26.12291781498391
166,5,137.36230288877428,230.9920339964927,76.22301105027401,80.91222353516979,24.813043507738268
166,6,137.36230288877428,230.9920339964927,73.71017549997728,96.17434091165167,19.099372270780307
166,7,137.36230288877428,230.9920339964927,46.009394058606894,150.14839580227246,15.867342132999413
166,8,137.36230288877428,230.9920339964927,64.97119276873339,239.80997445336644,13.246850609899049
166,9,137.36230288877428,230.9920339964927,60.99272976356807,251.76106202923714,11.64376132636473
166,10,137.36230288877428,230.9920339964927,90.21003956623802,210.53625470788648,10.375861225645664
166,11,137.36230288877428,230.9920339964927,98.12044330949438,222.17722561349495,16.26056728865838
167,0,239.91367231452108,237.26719332139578,44.473585578136024,213.8906723288764,19.217950268057585
167,1,239.91367231452108,237.26719332139578,49.16448335558488,264.53837220500463,24.792370226952155
167,2,239.91367231452108,237.26719332139578,86.10443404947553,275.37376040086536,26.17642706347952
167,3,239.91367231452108,237.26719332139578,62.697989908904084,171.75131417147517,27.903441990793546
167,4,239.91367231452108,237.26719332139578,67.74332394448614,80.17065415722242,27.15225434317665
167,5,239.91367231452108,237.26719332139578,71.66458176687249,105.87894374742022,24.666301721176698
167,6,239.91367231452108,237.26719332139578,32.55843357847525,102.22806879590975,22.046189887133934
167,7,239.91367231452108,237.26719332139578,36.17290568383385,148.08451198497772,12.779497523184912
167,8,239.91367231452108,237.26719332139578,83.4485503339571,187.47873624091505,11.960913343029292
167,9,239.91367231452108,237.26719332139578,68.20461126247474,308.9661568107297,11.102892378177245
167,10,239.91367231452108,237.26719332139578,84.12724456569077,294.62499469226174,13.740899693188604
167,11,239.91367231452108,237.26719332139578,60.3021715594536,331.94028994995824,17.44921436987715
168,0,279.618330172094,439.41565705008173,76.02454211095633,202.72826975575924,21.624083076990622
168,1,279.618330172094,439.41565705008173,72.08134692200281,247.38599126898288,24.670033548855354
168,2,279.618330172094,439.41565705008173,56.83603943358227,270.27121895884545,26.973066659866948
168,3,279.618330172094,439.41565705008173,86.56782370344284,210.2833691349578,26.47612383220954
168,4,279.618330172094,439.41565705008173,59.5593960786408,90.01152408790387,25.773956710660002
168,5,279.618330172094,439.41565705008173,83.15533222111432,89.76581937568811,24.443949737892375
168,6,279.618330172094,439.41565705008173,31.86385494111889,85.88492093289497,18.828031169770618
168,7,279.618330172094,439.41565705008173,66.19590084832596,110.85498758240537,17.03916021842141
168,8,279.618330172094,439.41565705008173,112.12231004671308,219.09126985673123,15.097546939513478
168,9,279.618330172094,439.41565705008173,85.60944206355185,238.05791301981088,12.149348324461675
168,10,279.618330172094,439.41565705008173,30.249574883604893,273.90266804554534,13.11577561223203
168,11,279.618330172094,439.41565705008173,34.6565985846677,323.4539925568238,16.89310642370597
169,0,163.17180934820118,242.7576148157167,58.75851813847838,186.30292883760464,20.375435186454283
169,1,163.17180934820118,242.7576148157167,69.30369895875415,274.1383254502704,25.698909321547376
169,2,163.17180934820118,242.7576148157167,46.907730088380816,290.7513802589569,26.020622686971404
169,3,163.17180934820118,242.7576148157167,41.59315930299577,204.63058931551225,27.503118984084573
169,4,163.17180934820118,242.7576148157167,28.6124727345908,106.88872620657482,28.218005257643373
169,5,163.17180934820118,242.7576148157167,42.45322037924837,95.03958596495838,24.260387686492123
169,6,163.17180934820118,242.7576148157167,19.818296023343976,110.33957818373605,20.24245005462136
169,7,163.17180934820118,242.7576148157167,48.98679061347626,122.79392024235368,15.025645000904467
169,8,163.17180934820118,242.7576148157167,79.87329842852088,180.83718126418498,12.099650947475585
169,9,163.17180934820118,242.7576148157167,68.26221180641177,283.17019423707524,10.808299684324684
169,10,163.17180934820118,242.7576148157167,51.46279973872698,290.4178345124849,12.563289492512176
169,11,163.17180934820118,242.7576148157167,106.6683703337803,289.3247720566298,14.545551083383236
170,0,311.30962711170355,358.1689009663472,57.94271712577356,279.6907612689866,19.50604294121699
170,1,311.30962711170355,358.1689009663472,49.77793891802656,241.7461084397096,22.78742225262824
170,2,311.30962711170355,358.1689009663472,64.38351187049616,269.1144417134158,26.87692499951718
170,3,311.30962711170355,358.1689009663472,90.81813981662403,139.11664397688992,28.287468284862832
170,4,311.30962711170355,358.1689009663472,46.94424135894283,66.96977657093358,26.1335755494632
170,5,311.30962711170355,358.1689009663472,112.96810579810422,90.0229695957142,24.969227459805364
170,6,311.30962711170355,358.1689009663472,49.3816977041064,91.16395004688363,20.044044810862133
170,7,311.30962711170355,358.1689009663472,53.67764756877263,134.0192855187078,17.296473150083717
170,8,311.30962711170355,358.1689009663472,85.19897565771956,169.40352452446987,12.10065591134761
170,9,311.30962711170355,358.1689009663472,57.196319653186585,270.78465675215836,12.484850353571709
170,10,311.30962711170355,358.1689009663472,89.06821028428074,412.26706188733783,10.423370716615695
170,11,311.30962711170355,358.1689009663472,75.50388151901555,226.42913852066823,16.90106072468086
171,0,259.5871895882862,343.0527827159106,45.36786730082406,286.06823568151066,20.28629393443959
171,1,259.5871895882862,343.0527827159106,62.11448518495272,240.50766858206245,24.020479352062935
171,2,259.5871895882862,343.0527827159106,68.32474832751247,261.5758141597049,28.93496656987941
171,3,259.5871895882862,343.0527827159106,80.35756431119039,186.95565899300067,27.814621798404826
171,4,259.5871895882862,343.0527827159106,109.94211255112269,95.53874449574526,27.02465071647698
171,5,259.5871895882862,343.0527827159106,76.21192138849368,112.32749961008777,24.4027777108501
171,6,259.5871895882862,343.0527827159106,52.70472755208678,101.02835742800758,20.751696418404517
171,7,259.5871895882862,343.0527827159106,78.98809054194152,145.84062574330915,15.461320507919643
171,8,259.5871895882862,343.0527827159106,83.47207586079642,256.56780959348424,13.70085299380514
171,9,259.5871895882862,343.0527827159106,44.33438765694212,266.8220426468026,12.561322491409095
171,10,259.5871895882862,343.0527827159106,81.36709763751668,270.1457942356818,13.15617064884055
171,11,259.5871895882862,343.0527827159106,61.50000726216126,293.5072697088672,14.82434598169705
172,0,241.91502638079274,414.2616138357544,54.081078064333184,228.00141141133417,19.607902788004004
172,1,241.91502638079274,414.2616138357544,76.1378946928277,280.44755661373506,23.162446512018835
172,2,241.91502638079274,414.2616138357544,20.624520732988515,297.33758066153234,27.058886096903407
172,3,241.91502638079274,414.2616138357544,25.345527013086524,208.85740089841747,27.53658369205561
172,4,241.91502638079274,414.2616138357544,71.81488375885574,87.61446915324238,27.7404982233689
172,5,241.91502638079274,414.2616138357544,74.47288610472827,84.02546753643405,25.131555956603233
172,6,241.91502638079274,414.2616138357544,39.492998045593005,97.82427444001081,19.75461648885091
172,7,241.91502638079274,414.2616138357544,36.9694798142168,122.30834530018444,16.435644923866242
172,8,241.91502638079274,414.2616138357544,82.08143898651369,222.33350288138638,14.691654648080359
172,9,241.91502638079274,414.2616138357544,42.20086476351999,336.955774196676,11.592532193315062
172,10,241.91502638079274,414.2616138357544,80.75891702256148,257.1556058865766,11.191642236094465
172,11,241.91502638079274,414.2616138357544,57.6090540584255,290.34600279564586,16.89054137156936
173,0,108.23568188481451,282.8851238235713,62.93033076294477,282.6712402595928,19.81102838577587
173,1,108.23568188481451,282.8851238235713,42.76013229680357,301.5774790849189,24.626558750761312
173,2,108.23568188481451,282.8851238235713,79.5214897554056,193.82891784481947,27.92878388591195
173,3,108.23568188481451,282.8851238235713,81.72976383317229,172.7144423017873,27.646794936007687
173,4,108.23568188481451,282.8851238235713,74.49909319859592,107.47849550265418,27.102316469921874
173,5,108.23568188481451,282.8851238235713,51.066189711495895,104.20455681903753,23.517006931241802
173,6,108.23568188481451,282.8851238235713,62.13737342334611,99.17366929610016,18.748290981748234
173,7,108.23568188481451,282.8851238235713,40.39116751809536,144.86548522378988,15.649612165630977
173,8,108.23568188481451,282.8851238235713,65.10587452244125,189.3927012031492,12.73021010790481
173,9,108.23568188481451,282.8851238235713,80.06879673755063,256.44790948885094,13.976490297769235
173,10,108.23568188481451,282.8851238235713,50.281893699768176,311.56612587627774,12.969136126053868
173,11,108.23568188481451,282.8851238235713,46.03303922777944,201.71896370622065,16.700202537377383
174,0,198.835702683713,197.419538293605,34.8067300160425,282.1548146480816,20.020348512852934
174,1,198.835702683713,197.419538293605,61.74856978989529,326.70875343604143,24.60515576991598
174,2,198.835702683713,197.419538293605,56.687667297964964,282.6470984511775,27.972883456908512
174,3,198.835702683713,197.419538293605,56.447818123902906,217.6013951011557,27.514715295860167
174,4,198.835702683713,197.419538293605,106.15766566376047,121.71191353529609,27.8285142119739
174,5,198.835702683713,197.419538293605,98.91495491667943,94.6256103423345,23.628899269481824
174,6,198.835702683713,197.419538293605,34.90230583377782,103.77244701104844,18.125597859340928
174,7,198.835702683713,197.419538293605,9.699278821600174,122.0962305791931,15.053434168826445
174,8,198.835702683713,197.419538293605,47.252765700408304,155.6742270733235,10.467312692865685
174,9,198.835702683713,197.419538293605,45.39962519029008,204.9504366003446,12.987492463196151
174,10,198.835702683713,197.419538293605,80.95173889573205,299.8925672394183,13.739960471136987
174,11,198.835702683713,197.419538293605,74.9881129252376,277.6423083126117,16.837844656523767
175,0,252.08940800220074,208.8105598754475,43.55732170591172,300.10373049053686,18.3310658756874
175,1,252.08940800220074,208.8105598754475,89.9993135024246,318.4641329933079,23.846411622477337
175,2,252.08940800220074,208.8105598754475,95.72882271204766,253.3259348791038,27.59450625205055
175,3,252.08940800220074,208.8105598754475,55.7614037411786,183.60622563790233,27.870967886999466
175,4,252.08940800220074,208.8105598754475,48.62131397535255,100.02972558395979,26.561906485590942
175,5,252.08940800220074,208.8105598754475,54.79985304037576,90.10979304964823,24.077670857066867
175,6,252.08940800220074,208.8105598754475,56.51771772296713,94.30255673290254,19.294750629350823
175,7,252.08940800220074,208.8105598754475,74.82929133892648,112.16879279915109,18.05843924091425
175,8,252.08940800220074,208.8105598754475,38.10710999001703,220.43918805986226,12.216825914360978
175,9,252.08940800220074,208.8105598754475,12.518161487130222,209.5699423471662,11.57337468926296
175,10,252.08940800220074,208.8105598754475,42.461231988573765,258.7897405213221,12.87770993270864
175,11,252.08940800220074,208.8105598754475,80.11020860724767,279.862415015588,15.34144994938334
176,0,193.08529885927857,418.20048009446907,49.619916216592586,205.45393554238416,20.155757755996856
176,1,193.08529885927857,418.20048009446907,57.36440993646493,271.44103017503096,23.441585280902657
176,2,193.08529885927857,418.20048009446907,113.27280627310628,307.5611925473662,26.059689373066767
176,3,193.08529885927857,418.20048009446907,43.926860336634114,155.8453497870904,28.61185796706979
176,4,193.08529885927857,418.20048009446907,55.79990448931603,89.62010202639937,29.357566964923738
176,5,193.08529885927857,418.20048009446907,18.50243796477642,93.88091882995467,24.941943745091326
176,6,193.08529885927857,418.20048009446907,48.34585821873566,99.9223109321525,20.605259264898876
176,7,193.08529885927857,418.20048009446907,59.36759738095723,148.61778361861445,15.980750839647788
176,8,193.08529885927857,418.20048009446907,47.4898874703088,198.4592346251114,14.67630268812762
176,9,193.08529885927857,418.20048009446907,32.344815919412895,245.44929393646902,11.571046572534517
176,10,193.08529885927857,418.20048009446907,48.047692130507116,335.91056834012545,11.872835792642658
176,11,193.08529885927857,418.20048009446907,42.03398417710698,273.4704194647665,16.647395326245878
177,0,249.3893561819387,353.34996427914,55.64780904924884,322.1089068237866,19.54202474061321
177,1,249.3893561819387,353.34996427914,59.61988769850485,281.3468115801899,23.895866345122563
177,2,249.3893561819387,353.34996427914,52.24044623374577,237.10591520887638,26.53057486035765
177,3,249.3893561819387,353.34996427914,56.42916318803283,135.89743335788944,29.178327269002292
177,4,249.3893561819387,353.34996427914,67.65670697750136,109.80959561970127,26.11010170861603
177,5,249.3893561819387,353.34996427914,73.4237466164799,79.19189053229287,23.272247940902997
177,6,249.3893561819387,353.34996427914,51.22766369662472,106.78282123571915,20.841457908803186
177,7,249.3893561819387,353.34996427914,51.53500409077557,111.13613200741976,14.81778235473947
177,8,249.3893561819387,353.34996427914,64.66589032302223,209.79918021843895,12.797291212800086
177,9,249.3893561819387,353.34996427914,80.79929272179278,229.15104878486602,12.073935026463904
177,10,249.3893561819387,353.34996427914,50.37510869100759,318.04169804641697,13.443042745728443
177,11,249.3893561819387,353.34996427914,54.93674992411609,238.81733256057436,15.147315809460618
178,0,199.3257742194546,421.92214909072146,71.00673134506752,245.23609097915622,21.510099099249036
178,1,199.3257742194546,421.92214909072146,44.61257387571045,330.90565928265283,24.371419987214235
178,2,199.3257742194546,421.92214909072146,72.71123984744355,275.59471503424237,26.733026451729256
178,3,199.3257742194546,421.92214909072146,83.86306760146263,159.71747073963803,28.217385784876253
178,4,199.3257742194546,421.92214909072146,53.81596978817609,118.85731072218641,26.772244417734804
178,5,199.3257742194546,421.92214909072146,89.81449691813643,106.3075830509107,24.860409372044007
178,6,199.3257742194546,421.92214909072146,51.79394585808447,96.09378408815236,21.316881000450735
178,7,199.3257742194546,421.92214909072146,38.723165476553824,130.13132790427892,15.423091208560272
178,8,199.3257742194546,421.92214909072146,85.54124711939441,209.70266200046143,13.759501337502334
178,9,199.3257742194546,421.92214909072146,58.508907180586746,240.40035626175754,10.863311319245986
178,10,199.3257742194546,421.92214909072146,36.3586761155373,363.1031860364483,13.592796352633943
178,11,199.3257742194546,421.92214909072146,65.74453957680532,216.4544087442092,14.976758003365253
179,0,320.6401014337669,429.2533683371378,81.24094791082811,200.92211167635656,21.160677075497617
179,1,320.6401014337669,429.2533683371378,87.4928699209846,280.7838120632269,24.34875961102167
179,2,320.6401014337669,429.2533683371378,48.91527939663061,215.7677688829713,28.12394172915104
179,3,320.6401014337669,429.2533683371378,99.51415843894961,197.37965780683564,28.237154776081653
179,4,320.6401014337669,429.2533683371378,70.43537011760252,78.24744809963295,27.648744745784857
179,5,320.6401014337669,429.2533683371378,93.96360497615996,87.18874666901479,23.879071171936385
179,6,320.6401014337669,429.2533683371378,40.8782826779286,106.99392959857215,20.779697966343644
179,7,320.6401014337669,429.2533683371378,53.21104870145934,141.7400705659186,15.157152174944134
179,8,320.6401014337669,429.2533683371378,58.43883888541601,117.26887532210637,12.580587539814747
179,9,320.6401014337669,429.2533683371378,32.666654444698786,235.48421597126173,11.803778824961194
179,10,320.6401014337669,429.2533683371378,42.421419646292534,370.25723488420385,13.801880130980809
179,11,320.6401014337669,429.2533683371378,77.70258206612087,232.20588940900998,17.391046904637562
180,0,389.4069717252293,331.43174402154733,43.02068437397946,268.6775083363064,21.07366774128473
180,1,389.4069717252293,331.43174402154733,42.98672484219013,320.0261370550864,24.51815796496987
180,2,389.4069717252293,331.43174402154733,37.38107213828927,222.74761577214758,27.157839017845696
180,3,389.4069717252293,331.43174402154733,63.31798435374752,179.41525805628493,27.942933045737803
180,4,389.4069717252293,331.43174402154733,43.34004069051872,99.41696441733573,27.75742240531468
180,5,389.4069717252293,331.43174402154733,63.97129738118589,96.23949741574522,23.39224834212883
180,6,389.4069717252293,331.43174402154733,55.13638255260128,108.36139880459099,20.092551785486503
180,7,389.4069717252293,331.43174402154733,71.05448816716735,138.56158907330877,15.958270445153675
180,8,389.4069717252293,331.43174402154733,54.87310147101586,227.54500486695596,12.683079082276958
180,9,389.4069717252293,331.43174402154733,24.544329280724078,261.22053107171087,11.580028438124542
180,10,389.4069717252293,331.43174402154733,74.68068564185727,199.9536595891966,15.555908390146197
180,11,389.4069717252293,331.43174402154733,42.31916114590555,272.95362043044105,17.323158488385175
181,0,229.20170142364978,302.32328453547575,57.21402373652949,237.6284745785534,18.175669053263334
181,1,229.20170142364978,302.32328453547575,45.22101322250282,227.47103579773696,22.844373546441478
181,2,229.20170142364978,302.32328453547575,32.86665386082529,266.8541796307952,27.427703259428412
181,3,229.20170142364978,302.32328453547575,82.95765070467169,162.0837036883939,27.523110704075854
181,4,229.20170142364978,302.32328453547575,78.84374192756366,115.2807822871321,26.77710874258224
181,5,229.20170142364978,302.32328453547575,59.88973022491045,85.17077360432435,23.097874578697752
181,6,229.20170142364978,302.32328453547575,61.26026522379101,106.16670768912024,21.609522872644106
181,7,229.20170142364978,302.32328453547575,82.84233306711667,94.3484421627382,16.693371982798737
181,8,229.20170142364978,302.32328453547575,81.01171762341707,228.64327083189613,13.56831980765825
181,9,229.20170142364978,302.32328453547575,61.91296210041731,202.6052345296434,11.519641254235191
181,10,229.20170142364978,302.32328453547575,62.34172661972655,257.7721298507286,13.821781276587133
181,11,229.20170142364978,302.32328453547575,54.86668565514566,365.48011291320273,16.706731475873394
182,0,160.91422074719097,350.58957109994356,41.632582362532325,301.06148189306657,19.463892798609454
182,1,160.91422074719097,350.58957109994356,53.824756786569715,246.47814308280508,23.670560940437717
182,2,160.91422074719097,350.58957109994356,81.53191965399054,267.98883538866284,28.2890061683847
182,3,160.91422074719097,350.58957109994356,24.11966125803142,192.30692390874313,29.225113629798503
182,4,160.91422074719097,350.58957109994356,64.5724229030684,100.63573761416593,26.339844819823426
182,5,160.91422074719097,350.58957109994356,70.23927785392488,98.73794927951677,24.408599191947786
182,6,160.91422074719097,350.58957109994356,33.761224774215954,101.26052914078262,19.62975232374844
182,7,160.91422074719097,350.58957109994356,54.33046804152435,135.67539130592147,17.373966843407096
182,8,160.91422074719097,350.58957109994356,57.964313455373336,181.6742924999918,13.34618916001733
182,9,160.91422074719097,350.58957109994356,72.07244568957938,202.48169290616295,11.414819792105238
182,10,160.91422074719097,350.58957109994356,66.48189984576977,296.1559621025707,12.877285766046453
182,11,160.91422074719097,350.58957109994356,55.522309675711824,307.8694514645543,17.957354591110775
183,0,101.3032915753736,201.54012319991907,36.511392472896816,259.07121345599114,20.155038632460496
183,1,101.3032915753736,201.54012319991907,42.945235266418806,313.8813207797275,25.448288431256355
183,2,101.3032915753736,201.54012319991907,86.28239747522343,368.78266144815046,27.955296484660863
183,3,101.3032915753736,201.54012319991907,77.70359141206691,154.44037857549662,27.836278771877865
183,4,101.3032915753736,201.54012319991907,51.27825679001379,69.85948986967446,26.998602597620394
183,5,101.3032915753736,201.54012319991907,41.30728797672787,101.9180253744579,23.02586395335547
183,6,101.3032915753736,201.54012319991907,60.953238133957576,107.89547478420316,19.195532217749186
183,7,101.3032915753736,201.54012319991907,77.09473315186685,139.2301543155098,16.719103660863045
183,8,101.3032915753736,201.54012319991907,44.54959392485323,215.4934281748758,14.036796000506941
183,9,101.3032915753736,201.54012319991907,67.50283498231458,240.59561167928683,12.441288524094483
183,10,101.3032915753736,201.54012319991907,38.963236865232105,340.38853997531925,12.036350217083733
183,11,101.3032915753736,201.54012319991907,75.58296343270537,245.3338146692451,17.548260571648854
184,0,281.21821566424444,278.1262631278874,23.9302447438031,293.14279184937686,19.142424716052854
184,1,281.21821566424444,278.1262631278874,45.86634894980077,257.96348519970775,21.156467914812918
184,2,281.21821566424444,278.1262631278874,41.742171078801825,265.6142417365554,27.39369511858533
184,3,281.21821566424444,278.1262631278874,54.92255195781202,180.1118800314538,28.743214393975247
184,4,281.21821566424444,278.1262631278874,48.65009248606368,96.95244825175175,25.814333054085814
184,5,281.21821566424444,278.1262631278874,38.30437225656243,90.18050303092231,24.06611733754274
184,6,281.21821566424444,278.1262631278874,70.8238782590289,121.72516421768319,19.416732984370707
184,7,281.21821566424444,278.1262631278874,57.466184079305506,100.04834235333735,16.12312885366963
184,8,281.21821566424444,278.1262631278874,64.29110817511798,257.9090749189192,12.541380360704883
184,9,281.21821566424444,278.1262631278874,48.1234092092927,296.3018662717511,12.571274717816948
184,10,281.21821566424444,278.1262631278874,35.90253452627657,309.12027550573106,14.051722805335645
184,11,281.21821566424444,278.1262631278874,20.355538200431027,299.66888637494003,15.280992104393242
185,0,375.21627315227244,301.8682775217382,43.0516683862321,270.1161224827344,21.130158135447044
185,1,375.21627315227244,301.8682775217382,55.227454731825425,225.19713002130638,23.686363787110327
185,2,375.21627315227244,301.8682775217382,65.64422824055117,307.2269007136668,26.501709928498123
185,3,375.21627315227244,301.8682775217382,39.637709519618575,247.42328784475797,29.165833046699145
185,4,375.21627315227244,301.8682775217382,74.71166346737913,96.9861657547366,28.281024874897362
185,5,375.21627315227244,301.8682775217382,30.196635512829374,80.31688992443279,23.65752784352015
185,6,375.21627315227244,301.8682775217382,50.72974110622083,97.67145640269386,17.328007657050712
185,7,375.21627315227244,301.8682775217382,88.89937233485607,91.58273128659472,16.806037531953603
185,8,375.21627315227244,301.8682775217382,74.538179238715,169.94417673702338,12.783881393467949
185,9,375.21627315227244,301.8682775217382,97.94951710547386,260.11663244052727,12.549505099239347
185,10,375.21627315227244,301.8682775217382,65.92435781917703,356.68637358163653,13.018557771889379
185,11,375.21627315227244,301.8682775217382,63.02763972201927,192.61670467174307,17.38037833612634
186,0,135.97927194533858,364.4941118759158,94.00716104586523,267.7761452129416,20.31036163718487
186,1,135.97927194533858,364.4941118759158,42.676766174126826,369.78587140849453,24.50166579286321
186,2,135.97927194533858,364.4941118759158,56.06495931148362,257.39162993119066,28.085120805929574
186,3,135.97927194533858,364.4941118759158,41.468847328002134,219.71975192462511,29.547350242824546
186,4,135.97927194533858,364.4941118759158,71.52062685029684,96.2658856837349,25.76908585351785
186,5,135.97927194533858,364.4941118759158,67.30369137287735,81.76307620954519,25.37065135480425
186,6,135.97927194533858,364.4941118759158,36.020227153833005,88.606553021675,17.788584395038292
186,7,135.97927194533858,364.4941118759158,78.65394712760522,118.10537043472006,15.503212096338721
186,8,135.97927194533858,364.4941118759158,68.95770539491534,220.4724320789956,11.972622364477186
186,9,135.97927194533858,364.4941118759158,67.69542987158339,270.03953915612135,12.089416145617276
186,10,135.97927194533858,364.4941118759158,59.35890433211471,302.03546105487,15.093421187738986
186,11,135.97927194533858,364.4941118759158,92.09615723537844,195.78139902818728,18.11955644843181
187,0,144.55894383723506,166.84625050045634,48.712835764760925,308.3302826357299,18.700346895550478
187,1,144.55894383723506,166.84625050045634,63.293007105456,282.18741793820493,23.700591777791118
187,2,144.55894383723506,166.84625050045634,69.46388876772326,266.00499207134345,25.29911554668427
187,3,144.55894383723506,166.84625050045634,58.01299569606402,180.63287625969775,26.63075161330979
187,4,144.55894383723506,166.84625050045634,43.95782571780035,87.43138692334705,26.971520346284738
187,5,144.55894383723506,166.84625050045634,40.13021857008704,115.0245915645775,24.566356909394017
187,6,144.55894383723506,166.84625050045634,61.73288936568251,80.28676979895715,21.1046096984771
187,7,144.55894383723506,166.84625050045634,20.914384091104807,81.22864499708656,15.539862221300105
187,8,144.55894383723506,166.84625050045634,85.57956280615444,177.96357156075356,14.186322886864973
187,9,144.55894383723506,166.84625050045634,58.95658488281531,251.120785946777,11.607271138458344
187,10,144.55894383723506,166.84625050045634,68.06604036748047,311.36938048028264,13.163357066858401
187,11,144.55894383723506,166.84625050045634,66.93234899673463,292.41893658462186,14.90958369384758
188,0,409.70340606458353,158.48987931313272,64.95883588210683,267.32633566285176,18.416018462003983
188,1,409.70340606458353,158.48987931313272,62.19274769904749,301.1319892826439,22.800190792106616
188,2,409.70340606458353,158.48987931313272,41.161671478135055,271.1536618830586,26.85587525158474
188,3,409.70340606458353,158.48987931313272,44.737203888248516,164.139052837214,29.137741456440803
188,4,409.70340606458353,158.48987931313272,23.86623744988291,89.7723479519399,27.578719679227337
188,5,409.70340606458353,158.48987931313272,99.161438870306,68.39938034156431,23.521073013539382
188,6,409.70340606458353,158.48987931313272,79.03277137934148,82.06530059383645,18.44347533353572
188,7,409.70340606458353,158.48987931313272,85.14569263010873,122.27918463764264,16.42585612144923
188,8,409.70340606458353,158.48987931313272,58.894002924065354,148.39110744895788,12.163148902308034
188,9,409.70340606458353,158.48987931313272,91.3770630458332,232.63621968433378,10.538298061917418
188,10,409.70340606458353,158.48987931313272,80.96996483999064,340.44674222575975,13.59934086463054
188,11,409.70340606458353,158.48987931313272,65.46767990902003,228.88257799569692,15.738762630736723
189,0,203.9654728015626,396.5070122630601,57.754045486634354,283.85057121707564,21.23635987387589
189,1,203.9654728015626,396.5070122630601,85.85931626018538,310.5416420026966,24.302918792637254
189,2,203.9654728015626,396.5070122630601,66.92744650196526,282.4580764958985,26.05264253393584
189,3,203.9654728015626,396.5070122630601,27.449391988421496,203.6176305613429,26.990414252895434
189,4,203.9654728015626,396.5070122630601,68.87503345811768,114.64447743463792,27.861531849473163
189,5,203.9654728015626,396.5070122630601,30.223116291722505,98.38673937924675,23.731616396763318
189,6,203.9654728015626,396.5070122630601,118.29372732193714,106.5189501154353,18.514470960681784
189,7,203.9654728015626,396.5070122630601,69.33982082030086,121.73383472537344,17.73806679270639
189,8,203.9654728015626,396.5070122630601,52.7659753279404,228.39556546161305,13.862465767402131
189,9,203.9654728015626,396.5070122630601,74.3270625177463,254.06274395810385,11.121462767760466
189,10,203.9654728015626,396.5070122630601,82.21522306139367,327.0632014666017,11.394773434655008
189,11,203.9654728015626,396.5070122630601,47.03245514112901,266.35140198449346,13.515195042563096
190,0,265.7662702698092,348.68444777889766,80.80007219517348,250.50548542233918,19.763796578182824
190,1,265.7662702698092,348.68444777889766,57.59605065055015,306.9665621316707,24.15018843496304
190,2,265.7662702698092,348.68444777889766,55.692802727709235,278.24699314815933,28.370587534526123
190,3,265.7662702698092,348.68444777889766,84.61728178018541,156.4185611940666,29.38335996535742
190,4,265.7662702698092,348.68444777889766,67.90875863599838,92.55901295896446,24.0818771541116
190,5,265.7662702698092,348.68444777889766,59.01524794490494,76.92063064211925,23.003481092417616
190,6,265.7662702698092,348.68444777889766,52.504821500716155,80.94629556062225,21.582512269097776
190,7,265.7662702698092,348.68444777889766,72.84528205383192,130.8846848284716,16.82332079076641
190,8,265.7662702698092,348.68444777889766,74.12687370809455,199.44337823060866,13.078277928114828
190,9,265.7662702698092,348.68444777889766,72.8718690447595,303.8092937820757,12.01292009131082
190,10,265.7662702698092,348.68444777889766,44.726505771501905,272.7606698099334,14.001346008939391
190,11,265.7662702698092,348.68444777889766,66.99076346521805,229.29262907653418,17.30471842265124
191,0,147.87283685875252,268.15392498309785,46.98929369532742,316.50858766831595,19.48185909416587
191,1,147.87283685875252,268.15392498309785,51.22266997871405,314.25042581913624,24.889159980817304
191,2,147.87283685875252,268.15392498309785,63.45992734608666,328.67464591150906,25.54333441043263
191,3,147.87283685875252,268.15392498309785,54.14200611911424,197.98415971733954,29.028058907351564
191,4,147.87283685875252,268.15392498309785,73.59552154330716,117.95588028511337,27.773168817235593
191,5,147.87283685875252,268.15392498309785,68.66692489562521,92.14200833207461,24.79168304282962
191,6,147.87283685875252,268.15392498309785,75.26237001161479,105.7848740885327,20.79240521842599
191,7,147.87283685875252,268.15392498309785,57.82609415484412,166.67453715976654,17.100704842849957
191,8,147.87283685875252,268.15392498309785,90.62533282278285,160.72759345925576,12.333499618756122
191,9,147.87283685875252,268.15392498309785,26.416132922855383,228.49989982620966,12.26630030841357
191,10,147.87283685875252,268.15392498309785,60.5871030837741,327.94498226917824,13.730389303500969
191,11,147.87283685875252,268.15392498309785,90.23155282633309,193.60422362611007,16.210624724620672
192,0,296.6411695879472,260.5933068216399,57.38578279004035,279.82502657119903,19.010769090264972
192,1,296.6411695879472,260.5933068216399,72.63383997281265,204.07608901076168,22.831989410089108
192,2,296.6411695879472,260.5933068216399,78.45415954587494,205.49651697279555,27.17123221686539
192,3,296.6411695879472,260.5933068216399,46.5538565599951,168.69278329955046,26.857790056251094
192,4,296.6411695879472,260.5933068216399,69.72065573783354,100.22545091456281,25.854040278417386
192,5,296.6411695879472,260.5933068216399,79.80038635093308,88.5132979643697,24.426769672358542
192,6,296.6411695879472,260.5933068216399,81.21617076352521,91.30241827177805,21.185497259740554
192,7,296.6411695879472,260.5933068216399,81.23681541796304,108.58595008501435,15.362339549255111
192,8,296.6411695879472,260.5933068216399,9.546836757976287,192.09214605505204,13.678355859729477
192,9,296.6411695879472,260.5933068216399,80.8913803149772,298.4570457621153,12.730660638943172
192,10,296.6411695879472,260.5933068216399,50.58238302911136,312.4484099339152,12.709685233504164
192,11,296.6411695879472,260.5933068216399,78.9374811083076,280.05490305130826,15.582954679318789
193,0,293.532775198882,300.34542948941595,89.77597752578357,343.304124148052,20.44697795522401
193,1,293.532775198882,300.34542948941595,55.196882724965214,313.26888971269636,23.946651130446572
193,2,293.532775198882,300.34542948941595,71.49692708882375,246.80367621117497,26.616713864658447
193,3,293.532775198882,300.34542948941595,29.03484718929308,196.36954103255005,29.63820666791028
193,4,293.532775198882,300.34542948941595,42.71712362796266,83.88581143772717,28.237374820460918
193,5,293.532775198882,300.34542948941595,67.08274968823977,78.63883583430301,25.164717983610213
193,6,293.532775198882,300.34542948941595,69.85644570129759,115.21717452268354,20.403267118661432
193,7,293.532775198882,300.34542948941595,63.63806584438719,121.0707126947317,15.839157289646982
193,8,293.532775198882,300.34542948941595,57.0819100896141,198.65041443289778,13.292575060872249
193,9,293.532775198882,300.34542948941595,25.914738692610243,239.01199437391656,13.543868068045706
193,10,293.532775198882,300.34542948941595,87.24419477252692,238.27671600324956,13.83127723206912
193,11,293.532775198882,300.34542948941595,38.85731028201808,241.20273034995077,16.15426115607066
194,0,125.75379782964927,173.92390507649395,56.10329315819138,294.8925049836508,18.98735659064381
194,1,125.75379782964927,173.92390507649395,58.5420778542488,364.2633444550397,23.635637045208895
194,2,125.75379782964927,173.92390507649395,47.36506398066901,294.4156966913927,25.24482893012098
194,3,125.75379782964927,173.92390507649395,25.103386434315347,134.32035058564915,27.26384267967948
194,4,125.75379782964927,173.92390507649395,66.4812679494455,88.09341634669812,26.84001139640624
194,5,125.75379782964927,173.92390507649395,56.1921070464558,106.85076203646616,23.220270557837285
194,6,125.75379782964927,173.92390507649395,87.38136367044669,101.30895077906199,21.493195089559197
194,7,125.75379782964927,173.92390507649395,61.31449688002529,142.82300584067374,16.111547865385553
194,8,125.75379782964927,173.92390507649395,45.15657614643052,142.86605902175103,13.202343685282722
194,9,125.75379782964927,173.92390507649395,47.757880734565944,219.9849773942996,11.178883165151241
194,10,125.75379782964927,173.92390507649395,58.43388357846756,316.9277963407731,13.10248197273698
194,11,125.75379782964927,173.92390507649395,43.61383558755891,268.9782147241025,15.803977221135533
195,0,353.71682505926157,235.47890437250226,31.51306260160886,312.080428029667,19.649822536566827
195,1,353.71682505926157,235.47890437250226,72.14378198866979,279.7896251025037,22.86190494057153
195,2,353.71682505926157,235.47890437250226,65.41728962861228,231.99920475345218,28.243783979517136
195,3,353.71682505926157,235.47890437250226,59.186043442285545,187.77989088892394,25.466415935229513
195,4,353.71682505926157,235.47890437250226,77.7120298765362,118.09805783224047,26.796642306991743
195,5,353.71682505926157,235.47890437250226,58.4660610389248,91.38385382458453,23.80457061768718
195,6,353.71682505926157,235.47890437250226,75.33039840081334,119.12327485043232,19.696957786186527
195,7,353.71682505926157,235.47890437250226,54.622382245972624,136.66383312074197,15.697747130373664
195,8,353.71682505926157,235.47890437250226,92.82291158113901,210.56034761780356,10.833478869593947
195,9,353.71682505926157,235.47890437250226,44.320618620669954,266.00982450645716,13.021982724978539
195,10,353.71682505926157,235.47890437250226,74.14504105192677,313.4557163809703,13.16900544351824
195,11,353.71682505926157,235.47890437250226,62.56035921290423,330.0385074022663,17.91644944218437
196,0,256.72905189839685,380.0990738092131,45.65293619671622,280.09186518796776,21.57271383058378
196,1,256.72905189839685,380.0990738092131,54.02544819522081,260.42837115294986,23.42874755059835
196,2,256.72905189839685,380.0990738092131,76.95800631292119,203.2845692596253,25.696433883149986
196,3,256.72905189839685,380.0990738092131,55.56084300911229,198.26806077750223,27.869504203658167
196,4,256.72905189839685,380.0990738092131,46.220785800716115,116.46245975250724,26.986989273453034
196,5,256.72905189839685,380.0990738092131,71.89243075496056,105.37432598647582,23.711747670384174
196,6,256.72905189839685,380.0990738092131,88.45397965341851,135.28264524418526,21.029320927236608
196,7,256.72905189839685,380.0990738092131,72.54711968267702,113.74719775605502,15.699486276622535
196,8,256.72905189839685,380.0990738092131,66.52657373908669,152.51470887521984,13.504137506823172
196,9,256.72905189839685,380.0990738092131,62.0953206437861,289.50405338901425,11.904364686891345
196,10,256.72905189839685,380.0990738092131,66.1591430723167,221.2666265351196,12.601471262582724
196,11,256.72905189839685,380.0990738092131,66.45999783370141,256.81168385500405,15.191520750251273
197,0,159.97666829123435,380.95145098014586,84.13241280487739,248.71034568608417,20.810262490654424
197,1,159.97666829123435,380.95145098014586,74.33903043036322,205.43464723404387,22.75639401458744
197,2,159.97666829123435,380.95145098014586,61.057887180767324,204.95903521511653,26.71695828511628
197,3,159.97666829123435,380.95145098014586,78.02932572850266,169.3932365282949,28.026595665247257
197,4,159.97666829123435,380.95145098014586,36.67679105908188,85.98455385065195,27.681935027045004
197,5,159.97666829123435,380.95145098014586,42.62916190223203,73.0608285383719,23.11723077734825
197,6,159.97666829123435,380.95145098014586,46.44328336224887,105.12876366385007,20.381589330598
197,7,159.97666829123435,380.95145098014586,54.113713162741334,132.34903647288698,17.133828864680194
197,8,159.97666829123435,380.95145098014586,99.5211729856946,210.25412052066076,12.083328040465151
197,9,159.97666829123435,380.95145098014586,49.9868409443217,234.87302943175115,11.875051470610979
197,10,159.97666829123435,380.95145098014586,102.53705980112824,406.62939595865697,12.46665477937861
197,11,159.97666829123435,380.95145098014586,44.80404719763589,216.71446379743315,16.731918012875568
198,0,99.78980131806695,431.0309191435467,41.50919499644448,227.22977682768752,20.08051339490437
198,1,99.78980131806695,431.0309191435467,81.52167767019536,338.75707648796106,25.15573579095832
198,2,99.78980131806695,431.0309191435467,72.86186072437116,209.0007369844171,27.295679134782116
198,3,99.78980131806695,431.0309191435467,50.05892826458161,207.49518551836917,28.840104502351718
198,4,99.78980131806695,431.0309191435467,62.129300233205385,108.73940550319467,26.365134806294197
198,5,99.78980131806695,431.0309191435467,33.29190320498576,75.23156906333242,24.99316280795124
198,6,99.78980131806695,431.0309191435467,76.35073630330376,102.63406501815817,20.07788140780511
198,7,99.78980131806695,431.0309191435467,68.09111694614865,98.70847634024662,15.667508054351147
198,8,99.78980131806695,431.0309191435467,86.57226828048347,241.95104141132043,13.584120208948411
198,9,99.78980131806695,431.0309191435467,59.439565261174195,213.34593832607106,13.049033645492807
198,10,99.78980131806695,431.0309191435467,53.498442339219174,305.94740932493295,12.460328680087258
198,11,99.78980131806695,431.0309191435467,38.22678045190186,203.1348767881382,14.644262193811363
199,0,180.98515482559856,339.03616233048075,41.34177198032042,231.47763555335578,20.40606649087884
199,1,180.98515482559856,339.03616233048075,53.44875896667701,276.8387071791562,24.536432973498297
199,2,180.98515482559856,339.03616233048075,57.2652042798615,255.24092269467084,25.822161730824455
199,3,180.98515482559856,339.03616233048075,64.32843930485483,190.37976224482364,28.33567165134955
199,4,180.98515482559856,339.03616233048075,46.09330513253295,118.44228176775813,25.820900289638708
199,5,180.98515482559856,339.03616233048075,30.36789970736193,92.32337856096447,23.181291772218014
199,6,180.98515482559856,339.03616233048075,80.19215105467705,108.7045984776207,19.125449252847055
199,7,180.98515482559856,339.03616233048075,57.71899258419703,123.71599845480613,16.432030893201542
199,8,180.98515482559856,339.03616233048075,65.3016768105046,199.34420585808925,12.62579193192722
199,9,180.98515482559856,339.03616233048075,81.94831107853973,309.0060523911597,14.092480726650889
199,10,180.98515482559856,339.03616233048075,78.02958657989944,316.84617626683604,14.325491812428941
199,11,180.98515482559856,339.03616233048075,17.98638245500588,295.45113545476835,16.05477271446839
200,0,351.58005771535727,397.7812137084627,35.26145837969118,284.31991133147966,20.762873426171375
200,1,351.58005771535727,397.7812137084627,40.99574439847924,319.03783935756377,21.89904671019067
200,2,351.58005771535727,397.7812137084627,60.430744341647106,294.2900301547921,27.0502104787534
200,3,351.58005771535727,397.7812137084627,61.70757548250481,186.61792880612282,28.064188843948678
200,4,351.58005771535727,397.7812137084627,94.43045610590289,102.56290522561117,27.77340232643009
200,5,351.58005771535727,397.7812137084627,85.61847261545313,89.15054388597886,23.44998857583393
200,6,351.58005771535727,397.7812137084627,84.83411376873121,87.97811546007937,20.948729131571632
200,7,351.58005771535727,397.7812137084627,79.22833117812277,127.91440449947811,14.142398362413758
200,8,351.58005771535727,397.7812137084627,27.034121848244794,245.44973860605998,13.58651874076291
200,9,351.58005771535727,397.7812137084627,76.49431595577636,243.39413465142331,12.202471784399577
200,10,351.58005771535727,397.7812137084627,59.4451351725474,381.4765604602933,12.761642972170458
200,11,351.58005771535727,397.7812137084627,82.79544229888263,269.0897350701459,16.750985193903745
201,0,317.96428838963163,186.5667204625866,75.00314396700145,198.10091009863604,18.860603919439004
201,1,317.96428838963163,186.5667204625866,33.09332309868563,194.17560872801002,25.74875720288861
201,2,317.96428838963163,186.5667204625866,78.28199200443747,294.2789834699582,26.455335532954365
201,3,317.96428838963163,186.5667204625866,56.07915223893435,193.57010447416184,28.39164540307528
201,4,317.96428838963163,186.5667204625866,62.7876523324328,87.32580286716166,26.127629671862383
201,5,317.96428838963163,186.5667204625866,63.454766136125535,103.74125746607405,24.23669932493848
201,6,317.96428838963163,186.5667204625866,62.39748717764971,91.0380219997593,20.168587651498548
201,7,317.96428838963163,186.5667204625866,74.65165071975777,104.46597207853115,16.784107865266527
201,8,317.96428838963163,186.5667204625866,74.32492172434232,208.30351873641598,12.996015933685367
201,9,317.96428838963163,186.5667204625866,70.58046761220209,326.0919142358426,13.49483185860864
201,10,317.96428838963163,186.5667204625866,40.099845676574425,270.37543301936165,12.258051000964404
201,11,317.96428838963163,186.5667204625866,74.22904152461044,261.15692526610945,14.98805522893107
202,0,252.66042609062245,189.2184637194478,64.54557860120883,205.40207732609844,21.053251395968587
202,1,252.66042609062245,189.2184637194478,60.896441456480176,258.27050504807755,24.588395467421783
202,2,252.66042609062245,189.2184637194478,68.41527761447632,304.90812401379173,28.381465590029304
202,3,252.66042609062245,189.2184637194478,30.663456640970566,194.6345564987714,28.96487549378331
202,4,252.66042609062245,189.2184637194478,51.74657457824661,75.05026299167959,25.670746326993644
202,5,252.66042609062245,189.2184637194478,75.93042614858261,65.98851132894985,23.68802969542288
202,6,252.66042609062245,189.2184637194478,88.32499283858505,99.94048848325727,20.94423387136015
202,7,252.66042609062245,189.2184637194478,44.68588504612992,115.67423614552087,17.00606490261931
202,8,252.66042609062245,189.2184637194478,73.84629993938,223.76852156141763,12.234996303016121
202,9,252.66042609062245,189.2184637194478,68.00838929023563,271.64673094840475,13.271987728357805
202,10,252.66042609062245,189.2184637194478,53.47782978352433,315.97476505528795,11.458236248508095
202,11,252.66042609062245,189.2184637194478,73.98517186430983,196.55548630731803,15.048277249995525
203,0,320.6187580675308,66.51925588162541,42.54425635971271,163.68301663665432,19.270926631982682
203,1,320.6187580675308,66.51925588162541,56.048543861407786,314.9863115565953,23.378594687545828
203,2,320.6187580675308,66.51925588162541,56.84310655110431,241.38373855029263,26.34788767231278
203,3,320.6187580675308,66.51925588162541,31.840253717673765,149.6649203454931,27.87976079989271
203,4,320.6187580675308,66.51925588162541,70.47303055005113,115.94002254990863,25.555692274204898
203,5,320.6187580675308,66.51925588162541,31.024779516427216,68.25826326427482,23.726320099655496
203,6,320.6187580675308,66.51925588162541,54.89141631369996,64.30506727424073,20.15421454309548
203,7,320.6187580675308,66.51925588162541,21.59816059728349,120.3199798150237,16.721785784175545
203,8,320.6187580675308,66.51925588162541,57.718060050193415,207.20013309973564,14.157785429595346
203,9,320.6187580675308,66.51925588162541,56.25417898796298,246.60853512087309,11.772737499879701
203,10,320.6187580675308,66.51925588162541,68.10869428883376,236.3082566434103,11.06554252745496
203,11,320.6187580675308,66.51925588162541,63.808521599823464,287.6809208740822,16.492972327084743
204,0,86.50460513514435,184.78072074720302,67.46862800661916,224.36792036107616,21.211795717134056
204,1,86.50460513514435,184.78072074720302,65.81096526193895,218.482451123446,24.36402261985144
204,2,86.50460513514435,184.78072074720302,96.90835135652259,254.02873274200465,26.64222222687249
204,3,86.50460513514435,184.78072074720302,22.485554675166973,198.7913818423342,28.81109225977036
204,4,86.50460513514435,184.78072074720302,69.0622876401492,80.33613535524432,28.128101093642314
204,5,86.50460513514435,184.78072074720302,79.063717695108,62.11295697990152,23.576140786527418
204,6,86.50460513514435,184.78072074720302,70.32176619314859,96.10494109612826,19.46176247036715
204,7,86.50460513514435,184.78072074720302,93.77438132562179,169.31883415076473,15.544514875075707
204,8,86.50460513514435,184.78072074720302,78.6444859333237,143.76430240482563,13.08246093576664
204,9,86.50460513514435,184.78072074720302,73.41511052685648,255.35440203312982,11.977414468943895
204,10,86.50460513514435,184.78072074720302,80.80155573923386,335.1339905912745,13.602154145508715
204,11,86.50460513514435,184.78072074720302,40.888296825654365,298.91325514734257,16.400826266455468
205,0,182.4391962144927,150.25305167198005,39.87149075436729,208.45593498592208,20.216018233783288
205,1,182.4391962144927,150.25305167198005,85.81654475662688,257.2206239796349,24.949072548807255
205,2,182.4391962144927,150.25305167198005,58.80790837030765,307.53474862572494,26.329160233520454
205,3,182.4391962144927,150.25305167198005,15.297133922934556,203.15554930822262,26.598381395190707
205,4,182.4391962144927,150.25305167198005,66.28538624430165,104.2778724549765,25.437919172299516
205,5,182.4391962144927,150.25305167198005,85.99580895217169,77.38777623975962,24.60492516534158
205,6,182.4391962144927,150.25305167198005,75.38125523413419,95.6725812081534,18.873989484879207
205,7,182.4391962144927,150.25305167198005,33.447384489008485,111.85468433961285,16.210730799065153
205,8,182.4391962144927,150.25305167198005,66.09199502422153,211.39857279139792,13.946623099531076
205,9,182.4391962144927,150.25305167198005,98.45901195723584,257.54158913455717,11.819094964572706
205,10,182.4391962144927,150.25305167198005,95.15912665811732,379.1027712134267,12.023918006133538
205,11,182.4391962144927,150.25305167198005,73.43551235214572,198.88513569185068,16.315096540191238
206,0,166.2840132631488,350.53766926399726,59.477796038588295,247.79751520528995,20.327343336915675
206,1,166.2840132631488,350.53766926399726,54.9675335278353,235.83713599632026,22.585927797922373
206,2,166.2840132631488,350.53766926399726,56.626937319904656,325.7027840619646,28.082358132610363
206,3,166.2840132631488,350.53766926399726,47.91798517511537,200.85486321925777,25.910404072589234
206,4,166.2840132631488,350.53766926399726,70.38585719101273,86.92041991853597,25.159868344647094
206,5,166.2840132631488,350.53766926399726,52.385671739518465,98.49560922659214,23.49739969583754
206,6,166.2840132631488,350.53766926399726,72.19975187248556,114.73010256379472,19.857749446951075
206,7,166.2840132631488,350.53766926399726,32.99871644542614,103.86968822250216,16.277016573665072
206,8,166.2840132631488,350.53766926399726,85.84786266350584,238.30430273595547,12.469760111722614
206,9,166.2840132631488,350.53766926399726,62.43709852227448,218.46675981221557,11.813302352162598
206,10,166.2840132631488,350.53766926399726,44.202259112202384,309.0381037664789,10.579543452334812
206,11,166.2840132631488,350.53766926399726,97.98376252237456,266.30595467363213,15.328078427745444
207,0,233.310788336391,356.964489283358,80.62081654754456,245.25314349090377,20.417377573745338
207,1,233.310788336391,356.964489283358,42.43858588297526,277.8597944111,23.33494218817798
207,2,233.310788336391,356.964489283358,49.59669206496399,286.73078486503084,24.73885886764255
207,3,233.310788336391,356.964489283358,51.23428535124616,206.17304512056094,28.274945387369296
207,4,233.310788336391,356.964489283358,76.8499230770819,126.52129971385303,25.96148579732257
207,5,233.310788336391,356.964489283358,23.03241990777221,82.99607132720666,26.26074326541104
207,6,233.310788336391,356.964489283358,72.0645125104972,123.72158407313223,21.233731731628115
207,7,233.310788336391,356.964489283358,38.37395832787231,121.48637155350893,16.178468081452724
207,8,233.310788336391,356.964489283358,49.12993756747665,184.8671856227571,12.387631474298407
207,9,233.310788336391,356.964489283358,54.270109814483675,281.5066052925833,12.060652041584497
207,10,233.310788336391,356.964489283358,51.91917878381669,310.89143766500985,13.498919939907642
207,11,233.310788336391,356.964489283358,60.98848074729946,212.98092631867925,16.57706479437184
208,0,421.7008679589803,186.889599249661,53.514176867634305,250.29579895496596,21.10017870553432
208,1,421.7008679589803,186.889599249661,55.331336220031886,290.74155359874095,24.154885977894438
208,2,421.7008679589803,186.889599249661,62.00118960885521,269.8578338150844,25.423125623749563
208,3,421.7008679589803,186.889599249661,40.04186400585009,153.02179659290857,29.50540281001276
208,4,421.7008679589803,186.889599249661,72.43240255648509,126.0902930341518,26.867404525920744
208,5,421.7008679589803,186.889599249661,52.657299502172194,97.17416469849447,23.6860710967868
208,6,421.7008679589803,186.889599249661,39.924854115284475,73.08136301339697,19.45600595311253
208,7,421.7008679589803,186.889599249661,51.820610448794206,145.13174965027315,17.465430368756245
208,8,421.7008679589803,186.889599249661,39.6837362993338,206.45448292983167,12.800803621780817
208,9,421.7008679589803,186.889599249661,71.03777946809738,180.4384313028805,11.628269732382735
208,10,421.7008679589803,186.889599249661,35.14574472732889,292.20854796730623,13.750914373746618
208,11,421.7008679589803,186.889599249661,73.09031370707757,315.3505945867376,12.884358314378709
209,0,184.41138502989486,167.28960577980126,67.34659525350466,214.15226499796063,20.328273791496365
209,1,184.41138502989486,167.28960577980126,80.9030206924204,290.5908945443512,23.64440731856806
209,2,184.41138502989486,167.28960577980126,38.37973479264027,327.60639901034835,26.183023830033296
209,3,184.41138502989486,167.28960577980126,108.1094502066475,253.35184538367548,27.20127149516975
209,4,184.41138502989486,167.28960577980126,67.49023125215352,70.65884970736067,27.42091772094636
209,5,184.41138502989486,167.28960577980126,60.27660516197333,85.68833478349156,23.026988700232
209,6,184.41138502989486,167.28960577980126,58.16542786884684,107.73051287808053,21.526308306943847
209,7,184.41138502989486,167.28960577980126,21.211271934500516,109.42272355122043,15.872033129597083
209,8,184.41138502989486,167.28960577980126,36.349172347355,189.6388816065726,13.565812432763995
209,9,184.41138502989486,167.28960577980126,93.74566732364408,208.6109023518559,12.628045226186124
209,10,184.41138502989486,167.28960577980126,70.13418654646094,283.22016267858754,11.830534410289923
209,11,184.41138502989486,167.28960577980126,46.559280717824166,286.1960697686629,15.464626731449375
210,0,262.434807276385,376.25800973893195,97.18918326089147,213.2965806754578,18.926531009576237
210,1,262.434807276385,376.25800973893195,50.626615031836394,247.7197830981455,25.07945118118772
210,2,262.434807276385,376.25800973893195,33.53973577024192,223.8821392172157,25.941690584262886
210,3,262.434807276385,376.25800973893195,45.36053101364069,214.73509262277233,27.51856724606658
210,4,262.434807276385,376.25800973893195,48.90828428851915,102.86137364142667,27.09496915326118
210,5,262.434807276385,376.25800973893195,54.80374411950749,87.90311340784159,24.72745706770888
210,6,262.434807276385,376.25800973893195,101.56535673996704,99.76913246931926,18.45099176040463
210,7,262.434807276385,376.25800973893195,58.625188862336586,139.7804855339055,14.964310231004909
210,8,262.434807276385,376.25800973893195,83.91470183705921,209.29795839303029,14.574971583428194
210,9,262.434807276385,376.25800973893195,49.026101380748116,231.2087060998136,11.277106904431461
210,10,262.434807276385,376.25800973893195,57.983615548399705,292.14050048836214,13.919143362382592
210,11,262.434807276385,376.25800973893195,83.19848474999844,287.40030877640095,15.384184319004023
211,0,241.549547239769,403.1408971246338,37.4089208045181,197.39507615337416,20.886209401520983
211,1,241.549547239769,403.1408971246338,55.233798971081995,229.41329483890965,23.222584320029664
211,2,241.549547239769,403.1408971246338,71.04592250593547,281.6457653130481,26.73107594986075
211,3,241.549547239769,403.1408971246338,48.26212529767497,180.88436487336682,28.14483194471644
211,4,241.549547239769,403.1408971246338,78.21266047960866,102.70572883863134,27.92048509040142
211,5,241.549547239769,403.1408971246338,48.0602262134139,104.03179840867455,23.836688846743115
211,6,241.549547239769,403.1408971246338,8.567506777898153,115.8031737284319,18.456913241123527
211,7,241.549547239769,403.1408971246338,75.21769688287812,128.53727188891602,17.718058075705304
211,8,241.549547239769,403.1408971246338,61.47330045515521,203.93611787781106,13.404126123568792
211,9,241.549547239769,403.1408971246338,86.52559208092886,237.257096164318,14.010744961866038
211,10,241.549547239769,403.1408971246338,86.70535261250114,371.6826845872739,12.675540889806783
211,11,241.549547239769,403.1408971246338,49.9971912446535,245.55692653811747,17.11978982449948
212,0,183.76518613370354,200.96833426791852,76.966147496539,256.4147942189363,20.66870896871239
212,1,183.76518613370354,200.96833426791852,70.02251509995608,231.35124362872693,23.786889398276266
212,2,183.76518613370354,200.96833426791852,66.88884184118987,354.28733900172165,28.711262099067937
212,3,183.76518613370354,200.96833426791852,15.250446479380784,138.84457342073685,29.1254717902501
212,4,183.76518613370354,200.96833426791852,63.16518009083573,119.45568317156088,28.09594023374966
212,5,183.76518613370354,200.96833426791852,58.58242427420948,83.59961183750116,24.001149306654913
212,6,183.76518613370354,200.96833426791852,28.405759771958117,124.94886986451397,19.6652677114206
212,7,183.76518613370354,200.96833426791852,91.21916425755491,91.42314691405859,16.066833664270668
212,8,183.76518613370354,200.96833426791852,55.83101184544451,189.597956141155,14.98183315812831
212,9,183.76518613370354,200.96833426791852,18.447765275257083,249.1706327283841,14.520066199706216
212,10,183.76518613370354,200.96833426791852,63.210846575317774,297.4594405823087,13.342432823495484
212,11,183.76518613370354,200.96833426791852,48.97763527102011,233.1340627086856,16.843021253017362
213,0,216.24195788039253,319.425614963922,32.329918411944064,204.14880266282748,19.63974837889031
213,1,216.24195788039253,319.425614963922,88.98192157826233,270.2925142132802,23.940431147014788
213,2,216.24195788039253,319.425614963922,27.12645923188761,208.55784969787615,26.349073453461955
213,3,216.24195788039253,319.425614963922,61.420067302147366,169.2457310602367,28.172001265413524
213,4,216.24195788039253,319.425614963922,64.62554360036148,82.14131288104672,26.395528794245788
213,5,216.24195788039253,319.425614963922,78.72960717829883,89.63451976257092,24.95184897349166
213,6,216.24195788039253,319.425614963922,105.19877162069116,87.39528036546463,19.67234530120699
213,7,216.24195788039253,319.425614963922,39.15728347314797,155.15940729657044,18.773254128554456
213,8,216.24195788039253,319.425614963922,64.81449761021884,188.07365655059522,13.953026189695457
213,9,216.24195788039253,319.425614963922,69.49915351997609,254.16553005258646,12.248083271043647
213,10,216.24195788039253,319.425614963922,88.19631303163212,218.4613134253228,15.183691920557795
213,11,216.24195788039253,319.425614963922,60.57402140136283,239.43189725687313,17.302391948414762
214,0,128.06276889452047,414.04361683135784,55.4353627005297,267.425771033046,21.18293619754989
214,1,128.06276889452047,414.04361683135784,44.8230775923952,224.07434490542914,24.487609582658994
214,2,128.06276889452047,414.04361683135784,74.45244044810713,309.7444048579838,25.740473716566175
214,3,128.06276889452047,414.04361683135784,60.16532883090764,191.39361666540802,29.062608349682414
214,4,128.06276889452047,414.04361683135784,37.040549969750415,99.87528013466256,28.503290835911802
214,5,128.06276889452047,414.04361683135784,56.126789218748854,88.89583917291804,23.73932421725852
214,6,128.06276889452047,414.04361683135784,84.36176240173518,131.59903710811707,21.645644447822747
214,7,128.06276889452047,414.04361683135784,40.185629593035436,133.03742593927856,17.992934120537083
214,8,128.06276889452047,414.04361683135784,47.96322845508486,137.7602953591347,12.061714695343507
214,9,128.06276889452047,414.04361683135784,41.02837820510981,262.85199104979375,13.204242769572824
214,10,128.06276889452047,414.04361683135784,92.08464407114874,235.23125367116273,12.208907398478331
214,11,128.06276889452047,414.04361683135784,37.55236965321154,251.28114473936225,15.63272345218372
215,0,196.91830141311098,322.9263912335228,60.41797140668568,273.24981557380704,21.11776105716512
215,1,196.91830141311098,322.9263912335228,30.362827330622693,280.5026764717458,24.23124437723251
215,2,196.91830141311098,322.9263912335228,48.071785707391136,221.69791766219356,26.19071248844238
215,3,196.91830141311098,322.9263912335228,73.4326143335449,177.30743837933997,28.370626047595916
215,4,196.91830141311098,322.9263912335228,120.82493483839137,91.05608768791002,27.07144709839397
215,5,196.91830141311098,322.9263912335228,75.44920763659186,80.21247531335464,24.5595577660252
215,6,196.91830141311098,322.9263912335228,37.122975866663964,68.63791127604253,19.92810071423778
215,7,196.91830141311098,322.9263912335228,59.02202729921037,163.82282230526886,15.758216737201924
215,8,196.91830141311098,322.9263912335228,37.35686633463696,206.9826211015752,13.731591063235088
215,9,196.91830141311098,322.9263912335228,41.63026354411156,272.8181883789054,14.101794335073523
215,10,196.91830141311098,322.9263912335228,48.67915239899037,291.75187599930763,13.49272695812261
215,11,196.91830141311098,322.9263912335228,81.47016676134298,255.29473946890246,16.283039251783023
216,0,197.4291483557343,425.00243043173487,95.22791919525366,273.0084503148052,18.773202283865896
216,1,197.4291483557343,425.00243043173487,47.28912817819431,311.6865622882291,24.34169576527051
216,2,197.4291483557343,425.00243043173487,39.12087869468397,245.9314307815439,26.92931414704138
216,3,197.4291483557343,425.00243043173487,50.82376129193862,171.98130295618006,29.081972406114986
216,4,197.4291483557343,425.00243043173487,74.55184389928453,75.48593331956528,27.424067276890092
216,5,197.4291483557343,425.00243043173487,88.97509023309468,75.5964244597745,22.90364113079293
216,6,197.4291483557343,425.00243043173487,38.31380033995009,88.76928845355863,20.533815226256337
216,7,197.4291483557343,425.00243043173487,64.22069541243225,146.37880965146192,15.933858038528504
216,8,197.4291483557343,425.00243043173487,51.045633969015626,184.19495372391052,13.678217317168835
216,9,197.4291483557343,425.00243043173487,53.26712298315133,249.33119750681757,11.583652765774747
216,10,197.4291483557343,425.00243043173487,42.96249542910112,238.18639204416183,13.589385397573807
216,11,197.4291483557343,425.00243043173487,82.08974877954088,255.20809999308437,15.618698397269778
217,0,157.1851336655884,306.8369833157285,73.82594597681667,206.11100525550168,20.64582492367224
217,1,157.1851336655884,306.8369833157285,71.23814825888407,194.85977544146922,23.78171071693602
217,2,157.1851336655884,306.8369833157285,34.97200866281568,287.26499324190235,26.470535055326224
217,3,157.1851336655884,306.8369833157285,32.54693689477368,144.22624850664903,29.514014318167792
217,4,157.1851336655884,306.8369833157285,41.05472863350286,78.80672342572213,27.13396140824375
217,5,157.1851336655884,306.8369833157285,77.58864522954805,95.49758339086382,24.36177131745484
217,6,157.1851336655884,306.8369833157285,49.34222191620459,82.63764642715873,20.90113667762878
217,7,157.1851336655884,306.8369833157285,71.43283408810615,155.7938415666585,15.46266226058769
217,8,157.1851336655884,306.8369833157285,54.83431052578402,189.8355086145276,12.404104332400944
217,9,157.1851336655884,306.8369833157285,45.643880608050324,303.72874288282634,12.302636682342413
217,10,157.1851336655884,306.8369833157285,73.62475404465854,255.61438898043093,12.2373586418136
217,11,157.1851336655884,306.8369833157285,81.49594802592706,237.58362670915253,15.009538067758061
218,0,263.06924176382563,318.47989484692687,75.94481134710227,285.53438012138866,19.595675716152083
218,1,263.06924176382563,318.47989484692687,56.35735636650638,312.3464836645932,24.65358201293425
218,2,263.06924176382563,318.47989484692687,72.12659651749448,223.7421921254743,27.47642556345472
218,3,263.06924176382563,318.47989484692687,69.56482187970956,158.155175047997,28.934263234277143
218,4,263.06924176382563,318.47989484692687,77.48532585160882,104.36810800338574,27.98157649898332
218,5,263.06924176382563,318.47989484692687,90.69695281502445,88.25579649131075,24.324324818441223
218,6,263.06924176382563,318.47989484692687,119.42209431992163,98.9291351718157,20.775697910580373
218,7,263.06924176382563,318.47989484692687,62.8906484925982,109.81831617712095,17.880987415420798
218,8,263.06924176382563,318.47989484692687,56.19535447792307,207.66431055001294,12.944142693074259
218,9,263.06924176382563,318.47989484692687,95.57283355024583,229.04078567924194,12.202363192555254
218,10,263.06924176382563,318.47989484692687,44.63389241879277,300.0447221317068,11.934502407746205
218,11,263.06924176382563,318.47989484692687,74.8392835731571,331.4457761413906,16.721895686350937
219,0,193.34421943144574,269.87563940233673,73.01693768948027,276.9933650840876,18.945492138060132
219,1,193.34421943144574,269.87563940233673,61.77866627432789,308.50538248228395,24.587904052881477
219,2,193.34421943144574,269.87563940233673,54.53205395312496,264.35765974199666,28.119017227293
219,3,193.34421943144574,269.87563940233673,52.48592640958653,187.72715855694892,28.75821645591886
219,4,193.34421943144574,269.87563940233673,28.779517865128813,63.23702143577958,26.666598311671066
219,5,193.34421943144574,269.87563940233673,33.420080794817494,120.78807089701066,24.993714183169377
219,6,193.34421943144574,269.87563940233673,74.51538701539332,117.66948257954132,18.774904363420053
219,7,193.34421943144574,269.87563940233673,74.81187090484877,125.08198839880058,17.143799178613804
219,8,193.34421943144574,269.87563940233673,33.400524489596464,200.05087387095557,12.297972823919133
219,9,193.34421943144574,269.87563940233673,47.14308134561561,235.48880699870557,12.73838410082784
219,10,193.34421943144574,269.87563940233673,47.84005294610412,252.03119524427152,13.39846285072259
219,11,193.34421943144574,269.87563940233673,34.46334865687447,275.1564495838908,15.887854057773492
220,0,261.01051422721486,127.89601687837722,86.43706677433458,317.695531125858,18.97566553215509
220,1,261.01051422721486,127.89601687837722,79.01197545304589,292.32357372468346,25.748527201774994
220,2,261.01051422721486,127.89601687837722,53.1605213776341,354.2099093376465,28.296053846876713
220,3,261.01051422721486,127.89601687837722,40.658318459989985,191.35431982038963,27.234909862418075
220,4,261.01051422721486,127.89601687837722,43.47162950599514,82.97232335588403,28.045071183236185
220,5,261.01051422721486,127.89601687837722,75.72501034766047,84.6996356939069,22.955525475951795
220,6,261.01051422721486,127.89601687837722,66.04238175085673,106.84918254125459,20.46775307637107
220,7,261.01051422721486,127.89601687837722,42.52777857315665,146.43051918032725,16.582116839987165
220,8,261.01051422721486,127.89601687837722,65.50360994345792,191.28917183595306,14.11975543316955
220,9,261.01051422721486,127.89601687837722,49.891655257100126,214.07324505793142,12.324099863938196
220,10,261.01051422721486,127.89601687837722,94.39906816663752,321.53954368613836,13.210476370507509
220,11,261.01051422721486,127.89601687837722,68.99579217696223,284.97358585444715,17.8964285416177
221,0,209.30199387081197,256.68220963377905,62.49801879021152,150.74687368184055,18.346394284480866
221,1,209.30199387081197,256.68220963377905,69.6110309069999,247.46327521930158,24.561747306241813
221,2,209.30199387081197,256.68220963377905,47.28130147405604,249.91232787024128,24.274291077488435
221,3,209.30199387081197,256.68220963377905,61.573483724765254,182.0514016819058,26.85565347250614
221,4,209.30199387081197,256.68220963377905,52.02371932192517,102.18922984826546,27.30448107645216
221,5,209.30199387081197,256.68220963377905,61.89584045275571,84.88821807064805,23.650980090739633
221,6,209.30199387081197,256.68220963377905,39.87992266422407,77.18912316708872,21.599613140325797
221,7,209.30199387081197,256.68220963377905,49.28526689554626,110.90432380866471,15.444804722886268
221,8,209.30199387081197,256.68220963377905,46.072293261416874,161.87709718816316,14.697980166062296
221,9,209.30199387081197,256.68220963377905,74.16920105113651,248.45374420785598,13.377652503630124
221,10,209.30199387081197,256.68220963377905,59.24191524363747,301.8134543821409,9.555486232877957
221,11,209.30199387081197,256.68220963377905,48.928517436736065,278.3327152995212,17.26201565004755
222,0,381.17858877300836,218.9506746132882,15.548111667557976,256.099704792535,21.4175988468245
222,1,381.17858877300836,218.9506746132882,15.10006865075794,389.3678848828258,23.666053122155553
222,2,381.17858877300836,218.9506746132882,87.80113114462907,236.82089138427867,27.957355657703687
222,3,381.17858877300836,218.9506746132882,63.616351356863575,129.03989550454085,28.54423382536676
222,4,381.17858877300836,218.9506746132882,34.05988308958863,86.66983188174399,27.202348891263814
222,5,381.17858877300836,218.9506746132882,74.58274481540539,90.12421015225739,24.167875126678368
222,6,381.17858877300836,218.9506746132882,34.90403033712076,108.14896376010643,20.36465458862138
222,7,381.17858877300836,218.9506746132882,38.45220328873614,90.43417722774774,17.448744404959346
222,8,381.17858877300836,218.9506746132882,49.028726509482766,198.69809242873748,13.188753611211977
222,9,381.17858877300836,218.9506746132882,32.215352018906074,233.04023494343096,12.610478095235461
222,10,381.17858877300836,218.9506746132882,57.849761696177744,260.2729423118564,14.441488541616147
222,11,381.17858877300836,218.9506746132882,46.64844145784215,246.39047629833894,15.71518650068379
223,0,130.2204392786277,383.99810952899236,40.92402973657686,270.17986123734937,20.201574318103113
223,1,130.2204392786277,383.99810952899236,72.09284151068616,233.41382554615558,24.71173062486132
223,2,130.2204392786277,383.99810952899236,32.923857213277756,233.16988300344448,27.637037343416164
223,3,130.2204392786277,383.99810952899236,53.48653507664625,199.02529377306624,25.87529712072911
223,4,130.2204392786277,383.99810952899236,39.66246339476126,118.15584746481278,28.123153862636254
223,5,130.2204392786277,383.99810952899236,69.2978173213737,77.5600895150552,23.494369458708686
223,6,130.2204392786277,383.99810952899236,68.2694776499482,131.1598237921441,20.97408029431499
223,7,130.2204392786277,383.99810952899236,73.36881432685293,92.14830012745942,16.197129402908764
223,8,130.2204392786277,383.99810952899236,55.632284529877566,156.54218958468576,12.048086763880105
223,9,130.2204392786277,383.99810952899236,65.82859342090532,231.29595932229475,15.033173445858234
223,10,130.2204392786277,383.99810952899236,66.78068985589455,254.14758416445164,14.105247105784871
223,11,130.2204392786277,383.99810952899236,34.722713170291975,282.38214945708694,16.136560553075608
224,0,336.54194736445254,186.03512367562723,57.117258567480256,204.24352986004303,19.777177710372815
224,1,336.54194736445254,186.03512367562723,70.09829139592865,245.9090972533327,23.290325082343635
224,2,336.54194736445254,186.03512367562723,19.727861446347575,295.4738358876381,29.234926333322008
224,3,336.54194736445254,186.03512367562723,56.7039066749674,125.83119939533218,27.91652709243045
224,4,336.54194736445254,186.03512367562723,68.68602353087363,108.95195672756913,28.88937101545862
224,5,336.54194736445254,186.03512367562723,19.976177428421906,89.31434874390007,23.846041939683637
224,6,336.54194736445254,186.03512367562723,66.07090411423592,120.78830064316608,20.204266195547874
224,7,336.54194736445254,186.03512367562723,44.6179713254814,142.60348175613856,14.951285275500137
224,8,336.54194736445254,186.03512367562723,107.6445698832771,210.68348467914285,11.985415987375205
224,9,336.54194736445254,186.03512367562723,35.02864696705615,272.08973848162,10.261126231594634
224,10,336.54194736445254,186.03512367562723,18.03449028908365,298.5231718383789,12.117483316747965
224,11,336.54194736445254,186.03512367562723,76.58060649165503,346.2909512309892,15.730633028718731
225,0,209.5710692905364,288.6297816085089,54.027153384267386,267.12124450210695,18.072731396134426
225,1,209.5710692905364,288.6297816085089,61.20659643680777,194.68097756262495,25.169224145342774
225,2,209.5710692905364,288.6297816085089,24.722698086782437,266.45556149173996,26.065037715743255
225,3,209.5710692905364,288.6297816085089,60.19271057919473,151.62211381001723,29.392217568766196
225,4,209.5710692905364,288.6297816085089,10.878564407137112,103.55721481559969,26.625764248106414
225,5,209.5710692905364,288.6297816085089,70.86429951482347,78.98647598331134,25.293008163602508
225,6,209.5710692905364,288.6297816085089,71.51180105538388,127.19751543847116,20.99726372049164
225,7,209.5710692905364,288.6297816085089,43.672997370029684,115.11147392678251,16.47092116281071
225,8,209.5710692905364,288.6297816085089,36.882305890433514,206.11103850240667,15.037340699350239
225,9,209.5710692905364,288.6297816085089,86.39576551954055,311.1504480786098,13.67063983738911
225,10,209.5710692905364,288.6297816085089,74.8180614410152,259.99921867356926,13.270282878378332
225,11,209.5710692905364,288.6297816085089,82.11612489395642,309.09631749026437,16.2009448261016
226,0,234.8907852503207,303.38271676352167,47.433572580338755,283.12925216374583,19.986845074521675
226,1,234.8907852503207,303.38271676352167,68.4201974132253,262.104666147684,27.321908549889528
226,2,234.8907852503207,303.38271676352167,76.8944116271238,248.38065551023834,26.670642746800166
226,3,234.8907852503207,303.38271676352167,34.266155657045864,153.02693918120778,28.007146811471817
226,4,234.8907852503207,303.38271676352167,68.05080718196399,118.09819931898731,27.179439127953604
226,5,234.8907852503207,303.38271676352167,53.942792150957956,92.64681737453381,23.893494699908686
226,6,234.8907852503207,303.38271676352167,62.60253170183781,121.17720989132958,20.415000056711445
226,7,234.8907852503207,303.38271676352167,83.77650941896543,93.79149154366876,14.95235195390189
226,8,234.8907852503207,303.38271676352167,55.43643328750383,193.49395234102346,12.981113820604369
226,9,234.8907852503207,303.38271676352167,61.80574734656994,243.59827278472164,11.084009196608358
226,10,234.8907852503207,303.38271676352167,68.8678502779204,365.70514253444696,13.515463561052215
226,11,234.8907852503207,303.38271676352167,67.67214505143295,262.39339676750825,15.498919038253906
227,0,301.9417138643551,346.44429449930306,65.8757291704644,256.7025658680246,19.88354034168507
227,1,301.9417138643551,346.44429449930306,88.2285869268724,282.4758370378006,24.942082737881925
227,2,301.9417138643551,346.44429449930306,88.65184839983519,289.22820069821734,26.66213207186286
227,3,301.9417138643551,346.44429449930306,41.85763511731528,201.3012641231141,27.007284461508725
227,4,301.9417138643551,346.44429449930306,77.20743715593748,104.00313827453012,27.34995236703256
227,5,301.9417138643551,346.44429449930306,35.521796227569325,96.51219778821451,24.063905167130162
227,6,301.9417138643551,346.44429449930306,72.27512717643997,91.40979279997985,20.339692161865333
227,7,301.9417138643551,346.44429449930306,42.84015899051098,103.07711542573338,15.462526617926674
227,8,301.9417138643551,346.44429449930306,86.32442104277627,177.71306402984484,12.1948981786316
227,9,301.9417138643551,346.44429449930306,39.57480102318574,228.5760968678124,13.852961420730637
227,10,301.9417138643551,346.44429449930306,70.54041519455956,356.58614699841553,10.932952347737947
227,11,301.9417138643551,346.44429449930306,50.55332217025292,247.481899474912,16.84968737197277
228,0,480.21471708241575,305.6020556673608,42.588938391813464,276.12422691122913,21.086165255767906
228,1,480.21471708241575,305.6020556673608,71.416400562867,315.55207379090155,24.24174858806424
228,2,480.21471708241575,305.6020556673608,46.69735488700109,274.6294846387661,25.121863119560125
228,3,480.21471708241575,305.6020556673608,86.7459005127597,173.70634316608664,28.480185909229192
228,4,480.21471708241575,305.6020556673608,42.583887922023955,92.73588411853997,27.736120170201794
228,5,480.21471708241575,305.6020556673608,116.89748652577565,87.1978629372052,24.640414201650604
228,6,480.21471708241575,305.6020556673608,72.43323890155736,124.85405993184564,20.331932880078604
228,7,480.21471708241575,305.6020556673608,75.14081462609629,134.3174927063488,17.88353305501658
228,8,480.21471708241575,305.6020556673608,89.88248915825606,207.2289682017577,13.340521559095109
228,9,480.21471708241575,305.6020556673608,50.39847358004903,237.53350429297572,12.038662486591363
228,10,480.21471708241575,305.6020556673608,61.746643116726716,274.66411464204174,13.531573447618728
228,11,480.21471708241575,305.6020556673608,80.33659782558058,216.7707888765701,15.200130873454203
229,0,535.3126070987661,466.8184804899987,65.52904085956547,340.1496020903577,21.577837138150226
229,1,535.3126070987661,466.8184804899987,111.10013790961763,337.7693948013895,25.05649743881509
229,2,535.3126070987661,466.8184804899987,52.744295985460475,255.95935096566814,27.304804709172263
229,3,535.3126070987661,466.8184804899987,80.2256070579287,190.71965353952683,28.4242149978978
229,4,535.3126070987661,466.8184804899987,62.84621516840985,118.41001576564743,24.46693167889184
229,5,535.3126070987661,466.8184804899987,42.83116665397341,76.2085584775245,22.209269203828363
229,6,535.3126070987661,466.8184804899987,46.59958547476522,93.68783242464121,18.993280010873764
229,7,535.3126070987661,466.8184804899987,37.34791845759719,97.43100539142499,16.69677686649179
229,8,535.3126070987661,466.8184804899987,51.27229593289411,226.83946587067572,15.44457712300171
229,9,535.3126070987661,466.8184804899987,45.613328051328125,184.00293190982393,11.149827869414247
229,10,535.3126070987661,466.8184804899987,64.38089260676618,245.79959184086437,13.459391625397611
229,11,535.3126070987661,466.8184804899987,77.84611296658943,294.0432267307039,16.988186562219866
230,0,360.66848072922113,341.43301655569104,30.751038719623555,247.98067855897636,20.74328475953221
230,1,360.66848072922113,341.43301655569104,41.7018424443166,280.1641513701924,23.397568590340537
230,2,360.66848072922113,341.43301655569104,26.087148460121057,238.2578560194273,28.733590836882833
230,3,360.66848072922113,341.43301655569104,52.536718656801185,155.12673844771933,28.088746742013118
230,4,360.66848072922113,341.43301655569104,65.5176870170053,123.51448667871719,28.611358085088956
230,5,360.66848072922113,341.43301655569104,43.66725355966899,99.37000618723559,24.000118001035016
230,6,360.66848072922113,341.43301655569104,26.475432734237074,97.52630154127101,20.02945534504913
230,7,360.66848072922113,341.43301655569104,63.64370887511993,130.90105752298876,16.919611869382948
230,8,360.66848072922113,341.43301655569104,63.30872744843135,154.31738672364528,14.187279083327313
230,9,360.66848072922113,341.43301655569104,15.821504924100381,276.23685768696816,12.970337223740517
230,10,360.66848072922113,341.43301655569104,35.80092443680977,287.32481253212853,12.972405804789839
230,11,360.66848072922113,341.43301655569104,87.14942378950259,286.23055967066665,18.502855767632774
231,0,294.6768151465766,319.0710496716694,69.22707957611289,309.0270103146349,18.664915391939513
231,1,294.6768151465766,319.0710496716694,49.12795427666616,249.84594115652658,24.530085677606895
231,2,294.6768151465766,319.0710496716694,39.90049843936286,218.34581136073453,26.925769119673703
231,3,294.6768151465766,319.0710496716694,25.51514529304859,172.85837203320057,27.694458990214976
231,4,294.6768151465766,319.0710496716694,37.863537046564545,84.70522701116901,28.4450560916706
231,5,294.6768151465766,319.0710496716694,42.934168364506874,87.73943429024905,24.71202374999408
231,6,294.6768151465766,319.0710496716694,68.90503552911122,103.94969195110191,23.033099591213606
231,7,294.6768151465766,319.0710496716694,49.2587048630126,138.6636288250121,18.42320209443976
231,8,294.6768151465766,319.0710496716694,55.12712029018901,240.36332640966037,13.206035714635696
231,9,294.6768151465766,319.0710496716694,98.41210311324406,235.05526783544056,11.523647731584985
231,10,294.6768151465766,319.0710496716694,68.07319729087735,340.87850041428396,13.162726693444613
231,11,294.6768151465766,319.0710496716694,43.18022263995856,259.3213101054581,16.483281068507175
232,0,211.96242397834328,317.0424801146311,79.07567992832614,247.48995471098175,20.043909704048488
232,1,211.96242397834328,317.0424801146311,70.64687433679904,262.97815979763357,23.42873858753583
232,2,211.96242397834328,317.0424801146311,75.40460523638517,245.71210590914853,27.4379022140109
232,3,211.96242397834328,317.0424801146311,53.708290872056935,156.8969442378665,27.703297189359063
232,4,211.96242397834328,317.0424801146311,71.54571451215855,79.74656748158947,27.48443374124082
232,5,211.96242397834328,317.0424801146311,56.42119042308584,97.3101891598433,23.942327989891478
232,6,211.96242397834328,317.0424801146311,38.6942354106792,93.88092392182944,20.16624834878886
232,7,211.96242397834328,317.0424801146311,74.7102670918484,138.60546804763405,16.354165421302238
232,8,211.96242397834328,317.0424801146311,41.0513984920222,111.47686948050612,13.2119377583328
232,9,211.96242397834328,317.0424801146311,76.27538017345685,269.105890643106,12.539706852085395
232,10,211.96242397834328,317.0424801146311,60.80118483859987,349.6070639745131,14.984854048109193
232,11,211.96242397834328,317.0424801146311,34.97264628039389,236.73916932605005,15.564351130533256
233,0,226.15152684397398,379.4111142940993,91.38840155122925,267.2833071930744,19.9358380658954
233,1,226.15152684397398,379.4111142940993,43.12330158003449,264.8648989152806,22.898312811891316
233,2,226.15152684397398,379.4111142940993,39.835476450946544,278.2423156236714,26.169847929019383
233,3,226.15152684397398,379.4111142940993,35.987514059378455,170.59508398169154,29.053718816210054
233,4,226.15152684397398,379.4111142940993,67.38194216836244,100.32521167869245,28.30891282631241
233,5,226.15152684397398,379.4111142940993,43.73042753557313,85.94096602082453,24.450541649909372
233,6,226.15152684397398,379.4111142940993,90.74004084135908,88.7311585088636,17.892232245620534
233,7,226.15152684397398,379.4111142940993,48.03002861961729,121.51003840845206,16.704577433545666
233,8,226.15152684397398,379.4111142940993,49.2281333895552,240.63700425379787,13.392348308760244
233,9,226.15152684397398,379.4111142940993,69.00774977854618,258.87931519643615,9.929905518176147
233,10,226.15152684397398,379.4111142940993,69.64186365287824,182.35606657732686,11.485745784103226
233,11,226.15152684397398,379.4111142940993,64.66709342939026,240.9857286818977,16.521840196760376
234,0,270.9485668247362,176.5758923675276,88.69080423174503,280.083298790605,20.279786284345832
234,1,270.9485668247362,176.5758923675276,45.099930572056934,244.44534767221387,22.50503133638805
234,2,270.9485668247362,176.5758923675276,43.24051449799343,262.25738462775394,25.70801918956958
234,3,270.9485668247362,176.5758923675276,71.78279188294441,161.0602209602745,29.355830983934524
234,4,270.9485668247362,176.5758923675276,59.95442293836721,106.73134250496497,25.165243928286788
234,5,270.9485668247362,176.5758923675276,104.09297894699534,117.16738308187615,22.253072609710813
234,6,270.9485668247362,176.5758923675276,62.39778821942774,64.38564263632736,19.635588916110258
234,7,270.9485668247362,176.5758923675276,78.72998786118295,96.05780844190481,14.733744711916668
234,8,270.9485668247362,176.5758923675276,38.66412320149003,216.91584082197463,12.79499911507944
234,9,270.9485668247362,176.5758923675276,45.54944135680689,288.96884546025007,12.944467722656231
234,10,270.9485668247362,176.5758923675276,72.73909429162677,227.06873537678848,14.608124664977598
234,11,270.9485668247362,176.5758923675276,73.19779286444106,229.56731383514358,16.11301510858083
235,0,169.55019262177555,239.6506694362023,50.10927326108032,132.71206913565155,21.854214110007465
235,1,169.55019262177555,239.6506694362023,64.92901762332505,214.5590329771335,24.69043092666586
235,2,169.55019262177555,239.6506694362023,40.089848232541044,330.7244055975943,26.46568900081066
235,3,169.55019262177555,239.6506694362023,41.65375119581624,152.3272679877412,26.765918660242708
235,4,169.55019262177555,239.6506694362023,93.87844422371589,106.03319448960475,26.76720863453246
235,5,169.55019262177555,239.6506694362023,84.40546735539756,87.58125167225165,24.053347654908354
235,6,169.55019262177555,239.6506694362023,66.76063528757544,88.20750557743254,19.516326559122728
235,7,169.55019262177555,239.6506694362023,42.35516245608891,110.18891277768633,16.555091187816714
235,8,169.55019262177555,239.6506694362023,39.79672788267568,224.82812964586594,14.554465865943467
235,9,169.55019262177555,239.6506694362023,86.87369689452342,238.56158720819656,10.87602028689726
235,10,169.55019262177555,239.6506694362023,63.8838684380526,322.16642541498925,13.991441983638685
235,11,169.55019262177555,239.6506694362023,75.8633198535356,263.47404086388417,17.427093607205926
236,0,227.25221185647678,303.20935514942016,54.8594123397783,286.41850226139275,19.259224941038788
236,1,227.25221185647678,303.20935514942016,83.85452824572133,231.86994737262586,24.585869183297316
236,2,227.25221185647678,303.20935514942016,54.66294963503413,287.9510034668857,27.24719513364566
236,3,227.25221185647678,303.20935514942016,57.00062319872411,128.48950225548373,28.4897605159368
236,4,227.25221185647678,303.20935514942016,78.45173521707274,80.91895831874531,27.54475698199401
236,5,227.25221185647678,303.20935514942016,75.14779155293405,80.19698997864323,25.118303502000302
236,6,227.25221185647678,303.20935514942016,17.910937124059274,90.476900397651,20.930337637079738
236,7,227.25221185647678,303.20935514942016,24.758973845384503,113.99869349577943,15.588286013814187
236,8,227.25221185647678,303.20935514942016,68.41282711709188,184.6819456263812,12.787983342420686
236,9,227.25221185647678,303.20935514942016,76.79383797088695,226.11574884399627,9.290238983092285
236,10,227.25221185647678,303.20935514942016,93.56126414193227,204.01035489213473,13.352933592231112
236,11,227.25221185647678,303.20935514942016,62.79624487032497,256.75141703132255,15.21650716999005
237,0,315.56726595403444,238.31039188848712,35.31761961694997,242.33003405361245,19.564599480696888
237,1,315.56726595403444,238.31039188848712,48.50220470295615,309.36436915992215,24.191109753240767
237,2,315.56726595403444,238.31039188848712,67.31193296937992,338.0139283891894,25.775036074326124
237,3,315.56726595403444,238.31039188848712,62.71761982461252,175.21114390432723,28.975257838434477
237,4,315.56726595403444,238.31039188848712,68.02909154953052,113.75866635642411,27.56112264678899
237,5,315.56726595403444,238.31039188848712,94.89881398709056,73.5649884010614,23.65498763524687
237,6,315.56726595403444,238.31039188848712,20.09621506726952,89.25905033818167,19.423445533324916
237,7,315.56726595403444,238.31039188848712,74.60726970972188,130.9749862388808,17.521995461715495
237,8,315.56726595403444,238.31039188848712,93.25813908653879,250.53338935718673,12.840033887447753
237,9,315.56726595403444,238.31039188848712,53.17504264467299,243.09243635688867,12.961106367965982
237,10,315.56726595403444,238.31039188848712,74.11431957335746,279.840059319646,12.667584716563846
237,11,315.56726595403444,238.31039188848712,68.78507606706323,284.70782703100934,16.288316321888836
238,0,264.206453405038,310.5584871544078,52.446535589951736,255.52739583761857,19.69977938857846
238,1,264.206453405038,310.5584871544078,29.57951786648033,266.2465314643395,23.87509394445999
238,2,264.206453405038,310.5584871544078,58.53364368672124,280.67183862634863,26.78763478160413
238,3,264.206453405038,310.5584871544078,86.94798518614269,145.15996531373358,27.357537173635215
238,4,264.206453405038,310.5584871544078,81.35035446008506,106.79419790739553,28.200941080720064
238,5,264.206453405038,310.5584871544078,74.02606986149085,82.80272312320328,24.21720250344632
238,6,264.206453405038,310.5584871544078,35.49436242868281,76.84101548300568,19.6640366254303
238,7,264.206453405038,310.5584871544078,83.13832300252312,100.77459696662511,15.401177110488385
238,8,264.206453405038,310.5584871544078,52.358684561549964,158.17984822560916,13.629842337936966
238,9,264.206453405038,310.5584871544078,51.21284285944539,226.57510779507314,11.156108110238112
238,10,264.206453405038,310.5584871544078,53.69983817672426,302.88374049145466,13.847237888435554
238,11,264.206453405038,310.5584871544078,74.48972581883717,295.95297014506025,16.347572322308196
239,0,218.83302128129782,152.70187673385766,32.63921937593092,319.5265440322201,19.586263402884132
239,1,218.83302128129782,152.70187673385766,53.741043228657624,245.4514738501724,23.250181860603682
239,2,218.83302128129782,152.70187673385766,59.09143651083042,279.46785069732533,25.4768399808491
239,3,218.83302128129782,152.70187673385766,60.40217900925275,191.7501460400554,26.39895961156061
239,4,218.83302128129782,152.70187673385766,69.3197116247455,116.17992701874242,26.537376067755655
239,5,218.83302128129782,152.70187673385766,38.377478850091144,83.21211211536935,23.373675122872193
239,6,218.83302128129782,152.70187673385766,31.82230311701357,82.01478568116299,19.963588665958973
239,7,218.83302128129782,152.70187673385766,57.03766825052996,116.39478545628256,16.70198002611486
239,8,218.83302128129782,152.70187673385766,45.63742477653729,207.76928907396294,12.530766170407349
239,9,218.83302128129782,152.70187673385766,62.77909908939921,325.3046222695203,13.65412258663561
239,10,218.83302128129782,152.70187673385766,77.58961195795041,304.5379044900716,12.35627905601916
239,11,218.83302128129782,152.70187673385766,53.10479539611394,302.01613306466345,16.324725033000494
240,0,139.53862345761402,453.4549237262487,83.4284118152116,231.18066962213828,20.336741516190692
240,1,139.53862345761402,453.4549237262487,34.73127256173299,282.25659944980345,22.172626736692685
240,2,139.53862345761402,453.4549237262487,72.71536799805827,246.76511692997656,27.49544597068823
240,3,139.53862345761402,453.4549237262487,65.71252458601595,187.6848123250733,29.073959518875967
240,4,139.53862345761402,453.4549237262487,66.53062655554996,57.07424018759186,26.89532299354642
240,5,139.53862345761402,453.4549237262487,57.50685506726872,101.13864994927786,24.467370891185293
240,6,139.53862345761402,453.4549237262487,28.28107436857549,102.91132150512563,18.251710425817667
240,7,139.53862345761402,453.4549237262487,38.1675125458057,114.0796040191187,18.194352058703405
240,8,139.53862345761402,453.4549237262487,43.78102955808775,174.24106637811235,12.921546746089069
240,9,139.53862345761402,453.4549237262487,54.311875605983886,295.1240588454389,11.38090011785383
240,10,139.53862345761402,453.4549237262487,53.64672688682582,301.0891426606935,14.205370624381082
240,11,139.53862345761402,453.4549237262487,79.64983940811828,250.19363042733372,15.02962941124782
241,0,158.57064367507837,324.6841771276935,35.43246045966448,287.4143615931676,19.16713439593149
241,1,158.57064367507837,324.6841771276935,60.71992681475129,301.10725394070687,22.51393890479836
241,2,158.57064367507837,324.6841771276935,41.835901260392816,209.20285397671063,25.496948232919063
241,3,158.57064367507837,324.6841771276935,44.989505807955574,192.84549367367188,28.013512932918808
241,4,158.57064367507837,324.6841771276935,49.04861807745134,108.6932388793982,28.220111891390914
241,5,158.57064367507837,324.6841771276935,66.93476950635419,99.30931061261745,24.540842630670827
241,6,158.57064367507837,324.6841771276935,32.89751192511936,100.60897340921558,20.47614157332298
241,7,158.57064367507837,324.6841771276935,51.18342930697867,106.30407437584184,16.328744428322054
241,8,158.57064367507837,324.6841771276935,50.17361524352249,232.0085097901345,12.275451943097217
241,9,158.57064367507837,324.6841771276935,46.93872988010719,263.01646302226555,11.885475259289015
241,10,158.57064367507837,324.6841771276935,24.29217766001586,308.79882817817594,14.633621655032563
241,11,158.57064367507837,324.6841771276935,67.6298684431069,302.76591006581066,14.213140443587314
242,0,77.6296334910993,308.1519704748847,47.90008991868521,223.55225556413123,18.299339285551866
242,1,77.6296334910993,308.1519704748847,36.15647242124422,259.017421620153,23.150211173489886
242,2,77.6296334910993,308.1519704748847,26.461715676157944,283.1017264110253,27.920438647040193
242,3,77.6296334910993,308.1519704748847,74.67002959202871,138.39203889794328,26.77683124706346
242,4,77.6296334910993,308.1519704748847,37.332817681558154,106.22609058011967,27.81933708331323
242,5,77.6296334910993,308.1519704748847,51.87746275292361,66.65339084936879,24.586782691575664
242,6,77.6296334910993,308.1519704748847,60.85617215397536,93.3320394925637,19.079182838414418
242,7,77.6296334910993,308.1519704748847,57.60933303049503,133.6264748431273,16.547773816778427
242,8,77.6296334910993,308.1519704748847,67.26808576791223,193.83033562989593,14.061157152143183
242,9,77.6296334910993,308.1519704748847,37.034772770518884,246.55796577121177,11.611573312671783
242,10,77.6296334910993,308.1519704748847,95.45097270544417,258.93657652111034,12.980022195726972
242,11,77.6296334910993,308.1519704748847,47.246989196399255,322.5994391411801,16.00646187884706
243,0,292.0631489540193,218.99192199131932,70.55343339305125,298.25793914782776,19.366989170530758
243,1,292.0631489540193,218.99192199131932,55.98703580810589,215.30833631879835,24.574737991640827
243,2,292.0631489540193,218.99192199131932,82.52632295626682,306.89368592649976,27.166334864622407
243,3,292.0631489540193,218.99192199131932,64.5638719842859,172.82527007000775,27.991408079026925
243,4,292.0631489540193,218.99192199131932,63.60425606416003,129.39350311653627,26.143711091238817
243,5,292.0631489540193,218.99192199131932,31.898280730586347,78.60378426562254,23.533584764570936
243,6,292.0631489540193,218.99192199131932,81.11822058141048,72.68161950473224,19.539577932638874
243,7,292.0631489540193,218.99192199131932,79.5604443440527,118.02031874738276,15.829945484443009
243,8,292.0631489540193,218.99192199131932,56.480055934312375,240.14998432466967,12.304088098226073
243,9,292.0631489540193,218.99192199131932,65.24690482060024,205.63432535206567,11.19484267944312
243,10,292.0631489540193,218.99192199131932,53.48717716005087,267.0434644321555,12.569046139275306
243,11,292.0631489540193,218.99192199131932,84.99613858111613,285.5411228585085,15.737024519919144
244,0,99.48246639900847,365.3660645884188,36.61358598172479,255.1222814498712,19.931013673539482
244,1,99.48246639900847,365.3660645884188,45.88216364305975,269.33949221862747,25.137722152510587
244,2,99.48246639900847,365.3660645884188,72.43375314558871,264.9357330777173,26.288270916330664
244,3,99.48246639900847,365.3660645884188,78.15178507246543,205.63726429915843,26.746655390878857
244,4,99.48246639900847,365.3660645884188,56.36685412719109,77.32144756554727,27.777324033466474
244,5,99.48246639900847,365.3660645884188,60.614684780702554,84.25778356373385,24.92176594104614
244,6,99.48246639900847,365.3660645884188,57.86543931762264,91.83435418315902,20.39023994513781
244,7,99.48246639900847,365.3660645884188,64.25225129198891,104.66416210326547,15.13573247894643
244,8,99.48246639900847,365.3660645884188,59.17064957648576,204.3254407642929,12.906030814468489
244,9,99.48246639900847,365.3660645884188,34.532209614836646,271.82549363482616,12.793375573702438
244,10,99.48246639900847,365.3660645884188,30.869753704160715,374.10544456045596,12.907270409938857
244,11,99.48246639900847,365.3660645884188,52.61230642227008,236.2005111830142,15.622610039481433
245,0,233.4906163541668,375.3020636412132,54.613929418610915,262.78403011313765,20.410948178406215
245,1,233.4906163541668,375.3020636412132,56.96522009589553,262.87608784908133,23.73374221405804
245,2,233.4906163541668,375.3020636412132,45.853525891763894,300.9507667130754,28.86796010437473
245,3,233.4906163541668,375.3020636412132,53.84326779456316,200.2939370357573,29.920845668755582
245,4,233.4906163541668,375.3020636412132,50.79213666788428,89.22714135328873,26.407844959718744
245,5,233.4906163541668,375.3020636412132,41.53112003171054,92.12598358404891,23.058636007528463
245,6,233.4906163541668,375.3020636412132,116.46773364655232,103.60563150460085,22.289010079192668
245,7,233.4906163541668,375.3020636412132,55.84766615960212,114.71207557704568,17.94260353616278
245,8,233.4906163541668,375.3020636412132,58.784604951088156,175.1808714345351,13.966039546674349
245,9,233.4906163541668,375.3020636412132,69.89437907669586,222.53119186363634,12.445683075872573
245,10,233.4906163541668,375.3020636412132,50.75936042846879,388.72754314649364,13.191748829581046
245,11,233.4906163541668,375.3020636412132,57.975930656232975,219.51138258825418,15.35057686789693
246,0,190.48478758543223,260.7205504089088,55.13603257920757,230.0006654322241,20.605982786266377
246,1,190.48478758543223,260.7205504089088,64.46089927404094,253.62837788195708,23.183653813818164
246,2,190.48478758543223,260.7205504089088,78.68307751503875,229.0188994438634,26.96080726541001
246,3,190.48478758543223,260.7205504089088,50.678301577502324,156.40805133701193,27.66824235565228
246,4,190.48478758543223,260.7205504089088,44.39363305732931,110.04313775976944,27.514813025897798
246,5,190.48478758543223,260.7205504089088,69.15993196630242,92.84457411303404,25.094172284103983
246,6,190.48478758543223,260.7205504089088,52.27524165749669,120.74142345491484,19.63909316900566
246,7,190.48478758543223,260.7205504089088,71.01674994020242,143.7956289479685,15.298454303231333
246,8,190.48478758543223,260.7205504089088,58.8383509568009,201.8727847948371,15.492285765226779
246,9,190.48478758543223,260.7205504089088,64.27377198528917,243.78918214654436,11.659773193526057
246,10,190.48478758543223,260.7205504089088,84.69986233828182,313.67624555161376,14.138096907610924
246,11,190.48478758543223,260.7205504089088,17.91294512480208,276.67808294027583,16.49497453329143
247,0,233.66707080377034,295.3097062518627,45.839064446900714,252.4680890363772,20.207324376316915
247,1,233.66707080377034,295.3097062518627,43.02530817291711,273.5976181040281,24.076700706100493
247,2,233.66707080377034,295.3097062518627,99.25830286720416,242.2376960114861,27.42297314563941
247,3,233.66707080377034,295.3097062518627,82.4471159812232,218.50879648255997,28.272156684923253
247,4,233.66707080377034,295.3097062518627,99.84140144158042,109.03893379801335,26.742814188442306
247,5,233.66707080377034,295.3097062518627,44.130622107657885,86.28300299968251,25.473445284101633
247,6,233.66707080377034,295.3097062518627,71.57339916155698,73.96240906349855,20.222523533570115
247,7,233.66707080377034,295.3097062518627,0.0,150.67445210398802,15.489900144937042
247,8,233.66707080377034,295.3097062518627,59.82316190411738,157.4654297081577,12.183182774617705
247,9,233.66707080377034,295.3097062518627,41.39553464891911,254.7955794234486,11.417835056584563
247,10,233.66707080377034,295.3097062518627,61.898814184739635,248.65747809520855,12.694211826909923
247,11,233.66707080377034,295.3097062518627,87.42130477826524,260.44043461624096,14.045260612731788
248,0,304.7646657442497,185.75052182049583,41.04280840412896,277.808582891591,19.37476839211136
248,1,304.7646657442497,185.75052182049583,40.680673304515395,229.77859159710772,25.767175827976825
248,2,304.7646657442497,185.75052182049583,38.52216199143435,222.03030610843928,25.087857820539234
248,3,304.7646657442497,185.75052182049583,65.35287702310744,191.52844648976927,27.489275579878733
248,4,304.7646657442497,185.75052182049583,24.96864453678854,98.80420180966897,27.475737565967123
248,5,304.7646657442497,185.75052182049583,60.4048264916893,77.43043796039903,23.316272192089574
248,6,304.7646657442497,185.75052182049583,68.48127245147509,108.61071885177304,20.040646501661
248,7,304.7646657442497,185.75052182049583,53.04006781017169,87.40573861603059,16.14804160159973
248,8,304.7646657442497,185.75052182049583,37.80705706677815,151.34976200393973,12.435185123000167
248,9,304.7646657442497,185.75052182049583,48.591799886043525,260.5587475130321,11.353539323765467
248,10,304.7646657442497,185.75052182049583,41.80208298586702,310.01734007449244,11.838596368157654
248,11,304.7646657442497,185.75052182049583,97.64325380796552,282.04624856400056,14.735089034092411
249,0,159.82036050626493,319.4595205206255,30.269522526962067,234.13156170701095,20.779108950103588
249,1,159.82036050626493,319.4595205206255,71.85739009035129,314.58275423077845,24.120139401463096
249,2,159.82036050626493,319.4595205206255,35.59930361092627,253.30023126574065,26.204089175524516
249,3,159.82036050626493,319.4595205206255,42.27610939599005,209.353961937246,28.78200543381576
249,4,159.82036050626493,319.4595205206255,51.72823538123163,70.45879866611868,28.25300624279987
249,5,159.82036050626493,319.4595205206255,68.22191181929496,82.37601453185076,24.19637746316685
249,6,159.82036050626493,319.4595205206255,72.57194947480937,100.34361970282288,21.50151803846893
249,7,159.82036050626493,319.4595205206255,32.89662745167698,141.11490426978656,15.633901186634118
249,8,159.82036050626493,319.4595205206255,51.89293972392346,143.59913400985477,12.259798966298995
249,9,159.82036050626493,319.4595205206255,64.03975475350232,184.19673638623482,10.849307751859081
249,10,159.82036050626493,319.4595205206255,64.51461382313813,286.7996287348436,11.434811511561037
249,11,159.82036050626493,319.4595205206255,64.669332645386,303.59253201383723,17.434427375136014
250,0,127.14526248391421,306.1023147658115,97.70409848343834,233.01450387872913,19.012059130332943
250,1,127.14526248391421,306.1023147658115,66.06908100203552,282.0541339208747,25.108101866418437
250,2,127.14526248391421,306.1023147658115,39.95219262471664,266.0028263529857,28.068603418368888
250,3,127.14526248391421,306.1023147658115,51.67391853919015,190.52925975590955,26.924520435829745
250,4,127.14526248391421,306.1023147658115,40.99491856295519,71.17676356254233,27.535220343806863
250,5,127.14526248391421,306.1023147658115,83.89878289920378,117.00466396937581,23.020024037154375
250,6,127.14526248391421,306.1023147658115,60.0287402458918,122.90324966911703,18.158359339985026
250,7,127.14526248391421,306.1023147658115,58.43449348899465,164.06389949645592,15.707809174842787
250,8,127.14526248391421,306.1023147658115,43.54566348273361,173.30762027921628,13.498051595080033
250,9,127.14526248391421,306.1023147658115,49.123415905251356,312.52301227386835,10.45777593720525
250,10,127.14526248391421,306.1023147658115,32.20937965603111,270.0656146233034,13.678965530247975
250,11,127.14526248391421,306.1023147658115,50.25966013915741,221.62868301230483,16.902856946687344
251,0,171.62709248848586,385.167804624198,44.711445786446845,293.60364118885997,20.301178633916866
251,1,171.62709248848586,385.167804624198,77.36698186309214,270.12907426791594,25.200359095297113
251,2,171.62709248848586,385.167804624198,72.11385170904295,213.47821176560754,27.80501256257839
251,3,171.62709248848586,385.167804624198,67.65252046702733,162.80270914121834,27.488294839294365
251,4,171.62709248848586,385.167804624198,100.52157048101279,79.16449300990486,26.724523418555968
251,5,171.62709248848586,385.167804624198,42.09218021381843,79.56813567188607,23.7923868925641
251,6,171.62709248848586,385.167804624198,61.7021973077966,95.6810258820885,19.99393660735416
251,7,171.62709248848586,385.167804624198,71.55350909465271,121.67470007049205,15.672966632103657
251,8,171.62709248848586,385.167804624198,61.4622479852251,226.43789075640646,14.96189460041897
251,9,171.62709248848586,385.167804624198,73.11987990236419,142.27609079299347,11.227184460985843
251,10,171.62709248848586,385.167804624198,32.02298067504033,212.37340093203622,11.734791296160198
251,11,171.62709248848586,385.167804624198,55.12860837186743,271.5489328527839,15.852980479872118
252,0,232.32527052686598,341.0429059016954,34.02926628254515,293.03744659217205,19.159013458260564
252,1,232.32527052686598,341.0429059016954,62.346778364981894,291.8323269193828,24.68751794787772
252,2,232.32527052686598,341.0429059016954,80.25415381151711,215.5537822547791,27.693602072989375
252,3,232.32527052686598,341.0429059016954,59.77218391421284,152.0790501451294,28.075389432901456
252,4,232.32527052686598,341.0429059016954,50.250892162894594,88.04960345757603,26.662663579664144
252,5,232.32527052686598,341.0429059016954,38.400274235647544,95.49053262473223,25.010907949800174
252,6,232.32527052686598,341.0429059016954,55.97499990691857,86.77730912247775,19.173439789026084
252,7,232.32527052686598,341.0429059016954,80.79942228050734,109.39737670586673,14.703167080196092
252,8,232.32527052686598,341.0429059016954,43.51705619985536,201.331608359779,14.6756447965728
252,9,232.32527052686598,341.0429059016954,37.84910288919773,261.703192668479,12.390234573988113
252,10,232.32527052686598,341.0429059016954,65.13864019648533,316.00005383970176,15.168254706114574
252,11,232.32527052686598,341.0429059016954,52.198172075583024,307.7162703649479,16.46887505790724
253,0,272.4625984381947,397.9994282511043,64.67058813293302,313.9075151637286,20.24135860605223
253,1,272.4625984381947,397.9994282511043,59.452317830852785,286.7888153474477,23.545460735775087
253,2,272.4625984381947,397.9994282511043,58.56031259677916,264.96004289424354,26.490862456476332
253,3,272.4625984381947,397.9994282511043,41.941046719718614,171.64693945756977,29.123357446426144
253,4,272.4625984381947,397.9994282511043,40.17439294823917,98.12882918926786,26.643552880711916
253,5,272.4625984381947,397.9994282511043,47.66836278063916,79.45983304725438,23.970294394434507
253,6,272.4625984381947,397.9994282511043,97.82901741995221,122.55428770830015,19.22836464729427
253,7,272.4625984381947,397.9994282511043,43.64404843523434,103.17571274928697,16.072574223786706
253,8,272.4625984381947,397.9994282511043,38.622528829447575,208.77849528334926,11.64199596893978
253,9,272.4625984381947,397.9994282511043,82.64431522926857,273.58956330073687,8.418929200099166
253,10,272.4625984381947,397.9994282511043,78.67936636747605,297.0049876852906,13.602118361815943
253,11,272.4625984381947,397.9994282511043,72.57046711082282,282.0984365587944,15.116032932848752
254,0,189.41804941331398,289.47690984149096,51.613043996905034,263.088333292317,19.881173152199867
254,1,189.41804941331398,289.47690984149096,84.14142533965945,292.08763878815046,22.66532827314317
254,2,189.41804941331398,289.47690984149096,57.005301332872364,289.19725253521995,29.393096932113636
254,3,189.41804941331398,289.47690984149096,58.08516568415608,168.8322701669892,30.35342538318183
254,4,189.41804941331398,289.47690984149096,88.76308172258575,77.73952762657326,27.76885574291418
254,5,189.41804941331398,289.47690984149096,90.55675063462861,79.388850403231,24.612822884108535
254,6,189.41804941331398,289.47690984149096,57.443891633491184,89.86886291511654,19.43441426976709
254,7,189.41804941331398,289.47690984149096,91.27722492658924,134.55578226137948,14.724061679696483
254,8,189.41804941331398,289.47690984149096,55.84671177017657,172.1158509876704,14.4052509802777
254,9,189.41804941331398,289.47690984149096,54.080497718780556,259.5896050595851,11.76632726814159
254,10,189.41804941331398,289.47690984149096,23.521023521638554,336.1669210910904,11.526789723623832
254,11,189.41804941331398,289.47690984149096,75.58076386883636,295.1939580201029,16.77342975899122
255,0,192.1475616948393,317.5750222716665,86.6272224754056,242.40241382042083,20.51943037910883
255,1,192.1475616948393,317.5750222716665,24.939615434890257,250.28441888739837,22.251738680958702
255,2,192.1475616948393,317.5750222716665,42.19801540053527,294.3191418951778,27.224271196608825
255,3,192.1475616948393,317.5750222716665,66.25610014745557,201.05861443192302,28.820154248438797
255,4,192.1475616948393,317.5750222716665,71.14905038779078,94.90880564406456,26.928694028116794
255,5,192.1475616948393,317.5750222716665,95.82672538874576,69.89784660669736,24.112423680650846
255,6,192.1475616948393,317.5750222716665,56.88958015817566,117.68266305465858,18.997895474714014
255,7,192.1475616948393,317.5750222716665,70.65397681286578,152.7840970421363,16.002338234548596
255,8,192.1475616948393,317.5750222716665,96.13614929725622,149.0546268511277,11.934956833544373
255,9,192.1475616948393,317.5750222716665,77.41887678196674,259.815888352664,13.835421692274771
255,10,192.1475616948393,317.5750222716665,54.4581573847308,303.7218514223248,12.447909159117929
255,11,192.1475616948393,317.5750222716665,39.868848928386015,269.34067048162797,16.464298686349213
256,0,426.86779776363426,287.1086871130579,69.67179115326164,262.8589830296446,20.986457566757753
256,1,426.86779776363426,287.1086871130579,37.53341157531119,365.119903199353,23.67273855653351
256,2,426.86779776363426,287.1086871130579,65.44543078579164,284.52037120497613,26.167617849722888
256,3,426.86779776363426,287.1086871130579,52.61364099393094,181.95939039329113,26.977940796338856
256,4,426.86779776363426,287.1086871130579,47.948653636689684,81.11953680729881,27.134992452266953
256,5,426.86779776363426,287.1086871130579,60.39915236999746,92.6791191974652,24.007360170754186
256,6,426.86779776363426,287.1086871130579,62.312754239800555,94.29447295455819,20.54164550818264
256,7,426.86779776363426,287.1086871130579,29.75628905666821,103.62317046453377,15.16498196763787
256,8,426.86779776363426,287.1086871130579,65.43823577047756,231.0640962536107,13.86438709372825
256,9,426.86779776363426,287.1086871130579,14.265075584577119,238.38531114990104,11.12679889709772
256,10,426.86779776363426,287.1086871130579,80.04548859226125,294.58713151986126,12.134028704785386
256,11,426.86779776363426,287.1086871130579,18.74447681244105,251.72010920418404,17.165137730787187
257,0,295.82530429994716,302.0589369054744,74.33767376250661,284.5017970332637,19.88953944203579
257,1,295.82530429994716,302.0589369054744,37.23295529162469,272.62819440431076,24.447724944817768
257,2,295.82530429994716,302.0589369054744,23.366522934108694,311.2882201330331,26.63641361216952
257,3,295.82530429994716,302.0589369054744,35.221556376499024,164.82551685017756,30.9682186426148
257,4,295.82530429994716,302.0589369054744,84.26703029742188,105.1887035042951,27.370379789890602
257,5,295.82530429994716,302.0589369054744,57.27334666949473,101.81428421691356,25.07543281753792
257,6,295.82530429994716,302.0589369054744,52.64353090034264,104.31150326127172,20.579286195882506
257,7,295.82530429994716,302.0589369054744,81.76882761980505,176.85113410704997,14.929529738491407
257,8,295.82530429994716,302.0589369054744,81.91088795964207,233.93437788318573,14.478056232901888
257,9,295.82530429994716,302.0589369054744,122.86916045442396,242.5911390750059,11.009022386622918
257,10,295.82530429994716,302.0589369054744,47.18206649636166,291.65710286392664,12.346068937016415
257,11,295.82530429994716,302.0589369054744,112.90241867914608,259.80584822454125,17.925284998326124
258,0,134.09801416943253,249.24810873975758,94.43324604261494,237.22897938287284,19.360198477189446
258,1,134.09801416943253,249.24810873975758,66.75316716341969,247.4226692898366,26.26146597373714
258,2,134.09801416943253,249.24810873975758,85.43656169474723,243.64589367211926,26.944966720445862
258,3,134.09801416943253,249.24810873975758,30.063344285811297,167.9723185406594,26.209782036827555
258,4,134.09801416943253,249.24810873975758,46.800020945808214,86.29463463029218,26.799815108065978
258,5,134.09801416943253,249.24810873975758,86.99039419806294,88.42375549450139,22.99407161049581
258,6,134.09801416943253,249.24810873975758,57.170497488298416,104.53477598980983,21.491956424714676
258,7,134.09801416943253,249.24810873975758,41.94572079169053,120.17633205078904,16.0985514902595
258,8,134.09801416943253,249.24810873975758,73.66431498893846,206.17349630623644,13.652995191049735
258,9,134.09801416943253,249.24810873975758,83.69148917632191,282.39816618005085,11.25778840422697
258,10,134.09801416943253,249.24810873975758,72.20959475096808,288.9630624285988,15.24201550260965
258,11,134.09801416943253,249.24810873975758,102.71280250982267,297.4094288593643,17.777031930897397
259,0,175.75664649749274,292.4321439178133,51.04605745825488,244.7010343295482,19.546985104307556
259,1,175.75664649749274,292.4321439178133,49.50926494773785,257.74907335661635,24.265491773313684
259,2,175.75664649749274,292.4321439178133,63.6464350193423,183.87814958104076,26.21704557541325
259,3,175.75664649749274,292.4321439178133,19.832705927421912,186.57472249569847,26.666085951403215
259,4,175.75664649749274,292.4321439178133,56.5589194300605,101.78048492203385,25.980288912315753
259,5,175.75664649749274,292.4321439178133,47.99652770335269,81.88907465123877,25.074327379021334
259,6,175.75664649749274,292.4321439178133,53.36660462393533,90.0202243773841,18.8202998458143
259,7,175.75664649749274,292.4321439178133,79.29261473611095,128.18294591905956,17.630469809397955
259,8,175.75664649749274,292.4321439178133,64.54528835030264,196.8724534013703,12.585415329642538
259,9,175.75664649749274,292.4321439178133,66.08709626528727,204.69083739648485,12.93922458579337
259,10,175.75664649749274,292.4321439178133,50.54398172366653,229.42327563681118,12.203190744049762
259,11,175.75664649749274,292.4321439178133,42.43945032373084,260.72727413802596,15.787614723947913
260,0,257.23897345977025,254.29013675518485,36.97003392220091,242.38133450281686,19.080085361093055
260,1,257.23897345977025,254.29013675518485,31.229788354557332,340.2277680409195,24.902458313787484
260,2,257.23897345977025,254.29013675518485,118.86583098525418,355.75153112081495,26.045976640942975
260,3,257.23897345977025,254.29013675518485,71.41311945233946,158.97192179213727,27.630590214236733
260,4,257.23897345977025,254.29013675518485,67.30770051641123,116.13044135052952,27.04387655217716
260,5,257.23897345977025,254.29013675518485,65.95051296666395,73.60372209603362,23.079345283460352
260,6,257.23897345977025,254.29013675518485,73.52295565492521,92.49377070355655,20.608239827692433
260,7,257.23897345977025,254.29013675518485,91.21227840424412,122.80604340588324,16.372060146565033
260,8,257.23897345977025,254.29013675518485,89.59133266327584,261.7392449146808,11.22068384176061
260,9,257.23897345977025,254.29013675518485,49.69404621498723,287.00056494838685,10.267057136687873
260,10,257.23897345977025,254.29013675518485,65.09652249823462,252.18930601276614,13.834331025711483
260,11,257.23897345977025,254.29013675518485,67.68875033029212,290.8201234135734,16.16218604354536
261,0,427.7762456938612,388.15716759861857,47.193714975254665,243.93973474695454,19.880017121078332
261,1,427.7762456938612,388.15716759861857,44.3608905821258,344.3765342430156,24.197133992058877
261,2,427.7762456938612,388.15716759861857,22.69206036247128,303.9396053996985,27.370669033297656
261,3,427.7762456938612,388.15716759861857,114.2726352956443,159.886272316688,27.692362538252876
261,4,427.7762456938612,388.15716759861857,69.80021392878191,109.14728817887003,27.21285992495521
261,5,427.7762456938612,388.15716759861857,22.63121767117491,85.55467093749303,23.716107174663254
261,6,427.7762456938612,388.15716759861857,69.25143650162491,102.82117265691382,19.37816344750238
261,7,427.7762456938612,388.15716759861857,0.0,99.91156994136573,14.577688001376265
261,8,427.7762456938612,388.15716759861857,28.061158679692497,220.74171001981665,12.413634624661443
261,9,427.7762456938612,388.15716759861857,61.43007924065471,289.9758293116057,11.877833961294634
261,10,427.7762456938612,388.15716759861857,37.50909495902499,377.6715415837591,12.802724793944595
261,11,427.7762456938612,388.15716759861857,45.864764289339085,318.9084964531359,15.15929126465652
262,0,231.25338342959105,332.50035788964533,71.63658976066486,248.28941304575824,18.812258998820795
262,1,231.25338342959105,332.50035788964533,76.03061613968298,291.2151941636194,25.402953965910214
262,2,231.25338342959105,332.50035788964533,40.08278327604404,241.43376212371683,27.88386693021326
262,3,231.25338342959105,332.50035788964533,72.29799361261813,175.50861956695422,28.23140094064099
262,4,231.25338342959105,332.50035788964533,51.32866429471877,93.23821927711928,25.944843163505976
262,5,231.25338342959105,332.50035788964533,47.97515464073982,77.06506517290607,24.736791139002346
262,6,231.25338342959105,332.50035788964533,76.44828498232692,94.50208501557017,20.63020110580572
262,7,231.25338342959105,332.50035788964533,64.51451357111175,110.76970717601797,17.643158464149074
262,8,231.25338342959105,332.50035788964533,57.49210318685934,198.71674024044475,14.77416342254813
262,9,231.25338342959105,332.50035788964533,58.62518153264549,252.78278729480985,10.581625889072024
262,10,231.25338342959105,332.50035788964533,65.92372068262584,253.4841517728719,12.817299935625623
262,11,231.25338342959105,332.50035788964533,70.26344477730001,247.68842710159527,14.910201242887046
263,0,174.79112071510679,314.4761934024143,75.92144243529228,277.93180219263036,17.878816200467465
263,1,174.79112071510679,314.4761934024143,37.220840536623385,286.4921523236198,23.509124838189205
263,2,174.79112071510679,314.4761934024143,70.58314796371297,231.30395048453562,24.728692348508442
263,3,174.79112071510679,314.4761934024143,81.55405569332521,184.43922728842625,27.51706984079718
263,4,174.79112071510679,314.4761934024143,73.87404152414467,123.55446263884477,26.935725898142184
263,5,174.79112071510679,314.4761934024143,28.460479056284797,93.40853322216653,23.1831887540684
263,6,174.79112071510679,314.4761934024143,63.98391089499309,82.84574962599123,18.67865070216117
263,7,174.79112071510679,314.4761934024143,50.319024545731594,113.88826718102077,14.041948321176484
263,8,174.79112071510679,314.4761934024143,59.23445375943782,217.27390174319817,12.887817611529028
263,9,174.79112071510679,314.4761934024143,20.714036427663082,271.64047966115726,13.066568588417674
263,10,174.79112071510679,314.4761934024143,80.26138274042708,234.4968031077307,11.91020189101358
263,11,174.79112071510679,314.4761934024143,63.70559987241139,230.85917238600985,16.08340901806145
264,0,268.5770915683735,268.94447386685255,33.67735858418672,247.08013565054898,19.530932373726035
264,1,268.5770915683735,268.94447386685255,84.25892976755735,293.4615342557825,22.915779233091328
264,2,268.5770915683735,268.94447386685255,59.672934840441584,210.3670684114023,26.187890535265367
264,3,268.5770915683735,268.94447386685255,61.94851612402075,156.56791033731014,27.989339658116076
264,4,268.5770915683735,268.94447386685255,88.76919911000189,72.59863173119521,27.775462955922514
264,5,268.5770915683735,268.94447386685255,68.81396819266446,98.66288630986706,25.208302318969654
264,6,268.5770915683735,268.94447386685255,84.70798087430991,107.6577707009387,20.886651522820195
264,7,268.5770915683735,268.94447386685255,63.21179599133154,151.13039207969902,16.24679025436212
264,8,268.5770915683735,268.94447386685255,45.30692953001431,197.41889508870324,11.579866777417928
264,9,268.5770915683735,268.94447386685255,53.98920870356898,314.1776191250447,14.67744186516296
264,10,268.5770915683735,268.94447386685255,39.684420420920034,264.03527043690895,11.5514881298189
264,11,268.5770915683735,268.94447386685255,54.05734864261823,281.21280976349186,15.17223011456605
265,0,271.8364316747908,384.23379544478144,42.461742839581476,300.89373875821985,18.229892038070414
265,1,271.8364316747908,384.23379544478144,38.668436462028275,287.1999360706738,22.193024552451273
265,2,271.8364316747908,384.23379544478144,65.65048394335699,225.93433144939758,28.526439827913254
265,3,271.8364316747908,384.23379544478144,64.21746824088163,155.4916152874804,28.876668358502968
265,4,271.8364316747908,384.23379544478144,49.81838393470854,115.62313793603978,27.030268780564604
265,5,271.8364316747908,384.23379544478144,82.30738858648476,77.16886017250059,24.02933388591643
265,6,271.8364316747908,384.23379544478144,42.811268095575585,90.01252144776464,20.314120493000768
265,7,271.8364316747908,384.23379544478144,78.58066395034521,117.48468532645116,12.499363787863565
265,8,271.8364316747908,384.23379544478144,26.756788914555308,203.77188554573823,14.214004223184777
265,9,271.8364316747908,384.23379544478144,69.43651146633778,235.66138904808653,10.532982838889636
265,10,271.8364316747908,384.23379544478144,45.17597289110936,261.44583733049194,12.530535046859333
265,11,271.8364316747908,384.23379544478144,53.08865050179248,220.81399070315487,17.22873052554055
266,0,207.55904044224943,310.2724510799666,76.17912314244865,227.52418761480072,17.786878035908448
266,1,207.55904044224943,310.2724510799666,38.345385214906976,268.1767448532994,24.450403140461454
266,2,207.55904044224943,310.2724510799666,93.60194313594194,205.13697759637057,27.150831186479017
266,3,207.55904044224943,310.2724510799666,65.34769501250962,177.76706699362924,28.556603178896957
266,4,207.55904044224943,310.2724510799666,76.73178260676056,102.58857580759124,27.637150578209816
266,5,207.55904044224943,310.2724510799666,45.09272515340593,79.3013087968102,24.37305037583924
266,6,207.55904044224943,310.2724510799666,79.8634582115082,109.20252195797661,20.880475497406493
266,7,207.55904044224943,310.2724510799666,40.51971345901299,121.7778483755481,17.55219836173138
266,8,207.55904044224943,310.2724510799666,25.962432484127802,163.6888553352884,13.635127998410068
266,9,207.55904044224943,310.2724510799666,39.54357938294468,245.51058228517124,11.730105267504397
266,10,207.55904044224943,310.2724510799666,69.04850293297382,372.40905304057185,12.734338462960247
266,11,207.55904044224943,310.2724510799666,21.651124121505937,285.7772184957883,18.306865217128035
267,0,314.33798691557655,343.65749244542735,44.102748911787764,170.62772622385663,20.833598915144503
267,1,314.33798691557655,343.65749244542735,86.76109244039466,223.32201571051792,23.819376222308442
267,2,314.33798691557655,343.65749244542735,38.35507560564516,233.49542403807789,26.061952312230197
267,3,314.33798691557655,343.65749244542735,34.099438282393635,104.81164044463024,29.66894814407719
267,4,314.33798691557655,343.65749244542735,89.54435230375955,88.34580146810502,26.559397607118118
267,5,314.33798691557655,343.65749244542735,91.27330511634952,55.24077825078533,23.685573912902473
267,6,314.33798691557655,343.65749244542735,74.70902269695952,105.37351743304359,20.70719983089603
267,7,314.33798691557655,343.65749244542735,50.29599796348546,129.94512945457498,16.340323515422845
267,8,314.33798691557655,343.65749244542735,88.33845669368725,252.47547803416342,12.717946408242135
267,9,314.33798691557655,343.65749244542735,81.14002755927032,235.16759303681192,11.499864725308761
267,10,314.33798691557655,343.65749244542735,76.02402579483288,273.92519179859016,12.936392849547815
267,11,314.33798691557655,343.65749244542735,83.38199819289153,293.5321015506949,17.011242091741554
268,0,129.5745872821076,263.38897567590874,77.3057598003947,213.9309692744599,18.747539785055057
268,1,129.5745872821076,263.38897567590874,55.277568954540804,349.6432207187085,24.469109190233983
268,2,129.5745872821076,263.38897567590874,40.65885996901871,303.71980892808756,27.086154656255786
268,3,129.5745872821076,263.38897567590874,81.37382939151202,187.68724423186677,29.368076956190233
268,4,129.5745872821076,263.38897567590874,73.10188734573428,67.12517872889295,24.59361739481827
268,5,129.5745872821076,263.38897567590874,35.65976416526202,83.64474530281674,23.69369670117397
268,6,129.5745872821076,263.38897567590874,75.7281369326332,119.11549157576187,17.23018188045202
268,7,129.5745872821076,263.38897567590874,59.30176649340137,132.43713813372764,14.455701322571684
268,8,129.5745872821076,263.38897567590874,35.896587269149165,238.40029651688107,12.536143559723033
268,9,129.5745872821076,263.38897567590874,80.76776067019937,279.43229387358593,13.234508894748515
268,10,129.5745872821076,263.38897567590874,76.62394533293933,268.03192391354406,13.065023604621102
268,11,129.5745872821076,263.38897567590874,52.601533020724524,250.21412903562816,17.217913259311974
269,0,265.77055740483854,325.42582104324714,61.55068279121505,312.26985778240123,19.96032774852799
269,1,265.77055740483854,325.42582104324714,52.026239101717465,276.41482176258296,22.946176562218355
269,2,265.77055740483854,325.42582104324714,39.59868928965727,209.9380395668836,28.1323948364993
269,3,265.77055740483854,325.42582104324714,46.520696341637034,159.3355102350336,28.62014354257723
269,4,265.77055740483854,325.42582104324714,84.09779558154673,115.98914759430808,25.954524327173836
269,5,265.77055740483854,325.42582104324714,78.14443223416207,70.15069816307953,24.16602837274876
269,6,265.77055740483854,325.42582104324714,75.75185024062294,87.41390816287624,18.272996969618156
269,7,265.77055740483854,325.42582104324714,66.92145864056138,148.82105195489308,16.114543842243354
269,8,265.77055740483854,325.42582104324714,52.29411421068494,252.2244689743828,13.753223263466639
269,9,265.77055740483854,325.42582104324714,71.49130460697515,189.12377931299395,10.418108212111163
269,10,265.77055740483854,325.42582104324714,63.78228091073887,278.00260459324295,14.113087363303508
269,11,265.77055740483854,325.42582104324714,46.30669928471739,257.94268630836416,17.773234283136404
270,0,158.12637341705675,246.79243728882872,52.0330904412906,266.2859357541159,19.701960673816846
270,1,158.12637341705675,246.79243728882872,38.25261753193921,304.7957630306736,25.67165089983231
270,2,158.12637341705675,246.79243728882872,61.974457449895894,248.9243767797444,24.470696114236222
270,3,158.12637341705675,246.79243728882872,48.881498293539266,145.61886289754054,27.282194781376376
270,4,158.12637341705675,246.79243728882872,72.95111494179477,113.72618523716402,26.057565191979677
270,5,158.12637341705675,246.79243728882872,87.06260567856205,80.61499893276778,24.52649522179773
270,6,158.12637341705675,246.79243728882872,36.9373899370115,110.49279988834111,19.9597454447375
270,7,158.12637341705675,246.79243728882872,75.32980894054565,129.08642905322105,15.5950879902369
270,8,158.12637341705675,246.79243728882872,65.69770083465212,174.4044508751185,13.449074401904804
270,9,158.12637341705675,246.79243728882872,65.26194751948674,315.8690908249505,12.385668271075147
270,10,158.12637341705675,246.79243728882872,37.57268360300833,270.0178120007958,12.383921788509735
270,11,158.12637341705675,246.79243728882872,39.45497436430691,245.6615833955892,14.52332938063794
271,0,280.2696668342096,249.3441748434365,66.577867029478,286.7708034633817,21.929104069377328
271,1,280.2696668342096,249.3441748434365,63.92550128900634,243.11761411772108,23.276504674723256
271,2,280.2696668342096,249.3441748434365,82.21442700571916,270.845067490686,28.343456851198404
271,3,280.2696668342096,249.3441748434365,58.612742896312106,191.3068618165942,26.773358331771423
271,4,280.2696668342096,249.3441748434365,54.89592982750554,125.63092616937932,26.375897296902334
271,5,280.2696668342096,249.3441748434365,55.561629583408504,115.14404865314282,25.280913327622237
271,6,280.2696668342096,249.3441748434365,98.98451325151325,112.22133612097234,19.380976736996914
271,7,280.2696668342096,249.3441748434365,86.56816008919385,97.59738151295211,18.07054331997029
271,8,280.2696668342096,249.3441748434365,97.16945859912168,285.87020007219854,11.1576480541193
271,9,280.2696668342096,249.3441748434365,75.74534907692612,226.4204531467484,9.82274497156874
271,10,280.2696668342096,249.3441748434365,92.45410479601384,319.13074647273675,12.762987395089052
271,11,280.2696668342096,249.3441748434365,42.086868829838956,239.61718263499372,16.80852000852769
272,0,339.11442285914194,256.1295583146616,16.470664145965955,245.06851686602533,20.5883905940573
272,1,339.11442285914194,256.1295583146616,82.87164602799878,266.9216454921446,23.476784676235138
272,2,339.11442285914194,256.1295583146616,2.188318433676777,260.1986875627684,27.19209157656701
272,3,339.11442285914194,256.1295583146616,65.23457321108756,152.1885663909923,27.136195603750917
272,4,339.11442285914194,256.1295583146616,78.143376293561,125.90455979472202,25.27065020515786
272,5,339.11442285914194,256.1295583146616,87.89440040715556,111.33454224196426,24.331358467380422
272,6,339.11442285914194,256.1295583146616,42.28286128405364,77.24983407497254,18.65695346391522
272,7,339.11442285914194,256.1295583146616,46.08777294683057,117.87887733391015,18.04581628376778
272,8,339.11442285914194,256.1295583146616,67.66804026451491,231.6217806864616,12.866029460337584
272,9,339.11442285914194,256.1295583146616,76.09511689722174,265.5238672896388,12.779989941421025
272,10,339.11442285914194,256.1295583146616,34.92436244123922,276.5423583961976,11.738981174249922
272,11,339.11442285914194,256.1295583146616,69.2455528542366,242.97707398339256,17.85435573296878
273,0,342.9653717623032,432.6336536722816,39.27630226531982,272.97803438636095,20.757166367377046
273,1,342.9653717623032,432.6336536722816,69.81455671647024,206.76056081933237,24.18162752081401
273,2,342.9653717623032,432.6336536722816,54.59803629518282,241.27034544615572,25.329873402627204
273,3,342.9653717623032,432.6336536722816,60.73483836794846,159.96325942249447,29.59412188075584
273,4,342.9653717623032,432.6336536722816,68.59335254824359,93.32067768577666,26.729088785811786
273,5,342.9653717623032,432.6336536722816,55.719985339148934,83.35282984257839,24.419664172818198
273,6,342.9653717623032,432.6336536722816,70.62474112494182,91.13365237516705,21.494239580073533
273,7,342.9653717623032,432.6336536722816,46.683631019100716,105.3243425935967,16.0808241785048
273,8,342.9653717623032,432.6336536722816,55.503159469411244,217.82376423665758,14.0355327525516
273,9,342.9653717623032,432.6336536722816,35.53385288051523,344.54826591968776,13.547496575538423
273,10,342.9653717623032,432.6336536722816,64.09072621765291,252.48538046381978,11.452983516417326
273,11,342.9653717623032,432.6336536722816,41.142327057655024,260.89082378567775,17.572123734355714
274,0,192.20940497479526,310.4972439090605,58.2177197916495,255.31515792416204,18.879993378683377
274,1,192.20940497479526,310.4972439090605,66.68259085928251,303.21469331694357,24.652976370869144
274,2,192.20940497479526,310.4972439090605,45.87162856815404,299.6955583215903,27.61081304595276
274,3,192.20940497479526,310.4972439090605,76.92331062647457,170.43176228239057,28.31504845131644
274,4,192.20940497479526,310.4972439090605,58.00123420308447,102.91426427684979,26.61955135354508
274,5,192.20940497479526,310.4972439090605,91.25600232222664,75.98971033618638,23.615283174452713
274,6,192.20940497479526,310.4972439090605,54.86047916180161,108.09861256611546,18.372076274768617
274,7,192.20940497479526,310.4972439090605,68.43156999937241,131.5289684176767,14.675059361337533
274,8,192.20940497479526,310.4972439090605,48.42686495969553,185.48722650501725,12.646471945412499
274,9,192.20940497479526,310.4972439090605,67.73437631518433,265.753775055009,13.071391699232398
274,10,192.20940497479526,310.4972439090605,93.30556082502922,213.93472628472247,12.831164061843152
274,11,192.20940497479526,310.4972439090605,57.052853121098686,222.75262076253074,15.11194841461299
275,0,267.0378416797075,415.6541871160973,0.0,222.92551497627846,21.011608505910946
275,1,267.0378416797075,415.6541871160973,53.21038105260884,321.1067691636794,24.470791007392734
275,2,267.0378416797075,415.6541871160973,44.16822222927733,210.65144454420815,26.222559512361904
275,3,267.0378416797075,415.6541871160973,53.92543328840524,207.17123182491747,27.708840535629157
275,4,267.0378416797075,415.6541871160973,114.11279399448581,92.4811669892463,25.763270929542855
275,5,267.0378416797075,415.6541871160973,62.65007188692439,73.39380938479351,24.50725197907085
275,6,267.0378416797075,415.6541871160973,63.27194877144457,76.22114300047424,18.085480210679734
275,7,267.0378416797075,415.6541871160973,68.41004078990133,125.070657485898,16.37224265268397
275,8,267.0378416797075,415.6541871160973,29.714473554748118,179.1971940590971,12.157425874362218
275,9,267.0378416797075,415.6541871160973,21.0325853485435,189.38690989256096,11.572789243826001
275,10,267.0378416797075,415.6541871160973,52.54748386779694,320.84661378565505,12.499340027551133
275,11,267.0378416797075,415.6541871160973,44.09478145775854,287.5764896954016,15.974214987257389
276,0,200.83706392009623,227.98742611823837,49.03253813693131,270.7822702127566,20.619951535920343
276,1,200.83706392009623,227.98742611823837,66.38565630034829,287.50334396489694,24.069190305511384
276,2,200.83706392009623,227.98742611823837,37.09950162911674,290.9696769017513,27.233720960967403
276,3,200.83706392009623,227.98742611823837,67.42107003386306,201.6660112112751,29.245324900228944
276,4,200.83706392009623,227.98742611823837,46.16519834909454,95.85179409430931,26.47597747249766
276,5,200.83706392009623,227.98742611823837,55.40564133096799,94.72257300105542,23.999879781277247
276,6,200.83706392009623,227.98742611823837,58.06660112872066,100.10809903984352,20.108080138646965
276,7,200.83706392009623,227.98742611823837,37.14457693320985,134.58481236761284,14.98335840691343
276,8,200.83706392009623,227.98742611823837,74.24861801021981,198.45315241118575,12.51306434407107
276,9,200.83706392009623,227.98742611823837,74.31196206433579,352.84266809836134,13.47010611900932
276,10,200.83706392009623,227.98742611823837,76.88298272026103,288.89293308289064,14.51247817284853
276,11,200.83706392009623,227.98742611823837,52.52579263819342,283.025070017194,15.709136726426578
277,0,547.5870361206405,327.707593042967,48.33763784379474,198.6875339388203,19.62920557255368
277,1,547.5870361206405,327.707593042967,58.631329296561276,307.4268944574419,22.586682502836045
277,2,547.5870361206405,327.707593042967,46.43992284642224,266.32240528882426,27.536982246611473
277,3,547.5870361206405,327.707593042967,61.26184745126252,172.38609510119346,29.07450748091443
277,4,547.5870361206405,327.707593042967,66.41044872691373,116.03852135519332,26.460714266379835
277,5,547.5870361206405,327.707593042967,55.92871780020623,85.74264132236253,22.22464953098612
277,6,547.5870361206405,327.707593042967,29.15167914052864,65.1613097394977,20.81720214032214
277,7,547.5870361206405,327.707593042967,44.793917691530005,104.99451524457447,15.358360364449378
277,8,547.5870361206405,327.707593042967,80.3581188867043,207.23385859696245,13.139047478625862
277,9,547.5870361206405,327.707593042967,44.89691162774727,295.6733375781027,12.54168242490865
277,10,547.5870361206405,327.707593042967,72.60665546334471,289.7186724992748,12.679196360083354
277,11,547.5870361206405,327.707593042967,60.56921468715798,291.6908473508166,16.001631544035543
278,0,201.83067108052467,256.532584118464,61.611836045569355,280.24909174165623,21.689714074311595
278,1,201.83067108052467,256.532584118464,56.44999351870875,251.10999348966305,24.595991906655808
278,2,201.83067108052467,256.532584118464,101.94481453597498,295.3417274136321,25.439252308660755
278,3,201.83067108052467,256.532584118464,54.69327804688481,162.12379889631973,27.60488158198907
278,4,201.83067108052467,256.532584118464,31.828196657986307,113.94004621851765,27.122073848243407
278,5,201.83067108052467,256.532584118464,101.27361323777227,74.09404376671068,22.680550596934147
278,6,201.83067108052467,256.532584118464,23.092599586386427,97.43937661048771,20.62892500017186
278,7,201.83067108052467,256.532584118464,46.40312664746896,107.69882298718554,15.90562435815463
278,8,201.83067108052467,256.532584118464,65.78063878044676,250.7806828384874,11.93488349644915
278,9,201.83067108052467,256.532584118464,68.66548871554625,237.29891947402794,11.326592854048636
278,10,201.83067108052467,256.532584118464,48.99748700687398,333.2903715790125,14.20988518714957
278,11,201.83067108052467,256.532584118464,83.38179172686577,217.87509878153156,16.092304159133683
279,0,311.0941615514987,325.5583037282282,61.5195725543293,276.97349223807873,20.57671927823752
279,1,311.0941615514987,325.5583037282282,24.478701182242958,359.6221901670128,24.75643393420399
279,2,311.0941615514987,325.5583037282282,59.67021917519935,248.59432236538905,26.225456889862663
279,3,311.0941615514987,325.5583037282282,23.317008873340697,150.70779734344762,29.07079247760942
279,4,311.0941615514987,325.5583037282282,82.5062753664005,104.280513554376,25.95210378078569
279,5,311.0941615514987,325.5583037282282,48.3554591340494,92.15562908731351,23.901291576874833
279,6,311.0941615514987,325.5583037282282,49.67789037768534,109.97678780933109,19.811389773249697
279,7,311.0941615514987,325.5583037282282,75.0669091415619,109.66471147975145,16.99126270790444
279,8,311.0941615514987,325.5583037282282,70.51691553672029,154.37427417970432,13.35754191509048
279,9,311.0941615514987,325.5583037282282,68.31618592786755,218.96104005393144,10.845045218842293
279,10,311.0941615514987,325.5583037282282,77.97101365020217,331.48030952001824,14.05202697181939
279,11,311.0941615514987,325.5583037282282,64.6797356942285,256.84790782965996,16.121516689642146
280,0,347.47618922269197,428.17924166706376,40.81708694014479,214.52242804186486,21.24364523951567
280,1,347.47618922269197,428.17924166706376,79.85923101935647,257.26500389842636,24.43485368083274
280,2,347.47618922269197,428.17924166706376,50.21036298822727,281.72994317198004,26.42308498527719
280,3,347.47618922269197,428.17924166706376,70.91842237226358,109.58775415506058,26.934705091631223
280,4,347.47618922269197,428.17924166706376,79.84547147689288,100.75372461051543,25.251689787258258
280,5,347.47618922269197,428.17924166706376,75.62268809467196,83.3883818232355,21.187740510592985
280,6,347.47618922269197,428.17924166706376,88.30063101917209,97.44840100223449,20.644018051493283
280,7,347.47618922269197,428.17924166706376,63.80639309614334,120.0786287819855,17.377439704041045
280,8,347.47618922269197,428.17924166706376,84.27774101123346,171.67600691110388,14.38439714939106
280,9,347.47618922269197,428.17924166706376,52.44585951106123,265.13052165597173,12.471685637583098
280,10,347.47618922269197,428.17924166706376,29.993414991921465,327.44163336065634,12.744876817898204
280,11,347.47618922269197,428.17924166706376,36.98707436387557,220.62518203934053,16.52809151682179
281,0,272.2495858580498,418.5769778473391,84.21777944802238,300.9466574375044,20.206672475067293
281,1,272.2495858580498,418.5769778473391,53.13468553115487,273.824253171625,24.23540315082419
281,2,272.2495858580498,418.5769778473391,59.07001473875853,252.85924455819875,28.12045920356484
281,3,272.2495858580498,418.5769778473391,59.1095127154523,211.26709672885798,28.97505305446842
281,4,272.2495858580498,418.5769778473391,95.76946900939393,104.28248803345441,26.64338289919951
281,5,272.2495858580498,418.5769778473391,95.55865426888299,83.81360619316692,23.42848366886114
281,6,272.2495858580498,418.5769778473391,59.97560420815176,68.66690383618203,20.189381894060503
281,7,272.2495858580498,418.5769778473391,43.494611771311185,115.55350331408718,16.73177831659461
281,8,272.2495858580498,418.5769778473391,55.262368633018546,181.7852716153631,13.277380346085781
281,9,272.2495858580498,418.5769778473391,43.51331704027665,299.91159121939677,12.139318503884772
281,10,272.2495858580498,418.5769778473391,73.01838507261301,362.5877114602929,12.555511261108883
281,11,272.2495858580498,418.5769778473391,80.57782922549933,315.55640759573794,17.707720819644347
282,0,145.89729675871206,234.66319813141874,54.24513542566549,250.64144270525506,20.89116950280379
282,1,145.89729675871206,234.66319813141874,55.656244029176776,297.7172582127825,23.11142132641992
282,2,145.89729675871206,234.66319813141874,100.98789150298072,278.02903571596715,27.521665132558216
282,3,145.89729675871206,234.66319813141874,49.602753843303496,183.84672636296182,27.730356269419936
282,4,145.89729675871206,234.66319813141874,93.16999950903016,98.91607245026302,26.601235625431613
282,5,145.89729675871206,234.66319813141874,85.02986593893877,85.08786012866425,24.582806699167218
282,6,145.89729675871206,234.66319813141874,77.07031544448262,84.64053365547285,20.140226746105704
282,7,145.89729675871206,234.66319813141874,52.954395672548735,115.16975190879468,15.212957405207812
282,8,145.89729675871206,234.66319813141874,52.72985808058241,172.86430094490518,12.73876227481209
282,9,145.89729675871206,234.66319813141874,91.79593906926337,245.61416411057982,11.705375165952283
282,10,145.89729675871206,234.66319813141874,83.80770421224364,303.8471561049709,14.184194342445123
282,11,145.89729675871206,234.66319813141874,76.82690343615697,321.75093343809635,15.503428442488632
283,0,170.04529118832093,359.4018559040143,41.394353335693474,203.1240805394213,20.852602660456704
283,1,170.04529118832093,359.4018559040143,70.60743010309251,195.5699460083999,24.134021038608978
283,2,170.04529118832093,359.4018559040143,47.354045924718214,286.09195045841915,26.93530320788785
283,3,170.04529118832093,359.4018559040143,22.758763881815113,199.5190411358149,27.28462428726267
283,4,170.04529118832093,359.4018559040143,39.752527011909955,96.14715834614661,27.409665647336904
283,5,170.04529118832093,359.4018559040143,86.46721211311433,76.66584707682681,24.375336261255335
283,6,170.04529118832093,359.4018559040143,43.83343257092292,90.82568468436783,19.696508629501036
283,7,170.04529118832093,359.4018559040143,76.59041738016462,153.7518574509693,15.457446600631316
283,8,170.04529118832093,359.4018559040143,79.65044719007224,186.11724173225264,12.879049877563393
283,9,170.04529118832093,359.4018559040143,60.933827065276105,297.7052022583901,11.578358292965145
283,10,170.04529118832093,359.4018559040143,67.23992093972835,265.01223181114517,14.8993160319523
283,11,170.04529118832093,359.4018559040143,54.623968936709,225.29779506231873,16.400573918266478
284,0,176.08025481042552,367.6543851685632,56.28429439477589,308.5654333309986,19.9122801672792
284,1,176.08025481042552,367.6543851685632,66.28968073772411,279.9968920258583,25.340467733515116
284,2,176.08025481042552,367.6543851685632,46.47994504886168,268.4447137646403,26.756783439505956
284,3,176.08025481042552,367.6543851685632,49.25283813024201,213.78522566353288,27.264653780801726
284,4,176.08025481042552,367.6543851685632,33.527704933682216,91.57085426013674,26.93377171454767
284,5,176.08025481042552,367.6543851685632,77.86128930029435,82.45028815069807,24.043745043184746
284,6,176.08025481042552,367.6543851685632,56.72091217670987,108.10658705190757,20.303077992875508
284,7,176.08025481042552,367.6543851685632,90.50449118425658,103.67886129954954,17.293958183759592
284,8,176.08025481042552,367.6543851685632,61.73192354149095,179.4665335867117,14.13091534201723
284,9,176.08025481042552,367.6543851685632,77.06025533607823,238.41006768581607,12.201570963577788
284,10,176.08025481042552,367.6543851685632,65.04115869933149,282.15015447977373,12.925723530623722
284,11,176.08025481042552,367.6543851685632,65.95472077130464,239.81107847203964,16.836800494323622
285,0,261.53679812786004,287.41573950487094,48.52735068803253,288.11189767074126,20.494582570666765
285,1,261.53679812786004,287.41573950487094,75.70852258890949,268.84743639113685,23.87587875337892
285,2,261.53679812786004,287.41573950487094,77.59656605011033,186.54006903246855,26.381496025745445
285,3,261.53679812786004,287.41573950487094,37.97932994328413,197.5487434822347,28.227655372513095
285,4,261.53679812786004,287.41573950487094,77.24869921244104,83.52194265920487,26.758542249128137
285,5,261.53679812786004,287.41573950487094,22.323261104240046,83.36236289609128,23.295703153994857
285,6,261.53679812786004,287.41573950487094,51.41315798256872,84.82983801991335,19.367670965525065
285,7,261.53679812786004,287.41573950487094,61.78823221486778,113.50175530662335,16.853629323901984
285,8,261.53679812786004,287.41573950487094,36.3324902430083,151.50704597855938,11.558379453053856
285,9,261.53679812786004,287.41573950487094,52.17766851858373,293.28106710829394,13.788894048579662
285,10,261.53679812786004,287.41573950487094,67.89246066080962,248.71651907075594,12.62775163858973
285,11,261.53679812786004,287.41573950487094,37.34865880219079,274.0259388003867,17.21460189657343
286,0,287.87178753217376,267.9443316720396,54.97823391174468,265.47302028876186,19.220513293728764
286,1,287.87178753217376,267.9443316720396,32.33034005612714,238.20794410334574,23.06914467502019
286,2,287.87178753217376,267.9443316720396,61.225870468049855,236.77786775642622,28.369591215597172
286,3,287.87178753217376,267.9443316720396,75.53609951085251,177.0299675969786,27.45830497952851
286,4,287.87178753217376,267.9443316720396,54.977371991756556,71.44863556967474,26.21384110776751
286,5,287.87178753217376,267.9443316720396,59.66361153936345,73.97828854255012,22.627272322452907
286,6,287.87178753217376,267.9443316720396,34.74714340790939,120.31798347903842,19.230508157856054
286,7,287.87178753217376,267.9443316720396,80.81261621858609,104.32877993752192,14.749441087426105
286,8,287.87178753217376,267.9443316720396,47.07604293736368,194.19649107191418,12.503261665398812
286,9,287.87178753217376,267.9443316720396,91.88711126294331,290.95157894028756,13.220366909713933
286,10,287.87178753217376,267.9443316720396,47.168286299870324,318.87388694575475,14.391373981068416
286,11,287.87178753217376,267.9443316720396,31.550358549394154,271.96590851063416,12.138555697804929
287,0,99.77202294595054,230.2806088456618,79.91701477074686,210.92624487980282,20.38913361025623
287,1,99.77202294595054,230.2806088456618,61.46311591785478,247.91644633780234,25.17345479109844
287,2,99.77202294595054,230.2806088456618,49.98496386321688,289.7514651160774,27.04459227453825
287,3,99.77202294595054,230.2806088456618,93.02164865094434,224.86975270065722,27.736006808809037
287,4,99.77202294595054,230.2806088456618,0.0,112.04802278904913,26.256853952164263
287,5,99.77202294595054,230.2806088456618,41.85989829263002,81.09233073824261,22.366568157319424
287,6,99.77202294595054,230.2806088456618,74.32883523518197,107.54757520036273,18.215931625583323
287,7,99.77202294595054,230.2806088456618,80.51030537029487,137.33722732922664,16.545316423921538
287,8,99.77202294595054,230.2806088456618,47.48264384984783,201.1821209916362,12.304464704040134
287,9,99.77202294595054,230.2806088456618,99.09628664333525,244.37555970113294,11.24499041103955
287,10,99.77202294595054,230.2806088456618,82.52606394136859,284.8138848497537,12.16139198217363
287,11,99.77202294595054,230.2806088456618,24.5524216648705,285.2657983995159,15.531119384320762
288,0,226.93133819433555,313.10122486891936,51.23039642607748,306.16027891253003,19.201701173675534
288,1,226.93133819433555,313.10122486891936,39.75854197571039,204.91456892640133,23.810457844359657
288,2,226.93133819433555,313.10122486891936,13.405041290070997,236.62811880053786,27.70550057978705
288,3,226.93133819433555,313.10122486891936,51.91807877050296,178.7286516249213,29.287735567951902
288,4,226.93133819433555,313.10122486891936,56.59840869272099,116.08385400328257,27.391933251291324
288,5,226.93133819433555,313.10122486891936,64.71673181160335,99.48460591969163,24.558543592740207
288,6,226.93133819433555,313.10122486891936,61.553889380156065,97.57625600764932,20.334212836261923
288,7,226.93133819433555,313.10122486891936,82.11482201967902,106.7691751675266,17.15180736840539
288,8,226.93133819433555,313.10122486891936,93.01379148069249,235.5121650674539,14.796551121045932
288,9,226.93133819433555,313.10122486891936,64.00603659221517,292.5381755571671,12.285155790018221
288,10,226.93133819433555,313.10122486891936,66.11376243390292,315.6179656395575,12.112683055958353
288,11,226.93133819433555,313.10122486891936,61.055090765925236,277.26548071654423,16.83190007938198
289,0,177.14283630048013,191.173809391604,81.46891758420345,278.1314018856024,21.055182140346655
289,1,177.14283630048013,191.173809391604,77.49097693913295,312.49741104682175,26.31733019080685
289,2,177.14283630048013,191.173809391604,62.1688102702986,292.86369227934193,26.61692441598791
289,3,177.14283630048013,191.173809391604,21.710778232443204,179.54079728775793,27.26710753253096
289,4,177.14283630048013,191.173809391604,44.563838257653,100.53626437743708,25.648937433904326
289,5,177.14283630048013,191.173809391604,69.30217467672844,82.11424870160984,23.475503557680295
289,6,177.14283630048013,191.173809391604,49.5551493636216,102.23250105711226,20.478280255731956
289,7,177.14283630048013,191.173809391604,70.53014909077861,146.96337339704704,16.691158906315767
289,8,177.14283630048013,191.173809391604,61.77306034587137,177.30930125382784,13.128465289689956
289,9,177.14283630048013,191.173809391604,65.92092876508175,261.45208750030616,12.459656479691471
289,10,177.14283630048013,191.173809391604,55.7480541810928,297.57956490525754,12.071586796345764
289,11,177.14283630048013,191.173809391604,74.82663691106923,256.46889462462246,16.83168511723706
290,0,348.5371622785747,279.61070472798036,99.56410984837741,248.84253958934218,19.273674412951145
290,1,348.5371622785747,279.61070472798036,66.96611816115092,206.53297074356507,24.238520216727597
290,2,348.5371622785747,279.61070472798036,55.77093765684928,300.8390042428067,27.71693379285492
290,3,348.5371622785747,279.61070472798036,92.0997308639487,185.64416527463945,28.036034762430152
290,4,348.5371622785747,279.61070472798036,38.68104947178152,103.3541491738099,26.668649777373677
290,5,348.5371622785747,279.61070472798036,56.00094998470946,83.45665775706128,25.06225213801381
290,6,348.5371622785747,279.61070472798036,44.07706297726917,88.10535140215147,20.16339106466845
290,7,348.5371622785747,279.61070472798036,57.0078680444113,129.2763251937627,16.285314037674897
290,8,348.5371622785747,279.61070472798036,80.13130100303303,193.13021484768322,13.516132094164252
290,9,348.5371622785747,279.61070472798036,35.950966431139946,311.16066290014294,13.966155013906786
290,10,348.5371622785747,279.61070472798036,53.76848067639287,282.7586110379881,12.905917123706613
290,11,348.5371622785747,279.61070472798036,71.11601335260356,262.7477495437902,16.256809450786637
291,0,205.42607859973208,306.34572530651434,82.06910538319227,232.99470671508442,21.760010808851156
291,1,205.42607859973208,306.34572530651434,66.57640230257196,303.5601573057287,23.610546912986056
291,2,205.42607859973208,306.34572530651434,85.44586471396619,257.0898575541106,26.737157070202763
291,3,205.42607859973208,306.34572530651434,74.25481499649382,192.90514404267654,27.14402340297205
291,4,205.42607859973208,306.34572530651434,62.99198477864762,107.11702485723302,26.0668977409129
291,5,205.42607859973208,306.34572530651434,70.73068903188863,68.26916214167778,24.041963336157735
291,6,205.42607859973208,306.34572530651434,64.66023251158587,69.05513227292093,22.114000532917355
291,7,205.42607859973208,306.34572530651434,71.8175662195767,132.270712764782,17.633103878083514
291,8,205.42607859973208,306.34572530651434,62.422827970089735,149.559546649538,14.125198742984916
291,9,205.42607859973208,306.34572530651434,52.06837353979939,276.9709111186921,11.28923188893214
291,10,205.42607859973208,306.34572530651434,40.12080251075872,263.9807124878981,13.34598832510551
291,11,205.42607859973208,306.34572530651434,49.75912155745747,241.6975061714481,15.608490554476925
292,0,341.9262518040519,241.22412379911768,41.90644424150692,237.05302571698294,20.360478797048476
292,1,341.9262518040519,241.22412379911768,53.539239138736406,258.3621829784578,23.281951111813527
292,2,341.9262518040519,241.22412379911768,56.36384776428202,225.0371342222732,26.972543089134966
292,3,341.9262518040519,241.22412379911768,32.236794377344125,155.8756245423251,28.591635619185542
292,4,341.9262518040519,241.22412379911768,111.87057394788904,120.95479246348641,25.586631713315178
292,5,341.9262518040519,241.22412379911768,54.996970880973585,91.2166573503981,23.82959821329502
292,6,341.9262518040519,241.22412379911768,104.06307654097645,112.7483525946539,19.437635296580346
292,7,341.9262518040519,241.22412379911768,49.83830863298792,99.47780765232473,15.88760172393383
292,8,341.9262518040519,241.22412379911768,32.679676309126364,198.49464587819466,13.004910172866742
292,9,341.9262518040519,241.22412379911768,65.02333140965897,282.53689348770706,9.780228638767735
292,10,341.9262518040519,241.22412379911768,74.11712405976635,246.3041567772013,13.014418241048135
292,11,341.9262518040519,241.22412379911768,23.468654658634442,243.2430527953701,16.589577637054166
293,0,153.59926110322047,205.05490960536827,37.441042354963564,312.1011367318206,18.924599935723805
293,1,153.59926110322047,205.05490960536827,12.171710559498095,273.2310068757057,21.63764931295841
293,2,153.59926110322047,205.05490960536827,70.17121162699618,282.1909669442807,27.587536226147044
293,3,153.59926110322047,205.05490960536827,71.09609312792286,162.01339461440926,27.81053489870163
293,4,153.59926110322047,205.05490960536827,59.257809276154624,98.18455996582662,26.301386126227484
293,5,153.59926110322047,205.05490960536827,58.85901240432583,96.0043273904364,22.916288607744455
293,6,153.59926110322047,205.05490960536827,47.39709053027349,107.99033673274492,20.41659528018016
293,7,153.59926110322047,205.05490960536827,87.09316669283668,157.4514548994638,15.776909963554665
293,8,153.59926110322047,205.05490960536827,73.12250426756195,255.14466891275745,12.905841539508684
293,9,153.59926110322047,205.05490960536827,70.32777061476165,227.65502337674798,12.469838197366162
293,10,153.59926110322047,205.05490960536827,64.25216232938544,230.19623909226067,13.204505753345217
293,11,153.59926110322047,205.05490960536827,62.058039938352124,227.94164523916277,16.72026209144885
294,0,227.94431291969286,357.8241593243336,53.37955182341656,268.3592070746156,20.123701287333372
294,1,227.94431291969286,357.8241593243336,82.3621379298217,289.18586314937767,20.17497567241918
294,2,227.94431291969286,357.8241593243336,47.750985175872714,216.5336715554449,27.963870499474332
294,3,227.94431291969286,357.8241593243336,76.28766583938749,193.20676720340384,27.477475690669813
294,4,227.94431291969286,357.8241593243336,65.60444831250537,101.82388731494558,25.488964691244377
294,5,227.94431291969286,357.8241593243336,44.50320072979116,92.62085358935427,23.57245251707808
294,6,227.94431291969286,357.8241593243336,46.76920981340559,107.67134309409767,20.614680517613664
294,7,227.94431291969286,357.8241593243336,38.13880864225933,144.60365729269748,16.46464592609479
294,8,227.94431291969286,357.8241593243336,86.93528196502855,218.52279287310523,12.678244167086719
294,9,227.94431291969286,357.8241593243336,24.773831016923545,288.0851148614348,11.32613942632995
294,10,227.94431291969286,357.8241593243336,92.66023002792679,322.2185482020675,14.620816244145498
294,11,227.94431291969286,357.8241593243336,38.224012448527134,239.5362179582808,15.718981585288692
295,0,207.58454572684033,283.3279602118822,46.009753359061875,197.19902010700417,19.979577249938174
295,1,207.58454572684033,283.3279602118822,53.94072007451288,303.06559677820604,22.8471946269464
295,2,207.58454572684033,283.3279602118822,57.814543972501596,266.8539784342812,23.97838453816742
295,3,207.58454572684033,283.3279602118822,43.5553202304491,158.79714968488457,27.78842433616678
295,4,207.58454572684033,283.3279602118822,38.48766053392872,80.66895961342453,25.626932295849443
295,5,207.58454572684033,283.3279602118822,35.088131850314284,67.24586798632532,24.733299795374155
295,6,207.58454572684033,283.3279602118822,62.166133706313616,112.88177063777583,19.212058721340394
295,7,207.58454572684033,283.3279602118822,83.60484194557762,107.30014815535863,14.088085050115511
295,8,207.58454572684033,283.3279602118822,63.70261871707651,217.5463692932106,13.111974189358731
295,9,207.58454572684033,283.3279602118822,62.30319429645167,262.3073886995375,13.547991358338766
295,10,207.58454572684033,283.3279602118822,82.673697462295,300.1915170828183,14.51991292154714
295,11,207.58454572684033,283.3279602118822,56.141463057737084,228.03596632890557,14.65835969769724
296,0,151.56752770797178,175.32999319951898,64.47395339046369,257.13732069852415,19.51249320311895
296,1,151.56752770797178,175.32999319951898,28.0928702502605,248.80791885100965,24.71144260119524
296,2,151.56752770797178,175.32999319951898,74.76422541417952,254.83246120608456,24.978760634858247
296,3,151.56752770797178,175.32999319951898,110.95966520260995,190.57852065820316,27.376466840371556
296,4,151.56752770797178,175.32999319951898,23.668763942395337,75.88933096164251,26.96602656241265
296,5,151.56752770797178,175.32999319951898,40.22824724838159,90.64455636925828,24.91422460987464
296,6,151.56752770797178,175.32999319951898,55.91023973430188,128.32456619428694,20.180148252478286
296,7,151.56752770797178,175.32999319951898,29.025132375796147,117.26832608797203,15.94223756680898
296,8,151.56752770797178,175.32999319951898,84.45454083050537,159.94989772940997,11.879694750365477
296,9,151.56752770797178,175.32999319951898,43.05110975981396,203.53685676550344,11.358188665768603
296,10,151.56752770797178,175.32999319951898,77.51954120615338,286.71251705264166,13.597018441725366
296,11,151.56752770797178,175.32999319951898,48.9575438922276,318.3586914106017,18.52918212959221
297,0,362.6216902352072,279.1354309419544,45.58043090408763,233.06560772078322,20.97412703775787
297,1,362.6216902352072,279.1354309419544,51.57947645986885,256.95796259135426,24.382581187638767
297,2,362.6216902352072,279.1354309419544,26.026503530420875,338.8350570439619,26.828607442879765
297,3,362.6216902352072,279.1354309419544,71.68769724214548,169.86684361545963,28.912290328484254
297,4,362.6216902352072,279.1354309419544,62.67987422214651,96.70394146387916,26.94227173193944
297,5,362.6216902352072,279.1354309419544,52.16967683237523,82.29274542451336,24.149614502201377
297,6,362.6216902352072,279.1354309419544,56.13593062413216,81.27066611579662,18.984603849067074
297,7,362.6216902352072,279.1354309419544,56.152155089385936,132.85800427000115,17.90367259462283
297,8,362.6216902352072,279.1354309419544,55.616049213201606,233.26024392778336,13.303938131094132
297,9,362.6216902352072,279.1354309419544,85.67070090009375,218.93324114593486,11.546052136636893
297,10,362.6216902352072,279.1354309419544,74.7385633437948,336.51828987854634,12.513139186132255
297,11,362.6216902352072,279.1354309419544,89.719130328685,272.7394434417268,16.52296857190281
298,0,296.6444107266145,323.49193002213116,40.21466049707509,272.10605541354727,20.246985714432867
298,1,296.6444107266145,323.49193002213116,75.5386822568081,242.1037982209699,23.5638759639542
298,2,296.6444107266145,323.49193002213116,56.62929519601786,331.5684258974062,25.765438660580067
298,3,296.6444107266145,323.49193002213116,45.228934445923244,163.76122473344205,28.35193570838206
298,4,296.6444107266145,323.49193002213116,37.81298927110687,124.53124138924498,27.850920680138742
298,5,296.6444107266145,323.49193002213116,65.3373589941064,68.30695659627042,25.117862991503706
298,6,296.6444107266145,323.49193002213116,63.38330703074912,124.51308498627239,20.907445822642174
298,7,296.6444107266145,323.49193002213116,78.56165476913733,134.84110769981382,16.05849101757729
298,8,296.6444107266145,323.49193002213116,72.1383084390743,203.94757136182093,10.355189212537812
298,9,296.6444107266145,323.49193002213116,60.60169123059693,300.56967857497,11.823620839215067
298,10,296.6444107266145,323.49193002213116,83.41225867588489,282.4724743137468,13.841185162416329
298,11,296.6444107266145,323.49193002213116,120.55942628493283,329.84831553226786,15.556872837429404
299,0,130.40003739846935,248.89566671368596,96.07569594891424,199.57399967042628,18.988437137389848
299,1,130.40003739846935,248.89566671368596,51.34091466763393,257.36767682742226,23.249236147960954
299,2,130.40003739846935,248.89566671368596,70.49214360394312,359.90211883787737,26.626369550699525
299,3,130.40003739846935,248.89566671368596,69.27174493101064,209.03587475287122,26.750779045839142
299,4,130.40003739846935,248.89566671368596,0.0,63.73652865791372,27.409628797371454
299,5,130.40003739846935,248.89566671368596,64.60466702482124,72.33432441214245,24.021191001532134
299,6,130.40003739846935,248.89566671368596,58.40834454259999,93.93429809971957,20.137486668596743
299,7,130.40003739846935,248.89566671368596,68.02408040904803,112.63809486705128,15.267281004463001
299,8,130.40003739846935,248.89566671368596,51.094947476363416,208.93765343151193,12.845111370959284
299,9,130.40003739846935,248.89566671368596,49.897854000270655,251.50757932141954,11.489438132475412
299,10,130.40003739846935,248.89566671368596,34.74109968635344,271.4323740673145,13.452106303785692
299,11,130.40003739846935,248.89566671368596,29.57747353401729,228.6045776096759,15.280042083824245
300,0,136.03374333162952,329.6368038834457,68.35667478658193,281.44463729382494,19.868039159079128
300,1,136.03374333162952,329.6368038834457,58.65079957884474,274.00678776062307,24.055787697806135
300,2,136.03374333162952,329.6368038834457,70.06592460534296,251.36523540450943,26.933153933815646
300,3,136.03374333162952,329.6368038834457,60.55901657379396,185.01944882579156,28.760470281191274
300,4,136.03374333162952,329.6368038834457,33.18733813410563,103.00966866804883,27.306927272314443
300,5,136.03374333162952,329.6368038834457,70.6573545802971,95.90381237959221,23.560152218871767
300,6,136.03374333162952,329.6368038834457,64.50674901611085,131.93659088412997,20.013112363376607
300,7,136.03374333162952,329.6368038834457,67.15846380839372,120.89655821851376,16.369340671787395
300,8,136.03374333162952,329.6368038834457,70.65846671588446,244.88647566153975,13.887576185882644
300,9,136.03374333162952,329.6368038834457,68.80826045341237,283.453991250261,11.653475067996226
300,10,136.03374333162952,329.6368038834457,91.25561287697451,269.5052703071389,12.885538609208387
300,11,136.03374333162952,329.6368038834457,35.20550585115618,234.70267513613496,15.199924300455034
301,0,404.33286034475367,312.24800487429115,65.1896485991052,220.13474456510278,20.479700080378944
301,1,404.33286034475367,312.24800487429115,37.73236523451814,281.0355680960158,24.20583754297972
301,2,404.33286034475367,312.24800487429115,68.56369904791893,245.48369479066784,27.96630694407621
301,3,404.33286034475367,312.24800487429115,32.266270620825665,168.4102801432631,27.40547085570613
301,4,404.33286034475367,312.24800487429115,57.45175668769545,107.53750727382838,26.48345608464323
301,5,404.33286034475367,312.24800487429115,28.95346663329955,59.74551500876481,24.11107435239003
301,6,404.33286034475367,312.24800487429115,74.96763826970313,112.10666443643953,19.812045038778162
301,7,404.33286034475367,312.24800487429115,43.1230211571327,144.5826452943761,16.115007680382387
301,8,404.33286034475367,312.24800487429115,65.42607166796627,172.71897043705843,12.593576698697426
301,9,404.33286034475367,312.24800487429115,58.5625700316969,250.96507501950956,11.937217152381873
301,10,404.33286034475367,312.24800487429115,15.12117733103598,269.4147751645864,13.840627739772943
301,11,404.33286034475367,312.24800487429115,69.21587996075289,261.3518092228357,15.967269556112699
302,0,222.61504866464588,325.5745469385664,69.62560488260702,214.36507302343404,21.22678856377489
302,1,222.61504866464588,325.5745469385664,35.97138756843787,253.2601281627819,23.579384568449164
302,2,222.61504866464588,325.5745469385664,32.41372254700057,240.0303496071493,24.979329198898963
302,3,222.61504866464588,325.5745469385664,29.387189415252667,211.22376599065618,28.710536897746692
302,4,222.61504866464588,325.5745469385664,38.36348535761138,99.26172181811998,26.22971807370067
302,5,222.61504866464588,325.5745469385664,46.795196787187265,75.47747256107897,24.00615763024154
302,6,222.61504866464588,325.5745469385664,32.47989153830208,97.5011885547527,19.925169018215314
302,7,222.61504866464588,325.5745469385664,80.6154396790985,147.96751291319927,15.961980691960791
302,8,222.61504866464588,325.5745469385664,56.94181567015461,162.89378492567025,12.226136853606524
302,9,222.61504866464588,325.5745469385664,38.90359505908577,216.48144721332585,10.814275817548413
302,10,222.61504866464588,325.5745469385664,18.755542749672415,274.139026795119,12.379635259167578
302,11,222.61504866464588,325.5745469385664,56.322093289703155,292.029571884481,16.261587435548588
303,0,176.12438413774788,268.87608989418067,54.563362831149256,249.3829354860242,18.892089259505468
303,1,176.12438413774788,268.87608989418067,76.28820495269211,242.83670950612498,22.8258624776852
303,2,176.12438413774788,268.87608989418067,30.904347469015804,204.6043603412865,26.298472945777878
303,3,176.12438413774788,268.87608989418067,48.01996220790076,90.73544517431715,28.104760080142608
303,4,176.12438413774788,268.87608989418067,92.07035668395687,95.74043514336452,25.837230101667227
303,5,176.12438413774788,268.87608989418067,49.18593605009442,101.4430182147472,22.749934681631434
303,6,176.12438413774788,268.87608989418067,54.0050963144553,107.58809330524714,19.147384716933217
303,7,176.12438413774788,268.87608989418067,79.05743177063613,128.56212124179967,15.601514007384958
303,8,176.12438413774788,268.87608989418067,67.90215155614308,227.15235088750876,12.794676290478941
303,9,176.12438413774788,268.87608989418067,39.4815318589734,213.07980275425598,12.55375447200186
303,10,176.12438413774788,268.87608989418067,66.04910297174344,278.1551232809158,12.004671799468131
303,11,176.12438413774788,268.87608989418067,29.54004721219789,283.3447184919715,16.68727930854255
304,0,271.59266349069304,256.58511133864636,36.723533351691984,255.10461007630227,19.348413805134744
304,1,271.59266349069304,256.58511133864636,52.07996018338555,194.00563150111194,24.916630290286665
304,2,271.59266349069304,256.58511133864636,76.73548935530428,292.98227764204796,27.63108870119845
304,3,271.59266349069304,256.58511133864636,57.586140972487954,156.2040593267942,27.08125245794293
304,4,271.59266349069304,256.58511133864636,70.36459867430139,118.9719207293906,26.798279866595745
304,5,271.59266349069304,256.58511133864636,61.92708184727152,78.87677580414824,22.914470423734638
304,6,271.59266349069304,256.58511133864636,59.240380201370854,104.02682470724736,20.161931501474847
304,7,271.59266349069304,256.58511133864636,63.94346166455946,126.4175171474167,16.165370984580065
304,8,271.59266349069304,256.58511133864636,59.79601715167683,197.11499570512152,14.632895712709315
304,9,271.59266349069304,256.58511133864636,78.54484411040701,289.8240496086687,10.50608243592994
304,10,271.59266349069304,256.58511133864636,62.18574247977362,304.7265960687803,13.218119685082245
304,11,271.59266349069304,256.58511133864636,77.54340124263038,290.77424449892675,16.61821824888076
305,0,301.14127051695846,378.03458117417574,62.607764627778735,196.1018512553976,19.10510772472444
305,1,301.14127051695846,378.03458117417574,16.21552711140322,309.60371152913876,23.63939993763002
305,2,301.14127051695846,378.03458117417574,52.66790925725493,233.9792208759583,26.566021041316688
305,3,301.14127051695846,378.03458117417574,66.14540675254011,181.72196146339527,27.601225938029025
305,4,301.14127051695846,378.03458117417574,59.46106373462203,88.15780569388413,25.689851000051444
305,5,301.14127051695846,378.03458117417574,66.09131015184698,88.07560528910192,23.436642373238865
305,6,301.14127051695846,378.03458117417574,53.669518943524345,92.72691985145083,18.69294642308396
305,7,301.14127051695846,378.03458117417574,36.37840877154885,123.95997680100291,16.797497998466078
305,8,301.14127051695846,378.03458117417574,93.2564431383351,173.58429320090985,13.2188847353684
305,9,301.14127051695846,378.03458117417574,36.01715782529348,269.620571607501,12.524916947445845
305,10,301.14127051695846,378.03458117417574,86.45402713171788,317.08922493548073,13.059340025713588
305,11,301.14127051695846,378.03458117417574,61.21386576442216,248.38778440097227,17.57239719660589
306,0,213.67861349537696,317.8985152301753,28.661591344230445,208.31364922571305,20.002159340390563
306,1,213.67861349537696,317.8985152301753,74.89880875432907,335.97805511926094,23.7525151568322
306,2,213.67861349537696,317.8985152301753,25.755539647440607,255.8415364313951,26.151668215248023
306,3,213.67861349537696,317.8985152301753,58.19097054814523,171.36092330077338,30.238737844956095
306,4,213.67861349537696,317.8985152301753,45.34842367382358,74.96834231019055,24.628208777734283
306,5,213.67861349537696,317.8985152301753,26.772322132289503,88.87967613380877,24.144005671822093
306,6,213.67861349537696,317.8985152301753,59.27490238092359,102.32713376831519,19.766068307696194
306,7,213.67861349537696,317.8985152301753,37.160803778985645,135.1448424240604,15.318860938516815
306,8,213.67861349537696,317.8985152301753,75.17922608950796,187.62161277863927,13.896734173889339
306,9,213.67861349537696,317.8985152301753,41.67543340679927,237.39306560519324,11.955061544340877
306,10,213.67861349537696,317.8985152301753,13.710402862076343,298.763300071496,13.110009388967288
306,11,213.67861349537696,317.8985152301753,84.05730619128512,284.41563254417053,16.48468124480887
307,0,339.66010705706185,331.4360793201389,37.971991857565044,281.2896960119754,20.832778031000252
307,1,339.66010705706185,331.4360793201389,75.9144601625654,268.30315393459546,23.67656611441198
307,2,339.66010705706185,331.4360793201389,20.46279266773113,277.7704126247365,28.137198027451966
307,3,339.66010705706185,331.4360793201389,59.31808909532147,141.64279566089567,27.524637509895005
307,4,339.66010705706185,331.4360793201389,89.85074046162538,107.06292936826674,27.389033789053894
307,5,339.66010705706185,331.4360793201389,68.87610067532646,120.06877251973127,24.23426537910841
307,6,339.66010705706185,331.4360793201389,41.04938782541309,106.43450863412274,20.72789450341074
307,7,339.66010705706185,331.4360793201389,14.85894577090211,111.18889310634705,15.16164044456901
307,8,339.66010705706185,331.4360793201389,52.32555646684945,219.74618987299976,13.367754281049928
307,9,339.66010705706185,331.4360793201389,45.4771459435205,272.52877450233314,12.792220314508798
307,10,339.66010705706185,331.4360793201389,70.76359110388839,282.0402867500772,12.331778865729651
307,11,339.66010705706185,331.4360793201389,61.729516701341055,313.5446544874338,16.800999202860993
308,0,167.3246117231218,346.59039597411527,46.712689227709646,229.3399171648271,20.64638679113135
308,1,167.3246117231218,346.59039597411527,73.21523723377499,274.8843842266849,24.783501292601695
308,2,167.3246117231218,346.59039597411527,55.41558701587447,246.19964601329445,27.216166760556405
308,3,167.3246117231218,346.59039597411527,100.75191322110172,151.50063343605376,29.13419585569004
308,4,167.3246117231218,346.59039597411527,45.822346744515144,113.45219452573036,26.37348072316735
308,5,167.3246117231218,346.59039597411527,60.556538991259316,76.06536895134451,24.086601959015162
308,6,167.3246117231218,346.59039597411527,21.689535982581205,96.21524863673027,22.719764007566607
308,7,167.3246117231218,346.59039597411527,69.96133717042645,123.743850118933,16.380572744731428
308,8,167.3246117231218,346.59039597411527,57.11042777488277,206.66049869404216,13.224700194815028
308,9,167.3246117231218,346.59039597411527,71.36000913800974,273.523223714612,10.925029851150097
308,10,167.3246117231218,346.59039597411527,36.604958514457124,185.84881277123958,11.965948420085816
308,11,167.3246117231218,346.59039597411527,45.41123491167829,246.07074597550488,15.525898508835196
309,0,246.2026048720084,326.76030446351336,44.527505986275145,238.98226492018833,18.84182425795018
309,1,246.2026048720084,326.76030446351336,45.64434336841174,299.2180633623446,24.811102220615542
309,2,246.2026048720084,326.76030446351336,31.051994078637946,322.2778958174916,26.645567902078668
309,3,246.2026048720084,326.76030446351336,71.2148760820088,162.87501725035048,27.379202464113852
309,4,246.2026048720084,326.76030446351336,38.7255027200683,78.90442415241452,28.47980289016158
309,5,246.2026048720084,326.76030446351336,56.437021326439485,79.34640286793697,23.712272561521303
309,6,246.2026048720084,326.76030446351336,95.59742049284361,116.7367271799993,20.2200470019896
309,7,246.2026048720084,326.76030446351336,69.19140553297808,98.36133487389814,16.1019814417594
309,8,246.2026048720084,326.76030446351336,61.49215821414545,178.26202791453778,11.733741386504256
309,9,246.2026048720084,326.76030446351336,48.41513159133345,240.85356613596508,12.789226682282086
309,10,246.2026048720084,326.76030446351336,79.42960456677467,248.99772706806374,13.88536003262724
309,11,246.2026048720084,326.76030446351336,53.01831912083389,307.44567541987874,15.543703405448493
310,0,127.97409721068847,328.7545263602451,122.26384733240117,323.4893255130661,19.345922050089833
310,1,127.97409721068847,328.7545263602451,76.88745624675299,377.7482541639644,23.486661086668768
310,2,127.97409721068847,328.7545263602451,52.88086799023266,317.3822203514495,27.990582777579053
310,3,127.97409721068847,328.7545263602451,80.98533688362104,144.4540590989493,27.834502475174276
310,4,127.97409721068847,328.7545263602451,82.2692790103918,102.01030781155933,27.289161140636374
310,5,127.97409721068847,328.7545263602451,42.102753278592516,80.90200470004909,23.87822537386761
310,6,127.97409721068847,328.7545263602451,86.69578289466286,89.07937413496815,21.598795170314883
310,7,127.97409721068847,328.7545263602451,54.434314901887646,111.5952244872338,16.596659250096273
310,8,127.97409721068847,328.7545263602451,59.45400176068652,196.30517338793288,13.18314759763889
310,9,127.97409721068847,328.7545263602451,86.26750653756619,257.0575521459981,12.026769435941977
310,10,127.97409721068847,328.7545263602451,22.222156606912854,214.5456537632935,11.923944628241332
310,11,127.97409721068847,328.7545263602451,93.58468246400201,302.4409133624936,15.282785346153815
311,0,139.11484414977951,324.24059203570437,54.66941484702892,325.00332123806277,20.78566714835472
311,1,139.11484414977951,324.24059203570437,38.32562313312437,301.44854528049416,25.755661065039426
311,2,139.11484414977951,324.24059203570437,60.68176417338233,232.0225274642878,27.69576750865769
311,3,139.11484414977951,324.24059203570437,99.39164393770771,143.95920358826103,27.629616399273463
311,4,139.11484414977951,324.24059203570437,68.80826727725436,110.59670169924696,26.307750954036084
311,5,139.11484414977951,324.24059203570437,65.69691011319821,97.55228250229194,22.409524547360657
311,6,139.11484414977951,324.24059203570437,79.62046589333039,102.78190211837219,20.552128412690486
311,7,139.11484414977951,324.24059203570437,53.21916424411184,93.17952391843104,16.334953762050166
311,8,139.11484414977951,324.24059203570437,52.987931986454406,150.7675714178257,12.69307952748759
311,9,139.11484414977951,324.24059203570437,54.400705364893184,262.23732382771357,11.148389449785162
311,10,139.11484414977951,324.24059203570437,36.43978108175784,335.124468369066,12.359297476938364
311,11,139.11484414977951,324.24059203570437,84.19613994212497,292.75702323346303,15.079427886974626
312,0,196.07766829030462,303.17404591758645,53.80422823710795,241.41859737039,19.534565188870687
312,1,196.07766829030462,303.17404591758645,66.0581537077967,295.75756944462245,24.478300233339546
312,2,196.07766829030462,303.17404591758645,63.85618741708874,233.4158152079772,26.237947318039673
312,3,196.07766829030462,303.17404591758645,59.502862281606035,170.48976041045907,27.664144760825625
312,4,196.07766829030462,303.17404591758645,25.144579367074684,105.81424654724421,26.63631868397515
312,5,196.07766829030462,303.17404591758645,61.09682355959915,82.674429633946,24.483162701513912
312,6,196.07766829030462,303.17404591758645,63.25934161748957,84.02732368123387,21.095869578673728
312,7,196.07766829030462,303.17404591758645,57.27900574183168,117.26535760613027,13.135201008106506
312,8,196.07766829030462,303.17404591758645,30.032781293646828,225.5271775228219,13.250947534521083
312,9,196.07766829030462,303.17404591758645,69.40400259735736,218.23873211399564,12.445998707399799
312,10,196.07766829030462,303.17404591758645,22.41913222939622,315.99555867772216,14.12849705731593
312,11,196.07766829030462,303.17404591758645,72.13504447415434,192.87299276266359,16.450984832400064
313,0,306.181904592319,252.97789286957445,54.928141367936426,238.09089590573916,20.27056479588881
313,1,306.181904592319,252.97789286957445,69.52846222991101,263.439514510653,22.780410309781956
313,2,306.181904592319,252.97789286957445,51.48103670276654,204.1208406972161,26.800290792651243
313,3,306.181904592319,252.97789286957445,112.89102845771518,192.86202899364392,26.435439506725253
313,4,306.181904592319,252.97789286957445,70.7762218760139,70.69562588905276,28.155377550486058
313,5,306.181904592319,252.97789286957445,46.8815816558908,91.29116446735105,23.52610644675508
313,6,306.181904592319,252.97789286957445,69.19522968992214,111.65157678022595,18.732893082609564
313,7,306.181904592319,252.97789286957445,34.023901164888144,105.18150028420737,16.398777052568015
313,8,306.181904592319,252.97789286957445,35.166163017522884,234.92186173449045,11.97020851642763
313,9,306.181904592319,252.97789286957445,91.84752370821371,273.0168166969199,11.930863555996623
313,10,306.181904592319,252.97789286957445,43.015240637836364,260.81437619807787,13.077571275345168
313,11,306.181904592319,252.97789286957445,47.80581002865024,344.53969856590874,17.5243638212804
314,0,193.35863680900533,360.8313798910542,88.0210945050831,226.3929377302907,21.830228238841983
314,1,193.35863680900533,360.8313798910542,52.05016442621068,288.36083589512674,23.274374394066783
314,2,193.35863680900533,360.8313798910542,50.373710750057725,199.22348879684938,28.987816640535147
314,3,193.35863680900533,360.8313798910542,60.53253033018557,173.46549366682098,27.244682710196546
314,4,193.35863680900533,360.8313798910542,54.03030680910892,100.20623836260405,26.37171823669283
314,5,193.35863680900533,360.8313798910542,48.2317480765503,89.31698926379862,24.070478115156973
314,6,193.35863680900533,360.8313798910542,62.847178054594345,108.12317485236143,20.808245601221174
314,7,193.35863680900533,360.8313798910542,51.589877355998425,138.60523533817934,16.655470594087625
314,8,193.35863680900533,360.8313798910542,54.298820138009475,200.02300133212282,12.8933820924926
314,9,193.35863680900533,360.8313798910542,49.446359421432064,129.21355982581593,10.9176136979859
314,10,193.35863680900533,360.8313798910542,81.88716247595877,315.9441624059594,14.603648072121658
314,11,193.35863680900533,360.8313798910542,27.04125588545925,284.7071610876933,16.219450055691134
315,0,217.40436750102208,321.26564102569097,58.16421414633782,258.93659371474763,20.320312323733233
315,1,217.40436750102208,321.26564102569097,71.13352404152602,214.58281902763832,22.09328337384921
315,2,217.40436750102208,321.26564102569097,30.869638866660843,253.89439789369015,26.908693791916697
315,3,217.40436750102208,321.26564102569097,59.432715365678014,175.82982553586604,29.135087693654498
315,4,217.40436750102208,321.26564102569097,58.134207932390424,120.20763669330623,26.17445672362822
315,5,217.40436750102208,321.26564102569097,16.372484000398217,103.44244821553401,23.79696765733365
315,6,217.40436750102208,321.26564102569097,80.82319037606081,107.5197341296767,20.08154754711489
315,7,217.40436750102208,321.26564102569097,46.16345503628307,139.10386729732866,16.04437940107709
315,8,217.40436750102208,321.26564102569097,49.293586969048164,195.06726396032929,11.961270513673174
315,9,217.40436750102208,321.26564102569097,54.48970692428121,270.6160335025645,10.823269972745262
315,10,217.40436750102208,321.26564102569097,61.02659852357355,396.4772315677843,11.764059438321667
315,11,217.40436750102208,321.26564102569097,80.72052797337363,191.92298246658288,16.918454563987435
316,0,277.2428308462921,275.2669578568922,54.5621540333048,308.8791548868959,19.429343934734373
316,1,277.2428308462921,275.2669578568922,75.4847745204024,315.5989098370177,24.824299435276075
316,2,277.2428308462921,275.2669578568922,50.22046089494008,309.1219464664893,28.470006615303394
316,3,277.2428308462921,275.2669578568922,41.10535054625757,172.31678704267537,28.214225857885374
316,4,277.2428308462921,275.2669578568922,72.61385030302512,111.08517333698093,25.890208194169837
316,5,277.2428308462921,275.2669578568922,98.09314858903322,92.99134978038286,22.46110477992203
316,6,277.2428308462921,275.2669578568922,40.19464648899255,74.73639526242225,19.659431979581296
316,7,277.2428308462921,275.2669578568922,64.68430541373895,136.87922766262994,16.74978504712688
316,8,277.2428308462921,275.2669578568922,91.23139830350054,257.0448418325026,11.876202417869
316,9,277.2428308462921,275.2669578568922,95.54262602295726,243.38736584087366,11.866486176902802
316,10,277.2428308462921,275.2669578568922,69.55535436380556,295.951721760502,13.180609492942025
316,11,277.2428308462921,275.2669578568922,35.77048933938711,290.9607658306018,15.774234882764185
317,0,163.755528952739,366.30849706525044,51.61459255665181,277.6849578670019,20.176491427151902
317,1,163.755528952739,366.30849706525044,45.93517629512349,219.34242626144072,23.324351800818167
317,2,163.755528952739,366.30849706525044,49.3974940185121,284.70119560217586,27.63041398369102
317,3,163.755528952739,366.30849706525044,23.949074570627616,161.8745523407149,28.75195080049897
317,4,163.755528952739,366.30849706525044,57.15361774017179,116.51147704162375,27.37629424030803
317,5,163.755528952739,366.30849706525044,42.87387835740084,78.40091184485523,23.749802351902282
317,6,163.755528952739,366.30849706525044,22.01509386968717,108.47419407125483,18.92219976680679
317,7,163.755528952739,366.30849706525044,49.11643546819565,133.9769704569995,14.492312967975487
317,8,163.755528952739,366.30849706525044,29.71454468068508,249.77345830276522,11.796217618766171
317,9,163.755528952739,366.30849706525044,39.70270465241015,252.06310982546842,11.61417689042166
317,10,163.755528952739,366.30849706525044,87.83662046071618,226.3501297445375,13.68690316478437
317,11,163.755528952739,366.30849706525044,44.48364664226658,235.65517393184174,17.740949613239064
318,0,80.50120885998358,448.0708391836438,62.87078290940399,298.642458899016,20.192726337481304
318,1,80.50120885998358,448.0708391836438,70.96553986735282,239.1045650251924,22.147641720721566
318,2,80.50120885998358,448.0708391836438,37.85467723410278,300.09333349700347,26.872826126820573
318,3,80.50120885998358,448.0708391836438,58.46133498384385,155.0174130594953,27.336224712273488
318,4,80.50120885998358,448.0708391836438,36.073051310696286,84.99224909360235,26.471302942661538
318,5,80.50120885998358,448.0708391836438,61.87233395560264,101.53651041361664,23.819079695192954
318,6,80.50120885998358,448.0708391836438,64.3767739286903,102.42010939064978,19.199882281638235
318,7,80.50120885998358,448.0708391836438,90.79308084228671,124.3013402137599,15.802572339823458
318,8,80.50120885998358,448.0708391836438,80.03695780771942,201.8440983152825,11.682859142522766
318,9,80.50120885998358,448.0708391836438,92.32374707728293,252.82572879111575,10.983810767800858
318,10,80.50120885998358,448.0708391836438,60.6039430378981,307.54838926315466,12.00925414398185
318,11,80.50120885998358,448.0708391836438,54.273541767279546,296.8158165928094,16.904587397497146
319,0,209.2178877719646,227.36653931142564,45.39729893200879,247.0349120214358,20.375995613029772
319,1,209.2178877719646,227.36653931142564,30.93328393889294,264.5279684064521,23.797261860300747
319,2,209.2178877719646,227.36653931142564,45.798245839936,298.5968342827241,28.253894352017547
319,3,209.2178877719646,227.36653931142564,54.41053266024194,190.38373521430591,27.598088943267708
319,4,209.2178877719646,227.36653931142564,53.183793500003276,80.21353368966291,26.420747521095496
319,5,209.2178877719646,227.36653931142564,56.28948420890967,104.32454546165717,23.192088359508478
319,6,209.2178877719646,227.36653931142564,53.716926488355746,110.76002126468477,21.295973050546692
319,7,209.2178877719646,227.36653931142564,90.88079616642312,119.31099981110003,17.325822485285332
319,8,209.2178877719646,227.36653931142564,70.83838712222541,189.83964936536702,12.443182799295617
319,9,209.2178877719646,227.36653931142564,77.11873363449583,307.99929182048174,12.130277467539253
319,10,209.2178877719646,227.36653931142564,51.51669030755704,251.3038476122955,11.257565656501983
319,11,209.2178877719646,227.36653931142564,65.7917655089646,269.45141670558894,16.37366431653746
320,0,452.9372065775957,317.45158889720113,69.61498157536036,271.38142819525603,19.85383885924367
320,1,452.9372065775957,317.45158889720113,52.48264878239247,251.78158869891018,25.596567850962256
320,2,452.9372065775957,317.45158889720113,88.59228962277147,271.1274286800507,26.262649167322873
320,3,452.9372065775957,317.45158889720113,50.036795601201334,149.02911344259414,27.724550099647164
320,4,452.9372065775957,317.45158889720113,52.618791985906185,111.01174913467007,28.927678544685662
320,5,452.9372065775957,317.45158889720113,59.67494274259256,110.35642469384393,21.747173749732195
320,6,452.9372065775957,317.45158889720113,51.33652743320283,108.33012159146647,20.4293805533313
320,7,452.9372065775957,317.45158889720113,57.57205078887074,162.00082502342076,14.569042119513394
320,8,452.9372065775957,317.45158889720113,4.169868489865365,140.9864089314394,12.603627705300921
320,9,452.9372065775957,317.45158889720113,46.644703387693866,230.45958106764326,12.572142503343096
320,10,452.9372065775957,317.45158889720113,32.99803716834083,290.758405964954,12.507916883596282
320,11,452.9372065775957,317.45158889720113,62.734693868151965,268.5572107037934,16.109515760993112
321,0,174.59948740700708,402.89825994909415,66.58157463374076,228.05590712947227,18.688801595344554
321,1,174.59948740700708,402.89825994909415,59.16481524250377,276.6364403783041,24.96428662660223
321,2,174.59948740700708,402.89825994909415,73.02715486512608,262.38776744389855,26.28938807672868
321,3,174.59948740700708,402.89825994909415,49.13072465735924,178.71245547991572,29.996180580636956
321,4,174.59948740700708,402.89825994909415,38.32455452783615,140.54063907894428,27.03374938311514
321,5,174.59948740700708,402.89825994909415,25.26815544159473,98.73314393538267,24.104158998167684
321,6,174.59948740700708,402.89825994909415,44.325193399206974,123.61510327728504,21.242450333071528
321,7,174.59948740700708,402.89825994909415,61.88381282935922,112.74208198603269,15.839168039543203
321,8,174.59948740700708,402.89825994909415,79.83730056310823,245.97152081531428,12.713705949389452
321,9,174.59948740700708,402.89825994909415,49.86638140617562,263.77268287011657,12.566797321312684
321,10,174.59948740700708,402.89825994909415,55.063785614950966,340.15122714587005,13.822952713530082
321,11,174.59948740700708,402.89825994909415,40.76793969169283,232.32146371484416,14.604073071298895
322,0,197.44017459765954,193.1079969898451,35.71251658287994,238.52987253515076,21.09503888118553
322,1,197.44017459765954,193.1079969898451,82.50521730355922,321.1002893264794,24.643419543796643
322,2,197.44017459765954,193.1079969898451,112.12988902017214,244.97313419139172,27.90184873455336
322,3,197.44017459765954,193.1079969898451,65.33371741994081,136.24205930104836,28.032999972899603
322,4,197.44017459765954,193.1079969898451,74.11756063759032,103.18035565231341,27.62527446116656
322,5,197.44017459765954,193.1079969898451,57.39260512093446,101.04890529768741,24.330293254039518
322,6,197.44017459765954,193.1079969898451,101.34675757835382,104.2325102496025,20.83119857548828
322,7,197.44017459765954,193.1079969898451,30.85460964887334,150.9736122839857,15.85518262966281
322,8,197.44017459765954,193.1079969898451,84.37284798703075,197.96158912100725,12.927286837592677
322,9,197.44017459765954,193.1079969898451,62.19283448784962,217.63109547866176,12.670451920108341
322,10,197.44017459765954,193.1079969898451,71.95748516262148,221.08084228786274,12.468211950853622
322,11,197.44017459765954,193.1079969898451,85.95470671001357,257.98258285741457,15.688714931749518
323,0,255.59151068726618,303.03797118657957,58.2812582831724,214.6183012931253,21.74301905965038
323,1,255.59151068726618,303.03797118657957,63.281734608134244,266.7883440301059,26.587390561077623
323,2,255.59151068726618,303.03797118657957,62.44777484651315,267.68436567432747,25.911916984963284
323,3,255.59151068726618,303.03797118657957,84.83842406331595,205.52385627079485,26.76077520981979
323,4,255.59151068726618,303.03797118657957,57.695588537131286,109.09996389370235,27.400787929329933
323,5,255.59151068726618,303.03797118657957,58.530412921154145,91.97037953725382,23.84098097387862
323,6,255.59151068726618,303.03797118657957,83.52090367753681,86.77261631307195,20.423889814731773
323,7,255.59151068726618,303.03797118657957,59.28904363301432,128.6191431528994,14.722040961722243
323,8,255.59151068726618,303.03797118657957,50.10774956289085,252.85438635583165,12.836517654665345
323,9,255.59151068726618,303.03797118657957,66.7348058171689,233.3827767809874,13.986427208671454
323,10,255.59151068726618,303.03797118657957,70.72747338576184,184.56526041959796,12.112466355041251
323,11,255.59151068726618,303.03797118657957,100.34977739710293,340.8894590035664,15.927360375249668
324,0,327.32232881089385,296.5264496197358,81.24586585825405,229.37724575427185,19.388132917610996
324,1,327.32232881089385,296.5264496197358,32.47836888197447,327.85189353095876,24.18784475811984
324,2,327.32232881089385,296.5264496197358,60.19971253254073,295.7415919121933,26.652067132119974
324,3,327.32232881089385,296.5264496197358,72.34118666378362,233.07086038058063,29.64694146163634
324,4,327.32232881089385,296.5264496197358,97.7743043882561,94.99393500337185,25.764572606028544
324,5,327.32232881089385,296.5264496197358,83.07133899055304,69.90428894592121,24.763223682645155
324,6,327.32232881089385,296.5264496197358,69.87516554514475,88.41085947385183,20.943966588162386
324,7,327.32232881089385,296.5264496197358,58.63364736697107,104.54098409748833,16.637908199137105
324,8,327.32232881089385,296.5264496197358,85.48290994895504,207.93435015496402,13.914866002670776
324,9,327.32232881089385,296.5264496197358,76.44335715062647,241.3346726484596,10.254658472844856
324,10,327.32232881089385,296.5264496197358,51.7661957876897,284.13385633226926,12.459807703855203
324,11,327.32232881089385,296.5264496197358,92.9406014490981,236.23754413830613,14.806176379845562
325,0,303.9730218191522,255.95932356862795,38.44889771275068,278.41005228360297,19.574972143905196
325,1,303.9730218191522,255.95932356862795,58.565379239852746,230.6566097848686,22.62975710166623
325,2,303.9730218191522,255.95932356862795,37.98659368665875,275.45847586594397,27.60816716422014
325,3,303.9730218191522,255.95932356862795,47.659057296080334,182.88592100086547,26.96365607273089
325,4,303.9730218191522,255.95932356862795,29.170019507417145,105.37347242932098,26.334449560181298
325,5,303.9730218191522,255.95932356862795,97.60141281965679,85.978503885704,22.743314916515793
325,6,303.9730218191522,255.95932356862795,55.609723479187004,88.59422802278138,19.459597114473357
325,7,303.9730218191522,255.95932356862795,41.071652395560676,129.38804274908358,14.879498677477269
325,8,303.9730218191522,255.95932356862795,70.81723331794632,175.03812266913127,11.500888008158235
325,9,303.9730218191522,255.95932356862795,0.7206750077794126,318.66052317012645,10.227911358678405
325,10,303.9730218191522,255.95932356862795,50.69725186214055,203.64143499862166,15.315504548159968
325,11,303.9730218191522,255.95932356862795,76.8035612392434,305.55942647234207,15.178014283154562
326,0,121.92345290004178,428.70613646498305,105.67903163231732,253.75000196098034,20.51958332676519
326,1,121.92345290004178,428.70613646498305,74.09208705090174,283.799293229112,22.173799861450412
326,2,121.92345290004178,428.70613646498305,112.97455186333788,239.72769694063933,27.236578185257045
326,3,121.92345290004178,428.70613646498305,56.478336454671584,167.90501234442806,28.01268776814452
326,4,121.92345290004178,428.70613646498305,56.757330553328764,106.03809235354093,28.20709772848664
326,5,121.92345290004178,428.70613646498305,41.18544961160367,74.60732686037036,24.628513516635664
326,6,121.92345290004178,428.70613646498305,69.80479739477677,95.10255943214088,20.37905002653411
326,7,121.92345290004178,428.70613646498305,58.232338830108745,112.81967581615372,15.443496832878054
326,8,121.92345290004178,428.70613646498305,66.19127425440142,222.52815802072837,13.053025321693223
326,9,121.92345290004178,428.70613646498305,91.48103560378901,206.66956029484822,11.644028609169771
326,10,121.92345290004178,428.70613646498305,81.61279482223541,337.5323033914709,13.299762750952162
326,11,121.92345290004178,428.70613646498305,69.29695825600494,237.42888026576716,16.383074473135597
327,0,187.733617350589,366.62484681392567,75.11217434816334,264.27038774354145,19.33033635104498
327,1,187.733617350589,366.62484681392567,39.90567182760408,289.7665267602903,24.20732597852728
327,2,187.733617350589,366.62484681392567,63.00126316491434,256.50411912841645,27.76657693219517
327,3,187.733617350589,366.62484681392567,85.03657163920873,187.10400785702842,27.20041642000762
327,4,187.733617350589,366.62484681392567,52.123585328540585,112.46718121947687,29.451248900181703
327,5,187.733617350589,366.62484681392567,71.647135303553,70.88354634168016,24.45474297270479
327,6,187.733617350589,366.62484681392567,56.57939281296063,108.02905183992009,20.493874605554
327,7,187.733617350589,366.62484681392567,54.91587448352219,157.74078608383468,16.806459781857995
327,8,187.733617350589,366.62484681392567,30.156978418272296,254.598393519411,14.208232179099154
327,9,187.733617350589,366.62484681392567,34.209504045534636,258.23924660307625,12.036381151513735
327,10,187.733617350589,366.62484681392567,62.364811928002865,261.9972676422234,12.251441048655634
327,11,187.733617350589,366.62484681392567,51.93631460666799,310.18369936401007,16.7947277116325
328,0,225.28349672609494,296.14484892007965,31.895585768270674,199.93448248006544,20.05203817184542
328,1,225.28349672609494,296.14484892007965,89.41025176636782,249.3191609583843,23.4727184066271
328,2,225.28349672609494,296.14484892007965,63.654326815961724,219.7054869774705,25.966398337419406
328,3,225.28349672609494,296.14484892007965,42.50914751235306,136.1608967329846,27.96753077665368
328,4,225.28349672609494,296.14484892007965,65.78189310601279,76.02963824927951,27.603952373434414
328,5,225.28349672609494,296.14484892007965,76.82014473628237,85.90487132645447,24.40347227234713
328,6,225.28349672609494,296.14484892007965,49.55966412484268,90.41054996776661,18.39232121074603
328,7,225.28349672609494,296.14484892007965,67.22096272054348,124.55760591478857,17.66248453933429
328,8,225.28349672609494,296.14484892007965,115.44755679475638,170.5752064890604,13.834466960081318
328,9,225.28349672609494,296.14484892007965,57.96731964475144,230.88956699920863,12.604188745727042
328,10,225.28349672609494,296.14484892007965,38.4270643659682,240.21173860764665,12.351501573928
328,11,225.28349672609494,296.14484892007965,39.59336849958085,231.09206940213136,16.161020023715214
329,0,151.65442429049435,194.7229418875256,52.581578526057996,244.8912334215822,20.173923333460518
329,1,151.65442429049435,194.7229418875256,73.2995797137997,329.1267041088419,21.816204147766175
329,2,151.65442429049435,194.7229418875256,71.93106691698138,312.0204491364988,26.092471508135446
329,3,151.65442429049435,194.7229418875256,61.94768148033454,184.27197968535683,26.57405982177017
329,4,151.65442429049435,194.7229418875256,146.01844599791946,98.12160693732508,27.152457618446533
329,5,151.65442429049435,194.7229418875256,58.523550149355195,61.97037708895669,21.02723929269024
329,6,151.65442429049435,194.7229418875256,54.87700505928031,92.69773443318545,18.90889598097535
329,7,151.65442429049435,194.7229418875256,70.18875443157157,119.6184553476192,16.97221762483358
329,8,151.65442429049435,194.7229418875256,69.47669081651952,172.80084848906563,13.025568309382761
329,9,151.65442429049435,194.7229418875256,67.84870786466414,287.1253046161774,11.916516515744041
329,10,151.65442429049435,194.7229418875256,48.62512452550423,344.8355670772506,10.846236923873358
329,11,151.65442429049435,194.7229418875256,61.407834031962444,203.5796970205867,15.88226462504031
330,0,272.0342883959274,313.3367796888134,71.6757061452088,241.3310844271266,18.968200747770158
330,1,272.0342883959274,313.3367796888134,27.785744360411243,279.27533929990756,24.829836449426537
330,2,272.0342883959274,313.3367796888134,112.03697886324287,293.19950046927624,27.860462802354892
330,3,272.0342883959274,313.3367796888134,42.35914087759562,152.74375381366167,29.688900947011305
330,4,272.0342883959274,313.3367796888134,104.07905451497282,96.69905747283141,26.16827122643097
330,5,272.0342883959274,313.3367796888134,69.76156203136034,103.63218546257522,23.578091069994116
330,6,272.0342883959274,313.3367796888134,52.71119650240423,91.0564321537172,19.501745234216045
330,7,272.0342883959274,313.3367796888134,55.786496571561706,107.72005939566812,16.94866263782417
330,8,272.0342883959274,313.3367796888134,42.92318740895359,254.09440220053975,14.464064838465342
330,9,272.0342883959274,313.3367796888134,66.6910003461757,210.43590520093937,11.1864037867344
330,10,272.0342883959274,313.3367796888134,61.53990895299007,260.589630171302,14.020040500827319
330,11,272.0342883959274,313.3367796888134,49.87827661801239,246.89832684580662,16.600848043242866
331,0,180.90458772433993,234.8213438580732,48.07039320657692,253.74699343352964,19.792235857666967
331,1,180.90458772433993,234.8213438580732,40.07686798398366,298.06114693878305,23.47155093712281
331,2,180.90458772433993,234.8213438580732,65.35494089016028,275.0567790858236,25.53092841087623
331,3,180.90458772433993,234.8213438580732,35.55107392506956,174.467571491301,27.481800626387795
331,4,180.90458772433993,234.8213438580732,100.20326801443045,109.93212608635177,27.1278424068363
331,5,180.90458772433993,234.8213438580732,61.128417628673915,89.78388205711758,24.544456061680986
331,6,180.90458772433993,234.8213438580732,66.8730202028012,92.49642723708953,20.873295854580856
331,7,180.90458772433993,234.8213438580732,87.34616121963874,95.54342874075411,16.969400086673048
331,8,180.90458772433993,234.8213438580732,76.72356556938946,187.59825280912554,13.065319449993472
331,9,180.90458772433993,234.8213438580732,40.955239637342295,165.99123931800708,11.765727458426513
331,10,180.90458772433993,234.8213438580732,41.07613349871194,312.47024220282793,11.555230525765932
331,11,180.90458772433993,234.8213438580732,61.09538067313991,233.08082666424144,15.344245848962652
332,0,221.9339795831367,341.13960392088325,74.64039248717117,275.419413589554,18.504188602916788
332,1,221.9339795831367,341.13960392088325,79.07557359569259,255.24769665981094,23.373277152010544
332,2,221.9339795831367,341.13960392088325,38.63464388317719,254.730166685727,28.80223747010237
332,3,221.9339795831367,341.13960392088325,40.51790480575686,143.57195814351604,26.456078708843467
332,4,221.9339795831367,341.13960392088325,30.282737064360305,107.85796387809418,26.3388093144311
332,5,221.9339795831367,341.13960392088325,71.97397481537189,76.48737214902518,25.489977020797383
332,6,221.9339795831367,341.13960392088325,60.03283476462064,84.42739117487456,18.765946726879434
332,7,221.9339795831367,341.13960392088325,76.82798193388876,137.25647079770522,14.702026145712798
332,8,221.9339795831367,341.13960392088325,73.17421335095298,188.86562444074275,13.507916826162823
332,9,221.9339795831367,341.13960392088325,65.40680080797526,240.05147770374302,12.851490786897427
332,10,221.9339795831367,341.13960392088325,52.76621785922301,267.6464309573058,15.510805940592613
332,11,221.9339795831367,341.13960392088325,61.24869948459403,257.8161272015053,14.210118248213917
333,0,244.23710415187057,277.32262576801764,27.11645353536818,279.2587584784412,19.845001396742717
333,1,244.23710415187057,277.32262576801764,70.62593219420417,287.79020253156966,23.64585173654749
333,2,244.23710415187057,277.32262576801764,25.23968510633417,248.48478448215005,27.593439418118606
333,3,244.23710415187057,277.32262576801764,55.13428964305736,211.71179597969126,26.606055071681944
333,4,244.23710415187057,277.32262576801764,68.62238244066691,88.34682041551368,28.01830068623278
333,5,244.23710415187057,277.32262576801764,70.44497930205765,85.50058486764918,23.895173333537652
333,6,244.23710415187057,277.32262576801764,55.503163308472146,106.0755521602764,20.593222280716976
333,7,244.23710415187057,277.32262576801764,50.936986978279904,119.39222599249855,16.688706190759422
333,8,244.23710415187057,277.32262576801764,51.158932318656284,222.0159782083602,15.765344042949543
333,9,244.23710415187057,277.32262576801764,28.444121928092795,235.87982165415238,12.560022785270409
333,10,244.23710415187057,277.32262576801764,72.45415991696423,324.4633779304461,13.411250300457104
333,11,244.23710415187057,277.32262576801764,50.624438981304095,248.5678360561039,16.31199857374565
334,0,161.48815162095602,325.3140443508294,48.82909320766068,302.79654007835717,20.67016093741963
334,1,161.48815162095602,325.3140443508294,57.590675671396106,278.0390051268635,24.495997360247245
334,2,161.48815162095602,325.3140443508294,25.72786840446156,213.08517794493252,26.69058494354146
334,3,161.48815162095602,325.3140443508294,53.36091791831347,172.5527510485126,27.9438175909609
334,4,161.48815162095602,325.3140443508294,68.62287592488062,93.56070241797448,27.500523680879557
334,5,161.48815162095602,325.3140443508294,68.9090751759989,88.5628988786036,23.140903909631124
334,6,161.48815162095602,325.3140443508294,77.25508174916888,100.70918286800368,20.049326836238905
334,7,161.48815162095602,325.3140443508294,42.808064800429236,124.46632095942816,16.383787384048212
334,8,161.48815162095602,325.3140443508294,51.83833065208605,223.81493266767555,14.277765677798682
334,9,161.48815162095602,325.3140443508294,51.49667170288854,261.9234438744864,12.558618547126015
334,10,161.48815162095602,325.3140443508294,45.84646231197831,286.91110170185385,13.440974696118916
334,11,161.48815162095602,325.3140443508294,67.05745224670385,257.73191107985855,16.04915383535062
335,0,346.35882789413955,416.6506719357227,43.33986755836327,282.08404525248966,20.25374961402167
335,1,346.35882789413955,416.6506719357227,41.85435121080704,282.1309025135392,24.97979520829656
335,2,346.35882789413955,416.6506719357227,84.66931785952406,317.6362531789366,25.804645159216825
335,3,346.35882789413955,416.6506719357227,52.992827424847256,156.69247394440066,27.088199306711054
335,4,346.35882789413955,416.6506719357227,48.59922245801192,82.20679638941557,28.345435113499686
335,5,346.35882789413955,416.6506719357227,39.92219513986649,76.78818094277023,24.734176890329735
335,6,346.35882789413955,416.6506719357227,71.99103708521169,79.00257735594951,21.727226443031554
335,7,346.35882789413955,416.6506719357227,42.24588738234537,118.27901202175899,15.20066697241561
335,8,346.35882789413955,416.6506719357227,84.32024950205808,214.98870679635158,14.43733782967718
335,9,346.35882789413955,416.6506719357227,77.51908644435952,208.6831473854376,12.283355512402006
335,10,346.35882789413955,416.6506719357227,49.42132564692432,346.4656485576358,13.18847579635572
335,11,346.35882789413955,416.6506719357227,52.60711520858264,271.91020235288767,15.47980462893797
336,0,204.69482065788085,362.87670930072386,71.77677243757063,265.0025117789734,20.11132471293756
336,1,204.69482065788085,362.87670930072386,54.200544684612595,319.01338385525304,25.583678545475347
336,2,204.69482065788085,362.87670930072386,64.2472155524593,262.6698151309287,26.92529270737327
336,3,204.69482065788085,362.87670930072386,42.630834215396945,201.1420950503123,28.272461994880583
336,4,204.69482065788085,362.87670930072386,25.64769610369514,131.89865687741266,27.734440938963363
336,5,204.69482065788085,362.87670930072386,79.43305872592387,73.77224700989791,24.695350954784733
336,6,204.69482065788085,362.87670930072386,42.27078507749605,81.90252693145175,17.13624727200024
336,7,204.69482065788085,362.87670930072386,67.07154406913789,131.76854492213417,16.171024929105997
336,8,204.69482065788085,362.87670930072386,94.26014196817958,224.5045290920393,13.797508827757374
336,9,204.69482065788085,362.87670930072386,38.1742552966206,282.65477268182093,12.19057072926623
336,10,204.69482065788085,362.87670930072386,59.545649931215195,306.25088767334023,12.804055271834233
336,11,204.69482065788085,362.87670930072386,26.77097325786712,225.21862527367344,17.251256677380358
337,0,282.5073245212629,282.8227840277814,62.393963345219234,276.6804052126332,20.379781011707355
337,1,282.5073245212629,282.8227840277814,56.52019094772444,263.08619732219165,25.214500160149075
337,2,282.5073245212629,282.8227840277814,82.42439179722729,225.86271174573622,26.77496323150697
337,3,282.5073245212629,282.8227840277814,74.36074716040828,145.45061170953971,27.384188050518734
337,4,282.5073245212629,282.8227840277814,58.575928926353605,109.62880210554098,27.241439082398202
337,5,282.5073245212629,282.8227840277814,56.925536436359565,71.18672584061986,22.23675253077814
337,6,282.5073245212629,282.8227840277814,108.80781448137478,73.10520470248547,20.314287460597654
337,7,282.5073245212629,282.8227840277814,54.588261379892984,143.08648841831496,16.24599199081608
337,8,282.5073245212629,282.8227840277814,52.71953353372677,241.42557372102763,13.983098084559517
337,9,282.5073245212629,282.8227840277814,75.97615633725103,224.12638868620323,13.144670044883457
337,10,282.5073245212629,282.8227840277814,62.97105926442334,381.1570584426025,12.605272742389054
337,11,282.5073245212629,282.8227840277814,65.8044328019011,221.63071358384434,16.12131469027417
338,0,202.17317845525363,294.0679580621908,77.92693248739121,281.25474142699005,20.113292227343038
338,1,202.17317845525363,294.0679580621908,66.37796996908655,263.5766382539869,23.49258309809968
338,2,202.17317845525363,294.0679580621908,57.32473569433679,249.51460689576103,26.869964900513644
338,3,202.17317845525363,294.0679580621908,51.18781121198137,185.14463102547774,28.047479715229105
338,4,202.17317845525363,294.0679580621908,41.827232866318724,111.2096416249061,26.032395679896737
338,5,202.17317845525363,294.0679580621908,65.74645027221702,69.73461042414533,23.0910261221571
338,6,202.17317845525363,294.0679580621908,34.185563177664875,106.07232305918137,19.813333454268566
338,7,202.17317845525363,294.0679580621908,76.77914631130679,131.4611500724785,14.5547788711074
338,8,202.17317845525363,294.0679580621908,66.28794689264215,195.74408390527506,13.31803455071546
338,9,202.17317845525363,294.0679580621908,71.01579007501077,240.59670464141598,12.017738963501676
338,10,202.17317845525363,294.0679580621908,63.79249180425573,253.6587286860098,12.212735575569923
338,11,202.17317845525363,294.0679580621908,67.7447875157009,287.8550671134148,15.755979126009313
339,0,249.06501884677863,236.56296316029102,54.60534641644678,247.15931299356475,22.249727573522097
339,1,249.06501884677863,236.56296316029102,55.804306822288,276.85793795313356,22.6154183363641
339,2,249.06501884677863,236.56296316029102,51.477052558894385,291.44395960529783,26.758004109477692
339,3,249.06501884677863,236.56296316029102,109.94664513772514,158.22452552529097,27.40111655987926
339,4,249.06501884677863,236.56296316029102,81.10464980199183,94.95913882185884,27.46334468670589
339,5,249.06501884677863,236.56296316029102,60.589118923427336,82.86310361070575,23.553273949015217
339,6,249.06501884677863,236.56296316029102,50.573906179829834,113.76792866547004,19.302690668691923
339,7,249.06501884677863,236.56296316029102,68.23095729739504,132.962296201697,16.764292947388675
339,8,249.06501884677863,236.56296316029102,38.08750827418433,211.01144560678225,12.440507666851055
339,9,249.06501884677863,236.56296316029102,81.51013462482322,265.34496307764476,11.796211716528404
339,10,249.06501884677863,236.56296316029102,77.67409908094507,349.13566888762386,13.21926986139278
339,11,249.06501884677863,236.56296316029102,62.21381242178583,222.29044725504727,17.035376282196744
340,0,190.6441564485553,362.973251223532,58.94311438322939,210.6280089083497,17.930587027960854
340,1,190.6441564485553,362.973251223532,81.60963745735759,239.76091547842907,25.385858040977283
340,2,190.6441564485553,362.973251223532,86.36227951225426,201.51959607401085,28.509760547521957
340,3,190.6441564485553,362.973251223532,100.95815810452766,200.3877297507574,27.871385724958376
340,4,190.6441564485553,362.973251223532,50.265279533444456,99.35459738559867,26.683967602696022
340,5,190.6441564485553,362.973251223532,24.48635526957223,87.28885242763684,24.282857121133258
340,6,190.6441564485553,362.973251223532,41.675892971229295,106.25999976471401,17.83967336225758
340,7,190.6441564485553,362.973251223532,5.733790555249584,104.84922953497386,14.631502355622859
340,8,190.6441564485553,362.973251223532,27.894890904985616,199.44004440057887,12.895559267693802
340,9,190.6441564485553,362.973251223532,66.28242914731764,212.39607526749967,11.701543708515993
340,10,190.6441564485553,362.973251223532,98.1299630792412,347.61194539114746,11.753044192981879
340,11,190.6441564485553,362.973251223532,92.76153292788905,218.88360132337505,18.48855168138781
341,0,214.57941746696352,233.54255926848037,60.36271766593073,236.33771713186533,19.48932484134261
341,1,214.57941746696352,233.54255926848037,86.54016528056968,298.46263366626187,24.911407450023287
341,2,214.57941746696352,233.54255926848037,43.67436699740888,296.3250197859863,26.51574955511067
341,3,214.57941746696352,233.54255926848037,29.89448133498314,190.3197058522867,28.302753078799817
341,4,214.57941746696352,233.54255926848037,64.09196867572258,81.14864462218017,25.917439471710257
341,5,214.57941746696352,233.54255926848037,54.98140467997678,99.56047133446799,24.773393060817586
341,6,214.57941746696352,233.54255926848037,37.54820591169562,92.28345640474555,20.750314912084235
341,7,214.57941746696352,233.54255926848037,60.407067786051044,108.19239581479351,14.829430979668283
341,8,214.57941746696352,233.54255926848037,59.65261794971852,149.06232503596436,13.205187156771183
341,9,214.57941746696352,233.54255926848037,54.10218631780346,283.23254967622086,11.982921218365917
341,10,214.57941746696352,233.54255926848037,79.23353034601996,236.24211162711705,12.764841922878073
341,11,214.57941746696352,233.54255926848037,69.58776873832659,245.9223171423647,14.863976546085109
342,0,238.77352000610927,259.61251297124625,82.25276475492834,265.8967127065161,20.52205407841619
342,1,238.77352000610927,259.61251297124625,55.52872657389722,255.02155938675838,23.02342690794424
342,2,238.77352000610927,259.61251297124625,49.854185103482095,348.72935455932793,27.245181494337384
342,3,238.77352000610927,259.61251297124625,62.43881100780928,141.97723264998936,26.977135745010198
342,4,238.77352000610927,259.61251297124625,43.35702400618028,114.60594153915984,27.271653644560256
342,5,238.77352000610927,259.61251297124625,66.99371547048881,79.89439302194968,24.724194931723357
342,6,238.77352000610927,259.61251297124625,80.69157023016197,75.46373536821308,20.48608568167695
342,7,238.77352000610927,259.61251297124625,60.32718741918321,124.57323650035849,16.143226415937157
342,8,238.77352000610927,259.61251297124625,35.44436042436973,143.40689844647963,13.326529837620818
342,9,238.77352000610927,259.61251297124625,67.24722533262887,237.78135036808305,13.782131990943485
342,10,238.77352000610927,259.61251297124625,77.3817007310634,209.58078564648855,14.282353557302672
342,11,238.77352000610927,259.61251297124625,23.607046966391835,273.1730286095946,16.539895211980095
343,0,235.70358179755056,192.34034533662796,44.30477207138151,256.563820162387,19.472871132200353
343,1,235.70358179755056,192.34034533662796,39.48253823625601,284.2974185254161,23.88553891402267
343,2,235.70358179755056,192.34034533662796,63.29244214493715,269.8796030441391,26.108143208855406
343,3,235.70358179755056,192.34034533662796,40.24170986625076,208.6673951424172,28.321595266875107
343,4,235.70358179755056,192.34034533662796,38.37455310360197,101.32469186376703,27.728900519892015
343,5,235.70358179755056,192.34034533662796,32.19099734965258,98.83458398834168,23.96320656424569
343,6,235.70358179755056,192.34034533662796,66.38431106117419,82.50098465884285,19.48593698593473
343,7,235.70358179755056,192.34034533662796,104.73160278162919,101.38414992101569,15.58496763389986
343,8,235.70358179755056,192.34034533662796,72.63998372353248,291.71128285138803,13.187799145988475
343,9,235.70358179755056,192.34034533662796,71.52543445820484,291.2420761401679,11.450961974954636
343,10,235.70358179755056,192.34034533662796,59.358043391523815,304.73654647077956,13.31381747989916
343,11,235.70358179755056,192.34034533662796,50.7624091649106,229.07848276492496,14.957100260749916
344,0,251.76920261163193,309.43740166819737,52.463034636817255,252.14392134487284,18.603009347705544
344,1,251.76920261163193,309.43740166819737,56.94791574339146,301.9069384029301,23.437962408953418
344,2,251.76920261163193,309.43740166819737,23.951775229385873,192.1254107409199,24.977978746080968
344,3,251.76920261163193,309.43740166819737,51.81884292556621,143.30691369304893,28.05185771654157
344,4,251.76920261163193,309.43740166819737,43.821618027962984,85.23481634458189,26.261707167458503
344,5,251.76920261163193,309.43740166819737,66.51336072079424,97.35902991412837,23.167913297795884
344,6,251.76920261163193,309.43740166819737,66.04414321694216,102.16323198131161,20.181750641007064
344,7,251.76920261163193,309.43740166819737,76.39287372851815,122.80736939138436,15.12226985533541
344,8,251.76920261163193,309.43740166819737,76.88062066252029,162.72536793814896,12.51939623360613
344,9,251.76920261163193,309.43740166819737,49.86164878143245,239.33463580913596,10.52823549425116
344,10,251.76920261163193,309.43740166819737,45.915339245135364,281.1832851329759,13.237164136602194
344,11,251.76920261163193,309.43740166819737,75.25349296386695,306.5194089223339,14.860393430570188
345,0,235.04365655875438,452.3446141694455,69.56367775028973,268.8515203389878,19.85798162807849
345,1,235.04365655875438,452.3446141694455,49.94696102259109,281.9027883476527,24.32446836593799
345,2,235.04365655875438,452.3446141694455,76.06220975387612,224.78840407000172,26.787469188198106
345,3,235.04365655875438,452.3446141694455,66.3013901471419,192.50973770527597,28.419526057597306
345,4,235.04365655875438,452.3446141694455,55.18887126630031,102.53796534048642,26.199653451101337
345,5,235.04365655875438,452.3446141694455,88.3836750002478,84.67058120682412,24.23051238834237
345,6,235.04365655875438,452.3446141694455,62.99438116949026,90.71842392718122,19.962231720683533
345,7,235.04365655875438,452.3446141694455,83.87039958667731,86.75311419449123,15.721314957332408
345,8,235.04365655875438,452.3446141694455,65.44395895299826,211.85651568042533,14.01095950545176
345,9,235.04365655875438,452.3446141694455,71.02736942732389,228.76004382972968,11.642057536174425
345,10,235.04365655875438,452.3446141694455,72.20002135895767,272.35217093660344,12.227980372194436
345,11,235.04365655875438,452.3446141694455,56.534331232841396,291.3210526080594,15.849322565262792
346,0,329.3889018425614,268.5953999630991,75.37780513048025,168.43601583184292,20.51073689225087
346,1,329.3889018425614,268.5953999630991,67.79670513132521,323.57040530071083,23.496316676081396
346,2,329.3889018425614,268.5953999630991,45.67479323330394,277.95603188859843,27.790194474635946
346,3,329.3889018425614,268.5953999630991,88.72105287388321,129.39098737705297,27.39157018220021
346,4,329.3889018425614,268.5953999630991,36.87101652127139,94.23579315309911,27.175146807263893
346,5,329.3889018425614,268.5953999630991,78.07572535551472,99.60991141134112,24.20745195903417
346,6,329.3889018425614,268.5953999630991,52.97314318647536,86.54896960782398,20.72446299189967
346,7,329.3889018425614,268.5953999630991,84.2751478699001,129.23298234127645,15.811700842159183
346,8,329.3889018425614,268.5953999630991,102.74761479869989,222.49768792068556,11.64233983053936
346,9,329.3889018425614,268.5953999630991,89.90990019650457,258.93744240594174,12.506684515767512
346,10,329.3889018425614,268.5953999630991,48.164397637480135,333.28219036391096,11.975037688761562
346,11,329.3889018425614,268.5953999630991,60.79036021669398,307.61773057821677,14.284286491325934
347,0,121.33519770024182,269.5294571343111,47.63083724071039,215.11167518874456,21.078739655867324
347,1,121.33519770024182,269.5294571343111,78.72781574009616,217.44130471930492,23.93260799572292
347,2,121.33519770024182,269.5294571343111,38.73005088717869,307.5884827760657,28.362428503058272
347,3,121.33519770024182,269.5294571343111,79.9680203522136,162.8525901254273,27.435895634867418
347,4,121.33519770024182,269.5294571343111,61.80945974701529,90.54323743946289,27.700049130255405
347,5,121.33519770024182,269.5294571343111,34.97793221986304,102.49379481951095,23.733328490446336
347,6,121.33519770024182,269.5294571343111,58.30073569694327,88.21239600941264,19.657937229844766
347,7,121.33519770024182,269.5294571343111,66.90827724301313,117.0234214217695,15.93919911998105
347,8,121.33519770024182,269.5294571343111,78.30163727480985,204.16604180608368,13.923720809439766
347,9,121.33519770024182,269.5294571343111,66.66011110901246,212.72996956657573,11.986411751865692
347,10,121.33519770024182,269.5294571343111,47.468495983982436,259.5383631273368,12.124990152262656
347,11,121.33519770024182,269.5294571343111,61.3939631957975,265.44048874216793,16.961474296127957
348,0,258.80570261300585,262.57455180435426,44.176848991247894,309.9656003626952,19.833995448530654
348,1,258.80570261300585,262.57455180435426,82.78493532957944,239.9287289681737,26.398417271462502
348,2,258.80570261300585,262.57455180435426,55.01680631100926,285.7524521094376,28.27123855602205
348,3,258.80570261300585,262.57455180435426,47.950599033164586,159.0944919620121,28.973271001433027
348,4,258.80570261300585,262.57455180435426,26.156473186204977,100.80396731765724,27.434276093634494
348,5,258.80570261300585,262.57455180435426,44.344371052894516,91.06140762214498,23.066798469546402
348,6,258.80570261300585,262.57455180435426,65.24395179768378,117.61146987417584,19.849132317832883
348,7,258.80570261300585,262.57455180435426,72.32364405073983,113.64076448684827,16.676930140824588
348,8,258.80570261300585,262.57455180435426,66.35973396413534,126.50705271559603,15.18884479940507
348,9,258.80570261300585,262.57455180435426,65.5318700041707,217.94483057812474,12.383441470752853
348,10,258.80570261300585,262.57455180435426,79.37282435565817,188.3990931516304,13.154994451367834
348,11,258.80570261300585,262.57455180435426,52.55556116360303,249.01517859008382,16.564197260273918
349,0,243.4594257761926,312.0188050971599,58.040799581191855,219.9813476385007,18.860526915169952
349,1,243.4594257761926,312.0188050971599,92.86962576669018,287.63927298574487,26.025995047164766
349,2,243.4594257761926,312.0188050971599,85.96325313900994,255.9757747686191,25.70737982726554
349,3,243.4594257761926,312.0188050971599,58.70762961388616,184.32498723611687,26.990535515511198
349,4,243.4594257761926,312.0188050971599,93.60274820428953,74.9094789110557,25.668083538783534
349,5,243.4594257761926,312.0188050971599,56.06654475785786,78.58486011505927,23.549342484358537
349,6,243.4594257761926,312.0188050971599,50.49353607090672,124.01860884283629,19.243464578289398
349,7,243.4594257761926,312.0188050971599,63.100207410353704,142.7877672766751,16.235971365209
349,8,243.4594257761926,312.0188050971599,96.80185583296361,189.65881400777005,14.013310594826793
349,9,243.4594257761926,312.0188050971599,52.89696110552835,165.41170594775534,12.766536267634818
349,10,243.4594257761926,312.0188050971599,43.473940328251146,253.8742104582822,13.283487250028513
349,11,243.4594257761926,312.0188050971599,68.31661770037806,267.00079552387894,15.346096048414203
350,0,116.9059987143397,333.68612202857486,19.21682778707482,252.11435647453607,19.434340687554577
350,1,116.9059987143397,333.68612202857486,63.66873201127532,188.29957161814775,22.20121744814321
350,2,116.9059987143397,333.68612202857486,96.87943617554373,280.83921186327706,25.72028248121235
350,3,116.9059987143397,333.68612202857486,77.95699555602242,144.9346499537952,27.582647630466013
350,4,116.9059987143397,333.68612202857486,75.27641843854286,102.9539286699418,25.4751011707
350,5,116.9059987143397,333.68612202857486,60.92879882129426,87.89153438903207,25.67314004601112
350,6,116.9059987143397,333.68612202857486,63.83119736358817,110.23445107207581,20.097556276556794
350,7,116.9059987143397,333.68612202857486,63.73856641303287,122.08594603883544,17.156109861042687
350,8,116.9059987143397,333.68612202857486,50.67682838211734,247.30700594931542,11.722817097766162
350,9,116.9059987143397,333.68612202857486,74.96423251636995,257.85756246760764,12.462307325420234
350,10,116.9059987143397,333.68612202857486,54.4073693710871,307.37051832364045,12.50341982721714
350,11,116.9059987143397,333.68612202857486,38.9719783911931,191.778816825629,18.06576505174379
351,0,249.22922309643775,494.25087020859144,73.63871057532361,275.6408171475109,20.556729885691976
351,1,249.22922309643775,494.25087020859144,69.29159196880093,214.91305718243586,25.42491158669217
351,2,249.22922309643775,494.25087020859144,95.47210930523622,229.16684401661564,26.76946665368132
351,3,249.22922309643775,494.25087020859144,65.18310980361086,154.1462241522832,26.648665746812995
351,4,249.22922309643775,494.25087020859144,62.76491209306088,75.69205729096888,27.813212435008197
351,5,249.22922309643775,494.25087020859144,31.107990587523883,109.18469121946609,23.259879173628196
351,6,249.22922309643775,494.25087020859144,95.09771085035406,117.4057230885176,22.30012669122254
351,7,249.22922309643775,494.25087020859144,47.36996613120405,129.16747395434876,14.698707805154552
351,8,249.22922309643775,494.25087020859144,45.231604800803446,155.95195357166125,13.14855129515479
351,9,249.22922309643775,494.25087020859144,55.26299338572353,250.50309809037546,12.162570117138754
351,10,249.22922309643775,494.25087020859144,63.33886708028075,284.35269516164595,13.268502622086345
351,11,249.22922309643775,494.25087020859144,56.36266968610104,260.7640031362666,15.060344503238829
352,0,293.36067927647883,400.0678107044057,21.514968648334232,206.55524374378749,21.1544831363426
352,1,293.36067927647883,400.0678107044057,79.59650188268411,251.08044243164275,24.371888757631663
352,2,293.36067927647883,400.0678107044057,87.21479189051354,259.9092643498279,28.018233415233805
352,3,293.36067927647883,400.0678107044057,44.75408317429789,193.4010819205565,29.438192036558668
352,4,293.36067927647883,400.0678107044057,62.845172346282254,92.3327097730643,24.87775858818805
352,5,293.36067927647883,400.0678107044057,39.57682593377168,78.19579202307476,23.17733922498825
352,6,293.36067927647883,400.0678107044057,75.06998513636871,90.7231982905386,20.56434120499054
352,7,293.36067927647883,400.0678107044057,46.59200661349353,130.21674834618847,15.49263268363533
352,8,293.36067927647883,400.0678107044057,39.39928602056088,190.86889726991413,13.404153940227415
352,9,293.36067927647883,400.0678107044057,56.8206315030283,305.82256452593003,11.47912982202232
352,10,293.36067927647883,400.0678107044057,63.036894257487276,247.30034124289497,13.619336033505371
352,11,293.36067927647883,400.0678107044057,84.43591073739006,285.4167590690724,16.05992504270792
353,0,326.9734922362785,321.85974576473626,51.56363392248983,259.83484652721694,19.41866229831994
353,1,326.9734922362785,321.85974576473626,75.4684200880873,328.07716409546504,23.265707425428506
353,2,326.9734922362785,321.85974576473626,91.24021994849215,299.3435179602088,27.103185825076142
353,3,326.9734922362785,321.85974576473626,43.724768072889574,166.52401111240468,28.167429032791556
353,4,326.9734922362785,321.85974576473626,80.50732417151467,77.74221854764546,28.094367811905062
353,5,326.9734922362785,321.85974576473626,73.40908889451097,86.11271175145787,23.85126170589347
353,6,326.9734922362785,321.85974576473626,63.02524388174563,75.46150344324593,20.971356937906645
353,7,326.9734922362785,321.85974576473626,26.13638105066301,121.96478496623305,15.475140892641832
353,8,326.9734922362785,321.85974576473626,82.44783346425568,239.56360151308442,12.999929738745069
353,9,326.9734922362785,321.85974576473626,88.36514399796705,215.385084674091,14.030495512817621
353,10,326.9734922362785,321.85974576473626,94.63829355401879,315.8538929017563,12.139412857628612
353,11,326.9734922362785,321.85974576473626,55.41472845301574,233.4002756828318,16.18803291249533
354,0,258.25606517529025,225.00559711516536,61.63016736578534,262.58366249373785,18.571606026358563
354,1,258.25606517529025,225.00559711516536,45.52732886412586,219.7951012126779,25.745425156031267
354,2,258.25606517529025,225.00559711516536,45.30238433101081,295.00448036010863,26.871129725607368
354,3,258.25606517529025,225.00559711516536,72.71184708996954,163.04046603984796,28.2012643729174
354,4,258.25606517529025,225.00559711516536,52.48536769477044,93.61085297061696,26.00560855599684
354,5,258.25606517529025,225.00559711516536,38.488654155330956,96.723120397614,22.363122922200258
354,6,258.25606517529025,225.00559711516536,61.566709975073664,94.47993582701481,19.868356159359422
354,7,258.25606517529025,225.00559711516536,53.41862331595048,107.86312774584657,15.011625702790235
354,8,258.25606517529025,225.00559711516536,56.66133208020764,176.5171415693579,12.273313820483192
354,9,258.25606517529025,225.00559711516536,44.931001581718384,255.39077576497192,12.26401951278587
354,10,258.25606517529025,225.00559711516536,81.37256256414443,322.42731614508983,12.019863084490854
354,11,258.25606517529025,225.00559711516536,56.19716953257,231.2408715044311,13.895890457565864
355,0,219.00168256020663,407.81911156737726,72.12528199528522,272.11565963887307,19.03758552766838
355,1,219.00168256020663,407.81911156737726,86.4759775242166,240.25642662993977,23.70696198540421
355,2,219.00168256020663,407.81911156737726,57.56355202926176,236.99082761240462,26.09864439265747
355,3,219.00168256020663,407.81911156737726,62.06976774347293,194.10744831598154,28.982033464358594
355,4,219.00168256020663,407.81911156737726,76.8028343990292,96.39007145017715,27.62411198395165
355,5,219.00168256020663,407.81911156737726,70.0434369216024,62.970784405600206,23.75092970985045
355,6,219.00168256020663,407.81911156737726,58.548742334490036,97.48408031439526,18.77332333034398
355,7,219.00168256020663,407.81911156737726,84.71689427228124,137.354596119048,14.966410652167658
355,8,219.00168256020663,407.81911156737726,12.993706878394974,220.23115636049005,11.437143592722757
355,9,219.00168256020663,407.81911156737726,57.44583540264004,273.28042769751835,11.958311710679226
355,10,219.00168256020663,407.81911156737726,87.50908231263435,287.55850356680395,14.389459448679986
355,11,219.00168256020663,407.81911156737726,68.25155762370042,276.8985235998031,14.255869845701946
356,0,188.77255099783346,342.1346734557667,61.139687925897675,332.8890314702084,19.350742240625557
356,1,188.77255099783346,342.1346734557667,99.41657933557447,291.3271771912255,24.41220844030387
356,2,188.77255099783346,342.1346734557667,68.71508036762964,261.66866049394395,26.787583937209767
356,3,188.77255099783346,342.1346734557667,71.70026118341977,205.14261033733638,28.0779826512909
356,4,188.77255099783346,342.1346734557667,73.40330037151136,92.39544186381848,26.267280968069254
356,5,188.77255099783346,342.1346734557667,34.73585755596268,97.45825999270686,22.504802050737055
356,6,188.77255099783346,342.1346734557667,57.979971818703696,110.53721281461748,20.145599738885153
356,7,188.77255099783346,342.1346734557667,70.6253911464423,114.48195655760611,15.421354780797326
356,8,188.77255099783346,342.1346734557667,79.52660320412377,195.45528465210745,12.111286997306768
356,9,188.77255099783346,342.1346734557667,82.50800945315854,303.23437871273387,13.871062197943317
356,10,188.77255099783346,342.1346734557667,64.33623723093888,254.3375609268708,12.168270418339079
356,11,188.77255099783346,342.1346734557667,59.68657176541842,302.7036648427546,15.303065010824193
357,0,213.8812445217277,248.7206652963178,59.7884968588028,389.01977306575685,18.66878472530757
357,1,213.8812445217277,248.7206652963178,70.54034623318552,298.57206918575065,22.807050849931066
357,2,213.8812445217277,248.7206652963178,47.616618789191236,281.23995742090693,25.608027687664638
357,3,213.8812445217277,248.7206652963178,59.47881060669193,199.26907857952565,27.204701331643925
357,4,213.8812445217277,248.7206652963178,73.97490474041184,96.30523008476919,25.672185184987953
357,5,213.8812445217277,248.7206652963178,82.01246240912354,80.34925926772503,25.642172518490938
357,6,213.8812445217277,248.7206652963178,108.16652855978037,96.29881971267594,20.824473481987336
357,7,213.8812445217277,248.7206652963178,87.92077469773737,149.7236076955816,16.227591490096113
357,8,213.8812445217277,248.7206652963178,62.99248203536318,172.8482339568809,15.389977469147112
357,9,213.8812445217277,248.7206652963178,72.14926638099736,229.18326170776007,11.895189505946407
357,10,213.8812445217277,248.7206652963178,95.19454409122343,338.32469679109687,14.276427632593617
357,11,213.8812445217277,248.7206652963178,86.28111469305263,181.42896234919127,14.821934809067995
358,0,146.57310863205603,328.80600012764233,48.78709530630239,278.84721129000786,17.760165312314346
358,1,146.57310863205603,328.80600012764233,59.691690302859776,233.8515576294998,24.68108466390657
358,2,146.57310863205603,328.80600012764233,51.78048490075824,275.6153857842051,25.635266729739275
358,3,146.57310863205603,328.80600012764233,28.421086261083754,184.5044568049829,27.37747529893421
358,4,146.57310863205603,328.80600012764233,43.00561013052199,73.35257948267298,27.029905302419834
358,5,146.57310863205603,328.80600012764233,41.399337488219665,104.89956848351784,24.189171825617198
358,6,146.57310863205603,328.80600012764233,45.48558484226544,96.97165632174031,20.6844990067132
358,7,146.57310863205603,328.80600012764233,32.26719079114454,140.2786153570969,15.37420622631591
358,8,146.57310863205603,328.80600012764233,69.33973942441926,200.76768302873637,13.654785055553239
358,9,146.57310863205603,328.80600012764233,78.40929090026529,252.14576654988875,13.081387144011304
358,10,146.57310863205603,328.80600012764233,91.42658188606504,281.87326263605826,14.492915943730733
358,11,146.57310863205603,328.80600012764233,42.48815007217589,318.21900566167983,15.714500556178447
359,0,287.7155040376778,311.33600048896267,103.06449211769336,211.12698876030467,20.45648758096109
359,1,287.7155040376778,311.33600048896267,65.1121841788415,240.29262828276487,21.833163048230602
359,2,287.7155040376778,311.33600048896267,40.6084950136163,317.61462791388857,25.691763240246985
359,3,287.7155040376778,311.33600048896267,66.05445663325894,221.17748094072365,28.09570698307579
359,4,287.7155040376778,311.33600048896267,76.0525329785483,91.79171252244925,29.903962021896213
359,5,287.7155040376778,311.33600048896267,64.08176164828666,83.7199289782791,24.562082831773804
359,6,287.7155040376778,311.33600048896267,27.40464957948037,101.88087546644215,18.7673247297856
359,7,287.7155040376778,311.33600048896267,84.0909511208176,101.98739315735278,16.636328776080823
359,8,287.7155040376778,311.33600048896267,49.34813686295304,211.24994182697617,11.118869632100013
359,9,287.7155040376778,311.33600048896267,86.94482584248033,270.13819383048695,13.0923350075449
359,10,287.7155040376778,311.33600048896267,46.939202992641434,327.6520707571206,14.197430591784524
359,11,287.7155040376778,311.33600048896267,69.19200794690308,298.3941398517399,14.438895564296153
360,0,331.4254594429622,395.658675060364,80.62233069174243,279.27328433379546,20.61860849994821
360,1,331.4254594429622,395.658675060364,80.0567932923692,284.9487461174821,22.97144304420644
360,2,331.4254594429622,395.658675060364,47.481072860439895,322.8808106234313,26.52394040810587
360,3,331.4254594429622,395.658675060364,52.18572688171779,183.74293613769174,27.25693575946648
360,4,331.4254594429622,395.658675060364,60.50918958898837,91.68203457735405,26.785856503807647
360,5,331.4254594429622,395.658675060364,89.86177180308653,99.57259485014312,23.871832573401125
360,6,331.4254594429622,395.658675060364,78.45899230211973,96.97152365287033,18.69788225343848
360,7,331.4254594429622,395.658675060364,72.33522444928533,125.53197701469823,16.85580212803271
360,8,331.4254594429622,395.658675060364,26.04692483977211,141.15641781785513,11.298684309785731
360,9,331.4254594429622,395.658675060364,89.26536715039816,284.16971745995545,11.316852757791231
360,10,331.4254594429622,395.658675060364,72.216074571044,243.81697648243986,14.753877097818341
360,11,331.4254594429622,395.658675060364,32.79966018290699,335.43240075351747,17.126777464394497
361,0,191.49757966397843,341.1311738733032,38.805246968093506,298.464111121875,20.716468102477297
361,1,191.49757966397843,341.1311738733032,93.56632851071859,289.2311549282323,24.37143100055182
361,2,191.49757966397843,341.1311738733032,75.64217128717448,297.4033089617568,26.18878760193451
361,3,191.49757966397843,341.1311738733032,63.29042547741791,142.2524937375538,27.638737192633943
361,4,191.49757966397843,341.1311738733032,58.79371302718924,89.40545642059674,26.00388706896896
361,5,191.49757966397843,341.1311738733032,49.554790821697814,100.30996832282926,26.403423191467308
361,6,191.49757966397843,341.1311738733032,46.89278952080916,119.99214207127424,19.806663295505874
361,7,191.49757966397843,341.1311738733032,51.354092029864034,96.01748456875957,16.439480425811283
361,8,191.49757966397843,341.1311738733032,73.86810255849656,193.01931056574804,14.03131169394309
361,9,191.49757966397843,341.1311738733032,69.44400571636704,243.3018482536381,12.619664615672212
361,10,191.49757966397843,341.1311738733032,52.330977145222064,346.80483999203324,11.767066442495436
361,11,191.49757966397843,341.1311738733032,47.365463976041895,286.27495240762926,16.548502793283507
362,0,154.19111507009006,247.0667617318399,45.324284242502586,262.50331479301417,19.300135873038563
362,1,154.19111507009006,247.0667617318399,110.25727834292562,299.3940027106276,24.307987494629415
362,2,154.19111507009006,247.0667617318399,34.2014643460028,315.13486593969986,27.2449671035983
362,3,154.19111507009006,247.0667617318399,50.72965828557352,156.4525040018352,28.547626060861436
362,4,154.19111507009006,247.0667617318399,68.26961260332402,104.24310815326375,27.515628645911104
362,5,154.19111507009006,247.0667617318399,12.661844426587699,98.05737001064256,22.916111806184865
362,6,154.19111507009006,247.0667617318399,70.06154844911487,101.52257513157765,20.09361154562606
362,7,154.19111507009006,247.0667617318399,89.48223168341731,133.8940663132903,16.032175625986202
362,8,154.19111507009006,247.0667617318399,49.6784513093534,199.7028810221098,13.568141753463342
362,9,154.19111507009006,247.0667617318399,70.77932061718714,194.13334725849916,12.530741434482964
362,10,154.19111507009006,247.0667617318399,74.16034008426399,326.1134080551504,13.26936277233983
362,11,154.19111507009006,247.0667617318399,61.217128588820735,224.81403812563835,16.17457053770671
363,0,65.20549526260045,333.7894614430907,68.30945349000422,181.111908884336,19.378408479086147
363,1,65.20549526260045,333.7894614430907,64.85145569549053,261.0244066986805,23.36562450459099
363,2,65.20549526260045,333.7894614430907,54.34855657902144,232.69011886948647,26.916419302503297
363,3,65.20549526260045,333.7894614430907,83.7787547299752,184.90151046409406,28.546027510919036
363,4,65.20549526260045,333.7894614430907,47.98817727643114,114.86345363387618,26.126785008950797
363,5,65.20549526260045,333.7894614430907,51.365447831791876,106.52813647527036,23.55918273057342
363,6,65.20549526260045,333.7894614430907,59.82750000507693,91.28174648760663,19.99789661179833
363,7,65.20549526260045,333.7894614430907,57.62992663086819,146.65214670274273,17.13344227800902
363,8,65.20549526260045,333.7894614430907,75.11474846112831,218.6939900565222,11.848244637107085
363,9,65.20549526260045,333.7894614430907,42.352545934230946,260.78835018570726,13.505816481010442
363,10,65.20549526260045,333.7894614430907,44.48390344411155,345.0172519833534,13.037774952202552
363,11,65.20549526260045,333.7894614430907,72.99262354221737,198.59756507600193,15.674779985760532
364,0,326.7747112158055,430.74297719187575,61.05863800966131,215.00637132715116,19.108685843968892
364,1,326.7747112158055,430.74297719187575,81.00196385257627,241.24708377557275,24.27391368433978
364,2,326.7747112158055,430.74297719187575,69.99104378266006,262.5771653409071,26.715933821752262
364,3,326.7747112158055,430.74297719187575,43.65230924624994,150.59429459298542,26.942159941820037
364,4,326.7747112158055,430.74297719187575,29.504633887206776,81.45476021710572,28.379575917365855
364,5,326.7747112158055,430.74297719187575,63.15770197531292,95.34752914445862,23.185245921831527
364,6,326.7747112158055,430.74297719187575,57.34264421940068,112.94798048196259,20.210304237592347
364,7,326.7747112158055,430.74297719187575,91.72872119710615,127.18637168164653,15.233336156179002
364,8,326.7747112158055,430.74297719187575,65.52228227995357,205.57261205045558,13.469256009958517
364,9,326.7747112158055,430.74297719187575,96.8064722221851,189.6736347905007,12.03895827037769
364,10,326.7747112158055,430.74297719187575,82.16285057844217,334.7273020790822,11.672585855578939
364,11,326.7747112158055,430.74297719187575,56.71393275975279,249.85758685501312,15.142244777465628
365,0,232.2231140705513,337.47326372015664,79.54742262544234,255.08137150690467,18.024134395080456
365,1,232.2231140705513,337.47326372015664,73.59476938303851,314.4816817673078,24.443963022235447
365,2,232.2231140705513,337.47326372015664,112.4315249299973,308.78919824851647,28.48249699345673
365,3,232.2231140705513,337.47326372015664,54.26115611648355,179.5512572462551,29.391498689299418
365,4,232.2231140705513,337.47326372015664,32.235539850962965,123.55139045200883,28.565581924432273
365,5,232.2231140705513,337.47326372015664,55.09008852209229,96.06399793288833,25.59792917663575
365,6,232.2231140705513,337.47326372015664,85.51917704788212,113.53988350596028,21.745883303007986
365,7,232.2231140705513,337.47326372015664,21.872355687579528,90.95627582174998,17.717275993884883
365,8,232.2231140705513,337.47326372015664,63.92807566110878,239.1540838805043,12.57581826775679
365,9,232.2231140705513,337.47326372015664,83.41913994644108,310.1870566290887,13.347170121507979
365,10,232.2231140705513,337.47326372015664,92.92855417024924,302.1854158947272,12.46379031873439
365,11,232.2231140705513,337.47326372015664,108.95925281121583,320.9210655374259,16.793072784569116
366,0,221.62499374585192,276.69944844557085,51.61888464424642,236.59073996929607,19.48299766994782
366,1,221.62499374585192,276.69944844557085,53.08700854380796,306.65454184744186,24.133596724228312
366,2,221.62499374585192,276.69944844557085,86.85119958488875,267.3260118437314,27.515892641060255
366,3,221.62499374585192,276.69944844557085,81.33805615887661,185.91387936239943,29.13415407589377
366,4,221.62499374585192,276.69944844557085,44.94139990401506,104.20779489209575,27.446640233696172
366,5,221.62499374585192,276.69944844557085,72.75072947549118,76.81948877488706,22.352573710836467
366,6,221.62499374585192,276.69944844557085,70.5589319580834,119.5644783204958,20.64967121010949
366,7,221.62499374585192,276.69944844557085,74.45044742632014,98.44682521671974,17.562952030501936
366,8,221.62499374585192,276.69944844557085,47.45095872696063,301.25723039831547,13.366366025859012
366,9,221.62499374585192,276.69944844557085,40.90468054626276,241.97068624252853,10.434631474448896
366,10,221.62499374585192,276.69944844557085,68.13269334015415,383.7243668692488,14.075913103152374
366,11,221.62499374585192,276.69944844557085,48.508840106360275,321.02746954304575,15.47215818201136
367,0,170.20481854035924,263.9562501874622,64.19016221242362,242.95884568500855,23.241344608605456
367,1,170.20481854035924,263.9562501874622,38.39758525289163,268.64868185105763,22.74478377366881
367,2,170.20481854035924,263.9562501874622,71.66619037761274,216.29091622738775,26.825878807603814
367,3,170.20481854035924,263.9562501874622,42.238192870758866,142.72470191315972,27.379531857549356
367,4,170.20481854035924,263.9562501874622,66.73382364964714,84.81819163053945,26.227064514672236
367,5,170.20481854035924,263.9562501874622,67.4292984823966,100.3824961977929,23.887924438572167
367,6,170.20481854035924,263.9562501874622,44.970098346844395,75.6514701215557,20.9615991438828
367,7,170.20481854035924,263.9562501874622,21.120353869435966,140.42652593481512,15.321799973620635
367,8,170.20481854035924,263.9562501874622,65.25670448728846,205.6264321759191,14.164548823515721
367,9,170.20481854035924,263.9562501874622,63.378282627408964,230.80959911448312,11.350382034796045
367,10,170.20481854035924,263.9562501874622,73.74753426652754,300.33385055890074,10.874336111320961
367,11,170.20481854035924,263.9562501874622,82.8917981194129,225.3160156095938,17.032653018009125
368,0,152.65913283489584,491.18136180017893,43.5218112743877,322.48020773197544,18.86463224712414
368,1,152.65913283489584,491.18136180017893,70.9812206095491,231.8912479811157,25.164500207214907
368,2,152.65913283489584,491.18136180017893,26.71181097941013,201.9912263282122,27.768134533004726
368,3,152.65913283489584,491.18136180017893,41.93594971701527,159.28733808942516,29.50721264935705
368,4,152.65913283489584,491.18136180017893,32.31814243320356,103.66147038690004,27.577050776399787
368,5,152.65913283489584,491.18136180017893,59.40006020707712,113.97522067686367,26.316632759967888
368,6,152.65913283489584,491.18136180017893,56.10415803049317,95.1366558870921,20.03661587690638
368,7,152.65913283489584,491.18136180017893,38.4651097058288,132.32287051060052,15.975299078143191
368,8,152.65913283489584,491.18136180017893,60.14931765905309,190.99691636491386,12.143704441184298
368,9,152.65913283489584,491.18136180017893,48.70831422159145,262.30646455645257,12.688136889942056
368,10,152.65913283489584,491.18136180017893,47.23299147875616,259.71259471882416,13.385706013967269
368,11,152.65913283489584,491.18136180017893,56.94575285673702,227.7236133135288,16.33145578606232
369,0,188.39083828159144,405.1724126839939,59.914398613216655,198.96663901273567,19.163945933834135
369,1,188.39083828159144,405.1724126839939,73.41988182156982,312.117006768387,23.14529010935876
369,2,188.39083828159144,405.1724126839939,47.23706638731794,280.29537441110085,28.845910896853773
369,3,188.39083828159144,405.1724126839939,71.1502012070596,150.87349939730763,28.445958227329154
369,4,188.39083828159144,405.1724126839939,30.27143457598998,97.9688966223135,25.845692875624845
369,5,188.39083828159144,405.1724126839939,24.438668604896847,97.06976359210653,23.913698299200938
369,6,188.39083828159144,405.1724126839939,63.57178885924693,121.10252983592005,20.196045639105318
369,7,188.39083828159144,405.1724126839939,12.332501677736303,141.94212881283423,15.268549618570804
369,8,188.39083828159144,405.1724126839939,101.91870764114682,189.9379830825697,13.968940339052597
369,9,188.39083828159144,405.1724126839939,54.73401815141932,250.9076619609449,11.282483275977082
369,10,188.39083828159144,405.1724126839939,43.40449303442833,253.16596756054113,13.35520019039839
369,11,188.39083828159144,405.1724126839939,55.97064037500058,289.96531389592406,16.15956579329593
370,0,182.29644510539305,236.37642644819132,88.5921813989826,243.52178740181114,19.57493716384603
370,1,182.29644510539305,236.37642644819132,47.245632393877976,255.80264949003015,23.973491843414955
370,2,182.29644510539305,236.37642644819132,72.19017013876683,292.72287359188505,27.38090056286417
370,3,182.29644510539305,236.37642644819132,116.93178708131528,155.90664508569398,31.030210525494844
370,4,182.29644510539305,236.37642644819132,52.551433219082035,132.65571195949693,26.35807338660638
370,5,182.29644510539305,236.37642644819132,38.539735329030506,97.0284750289162,22.94904486154482
370,6,182.29644510539305,236.37642644819132,60.289878377551354,114.97736784524837,19.08441825976656
370,7,182.29644510539305,236.37642644819132,76.63514474891218,131.20364482503794,17.03287217510354
370,8,182.29644510539305,236.37642644819132,65.05346896953036,165.79435782160675,13.222903640477792
370,9,182.29644510539305,236.37642644819132,74.41737541707097,242.84681322973768,10.408715271824994
370,10,182.29644510539305,236.37642644819132,33.433618074016366,349.9877777566653,13.20524708257082
370,11,182.29644510539305,236.37642644819132,89.47111313003015,240.58969885332445,13.969677468654371
371,0,196.58938191317174,351.14012340427524,34.43006296811222,286.9543562046662,20.6691966726799
371,1,196.58938191317174,351.14012340427524,20.25375035150131,215.13757624520358,22.588073386579115
371,2,196.58938191317174,351.14012340427524,49.090821276638835,221.2768280954152,27.96921839332893
371,3,196.58938191317174,351.14012340427524,97.6533465691553,189.02845679497682,26.40293761442876
371,4,196.58938191317174,351.14012340427524,37.57594065699396,137.2060150308368,28.554697731382692
371,5,196.58938191317174,351.14012340427524,65.34222965009774,81.81178839573889,23.227572504835194
371,6,196.58938191317174,351.14012340427524,61.9079700679729,112.75084187216126,20.736738019143584
371,7,196.58938191317174,351.14012340427524,19.463353876498402,101.45641245247809,15.924858933917845
371,8,196.58938191317174,351.14012340427524,46.08546288144713,184.51681432625972,14.521708782135986
371,9,196.58938191317174,351.14012340427524,52.67942112403446,227.21280866705135,12.000913422997296
371,10,196.58938191317174,351.14012340427524,63.35898548463999,249.10002932465343,14.255145739154765
371,11,196.58938191317174,351.14012340427524,63.061807787158365,398.23532397922287,18.16671494381169
372,0,270.0992653549244,406.95908539696796,73.7634954665753,203.55819863056533,19.135904475237187
372,1,270.0992653549244,406.95908539696796,52.66125254300658,255.29934204362382,24.407855915624392
372,2,270.0992653549244,406.95908539696796,103.26223641521091,286.81625850244046,27.382594718989143
372,3,270.0992653549244,406.95908539696796,92.98296626078712,162.19658163142682,27.45780568867112
372,4,270.0992653549244,406.95908539696796,77.1079187035093,100.6962628163446,28.58150639547405
372,5,270.0992653549244,406.95908539696796,61.75644931211701,86.39131099885385,23.10880436041766
372,6,270.0992653549244,406.95908539696796,56.97003774492233,127.0676940342421,20.700597361835317
372,7,270.0992653549244,406.95908539696796,55.75534933404829,130.6549611456069,17.191152021530122
372,8,270.0992653549244,406.95908539696796,51.33910135337137,249.62855138301558,13.008554574422035
372,9,270.0992653549244,406.95908539696796,52.52959366637132,269.50537805113936,10.718209294878491
372,10,270.0992653549244,406.95908539696796,82.40023895777956,311.74003421997594,11.433921116366161
372,11,270.0992653549244,406.95908539696796,24.877761932949888,166.2134888137307,17.18875285002335
373,0,215.61337733533236,372.3617310733051,63.046858619778526,244.55840500222118,19.886041176346634
373,1,215.61337733533236,372.3617310733051,33.289839553263164,247.9601552326007,25.312957888933646
373,2,215.61337733533236,372.3617310733051,81.0710913690713,256.40274277601065,25.867548401863246
373,3,215.61337733533236,372.3617310733051,86.79709551061806,187.93611485293158,27.33587113329398
373,4,215.61337733533236,372.3617310733051,38.26166478179911,101.30021424676767,27.827701314081583
373,5,215.61337733533236,372.3617310733051,41.72861773322231,99.76560579692647,23.177165638200247
373,6,215.61337733533236,372.3617310733051,47.71833202789138,90.8699852502471,21.48882379879956
373,7,215.61337733533236,372.3617310733051,93.31897273580577,111.23320367769828,15.097766093073892
373,8,215.61337733533236,372.3617310733051,43.015107504368544,237.26262925564345,14.96862920873634
373,9,215.61337733533236,372.3617310733051,61.76113289444438,262.16247102253607,9.68724627785769
373,10,215.61337733533236,372.3617310733051,37.512630573268346,306.9587490780912,14.83223863650705
373,11,215.61337733533236,372.3617310733051,53.620367624688434,250.51315521708418,16.931828645319026
374,0,249.82126151670857,268.80852597289856,51.80793080753024,250.0224641954119,19.138754833128313
374,1,249.82126151670857,268.80852597289856,86.96644912069708,315.30179238108076,23.72797859660149
374,2,249.82126151670857,268.80852597289856,51.2082882543252,316.6738821639555,27.84734146987442
374,3,249.82126151670857,268.80852597289856,46.61839691317891,156.8142415059753,27.023496077570265
374,4,249.82126151670857,268.80852597289856,57.81572398520388,78.02173258459666,28.04967188995172
374,5,249.82126151670857,268.80852597289856,56.1124961548872,100.18907685265981,25.277901124685556
374,6,249.82126151670857,268.80852597289856,79.66204943548011,91.54603731091876,20.318128827471522
374,7,249.82126151670857,268.80852597289856,70.87208907215634,119.90059761288066,13.917070908038285
374,8,249.82126151670857,268.80852597289856,30.7781597098645,179.33415197750665,13.241393662252447
374,9,249.82126151670857,268.80852597289856,48.45502675119954,248.3197372160958,11.832480260692737
374,10,249.82126151670857,268.80852597289856,31.99819879301692,319.59393989159094,12.217056721311652
374,11,249.82126151670857,268.80852597289856,64.72977867917118,255.23599539028416,16.469582021867744
375,0,222.26764237609842,296.7402786350586,60.95293577679383,223.19824054473702,20.390267430560513
375,1,222.26764237609842,296.7402786350586,38.805193647038934,346.8250168802703,24.589517019855254
375,2,222.26764237609842,296.7402786350586,28.281203066311058,195.37748683245982,27.434304869215097
375,3,222.26764237609842,296.7402786350586,73.07094382903715,155.78587565512288,29.718189418715827
375,4,222.26764237609842,296.7402786350586,48.39662057652397,91.01989509102265,27.585325705266484
375,5,222.26764237609842,296.7402786350586,55.1228302573688,82.42194826859178,23.996776949946405
375,6,222.26764237609842,296.7402786350586,76.29629268092623,100.27633541989177,20.251991296829864
375,7,222.26764237609842,296.7402786350586,94.4648671241545,105.59635933485782,16.16173874191152
375,8,222.26764237609842,296.7402786350586,56.550650694916705,183.56721296486685,12.656235507178158
375,9,222.26764237609842,296.7402786350586,61.54614499570222,268.9627174964114,12.616450152189309
375,10,222.26764237609842,296.7402786350586,49.034743668635116,293.1903759570071,13.515640053738242
375,11,222.26764237609842,296.7402786350586,49.453471568807664,240.24613161346122,14.621158521838272
376,0,244.13359046215538,151.76836785871248,51.68657717324334,229.28295714050518,19.133570919207116
376,1,244.13359046215538,151.76836785871248,66.2229331294615,215.36701769774857,23.775942193026125
376,2,244.13359046215538,151.76836785871248,49.97703772433781,303.39914514267866,27.08504358876
376,3,244.13359046215538,151.76836785871248,47.04485606548332,188.10840897783137,28.109455365559022
376,4,244.13359046215538,151.76836785871248,88.22296577885966,79.31953983848962,26.888107699327783
376,5,244.13359046215538,151.76836785871248,63.63372537514768,98.5685319542535,24.517754540172255
376,6,244.13359046215538,151.76836785871248,94.02313633619806,138.6813759475075,20.265587178741214
376,7,244.13359046215538,151.76836785871248,117.8599235424484,138.14914522908302,16.76168796325105
376,8,244.13359046215538,151.76836785871248,69.82609726868556,190.42315242067215,13.816993524716068
376,9,244.13359046215538,151.76836785871248,77.2897062545759,211.20282143530028,10.081800001686725
376,10,244.13359046215538,151.76836785871248,57.26824153159852,236.5649690776513,13.945655266294748
376,11,244.13359046215538,151.76836785871248,46.813591785013976,288.51520001704574,15.762745663992007
377,0,284.37176071570667,285.8325707705264,34.50722640596581,263.24294223010014,20.81843898335792
377,1,284.37176071570667,285.8325707705264,58.315714133141945,240.32335672635116,24.03063476073057
377,2,284.37176071570667,285.8325707705264,71.8949320000323,299.5496261582449,26.884267012079377
377,3,284.37176071570667,285.8325707705264,54.3913004772228,153.77624323681908,29.455414489895965
377,4,284.37176071570667,285.8325707705264,55.84159174334668,109.69272501504359,28.17979355878243
377,5,284.37176071570667,285.8325707705264,39.79181413602984,59.49664182989141,23.126420793648553
377,6,284.37176071570667,285.8325707705264,74.07001756835679,91.89815783381756,21.39764055022349
377,7,284.37176071570667,285.8325707705264,12.316008349108728,124.51232549400227,16.647077924961692
377,8,284.37176071570667,285.8325707705264,51.64890301835443,194.04890833019599,12.171316005037479
377,9,284.37176071570667,285.8325707705264,23.233866085278542,233.21064498630915,9.466266411687263
377,10,284.37176071570667,285.8325707705264,86.72423438522927,261.0144894054794,14.178578772432937
377,11,284.37176071570667,285.8325707705264,59.44160312011724,236.3830669125972,16.668518883518917
378,0,185.47873132693664,290.91852452045464,0.0,229.66569705448418,19.07166142577633
378,1,185.47873132693664,290.91852452045464,72.00512456196046,342.3375977178118,24.443507427442185
378,2,185.47873132693664,290.91852452045464,74.3552472501023,278.33657727182776,26.521093387079922
378,3,185.47873132693664,290.91852452045464,55.2844998109604,169.13342252239426,27.041171396021763
378,4,185.47873132693664,290.91852452045464,69.10302044545408,105.95460746925865,25.973614662459436
378,5,185.47873132693664,290.91852452045464,77.1829723758664,97.16733650856015,24.89094866069492
378,6,185.47873132693664,290.91852452045464,75.52000293994749,85.22097791437491,20.434136969830313
378,7,185.47873132693664,290.91852452045464,54.516428603842485,117.03761622512874,16.236554396226136
378,8,185.47873132693664,290.91852452045464,37.65543122287931,200.41356710642728,12.336398539854319
378,9,185.47873132693664,290.91852452045464,69.08437299133325,261.4404797224387,11.347919363323017
378,10,185.47873132693664,290.91852452045464,57.83780701208182,262.99861703667983,11.842114345391414
378,11,185.47873132693664,290.91852452045464,103.36734754241004,267.87366226068013,15.440121529921282
379,0,149.6026537049359,369.11220222992506,49.74154594489314,318.63617107594445,20.19993436390642
379,1,149.6026537049359,369.11220222992506,58.52894897433539,194.54988536593874,24.241081230394474
379,2,149.6026537049359,369.11220222992506,45.78411696169319,248.12999220461023,26.2085038579676
379,3,149.6026537049359,369.11220222992506,74.98243885143373,146.85819003968766,27.172155673008323
379,4,149.6026537049359,369.11220222992506,89.34234045516806,100.01832260440202,28.87021123185561
379,5,149.6026537049359,369.11220222992506,73.31483660891304,84.64076091456623,21.930653576383577
379,6,149.6026537049359,369.11220222992506,65.72369866547321,80.12483418073747,20.608879217016245
379,7,149.6026537049359,369.11220222992506,14.870403762382765,119.9405916296895,16.900061799033008
379,8,149.6026537049359,369.11220222992506,54.3653663390111,178.62564943529705,10.665839238665448
379,9,149.6026537049359,369.11220222992506,49.811271470694926,224.1255806150259,11.585277571187799
379,10,149.6026537049359,369.11220222992506,62.611358052795076,231.3638807573059,13.86466756788202
379,11,149.6026537049359,369.11220222992506,47.05043339794594,246.42183790388796,15.23662188673324
380,0,449.0166182586739,282.90152312836364,60.90729139082003,307.15041167810773,20.587372193042135
380,1,449.0166182586739,282.90152312836364,67.1777803935477,248.87310084490477,22.479609740527454
380,2,449.0166182586739,282.90152312836364,67.92184057449894,239.81452801595663,27.96574701434685
380,3,449.0166182586739,282.90152312836364,60.06534982522211,203.41944828195557,27.832356056523682
380,4,449.0166182586739,282.90152312836364,62.51224613254834,107.72912793731346,27.06342463597411
380,5,449.0166182586739,282.90152312836364,76.6550869758724,95.38955541991184,23.292582850512307
380,6,449.0166182586739,282.90152312836364,30.90003796894799,83.68506400633514,18.780396351545235
380,7,449.0166182586739,282.90152312836364,38.90567204780113,106.8525369131332,16.07925159329731
380,8,449.0166182586739,282.90152312836364,64.88444220890455,222.6301735387504,13.830591457887149
380,9,449.0166182586739,282.90152312836364,53.195102302427806,258.70699271995187,11.431192488543422
380,10,449.0166182586739,282.90152312836364,57.40020024192595,248.38349548167315,12.472941604872723
380,11,449.0166182586739,282.90152312836364,66.54261734129389,228.41533994064204,15.867705351652921
381,0,285.890709364477,259.153186932037,96.73020044120875,236.0203809800644,19.85698268646146
381,1,285.890709364477,259.153186932037,59.869338884019584,344.40964550586483,24.250152751396328
381,2,285.890709364477,259.153186932037,56.81402471521997,278.5185055552063,27.474370428466784
381,3,285.890709364477,259.153186932037,49.82083125234902,194.79013597955966,26.989034857954813
381,4,285.890709364477,259.153186932037,66.40999981573803,72.98622221020277,27.289854363534484
381,5,285.890709364477,259.153186932037,85.4250781450354,95.17448387478078,23.278311811975644
381,6,285.890709364477,259.153186932037,62.70670081962403,78.50552519405177,19.696515698332785
381,7,285.890709364477,259.153186932037,77.35523422486,156.55270329697692,17.750278770776504
381,8,285.890709364477,259.153186932037,99.34182751915486,254.4650327076778,13.259579397352525
381,9,285.890709364477,259.153186932037,47.28797490309391,282.26354196610384,10.232312540592549
381,10,285.890709364477,259.153186932037,43.09077042265187,263.51612496116735,12.39458354183108
381,11,285.890709364477,259.153186932037,56.21693384465489,242.2400739395435,17.187201135813236
382,0,246.57542210943555,427.3410045294403,85.44762935548354,245.8405274348777,20.4639195582153
382,1,246.57542210943555,427.3410045294403,44.001378052344165,267.4989282335339,23.617910553590583
382,2,246.57542210943555,427.3410045294403,54.29108303527364,289.38503203027074,26.202443158457474
382,3,246.57542210943555,427.3410045294403,55.89715311663115,163.675429568778,28.437783179583175
382,4,246.57542210943555,427.3410045294403,48.12401997218304,99.21388421116065,26.12967905032597
382,5,246.57542210943555,427.3410045294403,74.26580243765171,71.58760035002159,23.68774442679206
382,6,246.57542210943555,427.3410045294403,43.8917453177185,80.2036739265841,20.019140184476022
382,7,246.57542210943555,427.3410045294403,38.159105748218764,106.12110008833444,17.390163940337782
382,8,246.57542210943555,427.3410045294403,37.59408744734159,231.41551716338174,13.724242193015536
382,9,246.57542210943555,427.3410045294403,60.624550010912216,181.45015959880902,10.929743313287123
382,10,246.57542210943555,427.3410045294403,43.42643409688534,303.2160702906755,11.967711999951137
382,11,246.57542210943555,427.3410045294403,106.36661820583787,226.6913839484067,15.061457620254295
383,0,226.46383695719584,378.95985058490214,79.16176278537105,277.2509468514603,20.319065356659184
383,1,226.46383695719584,378.95985058490214,56.30223755935928,302.88073325945993,25.98788610887077
383,2,226.46383695719584,378.95985058490214,58.591332615812824,198.01892781596408,28.031568104272875
383,3,226.46383695719584,378.95985058490214,30.914416760390885,160.17071465573704,28.32242366142236
383,4,226.46383695719584,378.95985058490214,61.349087141993415,134.51909309026283,26.35993884388095
383,5,226.46383695719584,378.95985058490214,61.70950947021315,78.57369227668977,25.216283347747645
383,6,226.46383695719584,378.95985058490214,34.69096487613912,119.80268502975811,19.432873881870254
383,7,226.46383695719584,378.95985058490214,68.52767060150343,123.75618988985237,16.990486192147763
383,8,226.46383695719584,378.95985058490214,35.46313145390462,185.9323724948576,12.014360947624192
383,9,226.46383695719584,378.95985058490214,73.59883108080658,222.0684774564349,13.483811126814704
383,10,226.46383695719584,378.95985058490214,37.01255197268755,258.873993745087,13.795701288020329
383,11,226.46383695719584,378.95985058490214,80.00484829039209,307.4168143858077,18.52917447186141
384,0,206.17826219404043,255.40703165223377,82.3546108811001,239.33327121526105,19.383939725312974
384,1,206.17826219404043,255.40703165223377,48.19886395129737,208.05099918919703,24.14116181413694
384,2,206.17826219404043,255.40703165223377,63.78974491959285,199.41340312903108,24.569202986384656
384,3,206.17826219404043,255.40703165223377,56.139315357904955,157.33543298860627,28.652529208370044
384,4,206.17826219404043,255.40703165223377,37.13161853705519,88.20221283687324,26.615905319133457
384,5,206.17826219404043,255.40703165223377,76.40397918765069,98.82860728008102,24.661353071659633
384,6,206.17826219404043,255.40703165223377,25.7211704302141,106.79480387099105,20.81746782827303
384,7,206.17826219404043,255.40703165223377,97.73316076494588,124.5200974521817,15.205829255981033
384,8,206.17826219404043,255.40703165223377,61.35042376711054,210.04144721361396,14.402105963213627
384,9,206.17826219404043,255.40703165223377,76.19914552110963,210.13433040735904,11.856393358161563
384,10,206.17826219404043,255.40703165223377,54.82044832888926,326.80166521114637,13.998566870498685
384,11,206.17826219404043,255.40703165223377,62.20486629858979,272.5631637053682,18.34363035202712
385,0,180.6058334073564,132.79033711566842,66.33760043631574,216.17770333767805,19.308195520279778
385,1,180.6058334073564,132.79033711566842,63.43306347432984,212.43774626145196,23.857486305626363
385,2,180.6058334073564,132.79033711566842,37.11430307567389,271.71120399051154,27.628514176830283
385,3,180.6058334073564,132.79033711566842,44.4131704430573,183.89407530213714,27.38476345977533
385,4,180.6058334073564,132.79033711566842,46.453739245775935,99.33280590724164,25.806387266359675
385,5,180.6058334073564,132.79033711566842,66.77747541429463,75.66880050303368,23.733540610712982
385,6,180.6058334073564,132.79033711566842,84.08064696008971,93.40058269078921,19.239546135700234
385,7,180.6058334073564,132.79033711566842,77.05355932368839,132.73948441655875,15.450971158324167
385,8,180.6058334073564,132.79033711566842,68.08834448555955,252.02893523993959,13.538995510270935
385,9,180.6058334073564,132.79033711566842,63.81800074613882,276.53650915786613,11.727215662642413
385,10,180.6058334073564,132.79033711566842,55.55663432510168,281.89342266418794,13.650322132465321
385,11,180.6058334073564,132.79033711566842,42.530799893469876,218.73447513103181,16.126561027248275
386,0,337.27757481863534,161.5946204457378,58.08792986399365,216.83339212235808,20.288803018953182
386,1,337.27757481863534,161.5946204457378,81.37663332192567,310.8621945096327,25.975313193301865
386,2,337.27757481863534,161.5946204457378,78.7809036903171,296.4379387198055,27.688776940949683
386,3,337.27757481863534,161.5946204457378,67.1343879335731,164.33024507504518,27.472434656870668
386,4,337.27757481863534,161.5946204457378,91.90605793130726,96.8432023787126,27.614373535135876
386,5,337.27757481863534,161.5946204457378,61.17868315347287,70.15726432920248,23.881607879370378
386,6,337.27757481863534,161.5946204457378,51.35899448422303,73.47897665789107,19.715543084238966
386,7,337.27757481863534,161.5946204457378,63.54849060489746,128.53860348870137,15.361742130115633
386,8,337.27757481863534,161.5946204457378,73.0305595108949,173.8060102389892,13.35545394537685
386,9,337.27757481863534,161.5946204457378,65.06678869345329,211.89723895338503,13.072172959784144
386,10,337.27757481863534,161.5946204457378,92.67463620863538,332.4298627530041,14.535310044594745
386,11,337.27757481863534,161.5946204457378,68.03150570868517,202.8787562509692,16.692596104208903
387,0,374.35073323557646,287.80931690635333,73.81177182923447,254.4984477901503,20.452811242842444
387,1,374.35073323557646,287.80931690635333,35.733727764295516,243.6714525748847,23.853741290278588
387,2,374.35073323557646,287.80931690635333,44.04247582768479,253.3581120698715,27.00203303097582
387,3,374.35073323557646,287.80931690635333,89.1684323861255,170.23976203203094,27.747861356942426
387,4,374.35073323557646,287.80931690635333,39.15657872760585,70.30058198747123,29.582395777151735
387,5,374.35073323557646,287.80931690635333,52.75627918649543,113.37818801705224,24.675015449528146
387,6,374.35073323557646,287.80931690635333,52.54068099880508,102.21965706866185,20.35692874804737
387,7,374.35073323557646,287.80931690635333,14.736123160385304,89.09895195250645,15.255329156788736
387,8,374.35073323557646,287.80931690635333,69.99787613578903,219.53767377011846,13.588348779862338
387,9,374.35073323557646,287.80931690635333,66.79197154661823,254.54593104113732,13.449763001611071
387,10,374.35073323557646,287.80931690635333,39.0322166281839,245.68013250714418,13.60830741372971
387,11,374.35073323557646,287.80931690635333,68.7246288497911,184.31948376553567,16.405376312765195
388,0,145.3991887179499,298.0961660661515,101.24793235818457,298.1674487982156,17.72853609259309
388,1,145.3991887179499,298.0961660661515,49.883647305799826,263.2781374893326,24.3127894603522
388,2,145.3991887179499,298.0961660661515,71.43980337642297,271.28648909409037,25.54239679217331
388,3,145.3991887179499,298.0961660661515,55.66518168704131,169.51860454797637,28.189342226367344
388,4,145.3991887179499,298.0961660661515,82.80032603779505,108.07343171141011,27.387370870406418
388,5,145.3991887179499,298.0961660661515,21.59969692474276,89.66773433768968,22.948108503356263
388,6,145.3991887179499,298.0961660661515,44.840738835945686,105.51052247817887,19.96518027469023
388,7,145.3991887179499,298.0961660661515,36.62480779427131,112.07553820504313,17.28493302323301
388,8,145.3991887179499,298.0961660661515,44.13075846890831,178.07203395158945,13.331282001033125
388,9,145.3991887179499,298.0961660661515,87.90889898819408,236.4519405641079,12.95538947574241
388,10,145.3991887179499,298.0961660661515,86.8656283066535,340.19514048092447,13.007105039855803
388,11,145.3991887179499,298.0961660661515,58.55570742460102,306.51784726215163,15.056008626328673
389,0,199.5871040561286,289.1776579057942,73.86360653137703,271.4753042359646,20.93619708483519
389,1,199.5871040561286,289.1776579057942,42.27541965599333,232.86851728370812,25.12248951698156
389,2,199.5871040561286,289.1776579057942,43.56447403076919,331.48728915451335,27.901947585862132
389,3,199.5871040561286,289.1776579057942,85.2938509511966,127.43119632247306,27.121986035607645
389,4,199.5871040561286,289.1776579057942,78.52123243609772,86.00178405062287,26.277177717563546
389,5,199.5871040561286,289.1776579057942,68.419025806359,76.59191667821388,22.139099434346903
389,6,199.5871040561286,289.1776579057942,50.92825084093127,119.31300981654371,20.16895325207058
389,7,199.5871040561286,289.1776579057942,39.3934596482795,123.44983007776628,17.132828885842653
389,8,199.5871040561286,289.1776579057942,44.06046691075015,175.22551652951387,12.97064904201339
389,9,199.5871040561286,289.1776579057942,71.70551109911058,215.20313811599164,13.938315595796293
389,10,199.5871040561286,289.1776579057942,63.50981022670594,204.03958012040826,12.126305583079711
389,11,199.5871040561286,289.1776579057942,65.88246919039688,233.1637553011108,17.175987982930486
390,0,287.60829748424277,367.3877284458543,37.47624816646655,230.55886333119204,19.581077495800134
390,1,287.60829748424277,367.3877284458543,80.03056967867032,246.83426283533518,21.95301115132027
390,2,287.60829748424277,367.3877284458543,13.53777195349685,245.55385333674735,27.025561456805157
390,3,287.60829748424277,367.3877284458543,81.05762205844471,216.05056606040438,28.91470558126611
390,4,287.60829748424277,367.3877284458543,78.1813164796385,70.26389882765318,26.411365801974977
390,5,287.60829748424277,367.3877284458543,83.38732368273988,78.50791620682512,23.972445254866333
390,6,287.60829748424277,367.3877284458543,20.910585444824385,98.99871184078334,19.508907052830743
390,7,287.60829748424277,367.3877284458543,60.90649739269361,146.39447262868663,15.736865082332404
390,8,287.60829748424277,367.3877284458543,57.01773919831164,203.52663472379734,12.58260126922462
390,9,287.60829748424277,367.3877284458543,70.72684608229126,295.68822225067544,12.982437964381994
390,10,287.60829748424277,367.3877284458543,80.2894623239456,341.7365382998859,11.342572574986688
390,11,287.60829748424277,367.3877284458543,64.7645823205735,306.3591872723368,16.38031444887217
391,0,210.07063233667733,441.9257364350952,70.63203197782194,277.48477152832095,20.233532596328953
391,1,210.07063233667733,441.9257364350952,26.055897019361346,332.57456403432195,24.587641776017126
391,2,210.07063233667733,441.9257364350952,48.96188555278455,327.42452575811905,24.953668385756487
391,3,210.07063233667733,441.9257364350952,53.74136391954853,198.25116584277956,27.63512676161626
391,4,210.07063233667733,441.9257364350952,53.966857530387145,97.58952549849846,24.684398120234892
391,5,210.07063233667733,441.9257364350952,98.59876350423094,103.2127961687297,24.63666054069374
391,6,210.07063233667733,441.9257364350952,57.56904437594432,115.83747432367642,19.507532046741364
391,7,210.07063233667733,441.9257364350952,56.740226214352944,106.65081057546669,16.413320771172785
391,8,210.07063233667733,441.9257364350952,44.923443710366264,175.47936489920485,12.904613641781344
391,9,210.07063233667733,441.9257364350952,25.60075339643418,225.23389863257844,10.65008622861401
391,10,210.07063233667733,441.9257364350952,65.47974344309412,239.21493891319798,11.972599631686759
391,11,210.07063233667733,441.9257364350952,55.945356498912965,303.98691993986023,16.25991192889119
392,0,143.8851148548604,361.44933951603264,48.33465374027099,199.17663881524572,20.88501025907888
392,1,143.8851148548604,361.44933951603264,66.79204941026966,369.4972493775894,22.89023454160515
392,2,143.8851148548604,361.44933951603264,59.550053646658945,249.25911077445923,26.68951920672992
392,3,143.8851148548604,361.44933951603264,50.672445453066864,192.6436269269975,27.563620590974672
392,4,143.8851148548604,361.44933951603264,30.664656262555724,80.08955662059964,27.84861006380391
392,5,143.8851148548604,361.44933951603264,41.459152743116356,107.29528468680695,23.772973719348123
392,6,143.8851148548604,361.44933951603264,69.75209990315635,95.95704090668494,20.586803638488522
392,7,143.8851148548604,361.44933951603264,66.70375005544894,163.7926694524542,14.532225253748901
392,8,143.8851148548604,361.44933951603264,74.40687889856453,245.4313950242398,14.302171629787557
392,9,143.8851148548604,361.44933951603264,39.99658860774741,241.53825836344515,11.929147733285424
392,10,143.8851148548604,361.44933951603264,65.04778222896793,241.5430391615387,14.976921516230089
392,11,143.8851148548604,361.44933951603264,95.82635147684731,263.87320504019067,15.632202701044827
393,0,223.52909817691298,322.03864685720373,63.976399874473564,329.74945894083254,18.939558106531926
393,1,223.52909817691298,322.03864685720373,107.36161763518132,265.45206246829173,23.61509269416619
393,2,223.52909817691298,322.03864685720373,86.55512674786735,263.4922507174698,27.94705573829276
393,3,223.52909817691298,322.03864685720373,47.63064459997599,188.21745515350938,27.016898947010755
393,4,223.52909817691298,322.03864685720373,35.86774797482538,90.90680899354427,24.888685026047806
393,5,223.52909817691298,322.03864685720373,49.476491787431385,80.53882014913896,22.794334773085634
393,6,223.52909817691298,322.03864685720373,11.130539807567729,110.4147113673067,20.16537829057445
393,7,223.52909817691298,322.03864685720373,35.36203691297217,123.92555085064774,15.729761264892632
393,8,223.52909817691298,322.03864685720373,57.66253147384656,206.27124151562916,10.981816140358694
393,9,223.52909817691298,322.03864685720373,36.562850150025334,256.8458971215839,9.818077348156345
393,10,223.52909817691298,322.03864685720373,51.088539242077076,248.5798014518186,13.794124367413156
393,11,223.52909817691298,322.03864685720373,97.89530392549545,261.5964797107126,14.217297747573328
394,0,156.00683046197454,319.8016669406811,21.381539967516694,227.95310181808333,19.950194825279787
394,1,156.00683046197454,319.8016669406811,25.964195697256898,220.31566679057195,23.97095570851838
394,2,156.00683046197454,319.8016669406811,67.31871338762414,290.211833288894,27.240940099300452
394,3,156.00683046197454,319.8016669406811,135.15255951152858,161.25774607784018,28.514040052422875
394,4,156.00683046197454,319.8016669406811,63.68627922342785,95.7567298738151,27.049384742634153
394,5,156.00683046197454,319.8016669406811,97.34174707167159,64.34728902954893,22.916865558862156
394,6,156.00683046197454,319.8016669406811,57.99789775621084,111.14812463107427,21.091919400714836
394,7,156.00683046197454,319.8016669406811,99.65382882446136,119.72220170171309,14.457027610460006
394,8,156.00683046197454,319.8016669406811,90.02983200728892,230.3209029823875,13.915268363966792
394,9,156.00683046197454,319.8016669406811,65.68452778669915,308.52800673588575,10.853216949085915
394,10,156.00683046197454,319.8016669406811,59.84078737623074,295.1877909048834,13.157572125939984
394,11,156.00683046197454,319.8016669406811,56.7837382438482,228.29349097560385,14.931962907394457
395,0,171.72123258474898,185.78279220018345,39.36756976570517,279.90796452469533,21.443645766082774
395,1,171.72123258474898,185.78279220018345,58.73772893735128,270.51927027848507,23.570916450911938
395,2,171.72123258474898,185.78279220018345,46.5101900790869,357.85243220627626,24.836954473647005
395,3,171.72123258474898,185.78279220018345,47.45976334810936,190.761010475278,28.048464235160143
395,4,171.72123258474898,185.78279220018345,30.79872669910486,93.0124839807181,27.105096260827125
395,5,171.72123258474898,185.78279220018345,44.406572796702754,78.13964095671653,22.476131770805985
395,6,171.72123258474898,185.78279220018345,84.77441138051103,122.27582017837662,19.292264174748652
395,7,171.72123258474898,185.78279220018345,65.08702045641874,137.47089770455378,15.056173728035029
395,8,171.72123258474898,185.78279220018345,22.831208680750812,243.1850572575994,13.64527963923239
395,9,171.72123258474898,185.78279220018345,33.57169853304727,214.458245256523,12.862924093698599
395,10,171.72123258474898,185.78279220018345,26.609016119486483,305.0827263934283,14.836593428671733
395,11,171.72123258474898,185.78279220018345,27.433358631913947,230.31102180589056,15.845896455287475
396,0,215.31796212569913,376.16616131741466,32.63032110604302,260.69251990977625,21.193971946561504
396,1,215.31796212569913,376.16616131741466,38.94433704382881,315.4927139381093,25.94162459161385
396,2,215.31796212569913,376.16616131741466,39.31272165097177,244.86956854313902,26.356375048284107
396,3,215.31796212569913,376.16616131741466,48.6130239776281,215.28175627086543,27.634612925214302
396,4,215.31796212569913,376.16616131741466,62.31103573057897,113.86211987219158,27.743228525266982
396,5,215.31796212569913,376.16616131741466,87.71576571875796,93.13806045420431,22.60468978544208
396,6,215.31796212569913,376.16616131741466,65.26107192363489,116.88382998117133,20.54795315834869
396,7,215.31796212569913,376.16616131741466,96.83530280247037,132.4856559401087,17.89475987256986
396,8,215.31796212569913,376.16616131741466,57.10742909984474,235.33884052231522,13.291794601289565
396,9,215.31796212569913,376.16616131741466,92.09195737869263,262.3566664066123,10.76683665362114
396,10,215.31796212569913,376.16616131741466,91.56319357565476,326.36730248843713,13.343844999398048
396,11,215.31796212569913,376.16616131741466,50.67627066577103,287.483903322283,15.617599506768464
397,0,326.31427272763034,283.5638771147651,54.36088958244316,190.02920824660336,22.472275545034428
397,1,326.31427272763034,283.5638771147651,53.28383567166371,301.1264586936975,23.59370156483956
397,2,326.31427272763034,283.5638771147651,45.131589741661934,285.4012800914217,27.38199539549235
397,3,326.31427272763034,283.5638771147651,43.371947146561496,175.42842274875508,27.502022505112723
397,4,326.31427272763034,283.5638771147651,67.6302126060052,95.76827339804588,26.715839036268328
397,5,326.31427272763034,283.5638771147651,40.50441865181285,112.46539323420362,23.59438462968108
397,6,326.31427272763034,283.5638771147651,75.36878215258511,106.03134419812845,21.181341235728414
397,7,326.31427272763034,283.5638771147651,66.43273182130035,114.68253901797684,16.018593064790533
397,8,326.31427272763034,283.5638771147651,45.62583227163296,209.7031081205172,12.188920070843348
397,9,326.31427272763034,283.5638771147651,99.10183082761111,282.21231383170255,12.98602425653423
397,10,326.31427272763034,283.5638771147651,76.75267173166799,305.14553357213936,13.410235286957978
397,11,326.31427272763034,283.5638771147651,68.54252178297048,226.7071298005663,16.352919423344385
398,0,256.324571392418,377.209307949102,41.71632969008091,297.4827550578769,20.20809746408293
398,1,256.324571392418,377.209307949102,65.25784699663923,280.13735037428347,26.043712786943235
398,2,256.324571392418,377.209307949102,28.94061068568461,251.48200517798097,27.122035621776494
398,3,256.324571392418,377.209307949102,60.82748375384239,144.91632094640735,29.51029940923826
398,4,256.324571392418,377.209307949102,58.91341700840674,106.9490794680979,25.995275998801013
398,5,256.324571392418,377.209307949102,83.0466632530844,91.33671923003361,24.574417055588135
398,6,256.324571392418,377.209307949102,70.75398327353979,103.07185126212954,21.277730468990516
398,7,256.324571392418,377.209307949102,23.876558035998563,154.24899834140592,16.639095558960477
398,8,256.324571392418,377.209307949102,74.06662209086377,211.6075316728201,12.518952900044518
398,9,256.324571392418,377.209307949102,25.92034185340232,265.9814331689202,12.859970886973011
398,10,256.324571392418,377.209307949102,81.04764985636598,339.9112784854531,13.758978588468837
398,11,256.324571392418,377.209307949102,82.25770242293423,237.73044950530908,17.779698002587526
399,0,162.35566788107175,207.29732650243776,59.65893350416958,237.39468080697452,18.603984222305773
399,1,162.35566788107175,207.29732650243776,70.60299008489386,243.8925359881533,22.476986047806687
399,2,162.35566788107175,207.29732650243776,69.70871018545193,271.9740595418075,26.701089290612906
399,3,162.35566788107175,207.29732650243776,88.27844145166931,194.09537681845006,27.284061907783833
399,4,162.35566788107175,207.29732650243776,50.800485043466395,81.0254831674332,28.16664137214666
399,5,162.35566788107175,207.29732650243776,46.76325341091142,107.29070145914645,23.3805983053181
399,6,162.35566788107175,207.29732650243776,29.311607555477277,93.05341545359339,19.002860384988228
399,7,162.35566788107175,207.29732650243776,19.768602162722146,89.98336174073393,16.282032864276303
399,8,162.35566788107175,207.29732650243776,51.062506330867684,173.92411888303403,11.899970195462885
399,9,162.35566788107175,207.29732650243776,40.039944283365614,249.0677265533566,10.860699061563352
399,10,162.35566788107175,207.29732650243776,79.57324205673675,296.0810919288281,10.78225858431999
399,11,162.35566788107175,207.29732650243776,61.51200909983902,201.30175814132733,15.71529064845232
400,0,303.9876264329716,277.8350370347524,67.27889152502786,218.74549725880163,20.380142119478922
400,1,303.9876264329716,277.8350370347524,64.12426599331474,314.94542042449297,23.798872002817433
400,2,303.9876264329716,277.8350370347524,68.75132450881914,227.92224400620418,27.6208807286091
400,3,303.9876264329716,277.8350370347524,30.949897797518503,130.09491356356563,27.00781912684542
400,4,303.9876264329716,277.8350370347524,58.60017177198674,70.44480880280672,26.773351058845275
400,5,303.9876264329716,277.8350370347524,47.21550422644976,83.61033506368156,24.41259139317993
400,6,303.9876264329716,277.8350370347524,90.89171289650103,105.14622386674273,20.407213459374677
400,7,303.9876264329716,277.8350370347524,39.260351102858934,153.47595239405362,14.45680110698729
400,8,303.9876264329716,277.8350370347524,55.44029496155879,122.88397312080713,13.02289521989198
400,9,303.9876264329716,277.8350370347524,66.36741450983854,223.3507390628558,12.382509389255699
400,10,303.9876264329716,277.8350370347524,50.305939804326876,216.03713097265762,13.117616156252328
400,11,303.9876264329716,277.8350370347524,54.115915042410606,201.7575229682926,16.587323929053323
401,0,308.7146292281111,169.60021369540138,66.70015475020622,187.8171563751455,19.806176389371913
401,1,308.7146292281111,169.60021369540138,72.69076731944925,306.6315515052169,23.885558083283474
401,2,308.7146292281111,169.60021369540138,75.68616168497277,256.1208783652682,26.71817343646922
401,3,308.7146292281111,169.60021369540138,72.9612106813135,204.2546692369811,28.697195347545335
401,4,308.7146292281111,169.60021369540138,63.84729203865548,97.1629855913238,27.79725973891978
401,5,308.7146292281111,169.60021369540138,95.45450216931837,97.12137434123466,23.62253534003809
401,6,308.7146292281111,169.60021369540138,27.18655322797124,134.93523122135701,18.450713695826273
401,7,308.7146292281111,169.60021369540138,82.93331474882307,142.13236671743545,16.357367456574515
401,8,308.7146292281111,169.60021369540138,54.498215408721414,188.35080356560357,12.973894982687558
401,9,308.7146292281111,169.60021369540138,94.9232895801525,283.86226744623326,12.947313901279793
401,10,308.7146292281111,169.60021369540138,63.83219526210928,316.7400594782378,13.325309053855433
401,11,308.7146292281111,169.60021369540138,28.92444739968125,188.343418471702,17.066974502888222
402,0,261.14309304176726,274.7349456571628,58.598021916504315,262.6150178059256,21.0923879937088
402,1,261.14309304176726,274.7349456571628,41.73432999043895,283.55813193443714,25.32914057416216
402,2,261.14309304176726,274.7349456571628,84.29771231609648,263.21524888658274,28.481840698798667
402,3,261.14309304176726,274.7349456571628,64.84395125304589,174.4811970061521,28.464449593163582
402,4,261.14309304176726,274.7349456571628,67.98441025343875,80.40704141498773,25.893099846816003
402,5,261.14309304176726,274.7349456571628,79.18825230253321,100.24898642116823,24.604917291999598
402,6,261.14309304176726,274.7349456571628,74.7780784768738,87.62469535529765,19.861780220269576
402,7,261.14309304176726,274.7349456571628,88.76037508518573,138.5310386535428,16.529541288008584
402,8,261.14309304176726,274.7349456571628,69.95596942132654,232.52068547739307,11.126169115922828
402,9,261.14309304176726,274.7349456571628,68.02470537386372,222.17494322771591,11.585251982496512
402,10,261.14309304176726,274.7349456571628,71.46431273499721,298.0116196226758,13.883155009223678
402,11,261.14309304176726,274.7349456571628,76.99027175499603,235.32540096539907,14.70931174871372
403,0,151.88825160080884,437.98364401409367,62.75602670536715,270.4197959219946,20.098171919979574
403,1,151.88825160080884,437.98364401409367,0.0,263.12722399546016,24.85261267979095
403,2,151.88825160080884,437.98364401409367,67.73214006599719,327.0605818944597,28.21636434408835
403,3,151.88825160080884,437.98364401409367,112.3700613512783,206.19770375935943,29.618298830834252
403,4,151.88825160080884,437.98364401409367,57.01616032833868,76.83625357844808,25.101742263256018
403,5,151.88825160080884,437.98364401409367,61.17346418777644,67.66763381160793,23.09824342901851
403,6,151.88825160080884,437.98364401409367,53.418572839367926,84.32302010500838,20.389735762336606
403,7,151.88825160080884,437.98364401409367,68.69313551956253,112.14944085658699,15.812156214480293
403,8,151.88825160080884,437.98364401409367,51.646243647255226,161.94165200137306,12.568278151032596
403,9,151.88825160080884,437.98364401409367,97.39560677564201,262.750614093244,12.309438981631164
403,10,151.88825160080884,437.98364401409367,71.48387432818113,276.23481840155233,13.348841538915785
403,11,151.88825160080884,437.98364401409367,73.1581391299443,251.32629993167996,15.394813746791561
404,0,209.91819975921302,240.99097472486943,87.9037915807709,235.0900279844787,19.523333839494565
404,1,209.91819975921302,240.99097472486943,79.88283181703446,280.33209312916296,24.659527070028787
404,2,209.91819975921302,240.99097472486943,44.3363564143732,277.9729851167492,25.83813490771262
404,3,209.91819975921302,240.99097472486943,67.87536803028671,186.77820558308844,26.4687849861055
404,4,209.91819975921302,240.99097472486943,63.12738718872831,88.89428047614693,28.9043108244048
404,5,209.91819975921302,240.99097472486943,61.7955691982435,95.68298058015799,24.19023054121035
404,6,209.91819975921302,240.99097472486943,39.15480228175208,118.68898309980307,19.260285812103383
404,7,209.91819975921302,240.99097472486943,74.2165539782373,107.93678169879169,15.869393484351164
404,8,209.91819975921302,240.99097472486943,32.36437980238379,205.71956741650865,15.322310667380698
404,9,209.91819975921302,240.99097472486943,122.19801665732945,306.57190722869035,11.04345287648587
404,10,209.91819975921302,240.99097472486943,60.82404913195585,264.20051235586516,12.507399366688738
404,11,209.91819975921302,240.99097472486943,58.66256125191842,252.9753955656083,16.784571464235817
405,0,334.05273104337647,264.051536012636,61.55267004176711,240.98730484971531,18.87279928985563
405,1,334.05273104337647,264.051536012636,91.03871044845185,270.17917991570846,23.70526340946865
405,2,334.05273104337647,264.051536012636,44.52026515972358,192.46402330430104,28.106925453509785
405,3,334.05273104337647,264.051536012636,61.3920315471703,179.01616719014726,27.368297180601456
405,4,334.05273104337647,264.051536012636,58.72164491631036,101.61668918460272,28.67235425947895
405,5,334.05273104337647,264.051536012636,62.43543868576401,85.8105027670152,22.314341239486964
405,6,334.05273104337647,264.051536012636,58.00190941383822,88.45318504458977,18.112932237237995
405,7,334.05273104337647,264.051536012636,77.26402376130125,112.82783410415448,16.724353715612608
405,8,334.05273104337647,264.051536012636,73.46600755479943,145.05911666244162,11.900843326158995
405,9,334.05273104337647,264.051536012636,74.27339413795211,312.4228184260894,11.850532748968325
405,10,334.05273104337647,264.051536012636,82.48160187693213,274.7108475593699,14.0874201230055
405,11,334.05273104337647,264.051536012636,60.05427472293267,223.6916877041256,15.984544150971132
406,0,266.78466124105637,260.39128797036426,75.47179325359488,254.9063259779331,20.7699903453046
406,1,266.78466124105637,260.39128797036426,54.362346323193115,365.65109399022697,24.308435815903117
406,2,266.78466124105637,260.39128797036426,28.02301708715501,240.03014375906173,26.99973902780338
406,3,266.78466124105637,260.39128797036426,60.60253034294928,171.1465644708247,28.041749989777422
406,4,266.78466124105637,260.39128797036426,67.66759833906163,105.65358133846546,26.764258969060137
406,5,266.78466124105637,260.39128797036426,57.1965062585246,70.70214868527857,24.536744480105092
406,6,266.78466124105637,260.39128797036426,48.51315650648105,71.5808325015647,18.67900095813031
406,7,266.78466124105637,260.39128797036426,51.055065097990216,86.15081979989576,15.90414213006651
406,8,266.78466124105637,260.39128797036426,50.04866609223193,191.4219272053783,12.24148270361166
406,9,266.78466124105637,260.39128797036426,49.26561511347277,247.87064761173943,11.54441493899183
406,10,266.78466124105637,260.39128797036426,80.58170074752977,299.78545580256844,13.648536147662396
406,11,266.78466124105637,260.39128797036426,54.492936151886575,214.74712393772108,17.0207022873084
407,0,297.7857553832626,325.0201594726789,54.97849758705455,253.1282781114657,21.532267114813195
407,1,297.7857553832626,325.0201594726789,59.011547597522764,327.89240091711844,23.534622736018676
407,2,297.7857553832626,325.0201594726789,64.63330036148263,293.6249284188363,25.710324148131797
407,3,297.7857553832626,325.0201594726789,74.15287769824329,185.7690989054004,29.053699110211856
407,4,297.7857553832626,325.0201594726789,5.472543499443709,100.0428360529129,27.20867464589608
407,5,297.7857553832626,325.0201594726789,56.39555742441144,73.66562330313677,23.151566972071482
407,6,297.7857553832626,325.0201594726789,88.27968348247117,109.22482956482365,21.236387836441914
407,7,297.7857553832626,325.0201594726789,46.34401746988607,109.75831593171573,16.06337253768255
407,8,297.7857553832626,325.0201594726789,90.20062835186994,201.6000503094457,12.077670415533985
407,9,297.7857553832626,325.0201594726789,71.05402278066416,304.7590965255272,12.897501617959714
407,10,297.7857553832626,325.0201594726789,81.66036337544722,234.77783502685563,15.233297471103475
407,11,297.7857553832626,325.0201594726789,28.869598167518888,243.18024026625645,15.922535676803053
408,0,397.74099498050424,217.7643426538883,64.94018215691004,310.61680261362983,18.979183073505077
408,1,397.74099498050424,217.7643426538883,60.79532790011051,260.043734283875,22.922054046520945
408,2,397.74099498050424,217.7643426538883,66.96773625386389,291.6400636775255,26.19767543098798
408,3,397.74099498050424,217.7643426538883,76.77703660707465,178.3370944261607,28.379982060122575
408,4,397.74099498050424,217.7643426538883,82.18843111287556,96.27731894255625,27.8569413533506
408,5,397.74099498050424,217.7643426538883,78.30661127751077,67.63336007461106,24.328625076431123
408,6,397.74099498050424,217.7643426538883,52.68671834060797,114.97746788745044,17.507529328940876
408,7,397.74099498050424,217.7643426538883,67.82055631620818,144.40593574520366,16.5013400319231
408,8,397.74099498050424,217.7643426538883,87.05509780399498,232.25992064391727,12.44024136039199
408,9,397.74099498050424,217.7643426538883,81.58187233462593,181.54105635723423,12.111689971034117
408,10,397.74099498050424,217.7643426538883,65.08818963930538,316.74388169763847,15.185771189000064
408,11,397.74099498050424,217.7643426538883,42.09357849026159,340.3365706034104,13.571388991826597
409,0,225.7905670937103,257.88706006123573,24.428679527335497,235.22724519341926,17.621981370526466
409,1,225.7905670937103,257.88706006123573,33.025344510493824,328.3510193753776,24.069976731590007
409,2,225.7905670937103,257.88706006123573,41.78195895481241,260.7660757506486,27.921218347414175
409,3,225.7905670937103,257.88706006123573,40.729400604883075,163.99901397964808,27.9503818758976
409,4,225.7905670937103,257.88706006123573,70.4224116878228,85.18149078880622,27.495760232992595
409,5,225.7905670937103,257.88706006123573,51.795816956887656,92.10124872840385,23.176173820872435
409,6,225.7905670937103,257.88706006123573,64.64872731287399,105.51276016890424,20.472694936873623
409,7,225.7905670937103,257.88706006123573,65.55804915477565,115.38277869610872,17.03052767612386
409,8,225.7905670937103,257.88706006123573,45.53973355391061,169.84874019451922,12.425469808936503
409,9,225.7905670937103,257.88706006123573,63.04928880705292,236.24047265605452,11.942976366719176
409,10,225.7905670937103,257.88706006123573,50.48535669165182,299.81554142460647,11.927782040890175
409,11,225.7905670937103,257.88706006123573,90.66922091548302,239.43478050224564,15.9058861613911
410,0,371.91468696340456,189.95457891781103,50.79715867838742,210.30846374037037,21.977911583758097
410,1,371.91468696340456,189.95457891781103,62.23296544162569,245.31553431443788,24.780506306790592
410,2,371.91468696340456,189.95457891781103,57.36143396732631,257.34453091947944,26.64664006398613
410,3,371.91468696340456,189.95457891781103,81.52803259013302,212.58139401070295,28.487180144551882
410,4,371.91468696340456,189.95457891781103,63.814231378703546,123.67441608457499,26.00211315214613
410,5,371.91468696340456,189.95457891781103,79.021871967998,85.33594397327468,23.83076850867127
410,6,371.91468696340456,189.95457891781103,64.23418077427065,118.77848660365031,20.597644397380737
410,7,371.91468696340456,189.95457891781103,73.42756685498522,147.75527662096889,15.471766292897401
410,8,371.91468696340456,189.95457891781103,45.708657094442074,136.88914694115545,12.348831376634521
410,9,371.91468696340456,189.95457891781103,48.644896612573916,290.0216473498164,13.108496782180733
410,10,371.91468696340456,189.95457891781103,88.48351979603055,318.7545059808523,12.024046920117433
410,11,371.91468696340456,189.95457891781103,49.94052674499292,227.970315280383,17.0599101959165
411,0,249.42090671975367,516.3933751684576,49.86651619099662,307.01466567924217,20.941334238459557
411,1,249.42090671975367,516.3933751684576,63.2641990352271,240.62596072629532,23.88009025562723
411,2,249.42090671975367,516.3933751684576,55.70043868502179,239.00396970201675,26.364748475225955
411,3,249.42090671975367,516.3933751684576,64.34912549193642,191.29458993680495,27.29948007146671
411,4,249.42090671975367,516.3933751684576,80.5857904536808,81.30660055108854,26.780688673126647
411,5,249.42090671975367,516.3933751684576,27.479034359603666,65.2178933105421,23.90934989825509
411,6,249.42090671975367,516.3933751684576,38.04407270579449,84.42997728601264,20.078888633820835
411,7,249.42090671975367,516.3933751684576,41.193132912760156,143.12773643661043,16.938073241418834
411,8,249.42090671975367,516.3933751684576,92.58821984009765,214.6035496474644,13.784129005810728
411,9,249.42090671975367,516.3933751684576,71.15526398618746,212.70042880330848,12.689612993444138
411,10,249.42090671975367,516.3933751684576,95.31625710075294,245.81447158637408,12.410149476523742
411,11,249.42090671975367,516.3933751684576,67.15674849768162,263.1947641129734,16.786150923656155
412,0,293.88552817788565,247.78802386206377,60.786433509696586,247.94391068352044,19.542331386339843
412,1,293.88552817788565,247.78802386206377,38.10439009843573,272.6587416259334,24.181080912376423
412,2,293.88552817788565,247.78802386206377,63.40415391975423,235.54366241418944,27.468307847900675
412,3,293.88552817788565,247.78802386206377,14.020556725089818,203.27983737594806,28.27143802905274
412,4,293.88552817788565,247.78802386206377,78.51764912550739,84.9998587181895,29.782292097535496
412,5,293.88552817788565,247.78802386206377,105.44092449119661,102.74877412456179,21.584013873988777
412,6,293.88552817788565,247.78802386206377,91.47857273198193,112.1999633259781,19.55529615893647
412,7,293.88552817788565,247.78802386206377,39.34305243981033,149.39537203136035,15.293453546683708
412,8,293.88552817788565,247.78802386206377,66.13158248933942,259.1474911674889,11.339671974354141
412,9,293.88552817788565,247.78802386206377,71.4655648892184,207.21440458297113,10.378290601765736
412,10,293.88552817788565,247.78802386206377,73.55927641896028,253.37642633447382,12.62512837032812
412,11,293.88552817788565,247.78802386206377,63.95178991181825,256.4292122556501,15.913241739240371
413,0,154.5369805894564,281.07404342731087,49.27804369617385,243.38150387791447,20.573093044228788
413,1,154.5369805894564,281.07404342731087,25.64407103114727,266.7899505173996,23.419279560832262
413,2,154.5369805894564,281.07404342731087,74.54322439015138,239.67436670754222,26.860765739457644
413,3,154.5369805894564,281.07404342731087,67.61493339855483,148.62960959371006,27.62095932031461
413,4,154.5369805894564,281.07404342731087,56.26233381305163,85.26235504380408,26.244556611530186
413,5,154.5369805894564,281.07404342731087,50.0484477615732,86.90299108390579,24.822529837271016
413,6,154.5369805894564,281.07404342731087,50.34860843798105,108.08460237481083,20.366692971177308
413,7,154.5369805894564,281.07404342731087,59.59801950804387,133.98095499577633,17.614021967594336
413,8,154.5369805894564,281.07404342731087,85.89961874379382,245.31148160842992,15.509394152978611
413,9,154.5369805894564,281.07404342731087,34.86801764127428,264.68213782024753,12.63283145809316
413,10,154.5369805894564,281.07404342731087,25.373271267083936,327.177480796317,12.064886338644557
413,11,154.5369805894564,281.07404342731087,76.60061546840028,236.8327725998215,17.20860288158728
414,0,282.6869608122693,200.02779887968865,44.519990013836534,209.18151465962038,18.67221465071794
414,1,282.6869608122693,200.02779887968865,58.19032770579583,230.3589624582293,22.76989863422656
414,2,282.6869608122693,200.02779887968865,65.59840553399911,258.86522120028695,26.496234291194348
414,3,282.6869608122693,200.02779887968865,47.77118507092361,203.27398586668585,28.12446079120364
414,4,282.6869608122693,200.02779887968865,53.93699801214936,94.0539781830974,26.136429815687073
414,5,282.6869608122693,200.02779887968865,56.52473435126875,93.36352194606047,24.61811433014733
414,6,282.6869608122693,200.02779887968865,71.38080833638887,108.01153483555667,22.491890351743958
414,7,282.6869608122693,200.02779887968865,60.75774717146555,118.41995861985225,17.056524514788627
414,8,282.6869608122693,200.02779887968865,70.24515366669422,190.45385469160482,12.724240910133677
414,9,282.6869608122693,200.02779887968865,66.44590196066467,233.9783216458415,11.805269979153383
414,10,282.6869608122693,200.02779887968865,50.16430188519824,361.7606616603944,13.582873614489182
414,11,282.6869608122693,200.02779887968865,30.80568071708295,284.3597381597101,16.239527875810385
415,0,166.03543536312895,301.14317617127585,46.64105066420336,208.89083270308177,20.040661967067308
415,1,166.03543536312895,301.14317617127585,42.1989866960444,271.56313322952855,22.56305680320822
415,2,166.03543536312895,301.14317617127585,68.91199671434089,232.00005101492513,27.64387995410209
415,3,166.03543536312895,301.14317617127585,59.914134632634976,186.0866573082137,27.549861507220136
415,4,166.03543536312895,301.14317617127585,67.88795671664133,129.13077630929024,27.3051438329748
415,5,166.03543536312895,301.14317617127585,84.35899024520538,94.31114792202818,25.233677636248594
415,6,166.03543536312895,301.14317617127585,83.88712649439395,94.15238032269868,21.85432111212674
415,7,166.03543536312895,301.14317617127585,51.1252875928765,117.95498037569888,13.271619386199946
415,8,166.03543536312895,301.14317617127585,46.41622190002237,226.64585205800964,14.284737132253412
415,9,166.03543536312895,301.14317617127585,32.25853339728424,154.0543712523652,11.708615789500195
415,10,166.03543536312895,301.14317617127585,60.87571393209056,263.59788084194633,13.473465159548379
415,11,166.03543536312895,301.14317617127585,80.72943715340428,305.4684873747359,15.875841828245596
416,0,141.46609795662883,273.5428891139839,77.80308621142918,290.5969911080579,19.827461473951658
416,1,141.46609795662883,273.5428891139839,37.51821071515456,319.9107555328979,23.028079932546095
416,2,141.46609795662883,273.5428891139839,71.61269963104809,276.07148932046607,28.0065726150533
416,3,141.46609795662883,273.5428891139839,53.99050548598844,162.67234147432117,28.200227144788624
416,4,141.46609795662883,273.5428891139839,82.76275936101366,108.8131464364851,25.325427151836248
416,5,141.46609795662883,273.5428891139839,77.15364980258906,105.18715172760481,23.689333030530516
416,6,141.46609795662883,273.5428891139839,69.81078144106361,106.66307573455427,19.406301267853053
416,7,141.46609795662883,273.5428891139839,69.00818404899661,148.0427330195228,15.420914893231858
416,8,141.46609795662883,273.5428891139839,46.04905680326425,184.789801423476,12.909536066669826
416,9,141.46609795662883,273.5428891139839,80.30709164132428,232.74190406310174,13.220739724526247
416,10,141.46609795662883,273.5428891139839,25.418856798652207,287.5245399587335,13.292689859489851
416,11,141.46609795662883,273.5428891139839,54.2319157642813,251.36635715670994,17.094043895040627
417,0,191.82107407406,140.6332622342953,53.66458522601856,264.58929836325274,21.252798214638997
417,1,191.82107407406,140.6332622342953,72.53054670511483,262.9349104971573,23.03907148329821
417,2,191.82107407406,140.6332622342953,40.34143439408449,265.90222976296553,27.46314523475265
417,3,191.82107407406,140.6332622342953,32.07855473369431,190.06104059730197,27.208220804512372
417,4,191.82107407406,140.6332622342953,75.62600028943842,83.90058782126242,26.225235951833152
417,5,191.82107407406,140.6332622342953,30.521526809253533,95.08320176426638,24.139738158684082
417,6,191.82107407406,140.6332622342953,87.76120610643774,119.80824805889196,18.750333206005397
417,7,191.82107407406,140.6332622342953,34.71304630174916,146.41902882428025,16.181450003747518
417,8,191.82107407406,140.6332622342953,51.31435909273161,206.87536998451014,13.469000890087374
417,9,191.82107407406,140.6332622342953,28.818473539088778,259.5069232873001,12.372559579963953
417,10,191.82107407406,140.6332622342953,72.53494917977011,351.71702526053315,12.10235466902412
417,11,191.82107407406,140.6332622342953,61.70080514289947,141.55132789489105,16.152549937821618
418,0,247.397885390275,528.5140411413385,84.40685331865608,208.13549158536267,20.45169372396406
418,1,247.397885390275,528.5140411413385,40.3437470348487,300.0506323628606,22.928049082650567
418,2,247.397885390275,528.5140411413385,74.96597318541498,300.87901269035467,27.624511235258517
418,3,247.397885390275,528.5140411413385,97.65825626678333,172.64172928717545,28.203343485898998
418,4,247.397885390275,528.5140411413385,72.6104634568164,116.96730832296028,28.826767044929312
418,5,247.397885390275,528.5140411413385,46.490209294744794,90.84910860234253,23.59572474361072
418,6,247.397885390275,528.5140411413385,62.16898051468996,86.31314184745953,20.535308609193788
418,7,247.397885390275,528.5140411413385,75.79988613702538,100.34566389849238,17.562437753139402
418,8,247.397885390275,528.5140411413385,99.40172085849505,214.76359116426846,14.352899182235667
418,9,247.397885390275,528.5140411413385,50.32145094058373,254.29016709574742,13.53543384580579
418,10,247.397885390275,528.5140411413385,46.28188911328531,290.98933950453556,13.340324923247142
418,11,247.397885390275,528.5140411413385,42.091317738922655,264.0975515700183,15.480092179316333
419,0,167.54353016022648,263.1500134921291,51.63851781634305,207.7704949802753,22.44167182580594
419,1,167.54353016022648,263.1500134921291,72.85579841686838,271.9820103938698,23.821698930562533
419,2,167.54353016022648,263.1500134921291,62.84767904320807,246.1725202562182,27.076954091657573
419,3,167.54353016022648,263.1500134921291,44.03247062188086,143.52620285734076,28.529440440241796
419,4,167.54353016022648,263.1500134921291,95.84597177214823,62.3789610642087,27.713919092099353
419,5,167.54353016022648,263.1500134921291,43.141513761361836,99.0932234124688,23.06048088390359
419,6,167.54353016022648,263.1500134921291,61.75569465812083,106.14159395305545,20.363609788497637
419,7,167.54353016022648,263.1500134921291,73.7399210466462,103.40251140059523,15.623078086697847
419,8,167.54353016022648,263.1500134921291,67.74164184870722,193.76228465318044,14.667745045954565
419,9,167.54353016022648,263.1500134921291,31.881427158002744,369.1641564035553,12.889989988885722
419,10,167.54353016022648,263.1500134921291,65.25888670134141,261.74736520230834,13.409486731835434
419,11,167.54353016022648,263.1500134921291,48.04065808719499,239.91746848384554,17.664557889999248
420,0,184.48056537638504,264.41165249930384,79.37757218650904,266.32518921380506,21.052431907632013
420,1,184.48056537638504,264.41165249930384,52.55676105285274,297.1971967774936,24.959772081679816
420,2,184.48056537638504,264.41165249930384,70.47399682086044,210.83856692032487,24.119216801552373
420,3,184.48056537638504,264.41165249930384,48.336938433575256,170.5466295758306,27.816897896869463
420,4,184.48056537638504,264.41165249930384,70.06444653323658,105.03792728607024,27.044458767735474
420,5,184.48056537638504,264.41165249930384,81.36328726053861,45.628894170094014,23.77580225747608
420,6,184.48056537638504,264.41165249930384,64.2091320182781,92.32615600628064,18.86025272112327
420,7,184.48056537638504,264.41165249930384,73.33388074129566,133.5283280016089,16.6418371778041
420,8,184.48056537638504,264.41165249930384,81.39026057742299,203.32814185977938,13.882684369599597
420,9,184.48056537638504,264.41165249930384,60.65300195292665,238.37050400740182,11.888814173299972
420,10,184.48056537638504,264.41165249930384,42.14513582049999,307.3595080204322,12.876593836200167
420,11,184.48056537638504,264.41165249930384,85.80932166850323,258.60411089075683,16.11453729383183
421,0,196.25622164595015,358.25738079749476,39.80521739664941,184.6629383568655,18.532946835350256
421,1,196.25622164595015,358.25738079749476,65.8651195727751,270.68459109445695,24.50591869527505
421,2,196.25622164595015,358.25738079749476,69.68914935166514,202.7532955820288,28.60953622099502
421,3,196.25622164595015,358.25738079749476,54.95159476385849,183.2518565013217,28.490923254534287
421,4,196.25622164595015,358.25738079749476,60.66979165707342,88.79073553087602,26.2132249197473
421,5,196.25622164595015,358.25738079749476,60.22457498464,83.90017873963261,24.893193238956865
421,6,196.25622164595015,358.25738079749476,37.975092862948486,117.06512256350048,20.936154138778658
421,7,196.25622164595015,358.25738079749476,84.66225585423936,81.25626711312172,14.054086643611468
421,8,196.25622164595015,358.25738079749476,42.2152158302748,236.39806701375824,13.995429457207305
421,9,196.25622164595015,358.25738079749476,58.54253016785044,233.08710279094217,9.943031743645422
421,10,196.25622164595015,358.25738079749476,67.98384880352155,281.54938571675405,12.427374741867814
421,11,196.25622164595015,358.25738079749476,60.65655546273906,307.9831577097057,15.80977893678758
422,0,331.2966080879342,130.42796634738065,68.4169731124392,229.0720020383327,20.7333959881778
422,1,331.2966080879342,130.42796634738065,26.50395957113227,271.26996932153384,23.863926627679604
422,2,331.2966080879342,130.42796634738065,34.14113895957951,359.542464928213,24.919940186461133
422,3,331.2966080879342,130.42796634738065,35.31144206458414,145.45258229851547,28.89674601749933
422,4,331.2966080879342,130.42796634738065,60.880325536687856,124.09914716540386,26.650530722779806
422,5,331.2966080879342,130.42796634738065,65.61559012279075,104.62872089041285,21.960501566676594
422,6,331.2966080879342,130.42796634738065,66.9783587983578,71.79398948916746,21.239357807588917
422,7,331.2966080879342,130.42796634738065,97.58864403316011,104.1420312863356,16.21377433003965
422,8,331.2966080879342,130.42796634738065,50.71220279846092,206.2968931517544,13.198071055259142
422,9,331.2966080879342,130.42796634738065,69.52666636833588,265.59646602628305,12.298100453406928
422,10,331.2966080879342,130.42796634738065,37.752507854954644,276.760452368165,13.279257227063328
422,11,331.2966080879342,130.42796634738065,85.46970281821353,271.1539709572803,17.18611301062546
423,0,375.5196285666531,281.3271617113163,41.461868477271395,235.07066675280146,19.733151099949822
423,1,375.5196285666531,281.3271617113163,55.647943828636386,255.35094334590562,22.76959177613318
423,2,375.5196285666531,281.3271617113163,63.10804980783874,262.1613133881905,27.504268195857215
423,3,375.5196285666531,281.3271617113163,85.45080355356902,181.2573710020895,27.547509662556283
423,4,375.5196285666531,281.3271617113163,64.81667601744557,90.49037361304379,27.683568651626516
423,5,375.5196285666531,281.3271617113163,76.14748397041949,99.29767178909529,24.295234325867757
423,6,375.5196285666531,281.3271617113163,78.81957852839318,113.4172947741091,19.695292460989887
423,7,375.5196285666531,281.3271617113163,46.40771927072926,94.56413253302193,15.352259635480145
423,8,375.5196285666531,281.3271617113163,77.37633791427892,201.84210149745408,14.61960183868311
423,9,375.5196285666531,281.3271617113163,63.022362857844556,292.08485876677923,11.449891749622365
423,10,375.5196285666531,281.3271617113163,122.04817975037741,307.7215979613982,12.225423368818026
423,11,375.5196285666531,281.3271617113163,73.20919457920928,262.8210395663509,15.129682948548357
424,0,310.5687063958676,193.1957889455732,68.63211511020565,223.8716175225145,20.55779573769836
424,1,310.5687063958676,193.1957889455732,44.26680472773489,262.3701373720073,24.300193268949997
424,2,310.5687063958676,193.1957889455732,53.176097145521474,326.2256853443315,26.45794236061012
424,3,310.5687063958676,193.1957889455732,14.39073153745872,192.9702939423957,28.307721539000035
424,4,310.5687063958676,193.1957889455732,65.06428434197338,105.16859004289087,26.50737786342175
424,5,310.5687063958676,193.1957889455732,74.3948016246644,69.01410483177264,24.46441999336855
424,6,310.5687063958676,193.1957889455732,13.491751176177793,92.32648666436418,20.751680474545253
424,7,310.5687063958676,193.1957889455732,79.37750318887637,123.0521647531105,17.522940682797778
424,8,310.5687063958676,193.1957889455732,14.501845823206317,211.50360339237372,13.462274621287962
424,9,310.5687063958676,193.1957889455732,58.84929856154119,287.27597856265317,11.824043109388827
424,10,310.5687063958676,193.1957889455732,70.0401182409452,312.1682324472588,12.704051080241735
424,11,310.5687063958676,193.1957889455732,59.22603795163695,266.8377318825646,14.667162891036842
425,0,241.92414629651788,239.00366703790522,63.7142924613815,216.18325615070628,19.660396568030016
425,1,241.92414629651788,239.00366703790522,68.93380637288364,223.40172097508906,22.890519851347733
425,2,241.92414629651788,239.00366703790522,36.06759449515991,241.15328425809727,26.570076844873384
425,3,241.92414629651788,239.00366703790522,59.20924226841999,173.81936013963144,27.59681990740741
425,4,241.92414629651788,239.00366703790522,68.43344418331344,80.95520469699893,26.37475607419683
425,5,241.92414629651788,239.00366703790522,11.251257510576167,85.99390377948636,23.198517186350113
425,6,241.92414629651788,239.00366703790522,37.95980120756324,79.20022173703725,19.80785765923707
425,7,241.92414629651788,239.00366703790522,0.0,157.88812564887388,16.09644601612167
425,8,241.92414629651788,239.00366703790522,71.19045935879913,237.26797153555032,14.157695610635237
425,9,241.92414629651788,239.00366703790522,84.66923530913363,229.18778106399776,12.210341219448008
425,10,241.92414629651788,239.00366703790522,65.19506403337431,322.07401435855576,13.79567120624375
425,11,241.92414629651788,239.00366703790522,63.639099404437445,271.22761307683686,14.634401553259544
426,0,212.00162005336594,257.8033951403799,32.2016323532235,276.8413542692917,21.762139349043164
426,1,212.00162005336594,257.8033951403799,91.62350126056884,254.2941452416925,24.29262882309251
426,2,212.00162005336594,257.8033951403799,73.33518482613533,263.3687156944134,27.3748179163341
426,3,212.00162005336594,257.8033951403799,81.36343284242176,193.87131389375253,29.062498355296217
426,4,212.00162005336594,257.8033951403799,76.10412256857069,76.7533484059911,27.9031656283777
426,5,212.00162005336594,257.8033951403799,32.66385036846479,76.20249562240458,24.768614960851227
426,6,212.00162005336594,257.8033951403799,62.50369521171763,74.07876145005837,19.678498124309108
426,7,212.00162005336594,257.8033951403799,70.13716613991399,133.8206177996806,16.24069008589261
426,8,212.00162005336594,257.8033951403799,81.71036976159567,239.70095515375905,13.105993995123027
426,9,212.00162005336594,257.8033951403799,64.536724321629,329.5268659856613,11.570858168343198
426,10,212.00162005336594,257.8033951403799,44.81249756641813,298.2874745144917,13.219031477056845
426,11,212.00162005336594,257.8033951403799,85.67549354978792,291.14576398533353,16.47191991809711
427,0,232.23319796985172,99.10574516151178,45.22906323227719,222.79727745504974,21.2170673633778
427,1,232.23319796985172,99.10574516151178,81.71498294321893,269.12942460944424,23.650196779743364
427,2,232.23319796985172,99.10574516151178,60.61976448935172,243.69230682171622,27.968416047865393
427,3,232.23319796985172,99.10574516151178,82.76871480937052,211.79284201734316,28.441889553244682
427,4,232.23319796985172,99.10574516151178,56.700270806762866,95.15153636624525,27.12077312306946
427,5,232.23319796985172,99.10574516151178,40.14150812556569,103.0108451465689,24.87611402466119
427,6,232.23319796985172,99.10574516151178,70.51058616341268,100.87808698187133,22.374309891909906
427,7,232.23319796985172,99.10574516151178,69.15616933578877,135.12975730439504,15.737111269800291
427,8,232.23319796985172,99.10574516151178,77.41168247366562,216.3893753400035,13.358686333995442
427,9,232.23319796985172,99.10574516151178,92.2212679574451,236.38816323206962,11.04531568524814
427,10,232.23319796985172,99.10574516151178,55.374276160830206,222.22854951714356,12.156758509495491
427,11,232.23319796985172,99.10574516151178,77.81447832747611,315.1749279922144,14.755833180087079
428,0,308.84404735430945,251.64610771648682,63.24536986650073,252.51157462936035,19.279835034705314
428,1,308.84404735430945,251.64610771648682,67.7643774281902,219.5406941077494,24.55146656537532
428,2,308.84404735430945,251.64610771648682,92.88922392661617,237.06209272500243,26.396930400287463
428,3,308.84404735430945,251.64610771648682,64.10777346607057,132.4338547770292,28.253717455236043
428,4,308.84404735430945,251.64610771648682,88.45632113352885,80.38888879149063,27.3656504067051
428,5,308.84404735430945,251.64610771648682,40.68076395652874,78.14477838733372,23.224348690167574
428,6,308.84404735430945,251.64610771648682,79.7414889604085,84.69517049665886,21.015429083602708
428,7,308.84404735430945,251.64610771648682,64.2661446609708,118.89058401512908,14.427809931147067
428,8,308.84404735430945,251.64610771648682,64.17847395219293,209.69290449933894,12.572932115765934
428,9,308.84404735430945,251.64610771648682,87.80258032920335,250.84819552789443,10.741904444862595
428,10,308.84404735430945,251.64610771648682,50.48996400622845,191.40233962578796,14.609397780666585
428,11,308.84404735430945,251.64610771648682,76.24839352779072,227.2953731880011,16.46716996043248
429,0,367.7529329895386,315.9507801136068,62.44974787903424,235.9663480141052,19.825144768681007
429,1,367.7529329895386,315.9507801136068,19.615470863583447,208.2628923596674,23.49432265251579
429,2,367.7529329895386,315.9507801136068,81.69221999300879,304.23008861195194,26.213482857740054
429,3,367.7529329895386,315.9507801136068,41.51456467068809,159.76129497468418,27.96362018705901
429,4,367.7529329895386,315.9507801136068,64.1950053395148,108.99088491698943,25.61660741435938
429,5,367.7529329895386,315.9507801136068,79.33096296288255,99.24383122534901,24.574033837322066
429,6,367.7529329895386,315.9507801136068,56.76548671082378,100.16540960512921,21.5497838639115
429,7,367.7529329895386,315.9507801136068,59.706516106821226,131.6330850321732,15.263499414667155
429,8,367.7529329895386,315.9507801136068,34.77646717718688,184.62425645756412,10.744415728268022
429,9,367.7529329895386,315.9507801136068,69.26326574152372,276.7515579211719,11.741236601815094
429,10,367.7529329895386,315.9507801136068,108.40644280323926,245.2279643441338,12.50881170458526
429,11,367.7529329895386,315.9507801136068,72.28705004302556,264.67548990495305,15.861650804951548
430,0,117.16730022036069,216.42823929706853,53.90310835986464,210.9315883436695,21.060841974387177
430,1,117.16730022036069,216.42823929706853,35.67551176399185,320.2151656567098,25.89383106398944
430,2,117.16730022036069,216.42823929706853,31.786765791652194,219.23201423457522,27.634719949594484
430,3,117.16730022036069,216.42823929706853,63.033243599977155,141.21728644150915,27.951212739474464
430,4,117.16730022036069,216.42823929706853,70.80065830700485,106.28198698526185,27.695929645102943
430,5,117.16730022036069,216.42823929706853,62.151061220528064,95.79277698000158,24.051564114817815
430,6,117.16730022036069,216.42823929706853,100.37358137509534,83.37839925173867,19.57509211574734
430,7,117.16730022036069,216.42823929706853,85.8938259876885,113.88707017260371,18.501143580674036
430,8,117.16730022036069,216.42823929706853,32.246808160772396,193.10246033976296,14.642624374351266
430,9,117.16730022036069,216.42823929706853,74.21532303297056,264.94754539159794,12.06586608911067
430,10,117.16730022036069,216.42823929706853,49.48904537741573,226.4370946737633,12.188193351570149
430,11,117.16730022036069,216.42823929706853,46.55881325523552,263.30323634917784,14.829948119689476
431,0,353.080616498701,309.2035219566884,60.945213238749695,207.22982514330909,19.728044505000486
431,1,353.080616498701,309.2035219566884,79.0227363061961,261.71760114835115,23.5259071304328
431,2,353.080616498701,309.2035219566884,53.77997405438425,252.48673152878297,25.650095084240146
431,3,353.080616498701,309.2035219566884,44.67939815816442,160.1800858037589,28.119497932307056
431,4,353.080616498701,309.2035219566884,48.36021577658979,92.1076272936793,26.01150616164961
431,5,353.080616498701,309.2035219566884,46.39978969701401,101.05083460637272,23.916415715081833
431,6,353.080616498701,309.2035219566884,46.602488034499174,96.52952288573938,20.1658147553056
431,7,353.080616498701,309.2035219566884,60.530954018586094,149.19047283047124,18.37764991865778
431,8,353.080616498701,309.2035219566884,50.78134993029772,199.57831339466122,12.010142024421558
431,9,353.080616498701,309.2035219566884,97.4632689294699,224.27162199096674,12.793529527377885
431,10,353.080616498701,309.2035219566884,78.65736552734886,348.8674271652444,11.943715048512512
431,11,353.080616498701,309.2035219566884,37.596802921949234,263.07908403403513,14.913865154244242
432,0,179.5748186786487,273.9442650186054,70.65992792655037,254.80642969921337,20.357134708688314
432,1,179.5748186786487,273.9442650186054,83.76313795781655,277.4237264162493,24.809247089614615
432,2,179.5748186786487,273.9442650186054,37.798203894518934,249.82527930761967,26.787099083081564
432,3,179.5748186786487,273.9442650186054,50.30496158756286,158.73945776300982,27.13650230787702
432,4,179.5748186786487,273.9442650186054,63.41730790792272,120.84877197658939,28.418106500711403
432,5,179.5748186786487,273.9442650186054,55.46995956651144,71.39880750762013,23.320366944739952
432,6,179.5748186786487,273.9442650186054,54.49294199037719,86.24358401080447,20.52694816016191
432,7,179.5748186786487,273.9442650186054,81.33231964253191,106.09376297616932,15.340502839221816
432,8,179.5748186786487,273.9442650186054,58.95584040233454,174.48070234546725,13.832498950344187
432,9,179.5748186786487,273.9442650186054,74.9585729312868,229.74233044171984,11.573698132297288
432,10,179.5748186786487,273.9442650186054,46.10508296862703,291.64416808345646,12.25665283549099
432,11,179.5748186786487,273.9442650186054,56.397211666612094,265.7412494018733,15.656101573070853
433,0,360.1593950964191,404.767178956615,66.5909112581083,240.68842921389825,20.419137290344437
433,1,360.1593950964191,404.767178956615,80.49473566946288,267.9756999945377,24.338478495331145
433,2,360.1593950964191,404.767178956615,55.32594456902391,282.2007323451739,26.787774085073902
433,3,360.1593950964191,404.767178956615,36.08453934298659,149.10832470901497,26.372752209092795
433,4,360.1593950964191,404.767178956615,75.68117024061506,116.19674709666224,25.6929047830864
433,5,360.1593950964191,404.767178956615,75.90980529354339,91.39026747461915,24.22639788149965
433,6,360.1593950964191,404.767178956615,104.719459571948,111.18725478867132,21.602414683089258
433,7,360.1593950964191,404.767178956615,80.13920769507766,136.5381635188023,15.131646654935667
433,8,360.1593950964191,404.767178956615,82.04582601559443,217.79165675014244,14.43900668640701
433,9,360.1593950964191,404.767178956615,77.7746320831917,261.044489908859,12.951946289221443
433,10,360.1593950964191,404.767178956615,99.52982401255619,307.2512869035075,12.46760731506829
433,11,360.1593950964191,404.767178956615,56.2321595456883,315.8664792472284,16.56629084361091
434,0,164.6305906602174,283.9199554998227,55.52757879233628,334.6522187199954,20.5697449288506
434,1,164.6305906602174,283.9199554998227,63.986762981428406,260.362656683188,24.445877212117335
434,2,164.6305906602174,283.9199554998227,55.14993938733935,324.4047400323016,23.63989317365728
434,3,164.6305906602174,283.9199554998227,36.67400709199747,209.0037488757087,26.824223021324773
434,4,164.6305906602174,283.9199554998227,57.13389158823857,93.06927735641877,27.298058239807784
434,5,164.6305906602174,283.9199554998227,86.3398158000247,95.11100017250297,24.20228226520949
434,6,164.6305906602174,283.9199554998227,77.96418997930044,93.37251219642773,18.565368162574593
434,7,164.6305906602174,283.9199554998227,60.781638125821935,128.4847234967347,17.831925953885612
434,8,164.6305906602174,283.9199554998227,71.28054057192637,134.2498299008486,11.953498253172091
434,9,164.6305906602174,283.9199554998227,76.82746256937729,278.85102355295516,13.043695058652185
434,10,164.6305906602174,283.9199554998227,68.25416054945721,270.49373909224454,12.143860995121821
434,11,164.6305906602174,283.9199554998227,63.20363921915726,239.5665974825148,15.044959759697763
435,0,229.62942703915553,321.4233299633777,66.2175452694475,274.2752535988709,22.888962184931803
435,1,229.62942703915553,321.4233299633777,61.5706946614457,312.1506754929767,23.61328866193284
435,2,229.62942703915553,321.4233299633777,15.026785890565868,268.833766590656,27.07358908197642
435,3,229.62942703915553,321.4233299633777,35.173334211839475,163.1521092038652,27.026410198024923
435,4,229.62942703915553,321.4233299633777,88.82968616891131,107.37803450606525,28.188490958770107
435,5,229.62942703915553,321.4233299633777,9.208734899133077,82.66505888637838,23.639311302204717
435,6,229.62942703915553,321.4233299633777,65.5124458138047,116.0378888657319,17.82643586896508
435,7,229.62942703915553,321.4233299633777,59.20608762633005,131.86309420789894,15.890727682944613
435,8,229.62942703915553,321.4233299633777,46.98365758378617,288.2614361527848,14.659879238921107
435,9,229.62942703915553,321.4233299633777,65.7541576361206,280.70792153517857,11.374024463193425
435,10,229.62942703915553,321.4233299633777,85.5115227784938,277.3780373292604,12.509106868578108
435,11,229.62942703915553,321.4233299633777,76.60671873828147,263.5632379746553,16.4538350539394
436,0,136.27689343196627,303.50974582025003,66.20783120763339,252.35512869501736,19.316670431128852
436,1,136.27689343196627,303.50974582025003,44.1648758387849,269.8081123121918,21.265694681456978
436,2,136.27689343196627,303.50974582025003,22.932051233188197,250.06117962369265,27.76815433815753
436,3,136.27689343196627,303.50974582025003,75.80989388189427,212.6509423190304,27.563780490502864
436,4,136.27689343196627,303.50974582025003,57.37817161610906,86.07530931599518,27.498496623223353
436,5,136.27689343196627,303.50974582025003,101.3023633954056,88.11557359827638,22.321795753305704
436,6,136.27689343196627,303.50974582025003,78.90005356288106,89.4513840878264,21.601017932108086
436,7,136.27689343196627,303.50974582025003,39.033446206814595,115.27758839974878,18.183140643705183
436,8,136.27689343196627,303.50974582025003,60.0427781595601,210.9592667773045,14.29443519415008
436,9,136.27689343196627,303.50974582025003,51.6772806770805,234.53758476126634,11.552485330550985
436,10,136.27689343196627,303.50974582025003,83.29974519360641,283.8242200676245,12.583365394555791
436,11,136.27689343196627,303.50974582025003,75.46623784812788,268.0543516527085,17.077279098745432
437,0,224.77426070477847,275.74994295297364,54.61692109517494,208.64665934359058,18.95334037585927
437,1,224.77426070477847,275.74994295297364,46.78574703807511,314.6630510176773,24.718708712826484
437,2,224.77426070477847,275.74994295297364,54.62773120482038,283.13444416142767,25.549204531262657
437,3,224.77426070477847,275.74994295297364,10.229653324719969,195.38392174655698,27.68402474470661
437,4,224.77426070477847,275.74994295297364,68.70339963218295,88.22820534918326,24.855481961402067
437,5,224.77426070477847,275.74994295297364,28.370846011859946,74.686447091196,22.571483088211348
437,6,224.77426070477847,275.74994295297364,59.80910179300922,116.26671606526018,20.121727188371022
437,7,224.77426070477847,275.74994295297364,68.27356393753558,126.61404904667067,16.028345973583107
437,8,224.77426070477847,275.74994295297364,52.43146616630931,204.87182796265125,14.318944749453378
437,9,224.77426070477847,275.74994295297364,58.45417271953427,286.4991383999994,10.810690798681915
437,10,224.77426070477847,275.74994295297364,94.7079989598239,281.07940524135506,12.822983674655461
437,11,224.77426070477847,275.74994295297364,59.136397743867064,297.90355742558586,16.032481034372854
438,0,455.3943909078065,429.1176856292109,84.82523055851613,309.2166370143951,18.661236005436084
438,1,455.3943909078065,429.1176856292109,77.02421145914583,238.37045707133456,22.858953057265065
438,2,455.3943909078065,429.1176856292109,62.21234222077631,314.15439384919836,28.257549486529193
438,3,455.3943909078065,429.1176856292109,57.785539242964155,132.4307064805288,27.01117777865993
438,4,455.3943909078065,429.1176856292109,41.65771572028754,94.36483417878296,27.671625871810743
438,5,455.3943909078065,429.1176856292109,44.16135576449856,103.3046555844831,22.463008726884038
438,6,455.3943909078065,429.1176856292109,87.89005222023252,75.98211039365732,19.269367692022016
438,7,455.3943909078065,429.1176856292109,62.389163853749004,132.95856264875894,15.43427131374755
438,8,455.3943909078065,429.1176856292109,69.8642729436161,186.27935345169107,12.790346522540133
438,9,455.3943909078065,429.1176856292109,37.746716668617736,313.7373031422337,11.922896802976716
438,10,455.3943909078065,429.1176856292109,77.63598373266123,273.291326830529,13.228527109677579
438,11,455.3943909078065,429.1176856292109,58.67590110580655,244.64804333509187,15.780682039779093
439,0,266.0513801222921,332.59082571033997,47.483902378671985,213.3081787535351,20.952736879300467
439,1,266.0513801222921,332.59082571033997,73.81876637870587,231.8842016632151,24.155060924867463
439,2,266.0513801222921,332.59082571033997,27.793371046443937,247.36081869365626,28.117846227439614
439,3,266.0513801222921,332.59082571033997,79.09564736183212,191.14145428199947,27.63252869792442
439,4,266.0513801222921,332.59082571033997,57.218800793282945,113.91402116663744,26.885754000385305
439,5,266.0513801222921,332.59082571033997,50.455411904712975,118.12708414911756,24.399946438867758
439,6,266.0513801222921,332.59082571033997,56.791234072011825,95.48871366501955,21.10230968135862
439,7,266.0513801222921,332.59082571033997,82.21683025549444,100.32695622518048,17.160959574749878
439,8,266.0513801222921,332.59082571033997,89.06000972188409,215.91964193217032,11.505712650349004
439,9,266.0513801222921,332.59082571033997,76.48326604286444,236.8384111803895,12.900124754119588
439,10,266.0513801222921,332.59082571033997,27.823751113712163,288.9992324343053,14.512598691440935
439,11,266.0513801222921,332.59082571033997,69.41074562780867,363.46303634517176,15.610878091485398
440,0,94.88318479068504,325.8818078472536,66.7615452429712,219.2213253694081,21.173144458741078
440,1,94.88318479068504,325.8818078472536,40.997149501986456,290.28794299208107,22.835621473029818
440,2,94.88318479068504,325.8818078472536,33.25872693116038,325.9367538863082,24.694360042145732
440,3,94.88318479068504,325.8818078472536,78.8125858209159,191.7406114494906,28.173677714089248
440,4,94.88318479068504,325.8818078472536,61.160911983849836,102.93051641676425,27.02446815120277
440,5,94.88318479068504,325.8818078472536,15.441042503602887,116.17527819487594,22.551113127558775
440,6,94.88318479068504,325.8818078472536,76.6699019369654,100.61910832652268,19.865481444462457
440,7,94.88318479068504,325.8818078472536,60.37097010047888,109.96527752484614,16.572173310377334
440,8,94.88318479068504,325.8818078472536,47.76875940533239,225.50873182053581,11.459665062230139
440,9,94.88318479068504,325.8818078472536,52.92649627563718,217.046282811702,12.090987658999133
440,10,94.88318479068504,325.8818078472536,81.69462035452065,236.02635499315028,13.090815441275199
440,11,94.88318479068504,325.8818078472536,56.99431063418875,288.67238461835285,16.285879151611255
441,0,265.2596359652012,358.440365007035,53.71836486937085,263.7128356162098,20.045865642586687
441,1,265.2596359652012,358.440365007035,74.33730506145513,293.00721480622076,25.001837553357195
441,2,265.2596359652012,358.440365007035,96.58586848521156,273.5028165122577,29.13090602238896
441,3,265.2596359652012,358.440365007035,98.35176262978835,177.06903850739045,27.577442886759815
441,4,265.2596359652012,358.440365007035,80.0195684079228,90.68264841115159,28.484026143906192
441,5,265.2596359652012,358.440365007035,65.68389891566777,86.09893325270974,24.187768356180598
441,6,265.2596359652012,358.440365007035,36.44290448573676,95.99535651148034,18.776085559414025
441,7,265.2596359652012,358.440365007035,97.74512779919561,106.67381326656563,14.293405207262467
441,8,265.2596359652012,358.440365007035,63.72306989583306,193.25101086002923,12.595433590082758
441,9,265.2596359652012,358.440365007035,27.908139697939532,304.0674230264598,12.113723002887683
441,10,265.2596359652012,358.440365007035,78.13880429083659,332.7693853620591,13.536789694308968
441,11,265.2596359652012,358.440365007035,53.62286792642877,297.78872442355265,14.338551229661388
442,0,248.34114248758934,468.0761975388544,89.1107795245621,300.0932207408338,19.873467665566878
442,1,248.34114248758934,468.0761975388544,55.73149754363381,268.6982177824004,24.177400259923356
442,2,248.34114248758934,468.0761975388544,68.13101483636662,226.83505878567888,26.38027999484317
442,3,248.34114248758934,468.0761975388544,65.98946941589435,178.00975235421362,28.227260121322136
442,4,248.34114248758934,468.0761975388544,48.754318808173615,72.75528447810271,26.112455666628392
442,5,248.34114248758934,468.0761975388544,92.4614128646526,74.2256624451148,24.67981702669459
442,6,248.34114248758934,468.0761975388544,62.177859009885424,106.91432204202897,18.678736097769832
442,7,248.34114248758934,468.0761975388544,59.65656557280963,130.1325762172582,15.21993100322167
442,8,248.34114248758934,468.0761975388544,44.77173811315256,199.18229820847415,12.64532023168093
442,9,248.34114248758934,468.0761975388544,59.22858657568107,239.94200083602124,11.602681549262096
442,10,248.34114248758934,468.0761975388544,70.1864874177698,313.78170963193594,14.378107971592142
442,11,248.34114248758934,468.0761975388544,51.42161079014021,273.4758590704472,16.035391353625723
443,0,363.9005159355305,231.86600999694235,21.556227471043414,337.3195867149496,20.300670606886126
443,1,363.9005159355305,231.86600999694235,87.15777979450132,337.79532276774785,26.05605344524612
443,2,363.9005159355305,231.86600999694235,56.291097689613125,284.05041660507715,26.577134403694927
443,3,363.9005159355305,231.86600999694235,49.89659624144841,167.8885793717026,29.047681230368713
443,4,363.9005159355305,231.86600999694235,70.03054244266157,102.11536525484941,27.25310832582148
443,5,363.9005159355305,231.86600999694235,75.67570717888347,102.11491051997864,23.92617921625082
443,6,363.9005159355305,231.86600999694235,51.86891167820549,75.07197191971096,18.137077879330622
443,7,363.9005159355305,231.86600999694235,84.12927485704888,109.96328452964887,14.389657467447353
443,8,363.9005159355305,231.86600999694235,48.254196297844445,192.9722972698721,13.422462533472626
443,9,363.9005159355305,231.86600999694235,26.005756398637146,316.87896337908245,13.391645367694542
443,10,363.9005159355305,231.86600999694235,50.27424501273763,418.5260259110162,13.979408476629374
443,11,363.9005159355305,231.86600999694235,74.05580412285941,240.412869145501,13.656999173200795
444,0,182.3048098343565,411.02510314162055,65.24736597649157,300.29628256484466,21.410562297543315
444,1,182.3048098343565,411.02510314162055,27.27420491011418,273.060925030533,23.96355310780357
444,2,182.3048098343565,411.02510314162055,34.762223333486105,277.0820829034137,27.42747330268774
444,3,182.3048098343565,411.02510314162055,86.57890597638348,169.62305846872843,26.846478146399004
444,4,182.3048098343565,411.02510314162055,75.24203621462784,96.8708290386155,26.777728750710814
444,5,182.3048098343565,411.02510314162055,63.01028905210747,118.64358055478516,20.889264267657104
444,6,182.3048098343565,411.02510314162055,49.438983654635166,110.62499900237744,20.456413797112923
444,7,182.3048098343565,411.02510314162055,30.789694763093,138.80340839134266,17.350668539182806
444,8,182.3048098343565,411.02510314162055,55.695538161000094,167.50010250140676,14.142379952922685
444,9,182.3048098343565,411.02510314162055,66.43141476810548,221.9096578685342,11.89325117579377
444,10,182.3048098343565,411.02510314162055,69.67553110458832,346.7898044244755,13.878001913757139
444,11,182.3048098343565,411.02510314162055,81.20783610650048,214.6313630904412,15.952829272873435
445,0,187.17872754713008,218.68934080617692,8.151908399640824,226.98696456325047,19.187926811474448
445,1,187.17872754713008,218.68934080617692,46.553838536750035,255.82718347852557,21.60606614879996
445,2,187.17872754713008,218.68934080617692,75.76967539711279,310.7546754113955,27.93691746552501
445,3,187.17872754713008,218.68934080617692,23.461614167905452,136.64619329592395,28.41288011981096
445,4,187.17872754713008,218.68934080617692,69.88219375276634,101.02858575852771,26.948620211564247
445,5,187.17872754713008,218.68934080617692,19.726675731920587,106.11387660041864,24.017761928513103
445,6,187.17872754713008,218.68934080617692,48.97437198418888,98.55274727867405,21.02947266485071
445,7,187.17872754713008,218.68934080617692,91.3071839820908,147.63231512807508,15.46633179373181
445,8,187.17872754713008,218.68934080617692,90.57348679886456,171.17413724270293,13.50477120833835
445,9,187.17872754713008,218.68934080617692,67.77044966197727,221.03247806779876,11.39267779869124
445,10,187.17872754713008,218.68934080617692,48.186141218093205,286.58350848618716,11.837852445311695
445,11,187.17872754713008,218.68934080617692,52.00831447459427,291.55069750325254,14.755619467283026
446,0,247.96726022175793,290.7448319696841,59.67475982493392,252.8212071440404,20.716902584922202
446,1,247.96726022175793,290.7448319696841,84.6685420861994,225.3039564946403,23.730636181300294
446,2,247.96726022175793,290.7448319696841,89.97828363765285,285.00028122978125,27.344745452266235
446,3,247.96726022175793,290.7448319696841,39.91202260425432,191.13717690745656,27.520473731957004
446,4,247.96726022175793,290.7448319696841,80.06007375569632,89.74340945147723,26.07665221942074
446,5,247.96726022175793,290.7448319696841,55.13447154356277,104.98268445108582,23.841893160645334
446,6,247.96726022175793,290.7448319696841,61.39572126532001,121.90004729428092,22.156312034396247
446,7,247.96726022175793,290.7448319696841,67.03711674350512,94.57694805744826,16.968751231997302
446,8,247.96726022175793,290.7448319696841,35.62244158040903,177.6913934629337,13.411960527117696
446,9,247.96726022175793,290.7448319696841,86.49328472203692,216.83522790211572,13.134053617476534
446,10,247.96726022175793,290.7448319696841,65.91897479588262,349.8146034683893,10.77720620274931
446,11,247.96726022175793,290.7448319696841,36.81335686767979,250.53274669474817,15.808266876674798
447,0,206.486569275269,358.7295391436391,76.61105378540448,290.7589948297255,20.070932101283816
447,1,206.486569275269,358.7295391436391,27.74277742222,234.93585982482188,22.330291346167918
447,2,206.486569275269,358.7295391436391,60.337256514680845,213.21964055630227,27.063479551035552
447,3,206.486569275269,358.7295391436391,65.46957706867042,212.14174856202075,26.837521007354653
447,4,206.486569275269,358.7295391436391,60.18366026355564,112.74653650452076,27.660926863535572
447,5,206.486569275269,358.7295391436391,106.5957193226796,111.20217827812489,22.629451066432324
447,6,206.486569275269,358.7295391436391,86.38023933028933,97.83179918378634,18.062562325457012
447,7,206.486569275269,358.7295391436391,46.63040158639621,131.3298773851938,16.520668372550244
447,8,206.486569275269,358.7295391436391,39.527086289131994,254.2386228373198,13.378387824342736
447,9,206.486569275269,358.7295391436391,64.27690917707152,201.11444256631532,12.330730697576586
447,10,206.486569275269,358.7295391436391,33.36238266306747,284.1404296880293,12.188821404313597
447,11,206.486569275269,358.7295391436391,78.85865152434042,258.89536798694826,13.358914930156148
448,0,248.45279743250276,398.69758399459135,37.86550437090159,258.0435320788129,19.60546049144051
448,1,248.45279743250276,398.69758399459135,46.25107097349155,315.27310660130996,24.588600973054863
448,2,248.45279743250276,398.69758399459135,68.5684502987826,273.6142492447513,27.328024453889
448,3,248.45279743250276,398.69758399459135,52.848880424463374,159.66340273074533,28.626035143851848
448,4,248.45279743250276,398.69758399459135,46.7945841676698,91.94177354939058,26.639380442822464
448,5,248.45279743250276,398.69758399459135,38.93189838649279,107.87660032416169,25.087636361521536
448,6,248.45279743250276,398.69758399459135,66.15714201015241,106.31283871538528,20.755022134700543
448,7,248.45279743250276,398.69758399459135,44.596997311925165,111.89612926324827,16.126747069132296
448,8,248.45279743250276,398.69758399459135,57.94774506172118,213.22762400750116,13.63618842565966
448,9,248.45279743250276,398.69758399459135,47.418467858047144,274.4592983889059,11.783715825223046
448,10,248.45279743250276,398.69758399459135,58.536821509889506,302.38662051750873,13.473950602394503
448,11,248.45279743250276,398.69758399459135,37.82586388335851,214.10694574712647,15.742974808786549
449,0,213.0312561862356,234.70888540657904,84.86135417511227,277.54188834366727,20.64917436531187
449,1,213.0312561862356,234.70888540657904,48.788898146122065,308.0264290239011,24.138444405819584
449,2,213.0312561862356,234.70888540657904,66.19184260838492,251.83631084615462,27.400924763628122
449,3,213.0312561862356,234.70888540657904,74.18716968441944,152.76932545366375,29.01462125613627
449,4,213.0312561862356,234.70888540657904,107.32606272357047,86.41681117194454,26.567158501945542
449,5,213.0312561862356,234.70888540657904,65.47629086339259,81.7195650941186,24.49100183695702
449,6,213.0312561862356,234.70888540657904,35.001577850918316,124.19544837554528,20.222627996981686
449,7,213.0312561862356,234.70888540657904,81.85987019376742,132.58416376735937,14.75426703705134
449,8,213.0312561862356,234.70888540657904,48.607727550319346,245.41715474904703,12.070234434814578
449,9,213.0312561862356,234.70888540657904,48.38783554833983,244.71992479690624,11.721814830581584
449,10,213.0312561862356,234.70888540657904,97.90501306504709,313.89558614521934,12.196947261798012
449,11,213.0312561862356,234.70888540657904,58.814551188056306,299.9706631269164,16.306255433666852
450,0,363.6802035359929,396.9488777486733,31.867190258347886,212.95313727714486,19.233602269093335
450,1,363.6802035359929,396.9488777486733,86.21391282143458,290.6801850227439,24.002898218674915
450,2,363.6802035359929,396.9488777486733,72.23985659006941,230.0812969762216,24.394112825696524
450,3,363.6802035359929,396.9488777486733,88.67695121361344,157.35420292341416,27.67014965499897
450,4,363.6802035359929,396.9488777486733,68.65465093633746,99.5706417901268,25.81911503698439
450,5,363.6802035359929,396.9488777486733,51.23775353470646,100.29936820649853,22.776478433162698
450,6,363.6802035359929,396.9488777486733,63.85514782839758,87.0626273538072,18.69710525028474
450,7,363.6802035359929,396.9488777486733,94.60018531960387,129.3730931200788,15.457605107401402
450,8,363.6802035359929,396.9488777486733,16.276120245130166,195.7601125777015,12.55206536824506
450,9,363.6802035359929,396.9488777486733,51.70505801212167,218.35132082853104,12.67920022566666
450,10,363.6802035359929,396.9488777486733,48.945576975325764,289.6403389174945,13.280268484666996
450,11,363.6802035359929,396.9488777486733,69.3814341661267,201.34789575839935,16.317276279529466
451,0,167.31925364475666,354.52883485350156,42.56379236976714,196.6287968000516,21.850083986312008
451,1,167.31925364475666,354.52883485350156,94.69668537157243,268.2808462543527,24.257353740295375
451,2,167.31925364475666,354.52883485350156,58.51275942609392,243.57520103370257,28.501609527763907
451,3,167.31925364475666,354.52883485350156,55.75399407550766,125.06235182389543,28.86431005794402
451,4,167.31925364475666,354.52883485350156,0.0,86.46746744715325,27.224116335295307
451,5,167.31925364475666,354.52883485350156,41.548522342434126,80.84150529523461,23.459678729318735
451,6,167.31925364475666,354.52883485350156,57.74841968142256,113.52844272420026,20.358330508019385
451,7,167.31925364475666,354.52883485350156,70.21963918608547,104.9907364325846,16.235619497608273
451,8,167.31925364475666,354.52883485350156,82.30053438119671,176.61257534769538,12.930488132832458
451,9,167.31925364475666,354.52883485350156,87.83039361120457,288.70894125793495,13.380714919410892
451,10,167.31925364475666,354.52883485350156,54.358081259363885,336.3045966762949,12.071167385496219
451,11,167.31925364475666,354.52883485350156,45.47350502541151,221.78721005550415,17.279598907517766
452,0,231.909661962685,487.6378385858112,41.51528858574055,271.3634960439906,20.616621944563295
452,1,231.909661962685,487.6378385858112,49.260207174009594,311.12845653054217,24.222675061121393
452,2,231.909661962685,487.6378385858112,17.417771175952474,272.6912824924084,27.156628732309823
452,3,231.909661962685,487.6378385858112,65.30446798442676,200.35707104735818,28.154938523414096
452,4,231.909661962685,487.6378385858112,108.75549911661494,105.2359546356269,28.055600903813545
452,5,231.909661962685,487.6378385858112,50.993267659250314,88.10993600189505,24.432913598147763
452,6,231.909661962685,487.6378385858112,94.23474299976198,76.78305105354522,21.35649720869581
452,7,231.909661962685,487.6378385858112,42.76320319413982,124.40336369417673,17.10458163514238
452,8,231.909661962685,487.6378385858112,62.56872355902012,194.1969033170655,12.05155895820308
452,9,231.909661962685,487.6378385858112,78.8521165096418,265.91042911984357,13.670205484039027
452,10,231.909661962685,487.6378385858112,36.158827015296076,304.8418268129904,12.999483794573067
452,11,231.909661962685,487.6378385858112,48.940630955729596,348.2047251101547,16.05737429392867
453,0,196.1731384663454,199.0100384430496,87.62487889852989,254.13888374829767,21.135244337374775
453,1,196.1731384663454,199.0100384430496,65.31248182175959,255.19522583353992,23.9374369001838
453,2,196.1731384663454,199.0100384430496,78.9941023533612,235.1252641995584,26.170610769083723
453,3,196.1731384663454,199.0100384430496,90.65138284280216,148.49124631060656,28.01123043756054
453,4,196.1731384663454,199.0100384430496,47.85582928629755,108.49050925743823,26.491583811142544
453,5,196.1731384663454,199.0100384430496,69.70808358070578,112.16056908127017,22.790829896248542
453,6,196.1731384663454,199.0100384430496,80.84702638469356,103.9702574039085,18.867077200858198
453,7,196.1731384663454,199.0100384430496,51.54327656795804,126.20200118003996,14.347706114318132
453,8,196.1731384663454,199.0100384430496,46.86474502646304,203.18750302551956,13.59098053099652
453,9,196.1731384663454,199.0100384430496,64.13165385358202,262.1538783052491,11.052514208473227
453,10,196.1731384663454,199.0100384430496,70.94197851577816,284.0537617005605,12.691014860599825
453,11,196.1731384663454,199.0100384430496,12.173416821065814,310.3262669498759,16.550321353970286
454,0,193.75758032302844,344.5099087302275,68.13369621494243,230.0637670621664,19.532262563014275
454,1,193.75758032302844,344.5099087302275,89.4450718091227,304.16344100205384,22.627830212688693
454,2,193.75758032302844,344.5099087302275,64.95358423477765,278.8172731864927,28.237639804849305
454,3,193.75758032302844,344.5099087302275,58.953917478573715,237.40972176255679,27.551122529948138
454,4,193.75758032302844,344.5099087302275,46.38267653720944,103.49539783297249,26.878339956311322
454,5,193.75758032302844,344.5099087302275,36.50491803607604,95.31184946209564,23.628724527466414
454,6,193.75758032302844,344.5099087302275,68.87703621841973,88.39098475668096,19.683868718765535
454,7,193.75758032302844,344.5099087302275,57.94880337197758,110.26100169766636,19.057078951596157
454,8,193.75758032302844,344.5099087302275,29.435829283906955,181.615880886072,13.424439457704343
454,9,193.75758032302844,344.5099087302275,64.1394181244312,261.00994096277975,12.560332091765854
454,10,193.75758032302844,344.5099087302275,80.39617496756172,232.8454278196281,12.523237168486633
454,11,193.75758032302844,344.5099087302275,27.63779862848127,206.23593923953,16.03769568908795
455,0,353.9677364540903,265.6225158933834,111.81985656099863,268.71158325507713,18.157700455705093
455,1,353.9677364540903,265.6225158933834,54.40626417198065,256.0173771931062,23.969320907918004
455,2,353.9677364540903,265.6225158933834,44.34100871152636,301.39039239024777,27.78496872205781
455,3,353.9677364540903,265.6225158933834,91.3698054143202,190.21476653799135,29.40221343774395
455,4,353.9677364540903,265.6225158933834,59.60854505542591,81.81557380054339,26.82602582480884
455,5,353.9677364540903,265.6225158933834,43.13268255509168,69.54081854247454,23.89520166746227
455,6,353.9677364540903,265.6225158933834,81.16431955790982,94.5324742650096,20.646230738298666
455,7,353.9677364540903,265.6225158933834,72.60925336217285,121.15896111487167,18.489931277203247
455,8,353.9677364540903,265.6225158933834,24.606102912483507,220.30895622986003,12.947441697592517
455,9,353.9677364540903,265.6225158933834,41.47921324832785,210.25646374139862,13.352369253605522
455,10,353.9677364540903,265.6225158933834,58.50280934998788,260.2548652791591,13.967444591954989
455,11,353.9677364540903,265.6225158933834,47.44809441515808,363.4931165182611,15.5037423143921
456,0,201.9534507964483,272.9914353510912,20.77748868446389,215.16092709209778,19.61301761132887
456,1,201.9534507964483,272.9914353510912,77.55800104384765,321.0438924684448,24.491461996209942
456,2,201.9534507964483,272.9914353510912,38.44765990253062,281.8087909096561,26.742084974922818
456,3,201.9534507964483,272.9914353510912,49.06140244713616,155.53641106525487,26.429966014481124
456,4,201.9534507964483,272.9914353510912,65.56371650739302,85.21343947110442,28.087889079902606
456,5,201.9534507964483,272.9914353510912,61.00634035418777,94.79628409044383,24.34997698988262
456,6,201.9534507964483,272.9914353510912,69.6961853622869,99.31402704129619,19.133468119565297
456,7,201.9534507964483,272.9914353510912,98.6105370931358,145.18921612532338,16.001851878463157
456,8,201.9534507964483,272.9914353510912,33.39767467588238,219.8878800485103,12.96671766432647
456,9,201.9534507964483,272.9914353510912,77.4374551984192,229.83594223592857,10.173311889689995
456,10,201.9534507964483,272.9914353510912,57.14027683803061,307.46343893610776,15.00667430411839
456,11,201.9534507964483,272.9914353510912,39.17113761427879,257.9279011936735,17.44875882683652
457,0,212.4221567036282,301.8180714626322,89.2916154334736,229.55098396967085,20.468208879063404
457,1,212.4221567036282,301.8180714626322,108.56887700768388,241.31279609169343,25.21218954000178
457,2,212.4221567036282,301.8180714626322,44.67673093574306,257.3549937696618,27.529875727609564
457,3,212.4221567036282,301.8180714626322,57.08473734182775,174.04150186410885,28.49934628437957
457,4,212.4221567036282,301.8180714626322,70.88705284078063,88.50246542295702,27.55957418164377
457,5,212.4221567036282,301.8180714626322,28.52671996538199,104.91668958238247,23.08791943231781
457,6,212.4221567036282,301.8180714626322,61.876549461776435,101.46620305500133,19.31958820813179
457,7,212.4221567036282,301.8180714626322,51.643126520992595,139.61697251501505,16.42906264378194
457,8,212.4221567036282,301.8180714626322,92.22253448511,188.82008202677494,13.501440012036149
457,9,212.4221567036282,301.8180714626322,32.14430337630044,206.67440463616498,12.308301469130022
457,10,212.4221567036282,301.8180714626322,60.21604858016753,228.7252455776561,13.14350531948497
457,11,212.4221567036282,301.8180714626322,68.89246758476156,247.64109538765638,15.571327609823808
458,0,153.32296312745498,260.0579777011667,80.25998695254519,143.92900561298373,20.41644183057173
458,1,153.32296312745498,260.0579777011667,28.931896536708095,230.64303057761995,23.01819862783416
458,2,153.32296312745498,260.0579777011667,67.08919777329864,242.06018908853045,27.47491652789817
458,3,153.32296312745498,260.0579777011667,35.007193082517034,125.53895673534238,28.382757216796072
458,4,153.32296312745498,260.0579777011667,58.913374439572124,79.76426731373523,29.114261380773463
458,5,153.32296312745498,260.0579777011667,63.43294016851007,81.6066051139906,22.6170596770149
458,6,153.32296312745498,260.0579777011667,63.71235439640276,116.46994230034254,20.19172174008441
458,7,153.32296312745498,260.0579777011667,61.84181256174833,110.32057877974647,15.852775273190437
458,8,153.32296312745498,260.0579777011667,29.7819673026347,187.23991439844895,14.311161511476971
458,9,153.32296312745498,260.0579777011667,25.29099714062768,264.1040079356619,11.863910820686186
458,10,153.32296312745498,260.0579777011667,70.06368017156608,318.374810234267,12.91231502011018
458,11,153.32296312745498,260.0579777011667,59.31252161345937,242.89706715114676,16.229635435647076
459,0,321.7256680258908,340.2463279643514,62.0990444350781,211.8247232601162,19.916871261674444
459,1,321.7256680258908,340.2463279643514,51.2366008168614,235.96873747507217,22.66697884783242
459,2,321.7256680258908,340.2463279643514,77.10077274232594,271.3985174645307,27.023918108762466
459,3,321.7256680258908,340.2463279643514,67.80186399469883,200.3792741695897,27.56767665859037
459,4,321.7256680258908,340.2463279643514,18.682330201084383,116.70370785104352,27.37911806805361
459,5,321.7256680258908,340.2463279643514,73.0910943461221,85.3485281048199,24.073142689569764
459,6,321.7256680258908,340.2463279643514,37.096434433611066,104.27431068216913,17.88640979523851
459,7,321.7256680258908,340.2463279643514,38.15028256522456,144.93081925686025,16.990236652854108
459,8,321.7256680258908,340.2463279643514,97.01374594464485,200.62145852390913,11.644297451073824
459,9,321.7256680258908,340.2463279643514,58.1916804759122,315.2300992856488,12.186364636850055
459,10,321.7256680258908,340.2463279643514,42.565980384232674,277.32879898941485,12.689555937381943
459,11,321.7256680258908,340.2463279643514,54.75347022152762,244.89162036965206,17.477313081876666
460,0,255.2520930676857,310.2338732118942,43.05180989271257,284.6690543525657,20.224253354435053
460,1,255.2520930676857,310.2338732118942,60.8476343566432,262.42298814189826,23.899166130251572
460,2,255.2520930676857,310.2338732118942,38.41865441202715,281.27326788235627,26.98365422133115
460,3,255.2520930676857,310.2338732118942,41.60809506167997,208.21435744235865,27.459544067414793
460,4,255.2520930676857,310.2338732118942,60.32914693509416,96.75796390039854,26.571767999762585
460,5,255.2520930676857,310.2338732118942,67.46845716605688,79.82965045605485,24.42603095011265
460,6,255.2520930676857,310.2338732118942,88.63958807568034,85.7849525627249,21.37601214888428
460,7,255.2520930676857,310.2338732118942,77.85311457596646,116.26662793824028,16.149115063295238
460,8,255.2520930676857,310.2338732118942,71.4437207270851,207.37528634122535,14.71471769778817
460,9,255.2520930676857,310.2338732118942,83.73915655338041,229.01165653494473,13.023052917459774
460,10,255.2520930676857,310.2338732118942,47.19418004061518,245.13703922733507,12.785046780680478
460,11,255.2520930676857,310.2338732118942,48.18541858004991,265.5583548089835,14.756057661970932
461,0,266.1868925138801,221.16692302328119,52.185249347467774,256.25323755273524,20.576582355294626
461,1,266.1868925138801,221.16692302328119,44.3497691819821,317.81230648053383,23.155385587327682
461,2,266.1868925138801,221.16692302328119,72.12897365199402,261.0055558356013,26.617202142956625
461,3,266.1868925138801,221.16692302328119,72.9435773683607,190.41446790421824,29.182703490472836
461,4,266.1868925138801,221.16692302328119,56.16576026055127,93.70022473103126,26.464611050020114
461,5,266.1868925138801,221.16692302328119,70.04603019062053,74.385154032618,26.213410763447513
461,6,266.1868925138801,221.16692302328119,65.07903708063643,84.6673025384804,17.38706662765549
461,7,266.1868925138801,221.16692302328119,85.62950191343876,115.82743544514572,14.973971205543819
461,8,266.1868925138801,221.16692302328119,70.20409561484031,169.38427609656256,12.529607092212139
461,9,266.1868925138801,221.16692302328119,58.20661160912829,274.9545701714016,11.34854068871773
461,10,266.1868925138801,221.16692302328119,51.58516160358743,300.5189348828446,11.959323077963855
461,11,266.1868925138801,221.16692302328119,54.97529306982817,192.7397883636306,15.283919847521659
462,0,268.2988982413396,486.70388645467096,21.129737154794825,308.1761130036118,21.60742274616391
462,1,268.2988982413396,486.70388645467096,59.48762823150157,276.15270489044804,23.624984185024314
462,2,268.2988982413396,486.70388645467096,69.6368900601992,237.4678605104403,28.685863485183052
462,3,268.2988982413396,486.70388645467096,64.23326174124712,151.22704017454592,28.995200149953302
462,4,268.2988982413396,486.70388645467096,58.28002421826132,92.95201668620888,27.8577345658962
462,5,268.2988982413396,486.70388645467096,76.51893570212519,117.30703046125703,24.125792481957742
462,6,268.2988982413396,486.70388645467096,72.24153602381907,97.52384721234647,20.322888377676225
462,7,268.2988982413396,486.70388645467096,78.22360158769146,118.75938591274569,16.451317437150756
462,8,268.2988982413396,486.70388645467096,67.9353982531442,221.7752015732402,11.664826913074096
462,9,268.2988982413396,486.70388645467096,36.692605788769484,277.20145034637943,13.104162618262317
462,10,268.2988982413396,486.70388645467096,58.151076863741444,257.2290691196428,12.488050429720303
462,11,268.2988982413396,486.70388645467096,48.83292370386775,272.4065606971068,15.301490031480514
463,0,150.64739116668957,305.49099469563026,85.62080430367294,245.9961018271143,21.0145640517052
463,1,150.64739116668957,305.49099469563026,41.76607618999275,226.0596819501351,23.891371230648513
463,2,150.64739116668957,305.49099469563026,89.09655929794101,240.428225844339,28.25694803990858
463,3,150.64739116668957,305.49099469563026,83.2952584417644,198.33785295048713,26.615011675384295
463,4,150.64739116668957,305.49099469563026,68.3405603991155,76.9819205348103,26.583843828075825
463,5,150.64739116668957,305.49099469563026,71.31815304643588,73.69465486165628,25.069968477358834
463,6,150.64739116668957,305.49099469563026,55.01025810700937,98.63302694671663,21.22659528264119
463,7,150.64739116668957,305.49099469563026,82.56368749940876,134.7785749195185,14.956304605243277
463,8,150.64739116668957,305.49099469563026,39.469279578959814,172.94196435267978,11.960211757101543
463,9,150.64739116668957,305.49099469563026,67.23990221641134,238.21089072750513,14.793692524847373
463,10,150.64739116668957,305.49099469563026,28.918802390124817,251.17126380092193,14.754053010759993
463,11,150.64739116668957,305.49099469563026,72.93238821023607,257.75720363361694,16.14774779802526
464,0,272.82237018641837,158.36389437890642,65.50853651301503,348.78401512357414,20.560991145210497
464,1,272.82237018641837,158.36389437890642,92.52209796158472,274.6473782959155,24.67706478035737
464,2,272.82237018641837,158.36389437890642,43.221867930352275,244.1765304394558,28.166364562777158
464,3,272.82237018641837,158.36389437890642,80.1358918190411,207.27967567830416,26.150873500667856
464,4,272.82237018641837,158.36389437890642,51.52374453082386,111.17205414677717,27.11799016134962
464,5,272.82237018641837,158.36389437890642,53.10093097791097,82.1056376193298,24.807661382382467
464,6,272.82237018641837,158.36389437890642,47.496740438152585,86.87721298919372,20.446906762135036
464,7,272.82237018641837,158.36389437890642,52.55618319436954,90.33639746580124,15.143532927289675
464,8,272.82237018641837,158.36389437890642,45.38091570850651,206.78525197760337,14.261564129885986
464,9,272.82237018641837,158.36389437890642,41.34228251750348,236.57718171856897,11.754786921784019
464,10,272.82237018641837,158.36389437890642,96.90732424538595,328.0887850717746,12.84900578851821
464,11,272.82237018641837,158.36389437890642,6.626305199194547,294.46254575284996,16.38096956425585
465,0,220.4764431302291,281.07076923374103,87.80358527305322,298.4886244968982,20.316430676627913
465,1,220.4764431302291,281.07076923374103,64.91445635930171,309.6810016148761,25.68574356119801
465,2,220.4764431302291,281.07076923374103,46.17851829688577,313.5594692047206,25.992371082616543
465,3,220.4764431302291,281.07076923374103,69.83755156789941,103.28269570206373,28.18239257523235
465,4,220.4764431302291,281.07076923374103,54.953298843677715,104.10777207613452,24.99304704016646
465,5,220.4764431302291,281.07076923374103,47.34161343027349,85.3773641834137,24.363494560321058
465,6,220.4764431302291,281.07076923374103,63.248167854075106,96.47970186379902,21.52506434352404
465,7,220.4764431302291,281.07076923374103,53.264372965971944,114.89306916027249,17.228165137524453
465,8,220.4764431302291,281.07076923374103,79.55512192246802,214.46445075537844,11.715566268757467
465,9,220.4764431302291,281.07076923374103,50.9687237924367,255.17069285946792,11.884578089634239
465,10,220.4764431302291,281.07076923374103,83.18641124258218,290.8831466910136,14.887512238794752
465,11,220.4764431302291,281.07076923374103,20.228879969322556,246.6344837844573,16.614240354822233
466,0,185.29527190272114,305.50284222280646,63.064399808497676,258.36121210150566,20.927696763087802
466,1,185.29527190272114,305.50284222280646,41.121303374241066,252.35922865057856,23.309239341726595
466,2,185.29527190272114,305.50284222280646,95.01465449619221,251.79612732706738,27.320811456410414
466,3,185.29527190272114,305.50284222280646,92.38655708755803,136.8682978724329,28.809459388194597
466,4,185.29527190272114,305.50284222280646,35.06661460629347,82.57293968904193,25.915963856900138
466,5,185.29527190272114,305.50284222280646,49.211999310738996,82.49833731224344,23.48267444398604
466,6,185.29527190272114,305.50284222280646,66.2600528500912,106.71976592543292,20.52460186386348
466,7,185.29527190272114,305.50284222280646,34.88202346833352,129.7051151555694,18.313216363004532
466,8,185.29527190272114,305.50284222280646,31.01310079747836,191.91800721921234,13.840952285158735
466,9,185.29527190272114,305.50284222280646,62.766372970059145,295.80172148517767,11.957835931462485
466,10,185.29527190272114,305.50284222280646,56.62481774651588,357.739058316516,11.075858701958053
466,11,185.29527190272114,305.50284222280646,75.58891246589205,248.45465595229024,15.544426758330722
467,0,309.1379417644309,278.1033484372921,53.92238235094876,252.58501813205703,20.282322348237017
467,1,309.1379417644309,278.1033484372921,74.11394191506704,303.76314314317705,23.797359853250015
467,2,309.1379417644309,278.1033484372921,83.90749590720594,326.8618777838055,26.570758989631354
467,3,309.1379417644309,278.1033484372921,70.86318134036418,164.69814717380982,29.577991507678565
467,4,309.1379417644309,278.1033484372921,67.47472677517568,105.5281160294796,26.53453303579726
467,5,309.1379417644309,278.1033484372921,69.02018490649584,121.74401549265244,22.73762584424332
467,6,309.1379417644309,278.1033484372921,53.834757028182025,91.62237045565058,19.94143112613581
467,7,309.1379417644309,278.1033484372921,59.963568058005336,129.9431461845513,15.18313037729055
467,8,309.1379417644309,278.1033484372921,83.25625727021222,167.2958096065745,13.530392603924435
467,9,309.1379417644309,278.1033484372921,61.42524363508089,192.77174573105933,14.172539561954943
467,10,309.1379417644309,278.1033484372921,90.60820715349531,297.8072557488885,12.890106590152307
467,11,309.1379417644309,278.1033484372921,62.262132635932765,278.98776323790065,15.9574414256613
468,0,302.0137206456858,278.860008618048,15.153679266022564,175.32512942488287,19.850354141123653
468,1,302.0137206456858,278.860008618048,82.23240101034921,319.0959552814032,23.23665576269999
468,2,302.0137206456858,278.860008618048,38.43527389654041,276.0291038088012,27.26503902563134
468,3,302.0137206456858,278.860008618048,53.349010324895076,214.23183839573164,28.327699339841924
468,4,302.0137206456858,278.860008618048,29.860355956561044,120.87709073605528,27.997616185727694
468,5,302.0137206456858,278.860008618048,73.79815307210376,86.88315581732249,24.249078151944325
468,6,302.0137206456858,278.860008618048,83.28503548110442,85.17472021821298,20.6093732679301
468,7,302.0137206456858,278.860008618048,76.46473185433123,120.43488002795849,13.72341766248285
468,8,302.0137206456858,278.860008618048,57.45895805950856,216.7806040785147,12.41080204526104
468,9,302.0137206456858,278.860008618048,93.03618806291189,200.05418113172303,10.866969360979674
468,10,302.0137206456858,278.860008618048,22.571781928088065,370.3640953851102,11.464426549132341
468,11,302.0137206456858,278.860008618048,89.1195885979483,299.92493575941626,15.7837959807711
469,0,244.56667707855013,402.30394909680075,88.31481382127744,224.44960961326393,20.669639205809652
469,1,244.56667707855013,402.30394909680075,80.69854792880366,286.85931793533706,22.448844520451217
469,2,244.56667707855013,402.30394909680075,56.0558798822586,246.3889719513919,25.603192151176287
469,3,244.56667707855013,402.30394909680075,71.95199234676234,208.29716571551558,27.33604321652736
469,4,244.56667707855013,402.30394909680075,76.29182983300961,125.70122904761351,27.265827482756002
469,5,244.56667707855013,402.30394909680075,110.53975544956357,85.6417249129606,24.835552291155054
469,6,244.56667707855013,402.30394909680075,66.41049063699985,104.13731625478985,22.071001111015885
469,7,244.56667707855013,402.30394909680075,59.80450365969078,128.13769652912714,17.20868280654412
469,8,244.56667707855013,402.30394909680075,64.34548945224843,200.55579720740346,13.463147904526164
469,9,244.56667707855013,402.30394909680075,62.97958912847726,302.5530718935109,13.85494639127445
469,10,244.56667707855013,402.30394909680075,41.3690791358535,280.515065773301,10.633895414465886
469,11,244.56667707855013,402.30394909680075,88.9079574549053,234.01226686814618,17.733825811358244
470,0,273.18032412351863,255.81893761239112,78.46366857600057,283.08875651857534,18.300119535708067
470,1,273.18032412351863,255.81893761239112,67.12428156682583,252.08678440663755,24.217490796085478
470,2,273.18032412351863,255.81893761239112,76.83214690390342,315.25846685655625,27.00918053858929
470,3,273.18032412351863,255.81893761239112,104.03496626120335,186.35600928201674,28.223315893769385
470,4,273.18032412351863,255.81893761239112,59.37098038461029,105.5326719706275,26.473844987238913
470,5,273.18032412351863,255.81893761239112,64.92781772998437,69.31717278851352,24.335885920803292
470,6,273.18032412351863,255.81893761239112,67.7880319467335,107.97550452870242,19.86703350505949
470,7,273.18032412351863,255.81893761239112,70.96556047339861,115.5339539687954,14.813658273571049
470,8,273.18032412351863,255.81893761239112,49.96693427468371,221.40966905336956,10.66056930338135
470,9,273.18032412351863,255.81893761239112,21.82255902947353,250.3145959351732,11.118004575437707
470,10,273.18032412351863,255.81893761239112,54.91772698294228,280.96696274703055,14.371525579770879
470,11,273.18032412351863,255.81893761239112,68.12891778103256,251.769339073885,16.83628970943457
471,0,329.6670630587763,264.5323630118226,68.13369626139936,174.52581749141504,19.9627478260507
471,1,329.6670630587763,264.5323630118226,7.64795341732389,343.8247170848013,22.99467222174443
471,2,329.6670630587763,264.5323630118226,50.725851514145326,298.7577978966027,25.53628221381214
471,3,329.6670630587763,264.5323630118226,76.65256925457695,205.20973888718905,27.911884825369203
471,4,329.6670630587763,264.5323630118226,62.81196189586731,94.92192999219792,26.458833210231344
471,5,329.6670630587763,264.5323630118226,54.51763705209745,81.31046302419907,25.55785761246671
471,6,329.6670630587763,264.5323630118226,60.73641723524423,99.65773625646028,18.366603865851523
471,7,329.6670630587763,264.5323630118226,60.3310042273982,123.5659880459763,15.663294736794349
471,8,329.6670630587763,264.5323630118226,69.51592662878522,237.88104256800335,12.749816100566303
471,9,329.6670630587763,264.5323630118226,14.468284624095993,262.5123030253718,11.434776055208449
471,10,329.6670630587763,264.5323630118226,47.1429051875023,324.5218142937903,13.920713052621057
471,11,329.6670630587763,264.5323630118226,36.93547738849124,310.68493181320554,15.591809389819762
472,0,169.71011025339263,258.1902631361114,59.73403962461241,245.41764727063713,19.767908415171927
472,1,169.71011025339263,258.1902631361114,92.25916625236363,229.28951596595638,25.18746905001701
472,2,169.71011025339263,258.1902631361114,60.732482956240595,262.7110554861839,26.827250209654082
472,3,169.71011025339263,258.1902631361114,50.02509325290852,175.36189843449154,27.144278068597913
472,4,169.71011025339263,258.1902631361114,67.50811673028075,72.47404057065293,26.354719433885982
472,5,169.71011025339263,258.1902631361114,83.50858455857104,89.75937460671736,23.314059462726746
472,6,169.71011025339263,258.1902631361114,75.6662239162362,105.26717390023481,18.90417092879678
472,7,169.71011025339263,258.1902631361114,54.74931231396173,113.63677737266308,15.621862434730543
472,8,169.71011025339263,258.1902631361114,29.535801605085233,187.11641106776707,15.471522865463395
472,9,169.71011025339263,258.1902631361114,47.13237736751112,226.43528300693987,13.565048155458229
472,10,169.71011025339263,258.1902631361114,41.268568034111944,240.41468557373435,12.456769496005395
472,11,169.71011025339263,258.1902631361114,16.88049317589786,237.76744620836658,15.362616384231503
473,0,284.7743749858412,269.8231947139476,60.386399387645746,237.74947659720843,20.77837758309097
473,1,284.7743749858412,269.8231947139476,47.12594173929131,293.6839187083237,23.893810399798387
473,2,284.7743749858412,269.8231947139476,61.79956873543183,263.13879412544344,27.32105609715509
473,3,284.7743749858412,269.8231947139476,53.536208952830776,167.0531186708119,28.060040693211505
473,4,284.7743749858412,269.8231947139476,72.70024914928405,107.95373625053952,26.218973447566192
473,5,284.7743749858412,269.8231947139476,99.37475205563109,63.76569847065897,23.932969872399976
473,6,284.7743749858412,269.8231947139476,49.652106135638725,100.00087671932263,19.14530884378435
473,7,284.7743749858412,269.8231947139476,91.45323731736217,126.4956223844245,15.555373190084083
473,8,284.7743749858412,269.8231947139476,40.999447650967035,227.2677655544582,12.734412000090847
473,9,284.7743749858412,269.8231947139476,43.61020253874062,295.352500253459,13.094353677354817
473,10,284.7743749858412,269.8231947139476,91.05869871636538,269.8615276097315,12.095692852303149
473,11,284.7743749858412,269.8231947139476,48.92375421733861,187.4385928651369,16.08881077807324
474,0,389.23118205985656,246.8122102939239,115.31606210884587,246.0515990737056,18.85578353994026
474,1,389.23118205985656,246.8122102939239,69.2219473457247,289.9663033972356,26.031860717979185
474,2,389.23118205985656,246.8122102939239,40.369624532569816,238.46948733544454,27.38579551124082
474,3,389.23118205985656,246.8122102939239,52.09295705939846,188.79674991335705,30.647746564555575
474,4,389.23118205985656,246.8122102939239,60.144450981194844,75.79128514739759,25.76976636126202
474,5,389.23118205985656,246.8122102939239,69.34515692347782,89.43057317590744,25.559344307390983
474,6,389.23118205985656,246.8122102939239,69.88578183034237,115.59150971654073,19.480984174365027
474,7,389.23118205985656,246.8122102939239,56.2642432681726,94.55185763923235,14.922700457981682
474,8,389.23118205985656,246.8122102939239,46.5840292790397,194.35490273041216,13.219907697682746
474,9,389.23118205985656,246.8122102939239,28.557167809564078,191.30655701939676,13.05125787157961
474,10,389.23118205985656,246.8122102939239,44.519418465582106,292.49422520402925,12.154799784544483
474,11,389.23118205985656,246.8122102939239,60.96563417183226,274.2443991671119,15.821034097335417
475,0,500.9475826617942,310.6070300438348,63.436157245231755,316.06764700817826,18.587913482635773
475,1,500.9475826617942,310.6070300438348,92.07177346244774,290.2771744754833,25.123676075778835
475,2,500.9475826617942,310.6070300438348,63.66732372243824,227.08428859390966,26.739321822668135
475,3,500.9475826617942,310.6070300438348,49.666996939514306,190.9753085536227,27.92876907322534
475,4,500.9475826617942,310.6070300438348,68.69727823663187,96.54502412014502,27.44439873326839
475,5,500.9475826617942,310.6070300438348,48.73964231562968,107.01974907039272,23.38489230630935
475,6,500.9475826617942,310.6070300438348,71.65337971716932,68.12421728601024,19.130487848262753
475,7,500.9475826617942,310.6070300438348,55.29522617333834,158.23110391238936,15.256316519209445
475,8,500.9475826617942,310.6070300438348,42.730543899953666,165.45204521287872,13.190456146493913
475,9,500.9475826617942,310.6070300438348,68.28867993342739,234.40778744829367,11.991529455230294
475,10,500.9475826617942,310.6070300438348,110.4624628404845,335.4662383968296,13.783335199839083
475,11,500.9475826617942,310.6070300438348,94.398772587009,220.95424333729025,15.309375231585559
476,0,298.6157125635196,389.0361963083319,72.68699560701451,217.5321481883285,20.681141189883796
476,1,298.6157125635196,389.0361963083319,35.76246021473309,267.5580564220328,22.852885063807506
476,2,298.6157125635196,389.0361963083319,80.84015691656487,313.415587116989,26.06586254389242
476,3,298.6157125635196,389.0361963083319,39.60255012145434,168.5582392494445,28.267507428847665
476,4,298.6157125635196,389.0361963083319,63.78282867477244,100.05367835487438,26.760334726723368
476,5,298.6157125635196,389.0361963083319,72.9909036662084,92.1598812892428,21.42321295914545
476,6,298.6157125635196,389.0361963083319,49.75568382816029,91.44510001020812,20.887354513929107
476,7,298.6157125635196,389.0361963083319,60.08403905299199,152.18159306254114,15.38813233091997
476,8,298.6157125635196,389.0361963083319,67.41078706010873,233.21999113436996,12.124068826788816
476,9,298.6157125635196,389.0361963083319,45.59795114955057,275.0124287082454,11.224219989480723
476,10,298.6157125635196,389.0361963083319,25.82929581793102,348.2911715361083,13.7758828800555
476,11,298.6157125635196,389.0361963083319,68.1666368917827,238.70586856812375,16.341715632266606
477,0,301.76724928453586,312.0676701462975,53.15092475902186,209.43287988888602,19.118894644909346
477,1,301.76724928453586,312.0676701462975,95.70631352320359,316.38358253206815,23.626120046937455
477,2,301.76724928453586,312.0676701462975,54.86224880229584,282.7288311208454,27.140519221224697
477,3,301.76724928453586,312.0676701462975,52.599257199050385,153.97376691760778,27.781563090273476
477,4,301.76724928453586,312.0676701462975,65.98199348287966,80.20066115270653,26.22305454743599
477,5,301.76724928453586,312.0676701462975,46.216642797248326,79.5239640938927,23.69797817923142
477,6,301.76724928453586,312.0676701462975,70.99065734950673,75.22793441308298,19.43019508732246
477,7,301.76724928453586,312.0676701462975,57.680486960770445,100.485526561713,14.819885728215429
477,8,301.76724928453586,312.0676701462975,32.586399624333126,286.8431202078973,13.368506620054456
477,9,301.76724928453586,312.0676701462975,48.64380183137184,188.36241903938657,11.657743523141043
477,10,301.76724928453586,312.0676701462975,46.46777389933844,250.41331423894073,12.651174580712587
477,11,301.76724928453586,312.0676701462975,72.75861142568512,245.89089512303227,15.534023288782361
478,0,130.45507513630514,313.49415951633756,87.03672601816503,260.36109335503625,20.135508672272437
478,1,130.45507513630514,313.49415951633756,85.24849707552283,291.4579711324349,24.879077865644696
478,2,130.45507513630514,313.49415951633756,26.84640897963392,269.0821071159389,24.764534637142102
478,3,130.45507513630514,313.49415951633756,45.35168226765518,144.4682707262472,28.64869719142698
478,4,130.45507513630514,313.49415951633756,57.87130101073742,122.61719400949838,27.82163015325299
478,5,130.45507513630514,313.49415951633756,78.39880088473248,80.49870662028562,24.082527357272483
478,6,130.45507513630514,313.49415951633756,74.24662460588152,107.76892196923502,19.46934059611594
478,7,130.45507513630514,313.49415951633756,78.47732343931004,110.59666236558539,16.21206217557134
478,8,130.45507513630514,313.49415951633756,75.8670665026714,189.67137675254725,13.65583371743252
478,9,130.45507513630514,313.49415951633756,30.92127650923606,264.62804564833874,11.536206659643769
478,10,130.45507513630514,313.49415951633756,53.57204129132661,264.29514231462025,13.093036435733847
478,11,130.45507513630514,313.49415951633756,75.57282188312676,258.3967038634468,18.553562328896827
479,0,280.0737429638309,263.027760850453,75.70131988391343,280.6265852445425,19.986464298079405
479,1,280.0737429638309,263.027760850453,53.90326152836654,240.3841391742593,23.97821877465076
479,2,280.0737429638309,263.027760850453,85.88622182966162,287.8789757163505,27.345526844386292
479,3,280.0737429638309,263.027760850453,78.96406726214414,131.92204529507384,28.273731855681028
479,4,280.0737429638309,263.027760850453,49.80313559675012,87.3584125751427,25.67857465786644
479,5,280.0737429638309,263.027760850453,58.789605461303026,65.2069691124863,23.850255470369923
479,6,280.0737429638309,263.027760850453,74.44744986843669,88.61929523762993,18.969611533316804
479,7,280.0737429638309,263.027760850453,60.29815716280055,114.04869316078889,17.218854096391418
479,8,280.0737429638309,263.027760850453,49.01447314659204,241.45788335201766,14.493567010892091
479,9,280.0737429638309,263.027760850453,57.65484154977407,340.1937958629999,12.057686191651511
479,10,280.0737429638309,263.027760850453,43.75079035985597,229.17594686878124,12.912509646652767
479,11,280.0737429638309,263.027760850453,62.29232006357728,230.92323658838168,14.816469907819135
480,0,203.23240771387958,259.78696212399007,55.16040791274667,233.34544048589618,21.032344563196464
480,1,203.23240771387958,259.78696212399007,62.27846977042718,202.66498474185525,24.018172897724774
480,2,203.23240771387958,259.78696212399007,69.17490631925206,199.6127913234879,26.856393403487402
480,3,203.23240771387958,259.78696212399007,28.97552218471253,181.99130054235172,28.551394513277092
480,4,203.23240771387958,259.78696212399007,59.431657853868096,111.6978271193352,27.06879109175019
480,5,203.23240771387958,259.78696212399007,76.5084997986245,96.92086495194609,24.96549713153752
480,6,203.23240771387958,259.78696212399007,70.3894505616684,98.36512176613805,19.385040581801913
480,7,203.23240771387958,259.78696212399007,5.579315076051195,141.59927834822756,18.767742931759653
480,8,203.23240771387958,259.78696212399007,60.04975343546223,254.99864711601265,14.574628922753362
480,9,203.23240771387958,259.78696212399007,86.27618681929502,247.26786439251399,11.453023553838744
480,10,203.23240771387958,259.78696212399007,89.91835965040983,322.26582199245615,12.920896640201176
480,11,203.23240771387958,259.78696212399007,40.819754510269476,326.7742779611909,16.139910997687224
481,0,236.66711338503816,183.87173988610743,36.7119160310838,264.5776054105896,19.087150679561457
481,1,236.66711338503816,183.87173988610743,76.60183478323513,288.0689672848953,22.13384605211018
481,2,236.66711338503816,183.87173988610743,46.922823768473286,283.0762848466079,26.216995004774045
481,3,236.66711338503816,183.87173988610743,29.98162101211684,237.44695604286423,29.864133706793883
481,4,236.66711338503816,183.87173988610743,79.05054728213364,131.19257677357697,27.27199620663705
481,5,236.66711338503816,183.87173988610743,52.0589899018716,95.41825448972448,21.25085454858308
481,6,236.66711338503816,183.87173988610743,47.19633551193721,96.48651233380575,20.59587852187331
481,7,236.66711338503816,183.87173988610743,63.193060215679814,108.91570575331241,16.518743284661863
481,8,236.66711338503816,183.87173988610743,48.760232049830265,201.94605390935206,12.562595318241907
481,9,236.66711338503816,183.87173988610743,78.48708448859766,227.18535729664796,12.08214668320151
481,10,236.66711338503816,183.87173988610743,32.09566956741113,264.4476693512689,15.261541494183602
481,11,236.66711338503816,183.87173988610743,45.79815764646004,200.73108255650192,15.498536896816102
482,0,197.75377487194666,449.4486556221447,78.68018404389558,193.7800749763535,20.675146741474524
482,1,197.75377487194666,449.4486556221447,51.835210655052045,246.2874382242425,22.74551680131684
482,2,197.75377487194666,449.4486556221447,31.426703260994717,243.66359767312517,26.23718637425417
482,3,197.75377487194666,449.4486556221447,55.3223465835671,168.12342414937532,27.22632948878077
482,4,197.75377487194666,449.4486556221447,77.3451063495795,120.07809598034629,28.385135889879177
482,5,197.75377487194666,449.4486556221447,104.88054772616304,80.94454651478716,23.48593363681072
482,6,197.75377487194666,449.4486556221447,81.35212007126611,91.88997301589103,19.858048098755855
482,7,197.75377487194666,449.4486556221447,56.94257003121068,136.39675501765058,17.069648697901396
482,8,197.75377487194666,449.4486556221447,52.40682421623611,269.67275687236986,14.967980934243627
482,9,197.75377487194666,449.4486556221447,75.2790032707581,312.224852629658,13.988638608424635
482,10,197.75377487194666,449.4486556221447,101.99250625995873,261.53309520716556,13.228251080659229
482,11,197.75377487194666,449.4486556221447,86.25515723220897,157.29511403551498,15.590025315134115
483,0,333.228305702201,280.4324255511548,84.75312322183211,283.661366633909,20.4065540446913
483,1,333.228305702201,280.4324255511548,74.12028643528039,238.13845986103013,22.59573454166232
483,2,333.228305702201,280.4324255511548,44.165979717931435,283.2639827601968,26.86260693796371
483,3,333.228305702201,280.4324255511548,72.51081585333112,143.92554349479258,27.399020006807714
483,4,333.228305702201,280.4324255511548,60.167584833896626,95.72088127520145,26.71897431117309
483,5,333.228305702201,280.4324255511548,53.84778525125208,81.7028295875341,24.31403625533511
483,6,333.228305702201,280.4324255511548,69.96909089340045,109.42817529790094,19.446986169492284
483,7,333.228305702201,280.4324255511548,87.11908429563002,118.37386173705377,15.223463154223726
483,8,333.228305702201,280.4324255511548,58.753594039571496,196.53818660054822,12.174653204426148
483,9,333.228305702201,280.4324255511548,16.73253312817569,278.34510390423344,12.35166741655136
483,10,333.228305702201,280.4324255511548,82.5401824586746,361.0115050827165,13.260548281477726
483,11,333.228305702201,280.4324255511548,31.53142631573825,261.3642966957249,16.039641319224785
484,0,275.11470330809135,224.47042130788967,36.34531221132733,321.4752960905846,20.653095998300138
484,1,275.11470330809135,224.47042130788967,20.60664570352435,328.0193087994525,23.977017765021177
484,2,275.11470330809135,224.47042130788967,65.79450758767801,309.8592137743488,27.795268180706405
484,3,275.11470330809135,224.47042130788967,38.23089981504886,133.1930586820046,27.267126757367077
484,4,275.11470330809135,224.47042130788967,37.34472457911327,81.8443567445017,26.55052054399891
484,5,275.11470330809135,224.47042130788967,62.481092544284856,97.97802113616885,24.278067830668455
484,6,275.11470330809135,224.47042130788967,42.80236613938702,89.03723844800469,20.868292154373922
484,7,275.11470330809135,224.47042130788967,92.20291108044606,111.34942289179725,15.60812747233125
484,8,275.11470330809135,224.47042130788967,63.578514582692065,171.18702992888257,12.946307702846097
484,9,275.11470330809135,224.47042130788967,73.02520794411939,226.24729659451148,12.111833193089666
484,10,275.11470330809135,224.47042130788967,57.19234128438295,366.5588523174909,12.330917116137146
484,11,275.11470330809135,224.47042130788967,100.28466383923313,212.86832736458365,16.108881982040703
485,0,228.54197897500848,304.432636293017,99.66469523079545,237.33786083265719,20.645988476975575
485,1,228.54197897500848,304.432636293017,18.897757727456572,238.80668262703023,25.80142340011505
485,2,228.54197897500848,304.432636293017,66.84951875284001,242.63222792877707,28.42202603540709
485,3,228.54197897500848,304.432636293017,71.92611502701443,186.161154134904,27.881689112151292
485,4,228.54197897500848,304.432636293017,92.20335771392023,97.01004667605902,27.88940218598336
485,5,228.54197897500848,304.432636293017,82.89436461535081,122.51202022958765,22.61237284341841
485,6,228.54197897500848,304.432636293017,43.872289070046655,86.9208349007685,20.39949904157797
485,7,228.54197897500848,304.432636293017,60.75599285535932,134.53171078131004,15.681309252315698
485,8,228.54197897500848,304.432636293017,51.4055518812017,169.30618971807243,10.91656886495056
485,9,228.54197897500848,304.432636293017,57.31097321019533,261.22710790257474,11.152105004807321
485,10,228.54197897500848,304.432636293017,56.087362660286374,306.29408446013565,13.720884892825874
485,11,228.54197897500848,304.432636293017,58.6835297850972,319.63735846655584,15.883304643550924
486,0,330.9353780963815,283.6596437446955,74.56226287391598,229.76317223979754,18.883857675694895
486,1,330.9353780963815,283.6596437446955,87.91406466913126,207.33817709919555,24.904995350037503
486,2,330.9353780963815,283.6596437446955,82.25558281073711,244.1964005240589,26.3257639389965
486,3,330.9353780963815,283.6596437446955,56.80202038661908,187.09689386008614,28.085916719708198
486,4,330.9353780963815,283.6596437446955,36.35393832407203,109.41670941429594,27.870047086373674
486,5,330.9353780963815,283.6596437446955,57.306313457035124,52.475249599969125,24.517158390890636
486,6,330.9353780963815,283.6596437446955,28.6840201731682,90.74223795774083,20.011367887132906
486,7,330.9353780963815,283.6596437446955,37.873416328017825,113.7749277374592,15.002399373076685
486,8,330.9353780963815,283.6596437446955,44.450930317985424,206.75029263327275,12.47034968084779
486,9,330.9353780963815,283.6596437446955,26.506266032351817,297.5665497425736,14.29596774092999
486,10,330.9353780963815,283.6596437446955,68.02079455588878,296.2843732514252,12.73332176868795
486,11,330.9353780963815,283.6596437446955,48.65204516092887,274.97667768068254,16.59700037548154
487,0,144.65595751070146,392.88600134298815,48.599566678471604,230.14325150153752,20.08861990553696
487,1,144.65595751070146,392.88600134298815,77.85861954132184,225.0287446978444,24.51831549588026
487,2,144.65595751070146,392.88600134298815,49.03481420126208,294.64245687283346,27.394598280970122
487,3,144.65595751070146,392.88600134298815,60.10031081155333,187.6045716984098,29.883077802508037
487,4,144.65595751070146,392.88600134298815,66.35448654320521,93.7846668331377,27.4915630136537
487,5,144.65595751070146,392.88600134298815,81.80123512846768,72.6362985508649,24.078663728892035
487,6,144.65595751070146,392.88600134298815,57.28789881204094,91.73449347008771,18.750318179739686
487,7,144.65595751070146,392.88600134298815,35.215492530704374,122.0674719413864,16.064296262040603
487,8,144.65595751070146,392.88600134298815,66.28380226024638,161.89616025042267,13.45099410612769
487,9,144.65595751070146,392.88600134298815,70.63307184618901,240.34918345180662,12.886820761462783
487,10,144.65595751070146,392.88600134298815,44.021305675098645,280.6611354340235,12.682845784037598
487,11,144.65595751070146,392.88600134298815,50.450037269842156,218.1654651728445,16.520333003378042
488,0,184.30042068497343,331.6643754433059,83.27619288516851,222.85358395120244,20.20752231524848
488,1,184.30042068497343,331.6643754433059,89.31393334308362,358.82674799119445,22.3791203413199
488,2,184.30042068497343,331.6643754433059,84.2794007498004,268.5812694611884,26.177415169681485
488,3,184.30042068497343,331.6643754433059,93.05395785962992,195.04040528750784,27.448862512487114
488,4,184.30042068497343,331.6643754433059,64.1683000104934,93.25518502054436,27.00215456971792
488,5,184.30042068497343,331.6643754433059,50.953343203124305,82.86148281885322,25.09181129774023
488,6,184.30042068497343,331.6643754433059,45.52118017684032,86.73660802104943,20.164368427415457
488,7,184.30042068497343,331.6643754433059,66.16314303479611,135.19749201556616,15.265695390711604
488,8,184.30042068497343,331.6643754433059,66.38364162130912,192.58478250474678,11.49856668111469
488,9,184.30042068497343,331.6643754433059,68.28977792739614,290.7366090635928,13.187729514407142
488,10,184.30042068497343,331.6643754433059,22.568817609452964,307.08918629880145,13.21343608146138
488,11,184.30042068497343,331.6643754433059,74.70411696617515,281.35508925120195,15.81772210559613
489,0,257.6568149243716,212.90578142939557,42.075906402216084,222.85470466967848,19.441805426492362
489,1,257.6568149243716,212.90578142939557,54.57599746449989,274.77648940973626,24.31691820717685
489,2,257.6568149243716,212.90578142939557,77.62300311057388,308.5114787070331,27.511361613620405
489,3,257.6568149243716,212.90578142939557,54.35065895845588,152.96368233341283,28.725068919768677
489,4,257.6568149243716,212.90578142939557,37.73155524085091,116.01435567249187,24.88294063537585
489,5,257.6568149243716,212.90578142939557,36.7095883863744,87.36561804879751,25.439213425899997
489,6,257.6568149243716,212.90578142939557,69.40227379462823,83.79052668170013,20.833089669109622
489,7,257.6568149243716,212.90578142939557,82.79388885237823,163.21975005195338,14.864815235019364
489,8,257.6568149243716,212.90578142939557,38.42838529884503,219.97559988814982,12.05251114516225
489,9,257.6568149243716,212.90578142939557,81.77678122449163,158.55340145208513,12.511860734000077
489,10,257.6568149243716,212.90578142939557,74.2204824700186,339.31924162742826,12.644390549811927
489,11,257.6568149243716,212.90578142939557,44.743347085673484,202.0379154903527,15.414603728452024
490,0,146.6015620581867,258.1189814143932,50.71992668313153,255.71602715210201,20.91694196089612
490,1,146.6015620581867,258.1189814143932,62.91240142419264,261.65322220610364,24.100725777699093
490,2,146.6015620581867,258.1189814143932,92.1498124561952,295.73148641795115,26.750273494297833
490,3,146.6015620581867,258.1189814143932,83.33179511712001,167.5802253257269,29.648991965674952
490,4,146.6015620581867,258.1189814143932,78.46278186042817,75.93039213897865,26.8666581025992
490,5,146.6015620581867,258.1189814143932,75.5685152880359,101.59663489778788,23.553583841383375
490,6,146.6015620581867,258.1189814143932,35.453535085478784,112.83066122070686,21.661908079689823
490,7,146.6015620581867,258.1189814143932,56.36283679558022,141.8687182863114,16.385830187101877
490,8,146.6015620581867,258.1189814143932,55.12937854632039,212.4457194739911,14.244600791839849
490,9,146.6015620581867,258.1189814143932,47.04382957039175,242.73699736670667,10.343039162175943
490,10,146.6015620581867,258.1189814143932,31.568358774371355,248.87561709524297,13.033859648378446
490,11,146.6015620581867,258.1189814143932,76.67455926166976,298.75766218558493,15.146592905638366
491,0,205.89900025069616,228.80737787839837,56.31033710261886,321.03601910217463,21.911955696814335
491,1,205.89900025069616,228.80737787839837,52.54712877388254,239.71863793914997,24.626544466675004
491,2,205.89900025069616,228.80737787839837,60.502025128629064,269.27656810392455,26.93646347842495
491,3,205.89900025069616,228.80737787839837,58.88321077318387,233.57015406539054,29.77192925561576
491,4,205.89900025069616,228.80737787839837,65.05186187254388,111.90252665310697,28.439238257169865
491,5,205.89900025069616,228.80737787839837,54.32444137878076,84.40429259208886,25.039901139433994
491,6,205.89900025069616,228.80737787839837,54.4825400739089,90.08618994965123,20.664551258015496
491,7,205.89900025069616,228.80737787839837,45.801798903557554,126.78798077284945,16.5605091076711
491,8,205.89900025069616,228.80737787839837,63.40987295973461,213.47280819315912,12.503795093084085
491,9,205.89900025069616,228.80737787839837,41.019955301525066,262.9093773734096,11.858713486468256
491,10,205.89900025069616,228.80737787839837,41.54722524080937,282.68082915612683,11.992586849217398
491,11,205.89900025069616,228.80737787839837,118.55882525801073,234.05638696125098,15.437178217030176
492,0,230.90428533482716,285.15801585188296,41.81414227000457,264.8293516762817,19.44644097767148
492,1,230.90428533482716,285.15801585188296,57.84657939145237,339.0084196927118,22.642397374528834
492,2,230.90428533482716,285.15801585188296,55.96309786979957,289.62781227518417,26.533615841435036
492,3,230.90428533482716,285.15801585188296,60.27331656617961,199.9762100359172,28.225685162110945
492,4,230.90428533482716,285.15801585188296,55.604491037621585,123.9804579213209,26.23538859906428
492,5,230.90428533482716,285.15801585188296,60.586305168233615,86.8028531187558,25.538580459029298
492,6,230.90428533482716,285.15801585188296,17.06954862431906,118.04048294257916,18.93051223491915
492,7,230.90428533482716,285.15801585188296,64.3969973700435,136.67908034281152,14.614657209870751
492,8,230.90428533482716,285.15801585188296,56.459139093923234,175.91954435813625,12.72499916793228
492,9,230.90428533482716,285.15801585188296,61.40388172220084,182.79165082262384,10.375242674346385
492,10,230.90428533482716,285.15801585188296,29.255714323486902,298.51430240634056,13.589246460149322
492,11,230.90428533482716,285.15801585188296,37.64019024811998,346.2891740252837,17.02374290941803
493,0,166.68441607096995,175.3789777327793,70.57844268649225,251.7068946062795,20.902646969072745
493,1,166.68441607096995,175.3789777327793,63.02861996372583,211.9610660035101,25.039643752867192
493,2,166.68441607096995,175.3789777327793,71.67937749578898,309.83314196731124,25.55732764016942
493,3,166.68441607096995,175.3789777327793,42.34410311289872,161.83381298383037,28.756893168339182
493,4,166.68441607096995,175.3789777327793,78.21838713683816,104.16811303113485,26.927430490983745
493,5,166.68441607096995,175.3789777327793,63.03743949851512,79.80945519183476,23.491628848768404
493,6,166.68441607096995,175.3789777327793,66.9189255767866,114.03135693669113,20.118768039377105
493,7,166.68441607096995,175.3789777327793,53.72458702750137,135.4784658365909,15.362970796708492
493,8,166.68441607096995,175.3789777327793,51.56543669338495,177.1664280682912,11.731572842177767
493,9,166.68441607096995,175.3789777327793,56.99682565678703,201.93912136299923,13.05009838088091
493,10,166.68441607096995,175.3789777327793,75.03474684812537,261.0849120717128,12.317298748835695
493,11,166.68441607096995,175.3789777327793,60.85417709702376,235.9357620431004,16.048677419349968
494,0,295.9408204196879,435.20553207505986,26.85078210085021,238.1195791762083,19.12960637007823
494,1,295.9408204196879,435.20553207505986,34.28320149145472,229.16834331489522,23.19843215286259
494,2,295.9408204196879,435.20553207505986,71.10919614412353,187.92670818224684,27.80344982066145
494,3,295.9408204196879,435.20553207505986,58.51389949579995,179.53093958524363,27.920094290291296
494,4,295.9408204196879,435.20553207505986,62.77855123326913,94.35444238775135,27.477907186351967
494,5,295.9408204196879,435.20553207505986,22.277944917399324,95.565336221714,22.75275679666161
494,6,295.9408204196879,435.20553207505986,60.84599598290826,121.50192162788458,19.856286508964445
494,7,295.9408204196879,435.20553207505986,47.73626689291062,136.8386661064833,16.66764769615388
494,8,295.9408204196879,435.20553207505986,62.91234996408922,181.648941031136,10.43776690532574
494,9,295.9408204196879,435.20553207505986,47.92482133738,296.91272759302814,11.302911750465887
494,10,295.9408204196879,435.20553207505986,48.10982354726036,254.25214223587952,13.85717521487131
494,11,295.9408204196879,435.20553207505986,33.263620514398056,272.21455854681005,14.99096796060088
495,0,212.9254917641289,330.1075361179989,37.320364978166864,145.7893774835138,20.465572362395847
495,1,212.9254917641289,330.1075361179989,71.90138103848324,217.55473004645424,23.068682021576553
495,2,212.9254917641289,330.1075361179989,68.8913654190943,216.288681151255,25.970226066503134
495,3,212.9254917641289,330.1075361179989,77.36525150048666,189.24861142666623,28.708649350984853
495,4,212.9254917641289,330.1075361179989,89.66775133793996,111.149703324643,26.493210345058564
495,5,212.9254917641289,330.1075361179989,41.69933590853977,98.31110844203836,24.3341674592672
495,6,212.9254917641289,330.1075361179989,104.78690392933305,102.88408759006435,20.527501879150346
495,7,212.9254917641289,330.1075361179989,71.73846397193373,152.5241633300761,16.735317859012063
495,8,212.9254917641289,330.1075361179989,70.74878542113552,180.71090765099078,11.701915933591145
495,9,212.9254917641289,330.1075361179989,46.464877673874405,263.88304561154564,13.333369651110113
495,10,212.9254917641289,330.1075361179989,72.65089649229421,321.9575761700685,11.963548134648764
495,11,212.9254917641289,330.1075361179989,110.89048628793896,268.9160754719055,14.667766247862474
496,0,204.2993780664104,314.91150891034636,41.21406856541311,310.0285922777292,21.157717803780894
496,1,204.2993780664104,314.91150891034636,58.88779854870779,324.16545862110746,24.76039951770246
496,2,204.2993780664104,314.91150891034636,29.56937454344643,254.81613604899522,29.56021192596425
496,3,204.2993780664104,314.91150891034636,63.527504617431745,193.53647782171123,27.472970881511852
496,4,204.2993780664104,314.91150891034636,68.13899459127232,101.0079244559083,27.201792224324077
496,5,204.2993780664104,314.91150891034636,45.830153825760355,83.48495297626154,23.929637399417377
496,6,204.2993780664104,314.91150891034636,73.5169617483132,82.12702917524297,20.287010535878053
496,7,204.2993780664104,314.91150891034636,50.96319832810131,107.54844487858193,14.217779186099845
496,8,204.2993780664104,314.91150891034636,74.3137347018563,161.24054035173413,12.803003521907666
496,9,204.2993780664104,314.91150891034636,45.88061839328257,289.9755398125166,11.255144159470174
496,10,204.2993780664104,314.91150891034636,63.692817438822274,324.39499789215944,13.587543567256967
496,11,204.2993780664104,314.91150891034636,67.89067224017057,296.1577881554284,15.629540675583854
497,0,178.7748491337062,322.1308468188585,48.121378090424464,238.2602536371815,20.60671270628678
497,1,178.7748491337062,322.1308468188585,55.043837054391204,272.2498713041757,23.35305433782759
497,2,178.7748491337062,322.1308468188585,68.71103519589654,208.62015745943862,26.39059396788321
497,3,178.7748491337062,322.1308468188585,85.1719081362221,185.98448059680598,29.465274442787383
497,4,178.7748491337062,322.1308468188585,46.147942227085075,110.1760159987875,25.877613835259403
497,5,178.7748491337062,322.1308468188585,43.056629904238235,78.39449123254408,24.091398875159964
497,6,178.7748491337062,322.1308468188585,62.71792864595624,82.49204217314056,20.82612506654142
497,7,178.7748491337062,322.1308468188585,52.404201331293244,124.99894700711083,15.853329551648443
497,8,178.7748491337062,322.1308468188585,51.779735769384615,158.22697705571514,13.16112396699165
497,9,178.7748491337062,322.1308468188585,37.904248597326706,211.6378634147499,11.978030419032123
497,10,178.7748491337062,322.1308468188585,46.430566064307925,291.8481278718343,12.967498537723019
497,11,178.7748491337062,322.1308468188585,49.75082980316323,274.4185155565654,14.613992117353964
498,0,169.64228383781293,349.4774051319635,101.52412183953652,278.31689968286014,20.86771188555156
498,1,169.64228383781293,349.4774051319635,65.62343348342742,250.81325147502054,24.28493467475787
498,2,169.64228383781293,349.4774051319635,59.755637375844636,274.9644821733658,26.74787372169432
498,3,169.64228383781293,349.4774051319635,86.06385599579546,167.8423963795094,28.144427734697388
498,4,169.64228383781293,349.4774051319635,50.976205059089516,103.75328301618379,28.568348707797856
498,5,169.64228383781293,349.4774051319635,33.131285808550544,86.8779840463065,25.415432544069763
498,6,169.64228383781293,349.4774051319635,90.91051987439363,84.70328380902187,18.982697493845485
498,7,169.64228383781293,349.4774051319635,77.07469839087226,123.61082262553357,15.640012761749848
498,8,169.64228383781293,349.4774051319635,22.287666004689292,220.18290686055423,11.331196094144683
498,9,169.64228383781293,349.4774051319635,93.20657260112337,294.39354129587076,10.611296862056482
498,10,169.64228383781293,349.4774051319635,47.74541433520797,328.12961762072325,13.876128490566725
498,11,169.64228383781293,349.4774051319635,94.5252864168186,256.15902339461474,16.359982390482195
499,0,172.73866196281384,233.55893572446863,73.49661242160835,309.73959916351566,21.025825765412623
499,1,172.73866196281384,233.55893572446863,66.06720130795468,301.171103979018,25.02679149551536
499,2,172.73866196281384,233.55893572446863,62.031976828416276,258.1633445377554,27.581385758797982
499,3,172.73866196281384,233.55893572446863,78.74530043620169,166.97250672902564,29.425248141380436
499,4,172.73866196281384,233.55893572446863,86.93458115655241,100.7692896952054,26.389685247496228
499,5,172.73866196281384,233.55893572446863,36.893748428218295,85.59240995287685,23.648261900539648
499,6,172.73866196281384,233.55893572446863,85.75261627970028,94.34855156992752,20.227674476015768
499,7,172.73866196281384,233.55893572446863,46.29318170104786,116.7393869949436,15.91298241751532
499,8,172.73866196281384,233.55893572446863,21.881083626235814,169.30809269744432,13.542538339708567
499,9,172.73866196281384,233.55893572446863,36.85492971064886,196.2923760593831,10.491847985678444
499,10,172.73866196281384,233.55893572446863,60.47813220506286,271.8417350554882,14.583105434875888
499,11,172.73866196281384,233.55893572446863,63.04996739026558,237.91185501660902,14.384004217730203
