anio,mes,precipitacion_anual_mm,fusion_anual_mm,afluente_m3s,demanda_hm3,temperatura_c
0,0,287.92700607088335,536.731322376475,93.90714068715555,240.97421337874715,20.30047849277771
0,1,287.92700607088335,536.731322376475,138.7234757888154,268.5812214581064,23.58087743082124
0,2,287.92700607088335,536.731322376475,133.30249197870467,237.64807398121852,27.915766639459324
0,3,287.92700607088335,536.731322376475,57.17132642968822,183.82370930946374,29.07877039458127
0,4,287.92700607088335,536.731322376475,75.93037640568855,102.8198190808917,27.08351323718793
0,5,287.92700607088335,536.731322376475,81.18932775292652,91.83292331853335,23.646987344024915
0,6,287.92700607088335,536.731322376475,34.99986332367852,85.12790457729923,19.46783280716952
0,7,287.92700607088335,536.731322376475,71.66113675798385,57.5990734311703,16.572397559269888
0,8,287.92700607088335,536.731322376475,89.3156131437239,164.14929661029845,12.798537697085715
0,9,287.92700607088335,536.731322376475,105.23536014206891,285.45961409695576,12.080084137086489
0,10,287.92700607088335,536.731322376475,85.12236513298662,304.7118620856002,13.72958715829347
0,11,287.92700607088335,536.731322376475,47.10019601732437,264.3208665907157,15.544548141888532
1,0,474.12688932398186,590.1803283997135,82.92787848580453,308.68875747278815,20.36357203158722
1,1,474.12688932398186,590.1803283997135,66.64967535139982,265.2267171077199,25.617546193255173
1,2,474.12688932398186,590.1803283997135,118.70696149410503,261.37764917319095,26.69551548427218
1,3,474.12688932398186,590.1803283997135,116.28229027898482,189.10380290322962,27.52091935635448
1,4,474.12688932398186,590.1803283997135,75.59975933118679,100.24630642506425,27.478271623367682
1,5,474.12688932398186,590.1803283997135,129.26792074987674,84.87430407875746,23.669990107946468
1,6,474.12688932398186,590.1803283997135,80.70261607356558,48.6871322666175,19.23883586609111
1,7,474.12688932398186,590.1803283997135,99.77291169902037,123.49668944144975,16.320449291332903
1,8,474.12688932398186,590.1803283997135,133.79324059974095,202.8227680117674,14.123934238362239
1,9,474.12688932398186,590.1803283997135,111.39883590069513,215.15864029283344,11.896635090447267
1,10,474.12688932398186,590.1803283997135,84.48718436888728,336.76144156901864,14.296507964886407
1,11,474.12688932398186,590.1803283997135,96.14963896129541,224.20582697817915,16.12573614656313
2,0,304.0293890690624,594.0932978908608,171.47185397658245,218.3880488645385,19.12582820061517
2,1,304.0293890690624,594.0932978908608,85.06528745276701,292.62629929445546,24.65130232587661
2,2,304.0293890690624,594.0932978908608,103.3705505237477,215.4366898083597,25.095649823675817
2,3,304.0293890690624,594.0932978908608,60.64028857525783,149.67961830583764,28.196295185478082
2,4,304.0293890690624,594.0932978908608,108.418593753818,95.08831195252392,26.47741425445058
2,5,304.0293890690624,594.0932978908608,78.68564613321142,93.2356760559272,23.62712557442758
2,6,304.0293890690624,594.0932978908608,117.62327056821775,110.11506454416697,19.550011901677856
2,7,304.0293890690624,594.0932978908608,66.73836056400742,116.74739537830426,14.032250508592064
2,8,304.0293890690624,594.0932978908608,111.70430073691381,221.1449337487459,12.941261555759445
2,9,304.0293890690624,594.0932978908608,93.74745280195279,211.36519843078057,11.602528122297693
2,10,304.0293890690624,594.0932978908608,102.37361645518958,266.274059192014,12.203443074815375
2,11,304.0293890690624,594.0932978908608,107.43542620791146,215.08191954212435,14.267190286645874
3,0,465.25877756027614,640.496989275222,115.66156332513812,224.1490755288085,22.097664759522083
3,1,465.25877756027614,640.496989275222,66.39660501839204,302.0904176357144,24.726982185995418
3,2,465.25877756027614,640.496989275222,36.32420669518621,233.6198969443514,26.855719129956807
3,3,465.25877756027614,640.496989275222,88.47510582604198,190.26394873829463,28.911270817541748
3,4,465.25877756027614,640.496989275222,113.38688347077019,93.11234288428012,27.44748183333042
3,5,465.25877756027614,640.496989275222,58.52187398247031,103.7829118200378,23.61378943321082
3,6,465.25877756027614,640.496989275222,123.79748813686943,91.44578982007495,21.76117752894742
3,7,465.25877756027614,640.496989275222,65.31237244740933,116.47364598855012,15.79179201908964
3,8,465.25877756027614,640.496989275222,96.61315234199954,196.5908881793011,13.833083258853867
3,9,465.25877756027614,640.496989275222,93.01126581028,238.67489753481146,12.275799172091059
3,10,465.25877756027614,640.496989275222,94.53195024975734,264.8474356422232,12.49134989447291
3,11,465.25877756027614,640.496989275222,133.33181430877383,300.72609875924354,15.159937642852269
4,0,470.1154742519101,527.2131295650452,57.40858651498526,189.92532136984872,17.844920124289306
4,1,470.1154742519101,527.2131295650452,63.62790476895042,304.4093989048875,24.209281213158537
4,2,470.1154742519101,527.2131295650452,77.56328271375853,223.09008227411766,27.620347677618017
4,3,470.1154742519101,527.2131295650452,98.85810438815905,142.23789227991153,26.333405491087127
4,4,470.1154742519101,527.2131295650452,65.87143128785488,104.43281434077659,26.97705007845343
4,5,470.1154742519101,527.2131295650452,130.9765910746403,95.08855139307039,24.362879003398998
4,6,470.1154742519101,527.2131295650452,92.54887216020526,97.88524049985925,19.802369058005578
4,7,470.1154742519101,527.2131295650452,89.9756303347197,82.73821592299029,14.752934885272522
4,8,470.1154742519101,527.2131295650452,78.02571010157487,202.951071744344,13.956558171254999
4,9,470.1154742519101,527.2131295650452,119.15754889851102,266.59984768838535,10.716263868971172
4,10,470.1154742519101,527.2131295650452,132.8024549864918,274.2839211775367,14.797178616608035
4,11,470.1154742519101,527.2131295650452,17.962394012072664,258.17169705357105,14.776110772754159
5,0,658.1792870666014,388.54270391781563,106.85233511810054,282.2218986066081,20.276526802053755
5,1,658.1792870666014,388.54270391781563,58.64457332773639,214.6019725647284,23.435919998518315
5,2,658.1792870666014,388.54270391781563,103.13886052552387,339.9317536505126,25.669002795196675
5,3,658.1792870666014,388.54270391781563,96.55878062068722,125.04557523055185,29.98004260896881
5,4,658.1792870666014,388.54270391781563,99.97231913211772,85.18227612653712,25.513513832939978
5,5,658.1792870666014,388.54270391781563,87.70683940620344,95.18595259158131,23.645830702468423
5,6,658.1792870666014,388.54270391781563,77.42252476191989,117.30205684197614,21.40742063128885
5,7,658.1792870666014,388.54270391781563,114.7355719880336,118.85327838313182,15.985884061888948
5,8,658.1792870666014,388.54270391781563,62.90050713570787,184.15838914302003,13.564159478946616
5,9,658.1792870666014,388.54270391781563,134.09460577389603,286.4074717535117,12.955444148667333
5,10,658.1792870666014,388.54270391781563,112.84920447901897,326.1083996951095,14.48539065996939
5,11,658.1792870666014,388.54270391781563,52.64014690353509,235.40636646572432,17.949132608012658
6,0,396.35694656764014,377.036786196859,42.27000959720909,252.75707033084294,19.329253514642673
6,1,396.35694656764014,377.036786196859,139.4280717417984,291.55493161543365,23.261987040448904
6,2,396.35694656764014,377.036786196859,87.41354758513123,234.808644069187,26.582887655033314
6,3,396.35694656764014,377.036786196859,59.31658860507168,189.91373875141485,28.77696859480705
6,4,396.35694656764014,377.036786196859,118.46314293477569,76.75208332332363,28.11493810740864
6,5,396.35694656764014,377.036786196859,94.1141334347325,89.10984658552847,23.37915430745423
6,6,396.35694656764014,377.036786196859,105.28377821402728,88.03058063904405,22.08656564231685
6,7,396.35694656764014,377.036786196859,91.28207158650824,120.75822461283684,14.992522296210083
6,8,396.35694656764014,377.036786196859,93.88251669507302,244.52893926049617,11.812615251273138
6,9,396.35694656764014,377.036786196859,109.16651093287169,231.10605328196428,11.453636159448816
6,10,396.35694656764014,377.036786196859,115.92213287969017,241.09724783831174,13.576700974415846
6,11,396.35694656764014,377.036786196859,33.472318112509,219.09370139433204,15.504212597945768
7,0,273.6276749911618,572.2284822940488,87.91886459071321,222.82309126924847,21.436608825440345
7,1,273.6276749911618,572.2284822940488,111.69928571340344,217.70236399776488,23.58028674475639
7,2,273.6276749911618,572.2284822940488,121.54221873955422,218.7898601223042,28.347794151850632
7,3,273.6276749911618,572.2284822940488,80.2791420019356,124.47822280452036,30.405744089145504
7,4,273.6276749911618,572.2284822940488,88.077532079687,111.98810306312579,28.668589324025294
7,5,273.6276749911618,572.2284822940488,66.90932615777433,94.62775215655917,25.319763394945035
7,6,273.6276749911618,572.2284822940488,39.06159782231898,85.05726990264024,19.928759948727354
7,7,273.6276749911618,572.2284822940488,73.64687593221458,154.19248044228533,16.867381533755815
7,8,273.6276749911618,572.2284822940488,105.86618297414476,186.77812420318617,14.21024164419247
7,9,273.6276749911618,572.2284822940488,87.66947868252805,259.78556287658745,12.322648256617578
7,10,273.6276749911618,572.2284822940488,123.84080210192407,372.3238761218752,13.518581916837011
7,11,273.6276749911618,572.2284822940488,72.66272854868905,229.62831508824777,17.10687821926269
8,0,327.3573103522055,732.0706362059406,103.54848064006305,328.6254511790263,19.770640150274104
8,1,327.3573103522055,732.0706362059406,84.29049320624428,233.57635355278973,23.710266098042453
8,2,327.3573103522055,732.0706362059406,101.97398490192671,308.95513775690284,26.689982317052397
8,3,327.3573103522055,732.0706362059406,67.50493310955973,165.0058848985051,27.745708269568595
8,4,327.3573103522055,732.0706362059406,85.57118917639379,85.85314375765061,27.34192430407188
8,5,327.3573103522055,732.0706362059406,87.70454028939747,85.31119578151095,23.85374534287875
8,6,327.3573103522055,732.0706362059406,96.54818281866895,76.436541934857,19.966638550026616
8,7,327.3573103522055,732.0706362059406,146.95164316661595,80.57445916031186,15.222871698731455
8,8,327.3573103522055,732.0706362059406,52.803971616705894,236.47641406433672,13.115996806996089
8,9,327.3573103522055,732.0706362059406,115.35877635315077,214.94561244209936,11.439567778324804
8,10,327.3573103522055,732.0706362059406,69.64465440714423,262.63339856015494,14.417246463606107
8,11,327.3573103522055,732.0706362059406,92.9337540757326,190.07733793775517,13.906478574576346
9,0,440.5481409029603,732.2640322118358,81.85479629522786,223.58204848267135,19.93676002807185
9,1,440.5481409029603,732.2640322118358,89.51225435924641,284.12201307994394,23.95938660925631
9,2,440.5481409029603,732.2640322118358,135.17236671756476,263.0825149596072,27.035417050856662
9,3,440.5481409029603,732.2640322118358,81.2998461722118,227.10687580151722,27.88499255543103
9,4,440.5481409029603,732.2640322118358,142.1369472792593,94.44516684541586,27.570654503907882
9,5,440.5481409029603,732.2640322118358,57.63656185996771,99.2239966462121,24.570753601079442
9,6,440.5481409029603,732.2640322118358,92.02976555162417,108.14602009814766,19.250205852676118
9,7,440.5481409029603,732.2640322118358,78.2947604503396,97.17659840421639,16.30885172899236
9,8,440.5481409029603,732.2640322118358,55.94554355151442,226.96782419376564,12.58502101109727
9,9,440.5481409029603,732.2640322118358,100.45789051201949,246.96709817329983,12.65788400493534
9,10,440.5481409029603,732.2640322118358,70.70573735816566,331.1649748461203,12.794585760089728
9,11,440.5481409029603,732.2640322118358,113.76336752797849,229.11548893405157,15.139785912363378
10,0,301.43786253861504,657.03980919699,66.47574634395602,244.7854765988288,18.92268806084826
10,1,301.43786253861504,657.03980919699,97.08186027398303,263.6038380463903,23.12207114579963
10,2,301.43786253861504,657.03980919699,97.41023565461792,302.447029618844,28.084307674328315
10,3,301.43786253861504,657.03980919699,143.254435320132,195.09482499754512,29.610252517088504
10,4,301.43786253861504,657.03980919699,102.95674485299111,106.47416470361333,26.072612803651108
10,5,301.43786253861504,657.03980919699,72.09897035902341,93.51028802953527,23.712223375854318
10,6,301.43786253861504,657.03980919699,41.31288322599291,102.33122479798098,19.376060368870547
10,7,301.43786253861504,657.03980919699,86.18423088695144,111.1312878342234,16.025699913840906
10,8,301.43786253861504,657.03980919699,125.95855091577175,195.18322008774734,12.257808087283335
10,9,301.43786253861504,657.03980919699,106.47256343178148,170.9735756190457,12.478746235077816
10,10,301.43786253861504,657.03980919699,66.9010742193192,237.14498930460547,14.390665719167401
10,11,301.43786253861504,657.03980919699,94.0793908197409,273.6108968434412,15.138020175593315
11,0,369.2412629912545,721.4603633580664,106.64943579193192,231.68895038641082,21.752758080320895
11,1,369.2412629912545,721.4603633580664,82.2286114228894,293.67116066123316,24.035550599012343
11,2,369.2412629912545,721.4603633580664,91.74307697033076,339.11769799526064,28.499335563495418
11,3,369.2412629912545,721.4603633580664,86.84560476647427,130.7100869152523,27.8623151977463
11,4,369.2412629912545,721.4603633580664,92.61015298851274,85.1195005215495,26.368895536931632
11,5,369.2412629912545,721.4603633580664,119.71422766022727,97.72513859713406,24.388398545448677
11,6,369.2412629912545,721.4603633580664,16.913492013278272,107.8072594490107,19.715281518830217
11,7,369.2412629912545,721.4603633580664,9.872956414043017,143.56771583773528,15.04073484586059
11,8,369.2412629912545,721.4603633580664,121.41615847084992,167.47779359838796,14.721288878594004
11,9,369.2412629912545,721.4603633580664,77.12589820156802,265.6104294120892,12.960456674920358
11,10,369.2412629912545,721.4603633580664,123.58710213358324,294.9970373294327,11.449752468652298
11,11,369.2412629912545,721.4603633580664,134.34252480779662,260.2044083300059,15.850581542098402
12,0,561.533859761554,601.8389385222482,76.7975398136596,258.77248945694373,20.451773800148235
12,1,561.533859761554,601.8389385222482,84.18298187638543,304.6536547026407,22.99470167218276
12,2,561.533859761554,601.8389385222482,121.77820426030515,221.00998022894268,27.301727800666207
12,3,561.533859761554,601.8389385222482,122.56187846188121,152.96624227235768,28.815869817292267
12,4,561.533859761554,601.8389385222482,100.80527357593913,107.90220164901787,27.720250531770077
12,5,561.533859761554,601.8389385222482,114.03899323515645,93.80741246418108,25.231494701164973
12,6,561.533859761554,601.8389385222482,80.5956754334188,75.08922306087415,20.728722288764455
12,7,561.533859761554,601.8389385222482,102.77731556664914,123.93155653356268,15.905126319691007
12,8,561.533859761554,601.8389385222482,77.52099187381587,163.95399725556328,12.072577374001826
12,9,561.533859761554,601.8389385222482,112.66788769678129,149.07337061200158,13.198132943396574
12,10,561.533859761554,601.8389385222482,68.88491227562145,320.669442273978,14.651757887028566
12,11,561.533859761554,601.8389385222482,89.80162157365876,235.67800888104713,14.59617647248352
13,0,586.8905350741012,586.0056169812584,97.13885524278093,235.33106939952998,19.157737005580298
13,1,586.8905350741012,586.0056169812584,21.959963668996508,325.12229110327536,26.52434968690195
13,2,586.8905350741012,586.0056169812584,136.1542986533424,294.97892964489284,25.883097137536353
13,3,586.8905350741012,586.0056169812584,41.59285120300273,198.88915736907137,27.730614862835584
13,4,586.8905350741012,586.0056169812584,80.57173739891617,105.24998269948385,27.704057559571748
13,5,586.8905350741012,586.0056169812584,77.75808600071457,101.70221440628855,25.163325709250046
13,6,586.8905350741012,586.0056169812584,85.170520434095,128.42697912591882,19.35023947570329
13,7,586.8905350741012,586.0056169812584,28.58913345770413,113.89759832249865,14.987581364239468
13,8,586.8905350741012,586.0056169812584,108.96806213913908,161.10302581068922,13.557719425637433
13,9,586.8905350741012,586.0056169812584,100.81909928160997,252.80292703419676,10.541283066537865
13,10,586.8905350741012,586.0056169812584,97.03909218960233,323.6445610492787,12.164981142235648
13,11,586.8905350741012,586.0056169812584,103.33292110505204,236.65743831767682,15.47466014039035
14,0,419.1419488182701,665.8157748712663,128.90207800679036,232.88808754984984,19.78749915341042
14,1,419.1419488182701,665.8157748712663,81.70721325883267,346.9840467742773,23.7889250553252
14,2,419.1419488182701,665.8157748712663,71.2789746357539,249.88828693006946,26.560611987446716
14,3,419.1419488182701,665.8157748712663,117.65950762757885,179.5753949065902,28.510187764683277
14,4,419.1419488182701,665.8157748712663,56.67645769222109,100.90205073945214,27.282670646877904
14,5,419.1419488182701,665.8157748712663,78.44540668107952,111.80616656114157,23.40270670762727
14,6,419.1419488182701,665.8157748712663,62.629313163208124,86.43337303520217,18.401437751234944
14,7,419.1419488182701,665.8157748712663,123.74477456816001,132.49104617527237,17.15374784389034
14,8,419.1419488182701,665.8157748712663,88.21126703114687,208.84260116227256,12.873092041709283
14,9,419.1419488182701,665.8157748712663,119.97386949317766,270.86831172082,11.945507120396723
14,10,419.1419488182701,665.8157748712663,107.57565259761695,293.8424420694212,13.514425771834492
14,11,419.1419488182701,665.8157748712663,59.07959458959243,367.4173248124288,14.854911556401634
15,0,392.80754304787837,768.5017887524907,87.62916853286994,217.5111867905779,19.74915666739891
15,1,392.80754304787837,768.5017887524907,59.71545160982545,253.68623652287707,23.16139569385276
15,2,392.80754304787837,768.5017887524907,35.522451121444305,325.2718063521363,25.6171431859815
15,3,392.80754304787837,768.5017887524907,90.3915029308099,166.25412718390734,27.60211001786031
15,4,392.80754304787837,768.5017887524907,58.39305219368385,113.9629985252841,26.687261575832483
15,5,392.80754304787837,768.5017887524907,85.92065443040846,47.66285763644311,23.371976547157665
15,6,392.80754304787837,768.5017887524907,83.0507429315483,126.13574778671477,20.015581461344055
15,7,392.80754304787837,768.5017887524907,134.85681126073237,88.80887494034037,15.706047986441172
15,8,392.80754304787837,768.5017887524907,78.02744694447159,190.06197829836142,13.759234847779174
15,9,392.80754304787837,768.5017887524907,71.74582706892392,253.7021810359883,13.914412965877405
15,10,392.80754304787837,768.5017887524907,85.22461340123488,328.60879932718115,13.167333896907202
15,11,392.80754304787837,768.5017887524907,56.52545210162112,277.0785442747678,17.22100424583506
16,0,425.72984836151437,773.1443827370621,93.30989526319381,304.67900267037413,18.841827630167344
16,1,425.72984836151437,773.1443827370621,104.62818201860648,318.0907385313211,23.60576713348645
16,2,425.72984836151437,773.1443827370621,73.07041673740989,239.08944429662927,26.564020014182162
16,3,425.72984836151437,773.1443827370621,52.375466535949926,201.86945892288247,27.81604160196103
16,4,425.72984836151437,773.1443827370621,65.66140145534703,101.40341029404401,26.902089276205004
16,5,425.72984836151437,773.1443827370621,112.73887958675577,63.3439509417351,23.460864186257012
16,6,425.72984836151437,773.1443827370621,66.97275259196606,78.29674613771232,20.52560436352878
16,7,425.72984836151437,773.1443827370621,87.31351231524889,104.66710338124618,16.710432901800385
16,8,425.72984836151437,773.1443827370621,65.38653806012192,192.06781531287075,12.43453839544031
16,9,425.72984836151437,773.1443827370621,64.0278007881856,268.98009371931175,13.052145903428002
16,10,425.72984836151437,773.1443827370621,109.32708288954835,295.8618850172809,11.967089752947086
16,11,425.72984836151437,773.1443827370621,35.17323747843358,239.7168036729473,16.144776648898535
17,0,415.6756970314735,657.0822266153357,129.55983697944757,256.9201398131574,21.285966569438166
17,1,415.6756970314735,657.0822266153357,95.6812760296614,257.231245458829,23.205369228907166
17,2,415.6756970314735,657.0822266153357,111.20769483631369,226.5660580379681,26.70199558789221
17,3,415.6756970314735,657.0822266153357,71.00639794128361,182.82509651610027,29.363311716737048
17,4,415.6756970314735,657.0822266153357,53.76050704862882,109.97371839708616,27.486028010375016
17,5,415.6756970314735,657.0822266153357,14.480148765545607,88.09033455285697,22.639351735252937
17,6,415.6756970314735,657.0822266153357,69.71531009004153,102.63032169159516,19.951248453319185
17,7,415.6756970314735,657.0822266153357,107.29522464817987,171.44503827613866,15.989990440861625
17,8,415.6756970314735,657.0822266153357,95.32172034485507,196.30102970452182,11.139737879185093
17,9,415.6756970314735,657.0822266153357,98.80668522840868,292.8683836818511,11.676966456342022
17,10,415.6756970314735,657.0822266153357,59.16993418847497,251.05627538613666,13.331190200375918
17,11,415.6756970314735,657.0822266153357,69.22081244665422,298.94223021398227,16.582522060765193
18,0,316.0643851785883,442.7391094479126,119.69451176179622,291.771428011171,20.411224243069437
18,1,316.0643851785883,442.7391094479126,48.45772440018697,250.67552363184373,25.495487942216865
18,2,316.0643851785883,442.7391094479126,52.97845344958661,322.6636175169187,25.385078769312535
18,3,316.0643851785883,442.7391094479126,136.55316206180854,101.99672037993682,28.295474119695697
18,4,316.0643851785883,442.7391094479126,107.93802221414612,105.04333427957324,26.40040511978413
18,5,316.0643851785883,442.7391094479126,116.92016506570582,103.66493291036717,24.071320320687015
18,6,316.0643851785883,442.7391094479126,78.83620516895826,114.709013262397,19.291815148994917
18,7,316.0643851785883,442.7391094479126,58.11298382182837,163.37537203917458,16.48974330461037
18,8,316.0643851785883,442.7391094479126,83.80913721148842,208.98607813258076,12.426855639913509
18,9,316.0643851785883,442.7391094479126,97.8404273930822,256.508478315188,12.754064189677383
18,10,316.0643851785883,442.7391094479126,126.243405064065,304.4210747269174,12.962845239810171
18,11,316.0643851785883,442.7391094479126,139.19809823426505,280.0527240910017,14.950256423756136
19,0,329.78262809962325,532.1640572491802,77.7293254423519,264.6514059692377,17.458003182497215
19,1,329.78262809962325,532.1640572491802,107.38002071505687,324.02618631637034,25.055255161350427
19,2,329.78262809962325,532.1640572491802,69.60741407275351,279.8728470303912,25.124082166752636
19,3,329.78262809962325,532.1640572491802,75.38979698222009,187.65284862925765,27.621511643091164
19,4,329.78262809962325,532.1640572491802,78.67223663500525,99.30571116955333,27.18644257796425
19,5,329.78262809962325,532.1640572491802,53.28448232177066,93.29582846902136,25.76777182794413
19,6,329.78262809962325,532.1640572491802,57.09763032283482,124.37610965472948,19.48032898251933
19,7,329.78262809962325,532.1640572491802,159.60189459780548,114.98279810452813,13.58201175447885
19,8,329.78262809962325,532.1640572491802,60.46586985892993,166.33903502095419,12.343980605012423
19,9,329.78262809962325,532.1640572491802,139.36788934018836,303.3639867391646,11.772891157681066
19,10,329.78262809962325,532.1640572491802,72.15214319325139,356.55079677635206,12.751643840886581
19,11,329.78262809962325,532.1640572491802,102.81859478692759,318.7899125127405,14.219422032197249
20,0,429.17273877522905,317.21946649314845,45.54881329853131,268.0680284317462,18.917542480815726
20,1,429.17273877522905,317.21946649314845,149.7343857308072,263.97933012439984,24.226509413424786
20,2,429.17273877522905,317.21946649314845,106.80418927492428,296.48784667148055,25.864870643095813
20,3,429.17273877522905,317.21946649314845,48.8304805203633,159.88313635872248,26.53837356273126
20,4,429.17273877522905,317.21946649314845,90.41488278006862,107.00892417496088,26.51284271066296
20,5,429.17273877522905,317.21946649314845,112.70668504996542,76.58117012774096,23.674086847548985
20,6,429.17273877522905,317.21946649314845,49.49475182522845,102.65210015822608,22.501119012040782
20,7,429.17273877522905,317.21946649314845,131.9351484527252,140.9974712913406,16.623869390512645
20,8,429.17273877522905,317.21946649314845,82.14216654341928,198.01403550227565,13.704780955238645
20,9,429.17273877522905,317.21946649314845,89.0002436260129,231.44055441230776,13.732148151990785
20,10,429.17273877522905,317.21946649314845,45.195890233721535,317.18705372111845,13.003435260749601
20,11,429.17273877522905,317.21946649314845,80.49859167136938,186.82643056312247,15.095505159457442
21,0,384.0262284337534,730.1809870504998,125.08650938791007,215.15171340772307,20.059440874204938
21,1,384.0262284337534,730.1809870504998,90.61873195787396,261.6962730825993,21.525158316155657
21,2,384.0262284337534,730.1809870504998,72.9784689247221,260.95645803347526,25.988619602339355
21,3,384.0262284337534,730.1809870504998,58.779608533044595,162.13932025651332,29.82219936698818
21,4,384.0262284337534,730.1809870504998,68.91930135838763,87.50665191903668,26.75485436484466
21,5,384.0262284337534,730.1809870504998,121.25423302848367,108.12826925657255,23.697851703037188
21,6,384.0262284337534,730.1809870504998,83.79976260301667,121.3403588105753,20.09718818921168
21,7,384.0262284337534,730.1809870504998,58.297700383156055,116.3215686189954,17.56262866180568
21,8,384.0262284337534,730.1809870504998,123.14768721072586,243.1823325906417,13.143572974807446
21,9,384.0262284337534,730.1809870504998,89.32137212873815,257.85343433081425,12.090784712508679
21,10,384.0262284337534,730.1809870504998,139.12855440895117,278.4722324667291,11.908896423161043
21,11,384.0262284337534,730.1809870504998,141.46519825864416,274.5521333832161,15.709021786334112
22,0,414.90143233961413,597.4538488435865,97.90178381113947,268.3283470853008,20.469385521132956
22,1,414.90143233961413,597.4538488435865,58.52620197940661,319.09576031736276,22.66481740515985
22,2,414.90143233961413,597.4538488435865,71.47529403639162,354.92445684784394,27.19843381789707
22,3,414.90143233961413,597.4538488435865,117.10433968647654,162.31660388311053,27.690547005745604
22,4,414.90143233961413,597.4538488435865,112.53049391869294,88.21812863009232,26.863712603697376
22,5,414.90143233961413,597.4538488435865,86.51739502021375,78.4132977193178,25.551133298524103
22,6,414.90143233961413,597.4538488435865,112.18906395812164,61.37643775114299,20.913683189847685
22,7,414.90143233961413,597.4538488435865,91.32990046236227,118.50823670028312,15.03669213168508
22,8,414.90143233961413,597.4538488435865,39.198282104946664,236.9005814439602,13.532910355065333
22,9,414.90143233961413,597.4538488435865,106.24389520480808,259.739241651937,12.357672232009381
22,10,414.90143233961413,597.4538488435865,85.02433134960488,282.6642142727085,11.646065939722234
22,11,414.90143233961413,597.4538488435865,90.4150532482997,224.81345323229004,13.91479621015256
23,0,507.8377505878147,763.3026751078386,75.45700372299918,255.43311366918792,18.187046829062993
23,1,507.8377505878147,763.3026751078386,141.25213643903166,315.5757000109446,25.15507514618297
23,2,507.8377505878147,763.3026751078386,94.22453520367458,276.2711129508986,26.809191726772816
23,3,507.8377505878147,763.3026751078386,55.32877041209362,161.0932833975113,28.323100237832865
23,4,507.8377505878147,763.3026751078386,84.67675574389777,102.59963860357611,27.651749976512047
23,5,507.8377505878147,763.3026751078386,145.58020131566602,85.93274559699704,23.419134150226732
23,6,507.8377505878147,763.3026751078386,78.69378331620139,117.49487264177183,19.572042832615992
23,7,507.8377505878147,763.3026751078386,62.23129079189253,139.94917692432804,17.36602394519619
23,8,507.8377505878147,763.3026751078386,94.267123841619,172.59154107721923,12.860570809176618
23,9,507.8377505878147,763.3026751078386,102.1953281849085,220.27169223983714,12.622809518231541
23,10,507.8377505878147,763.3026751078386,101.94187787413169,299.52776641786033,13.88875100869186
23,11,507.8377505878147,763.3026751078386,73.26002788005967,284.5773698899587,16.116506854039184
24,0,599.8395453322055,764.7752449354448,83.8343852868697,251.92812248714796,20.464778812105866
24,1,599.8395453322055,764.7752449354448,81.84807141621003,230.07833626675995,23.84469274642673
24,2,599.8395453322055,764.7752449354448,112.72704331138154,278.6084379676341,26.925518734383427
24,3,599.8395453322055,764.7752449354448,85.49732716844969,157.27937212009195,26.946348425169976
24,4,599.8395453322055,764.7752449354448,106.73757177346528,94.65143481571249,26.72580028195581
24,5,599.8395453322055,764.7752449354448,185.06546230526175,57.41724993158788,22.588808695476757
24,6,599.8395453322055,764.7752449354448,98.64371018961714,90.86097001118351,20.106379683272767
24,7,599.8395453322055,764.7752449354448,97.35155413392995,113.51072950401698,17.68898666791567
24,8,599.8395453322055,764.7752449354448,95.22241137797593,193.9482143931856,13.132663462324304
24,9,599.8395453322055,764.7752449354448,59.99233273282515,239.60805709293604,13.043373716240582
24,10,599.8395453322055,764.7752449354448,119.8563691980137,200.47518431283027,13.886141764736607
24,11,599.8395453322055,764.7752449354448,71.88999901357963,247.99981369549175,14.137732865229664
25,0,597.6127986520456,583.1508800035516,144.87252189609472,240.9977456710793,21.023254142546904
25,1,597.6127986520456,583.1508800035516,76.06029085380145,375.52055638520494,25.6545404976754
25,2,597.6127986520456,583.1508800035516,140.41697042252514,263.03262258207496,27.408487441877828
25,3,597.6127986520456,583.1508800035516,78.82577081533081,178.5306699828385,27.914764337378298
25,4,597.6127986520456,583.1508800035516,117.86489529134874,123.38158747965701,27.786415028211863
25,5,597.6127986520456,583.1508800035516,85.81817324743213,87.22954098599665,22.884766583211363
25,6,597.6127986520456,583.1508800035516,137.49697002327812,91.02681858242636,20.38471017115017
25,7,597.6127986520456,583.1508800035516,150.2543591463952,132.57096909225092,15.834556302116678
25,8,597.6127986520456,583.1508800035516,92.6671131811449,162.7770112458029,13.032698910707694
25,9,597.6127986520456,583.1508800035516,89.58874244244285,249.9119443498304,13.1361449293669
25,10,597.6127986520456,583.1508800035516,84.70966574697988,235.2405974084915,12.14632203631607
25,11,597.6127986520456,583.1508800035516,90.13922775276777,283.8588633533179,16.86115117946373
26,0,287.87243108450866,683.6952706332654,96.00046869667568,212.80559884198095,19.595597284543466
26,1,287.87243108450866,683.6952706332654,105.51985148552609,219.57577631437442,23.32390776362263
26,2,287.87243108450866,683.6952706332654,112.43093224819069,321.7329971970506,26.083055261875803
26,3,287.87243108450866,683.6952706332654,82.12655620834771,205.13993824105046,27.543003465741172
26,4,287.87243108450866,683.6952706332654,95.51702618703318,85.66714095516566,26.666162289570465
26,5,287.87243108450866,683.6952706332654,87.06683687509351,72.24635127914615,21.267981230455582
26,6,287.87243108450866,683.6952706332654,76.34132319417694,120.18903271227532,22.87506244538991
26,7,287.87243108450866,683.6952706332654,128.03270424433413,162.7756541683626,15.676633470345825
26,8,287.87243108450866,683.6952706332654,78.96351187057856,179.07501353433912,13.135536237431044
26,9,287.87243108450866,683.6952706332654,87.60253569047444,260.4865612521172,11.071274194697997
26,10,287.87243108450866,683.6952706332654,87.74131548755742,258.4162741515102,13.750410393259985
26,11,287.87243108450866,683.6952706332654,86.02251306876377,298.6154988288609,15.59146311255924
27,0,511.83705254859603,598.3179563923406,72.44538375824251,235.92361749488938,21.03846209638589
27,1,511.83705254859603,598.3179563923406,89.26006751591846,189.30099641637747,25.619244107401283
27,2,511.83705254859603,598.3179563923406,158.3055725944768,306.11074938179485,26.375902034130736
27,3,511.83705254859603,598.3179563923406,68.94142158418532,206.95063007184874,28.5433799442101
27,4,511.83705254859603,598.3179563923406,66.89579422485424,95.48490918282849,26.681576254918483
27,5,511.83705254859603,598.3179563923406,113.98996304032336,84.44651944493937,23.445862229896846
27,6,511.83705254859603,598.3179563923406,45.316055888179804,93.57191011186656,19.392860057082405
27,7,511.83705254859603,598.3179563923406,100.87960957771013,127.11371346505368,16.2959672010764
27,8,511.83705254859603,598.3179563923406,64.16278673062514,180.567325796831,14.015323162820742
27,9,511.83705254859603,598.3179563923406,57.5073494915428,210.9670729091871,11.802839347199162
27,10,511.83705254859603,598.3179563923406,40.23434303795759,322.07892386644966,12.473334394211301
27,11,511.83705254859603,598.3179563923406,108.64466877108353,288.4216201291622,15.532551510559149
28,0,532.7767828630484,427.9715353211101,52.316750112159475,201.21444186186744,19.143221937605315
28,1,532.7767828630484,427.9715353211101,92.84820828833043,344.1433416155902,25.00785421697111
28,2,532.7767828630484,427.9715353211101,76.32639623811396,233.7663070923926,26.987649698015147
28,3,532.7767828630484,427.9715353211101,112.59176721035728,184.97416058598583,28.483524044476205
28,4,532.7767828630484,427.9715353211101,74.38468766161752,108.27734075837347,26.524258214269388
28,5,532.7767828630484,427.9715353211101,143.12824616824963,101.14325537645095,22.20904614428969
28,6,532.7767828630484,427.9715353211101,114.29854317369549,95.0631668044308,19.25534491636049
28,7,532.7767828630484,427.9715353211101,132.4777964723188,130.7672676103184,15.184584612225734
28,8,532.7767828630484,427.9715353211101,52.01784029879374,216.6850524978409,13.219269258515538
28,9,532.7767828630484,427.9715353211101,102.0381194054778,169.98361278512525,13.050757488386305
28,10,532.7767828630484,427.9715353211101,126.38308791567576,274.6057653827194,13.834534400021733
28,11,532.7767828630484,427.9715353211101,111.06151515464371,212.8966879973282,15.733785969308485
29,0,358.9964481680745,656.4546346202902,49.66122040665796,243.3778132269459,20.100105599043076
29,1,358.9964481680745,656.4546346202902,45.458673942951584,282.55319140203994,25.109253396437726
29,2,358.9964481680745,656.4546346202902,64.97892939759961,300.5976332369717,27.062784612294244
29,3,358.9964481680745,656.4546346202902,65.57529863170713,173.45851416876314,25.321155143120087
29,4,358.9964481680745,656.4546346202902,113.92492472585873,95.62843861657977,26.732788305237154
29,5,358.9964481680745,656.4546346202902,98.6289926236904,82.6397416198361,23.281563177749078
29,6,358.9964481680745,656.4546346202902,39.512679629339495,128.16987815339303,21.364497937152812
29,7,358.9964481680745,656.4546346202902,99.4184532118334,121.56028675143293,14.862947964287608
29,8,358.9964481680745,656.4546346202902,101.53254874991812,158.99202958586253,12.402816178134584
29,9,358.9964481680745,656.4546346202902,105.64157882094112,254.51482473056208,13.829813579932877
29,10,358.9964481680745,656.4546346202902,77.38674491759369,263.6628106122106,11.854105052133178
29,11,358.9964481680745,656.4546346202902,58.78083114674561,203.32152044145693,16.290339475368175
30,0,226.89757083730942,627.3503666394224,51.97596869476487,226.17071721199733,21.100115100426578
30,1,226.89757083730942,627.3503666394224,96.74774626373912,292.4972594161507,25.959328813892405
30,2,226.89757083730942,627.3503666394224,39.361493096833485,268.1342683233744,28.421424926831794
30,3,226.89757083730942,627.3503666394224,57.38606965601439,166.1754071272995,27.680409297588902
30,4,226.89757083730942,627.3503666394224,118.80007407575899,91.70533797138907,25.64755766750154
30,5,226.89757083730942,627.3503666394224,120.1826080347028,81.07381258199261,24.45352290948415
30,6,226.89757083730942,627.3503666394224,107.58610194148525,119.66315465157764,18.759928857541162
30,7,226.89757083730942,627.3503666394224,70.7394023952272,143.73531818956917,16.65512851542593
30,8,226.89757083730942,627.3503666394224,127.89896722139005,191.60972460779254,14.151291817281185
30,9,226.89757083730942,627.3503666394224,32.92308665957198,236.76994723520235,13.20564732189408
30,10,226.89757083730942,627.3503666394224,53.758468392205835,277.14155778849306,13.09714415738744
30,11,226.89757083730942,627.3503666394224,79.82645573633252,258.5809266157584,16.35551912919281
31,0,570.0805899894896,629.1989804047884,103.77059653372774,297.52504307291304,20.23904795473711
31,1,570.0805899894896,629.1989804047884,44.182531640089366,312.20082826988096,24.149588319423003
31,2,570.0805899894896,629.1989804047884,112.03304185361355,246.7432203973529,26.19720306778769
31,3,570.0805899894896,629.1989804047884,80.07542511635087,149.82468013940823,28.178640690804855
31,4,570.0805899894896,629.1989804047884,81.44527122931946,84.73246774559392,27.50136868057033
31,5,570.0805899894896,629.1989804047884,70.53919787160203,89.83061089932205,24.668910666784058
31,6,570.0805899894896,629.1989804047884,125.2995300976908,97.45920015157637,19.92302315317244
31,7,570.0805899894896,629.1989804047884,63.05113650502551,102.20369170064019,16.064568278017244
31,8,570.0805899894896,629.1989804047884,40.7394260375503,179.57221856971762,12.791312423109886
31,9,570.0805899894896,629.1989804047884,98.8826782482815,289.4157479273349,10.966958824587742
31,10,570.0805899894896,629.1989804047884,107.55131431206588,241.63743852953561,12.83343635108613
31,11,570.0805899894896,629.1989804047884,94.73760521472371,263.8881724652386,16.302941924996826
32,0,319.6856279686355,799.6539442536905,13.724020510511636,241.8360302823563,20.45300212218481
32,1,319.6856279686355,799.6539442536905,103.70316301488198,302.882035449513,24.2449646152767
32,2,319.6856279686355,799.6539442536905,73.83652335273905,237.86251077810832,25.4916099909228
32,3,319.6856279686355,799.6539442536905,55.982249638515256,169.75920318213537,27.091028163069534
32,4,319.6856279686355,799.6539442536905,108.48810078609101,71.20757479881279,28.512590561715754
32,5,319.6856279686355,799.6539442536905,129.2125316269409,106.28512184163073,23.402617427824797
32,6,319.6856279686355,799.6539442536905,56.32738584433051,94.06889583703943,20.239103166151338
32,7,319.6856279686355,799.6539442536905,86.84133381815096,126.45948077140329,15.683479027860667
32,8,319.6856279686355,799.6539442536905,62.744696515265005,212.70408326565922,12.022678344070576
32,9,319.6856279686355,799.6539442536905,91.71470425569534,216.22537859422584,13.45519452071892
32,10,319.6856279686355,799.6539442536905,84.8646133115017,387.95612228534213,13.696056990519908
32,11,319.6856279686355,799.6539442536905,109.04396837324053,310.3642006212188,16.479876817330442
33,0,337.3202051218283,491.9210213878988,74.69431220816868,286.54960828284936,21.965987036437678
33,1,337.3202051218283,491.9210213878988,44.07952040062946,241.5850882092588,24.087912423414195
33,2,337.3202051218283,491.9210213878988,101.794609650789,252.19789111791363,27.813635755551825
33,3,337.3202051218283,491.9210213878988,96.89862931278036,191.05009134975032,28.25288115573844
33,4,337.3202051218283,491.9210213878988,126.12196570406573,96.0384190739859,29.716822302095473
33,5,337.3202051218283,491.9210213878988,53.265490907692566,112.6671682002515,25.733398184126656
33,6,337.3202051218283,491.9210213878988,90.27741522871362,120.68870980868999,21.36764542920688
33,7,337.3202051218283,491.9210213878988,141.18311825984344,145.7651100879769,17.22632891827354
33,8,337.3202051218283,491.9210213878988,83.22853607860948,186.6213190281338,12.460237853729152
33,9,337.3202051218283,491.9210213878988,115.03367969668801,240.56815957412738,12.9456193464376
33,10,337.3202051218283,491.9210213878988,101.04859033831518,373.2592037016472,13.773821798472364
33,11,337.3202051218283,491.9210213878988,107.16755858003143,310.23136767028274,14.935377711855566
34,0,479.33117206441517,420.2510673643012,68.2247693496942,181.0922633515771,20.783301836783235
34,1,479.33117206441517,420.2510673643012,55.4678323185049,251.11967362534583,25.68825478409617
34,2,479.33117206441517,420.2510673643012,46.051649039836086,292.17958160081326,27.879411378798757
34,3,479.33117206441517,420.2510673643012,64.50298104396472,204.0104421010745,28.403632389169903
34,4,479.33117206441517,420.2510673643012,103.91970346730102,96.72556763567965,27.8551800550786
34,5,479.33117206441517,420.2510673643012,126.02586324078337,79.49615460477186,25.645225223253526
34,6,479.33117206441517,420.2510673643012,70.78297026716871,78.94681085263045,21.105381819606066
34,7,479.33117206441517,420.2510673643012,96.55365454699609,112.60857581403,15.879891124575844
34,8,479.33117206441517,420.2510673643012,113.60084951547441,180.34015217745394,14.35354456623217
34,9,479.33117206441517,420.2510673643012,39.64169982080039,266.1166511338993,12.957143742297418
34,10,479.33117206441517,420.2510673643012,81.13532764952316,323.6786467009095,12.341109392278794
34,11,479.33117206441517,420.2510673643012,125.86600082788118,231.90524126931396,15.006998512520775
35,0,310.48884801318064,715.6555862823025,101.86137523534066,282.71561869108984,19.582902520405057
35,1,310.48884801318064,715.6555862823025,90.70799370624547,284.257691547284,24.438173818961037
35,2,310.48884801318064,715.6555862823025,97.66551571687947,280.83613041307154,26.78879992293305
35,3,310.48884801318064,715.6555862823025,86.57545943163379,181.88996161232674,27.84729181279579
35,4,310.48884801318064,715.6555862823025,126.56272585375193,103.5525991314349,27.14410645491791
35,5,310.48884801318064,715.6555862823025,103.21551246788698,78.10396004799439,24.413388732241373
35,6,310.48884801318064,715.6555862823025,83.68343710837551,110.7637963449155,16.380614104681257
35,7,310.48884801318064,715.6555862823025,123.02748550644793,139.64379119777172,17.01720548518489
35,8,310.48884801318064,715.6555862823025,126.22666135240897,228.53805022105234,11.791106613373145
35,9,310.48884801318064,715.6555862823025,100.53343917413812,268.2696534389963,12.278934456741638
35,10,310.48884801318064,715.6555862823025,107.34256448245648,330.1066174542174,13.155793218044785
35,11,310.48884801318064,715.6555862823025,79.11850151760349,284.8161323055371,15.583928079870665
36,0,374.39228969270164,748.7520858147681,77.63228570440363,246.83719289252923,18.21555380074393
36,1,374.39228969270164,748.7520858147681,108.4479042299049,227.2011303718209,23.796010523813024
36,2,374.39228969270164,748.7520858147681,117.9613018924727,297.69517837901475,26.129508504720068
36,3,374.39228969270164,748.7520858147681,51.64259513653114,143.98155030088049,28.70023697162559
36,4,374.39228969270164,748.7520858147681,95.77767400562448,93.10650613484694,27.94953533811584
36,5,374.39228969270164,748.7520858147681,75.94990333219792,86.63316391839606,24.5574471758681
36,6,374.39228969270164,748.7520858147681,68.23935852562869,116.24549716991244,19.645740140187797
36,7,374.39228969270164,748.7520858147681,54.95957546143428,143.13214628950948,15.153932243824084
36,8,374.39228969270164,748.7520858147681,52.154897087715824,212.0319567442038,11.13446771824424
36,9,374.39228969270164,748.7520858147681,57.706205362870314,262.52023662120257,11.53008084670586
36,10,374.39228969270164,748.7520858147681,93.82099731120013,327.06376539691155,13.608760766739065
36,11,374.39228969270164,748.7520858147681,100.32020149545305,277.60212928962716,15.16281039517419
37,0,457.84453419929923,680.112122213925,112.54845633945409,252.77657023478133,19.114286554260172
37,1,457.84453419929923,680.112122213925,71.08766653639347,330.92173380418893,23.93196949901753
37,2,457.84453419929923,680.112122213925,55.51985541774518,236.75936692453823,25.18956126481145
37,3,457.84453419929923,680.112122213925,81.66492662600233,199.21812417244286,27.72667695276752
37,4,457.84453419929923,680.112122213925,183.36613447049717,78.46698075030018,26.550777924078435
37,5,457.84453419929923,680.112122213925,76.91104299842807,102.84618741105591,24.48098478583446
37,6,457.84453419929923,680.112122213925,56.09367711381547,90.89942569641413,19.219844074645536
37,7,457.84453419929923,680.112122213925,43.95409921187777,139.27736524912234,16.518228179018998
37,8,457.84453419929923,680.112122213925,94.62538085026159,244.7701408994622,12.571807093097089
37,9,457.84453419929923,680.112122213925,128.9982204168648,252.44622963755975,12.448053195089177
37,10,457.84453419929923,680.112122213925,78.37304371518698,317.40240014050636,11.694173631553904
37,11,457.84453419929923,680.112122213925,136.2185873716032,312.03549471859367,18.624965504146175
38,0,430.7870101719491,617.9844262531066,69.63651574645081,243.8194918656533,19.04709812850394
38,1,430.7870101719491,617.9844262531066,61.03269103967551,305.84037574867676,23.536601442320208
38,2,430.7870101719491,617.9844262531066,79.58136983275459,244.1733978153415,25.59362223799992
38,3,430.7870101719491,617.9844262531066,125.45259803809627,149.21808104839224,28.126207700604116
38,4,430.7870101719491,617.9844262531066,77.6743356423702,90.27787457386216,28.594989231253304
38,5,430.7870101719491,617.9844262531066,73.75683997961215,93.39667711102295,24.37570714983547
38,6,430.7870101719491,617.9844262531066,88.04129013709651,75.12169655424617,19.756094014257
38,7,430.7870101719491,617.9844262531066,128.5917430906839,131.50358029949447,17.304363727634886
38,8,430.7870101719491,617.9844262531066,103.0657778439516,151.39312543057432,12.98476733434588
38,9,430.7870101719491,617.9844262531066,98.86235182002952,251.45348992974797,12.847878532596665
38,10,430.7870101719491,617.9844262531066,36.113932652123054,250.085002392071,12.851736669458608
38,11,430.7870101719491,617.9844262531066,81.16202153824871,284.99848551023916,17.38514669229829
39,0,467.76847399702274,640.1568690100773,100.4443463023997,221.6911894936569,18.72579118112492
39,1,467.76847399702274,640.1568690100773,111.39278446670171,314.42955697244355,24.5302192722742
39,2,467.76847399702274,640.1568690100773,113.39567248307229,249.22759173384577,26.679426193141165
39,3,467.76847399702274,640.1568690100773,50.012197224600556,196.7502078189495,26.301694335539487
39,4,467.76847399702274,640.1568690100773,124.48591238533137,95.86778996298007,28.110425558934008
39,5,467.76847399702274,640.1568690100773,66.1778514310112,69.21461443828944,24.308033862163548
39,6,467.76847399702274,640.1568690100773,130.83424384884842,75.9977359713644,20.009576734261802
39,7,467.76847399702274,640.1568690100773,28.657017324155902,119.75648588231961,15.915128615376938
39,8,467.76847399702274,640.1568690100773,111.54298430759985,181.55096004901853,13.547096366887976
39,9,467.76847399702274,640.1568690100773,94.24410263636852,292.43468859609436,11.861591215658207
39,10,467.76847399702274,640.1568690100773,157.868176493697,328.0396524761674,13.319729040229479
39,11,467.76847399702274,640.1568690100773,88.85248114992912,257.7395645322491,14.627612945672475
40,0,343.24638755822104,634.5725812960384,22.94509832012534,257.2048470401968,19.64205487024625
40,1,343.24638755822104,634.5725812960384,107.24876666195755,227.9045791106839,24.04064704347081
40,2,343.24638755822104,634.5725812960384,77.60911920882708,279.2778344036737,26.421515427263497
40,3,343.24638755822104,634.5725812960384,69.25949132441114,213.73727863322986,28.60606326284477
40,4,343.24638755822104,634.5725812960384,133.54044585358443,101.73750055988849,25.59775634188405
40,5,343.24638755822104,634.5725812960384,115.37683602281948,94.24924243213955,24.254854157545765
40,6,343.24638755822104,634.5725812960384,98.85201844674005,110.31027155977281,19.24552964235015
40,7,343.24638755822104,634.5725812960384,95.06051587169863,99.8371495994541,16.66886247091406
40,8,343.24638755822104,634.5725812960384,105.85772830233292,181.79653197679175,12.31556178454415
40,9,343.24638755822104,634.5725812960384,149.36761768468125,261.25526866614643,11.77809614002179
40,10,343.24638755822104,634.5725812960384,170.35729599191367,294.48901084120337,12.766367459944584
40,11,343.24638755822104,634.5725812960384,81.15152292581553,264.1080464863997,16.784770575486778
41,0,354.73127708266776,621.079826180266,57.95371951570472,288.85633705688815,19.196166076573448
41,1,354.73127708266776,621.079826180266,39.26441341345977,314.4476749222236,22.032519870533797
41,2,354.73127708266776,621.079826180266,59.58591741176506,213.9927784673688,26.491711237771167
41,3,354.73127708266776,621.079826180266,95.93032428815943,186.6641574157615,27.01255917289429
41,4,354.73127708266776,621.079826180266,56.05317664589218,113.35960978073538,28.38786249597411
41,5,354.73127708266776,621.079826180266,87.53166771439597,96.14750498253515,23.474316399569386
41,6,354.73127708266776,621.079826180266,83.13054114289235,65.34554032068671,20.74977843670177
41,7,354.73127708266776,621.079826180266,151.54970691851696,85.29709788316448,15.695927870659622
41,8,354.73127708266776,621.079826180266,90.691809930558,213.3142020260618,13.493474907240824
41,9,354.73127708266776,621.079826180266,106.58536006055417,169.8049029976777,12.231962690503728
41,10,354.73127708266776,621.079826180266,120.94000529518429,310.1510610317383,11.916288489488005
41,11,354.73127708266776,621.079826180266,31.136500272905465,236.45602664436836,15.52735605512857
42,0,517.9087892051331,570.1094839509682,121.39134551518283,277.0070814627214,20.894737589192168
42,1,517.9087892051331,570.1094839509682,97.37506301874365,294.1194715021292,24.066220712302066
42,2,517.9087892051331,570.1094839509682,109.7945869804759,377.97844476994544,27.16064642872966
42,3,517.9087892051331,570.1094839509682,83.41513296498312,176.37375601694353,28.93300110736307
42,4,517.9087892051331,570.1094839509682,129.66983889749713,90.81724711111481,27.02537776063214
42,5,517.9087892051331,570.1094839509682,84.1770382307281,75.74788135856062,25.07253639530199
42,6,517.9087892051331,570.1094839509682,100.70634604753819,114.13620298624087,18.890981723718077
42,7,517.9087892051331,570.1094839509682,142.73525368283853,87.92972805830907,14.94061652514657
42,8,517.9087892051331,570.1094839509682,134.41530858098457,235.66092295327624,12.52240468902768
42,9,517.9087892051331,570.1094839509682,53.9553448532324,237.33380717760434,12.324039099875097
42,10,517.9087892051331,570.1094839509682,73.52612439113439,285.94927390278076,13.981575313362178
42,11,517.9087892051331,570.1094839509682,90.5627474892153,288.42866130666454,14.578452553413099
43,0,439.2669129873118,751.6298195667787,82.5376562595248,154.28691213709834,20.542652888808142
43,1,439.2669129873118,751.6298195667787,91.94353067946209,255.36920258526632,25.704990367744166
43,2,439.2669129873118,751.6298195667787,119.38720615770197,260.23087677961036,25.9311341145759
43,3,439.2669129873118,751.6298195667787,112.89717801551548,181.1562500369771,28.01301652723139
43,4,439.2669129873118,751.6298195667787,110.37057768491165,109.06734893738184,26.79266306762065
43,5,439.2669129873118,751.6298195667787,120.74308090515154,99.52694119657252,25.034134322305
43,6,439.2669129873118,751.6298195667787,56.758854225252165,83.50220683715067,20.80902544202219
43,7,439.2669129873118,751.6298195667787,76.38869117873658,114.84214817836623,15.309862953124314
43,8,439.2669129873118,751.6298195667787,129.39413838944182,181.62143370121188,12.508486400234455
43,9,439.2669129873118,751.6298195667787,61.52727837301268,292.37983592791437,14.55215007667788
43,10,439.2669129873118,751.6298195667787,52.30017515621403,259.73349516007477,12.91575648231873
43,11,439.2669129873118,751.6298195667787,76.93671466110399,286.8761185165802,15.107001248909569
44,0,407.05748851725684,540.1238022471156,55.50384660410414,223.16272053405075,19.524379396996842
44,1,407.05748851725684,540.1238022471156,78.3278137945676,297.0613219629341,22.72272900568754
44,2,407.05748851725684,540.1238022471156,126.94802212491547,317.02237104054757,26.988977559252774
44,3,407.05748851725684,540.1238022471156,93.72496956013966,141.52711911730677,28.407676506858024
44,4,407.05748851725684,540.1238022471156,91.20582854522857,123.67200537256657,25.600931983096277
44,5,407.05748851725684,540.1238022471156,60.44693294043273,64.5580302799091,25.40935148587476
44,6,407.05748851725684,540.1238022471156,49.74777163268809,103.5899971010893,18.339389071591583
44,7,407.05748851725684,540.1238022471156,126.59800932564482,126.51335872849245,14.216733581576708
44,8,407.05748851725684,540.1238022471156,31.15020617021984,266.46105740433705,13.800280605590988
44,9,407.05748851725684,540.1238022471156,57.03928139088328,235.26674959752464,11.964164441256067
44,10,407.05748851725684,540.1238022471156,139.9813910583638,360.3437103771989,12.846088121483534
44,11,407.05748851725684,540.1238022471156,89.59116254449086,282.59727640913735,15.062359632366732
45,0,522.4581579295507,448.4206859301494,53.809253904563164,313.7876300691871,19.394297924012108
45,1,522.4581579295507,448.4206859301494,129.43754213051562,264.199458191217,24.377927984481467
45,2,522.4581579295507,448.4206859301494,79.1492456634997,198.34810044197926,26.655512307798656
45,3,522.4581579295507,448.4206859301494,92.1909494296569,194.4972658260591,27.870509814807164
45,4,522.4581579295507,448.4206859301494,124.00074480573318,86.66491486800435,26.177802496818597
45,5,522.4581579295507,448.4206859301494,73.42966253710631,99.9259300301772,23.730100004419242
45,6,522.4581579295507,448.4206859301494,32.0574853967033,89.82863064446292,21.122354894524065
45,7,522.4581579295507,448.4206859301494,91.88805315750682,87.86751058413748,15.15034448080323
45,8,522.4581579295507,448.4206859301494,134.4829309725434,215.09936681497587,12.54680441504833
45,9,522.4581579295507,448.4206859301494,102.93892880004626,181.40005729503875,12.948342704957128
45,10,522.4581579295507,448.4206859301494,103.83947142202439,298.87041061591117,14.023901776903958
45,11,522.4581579295507,448.4206859301494,65.50442472660947,288.4208639736349,16.70293946408109
46,0,427.63098193552827,607.4693442434384,99.43508938616556,261.0604716853226,19.59903875423815
46,1,427.63098193552827,607.4693442434384,141.85917200085845,286.05233629692833,23.548460199456226
46,2,427.63098193552827,607.4693442434384,129.93138420985235,181.95059229346154,26.640659868919585
46,3,427.63098193552827,607.4693442434384,87.28904323609252,174.0420514253951,28.998199267637286
46,4,427.63098193552827,607.4693442434384,126.02007595220498,114.24583172111507,27.346657040081823
46,5,427.63098193552827,607.4693442434384,83.28056652786212,86.51080963199364,24.124931718673242
46,6,427.63098193552827,607.4693442434384,136.28878492540926,96.15921283380854,20.73379169482377
46,7,427.63098193552827,607.4693442434384,50.8660862360122,163.6618167327876,17.488751308611278
46,8,427.63098193552827,607.4693442434384,95.2373869360728,187.80055433346706,12.898430235242031
46,9,427.63098193552827,607.4693442434384,21.359476683372478,201.9954630668649,11.047791988672646
46,10,427.63098193552827,607.4693442434384,81.24910186457407,323.2080553010032,11.443372331580031
46,11,427.63098193552827,607.4693442434384,186.21461869115615,292.1160743237753,19.483877305020396
47,0,285.1335717636724,520.2381650560775,84.20221082518106,257.97925180164765,19.636985630765437
47,1,285.1335717636724,520.2381650560775,137.31983390445316,321.36760525484846,25.596672469085743
47,2,285.1335717636724,520.2381650560775,107.3558472103602,246.90151714514386,27.351382508967017
47,3,285.1335717636724,520.2381650560775,138.02672559954541,155.88482353183736,28.60544457255386
47,4,285.1335717636724,520.2381650560775,76.00859834511883,106.31241427333973,28.070286917332353
47,5,285.1335717636724,520.2381650560775,76.4154864937509,107.11800299315482,24.271720058326636
47,6,285.1335717636724,520.2381650560775,88.17714778029114,118.36637851661958,20.73122536768115
47,7,285.1335717636724,520.2381650560775,93.4210169183968,126.05524843618626,15.10010254553134
47,8,285.1335717636724,520.2381650560775,91.95321361299236,222.51594061130064,12.116259246267584
47,9,285.1335717636724,520.2381650560775,106.29287672395509,238.6829089261277,13.242527394675694
47,10,285.1335717636724,520.2381650560775,66.10253319660953,398.44534479888733,12.828279285991657
47,11,285.1335717636724,520.2381650560775,109.82988389224117,299.52416245397535,13.79889382895678
48,0,293.8678265481596,495.8523866256347,130.7014640371605,158.92722699236856,19.589181160739297
48,1,293.8678265481596,495.8523866256347,65.0701415531735,312.9898103927446,25.37363546667902
48,2,293.8678265481596,495.8523866256347,60.33165446685635,309.6209289364742,28.560122157577947
48,3,293.8678265481596,495.8523866256347,115.61850898378314,189.03524434504305,28.381358841237272
48,4,293.8678265481596,495.8523866256347,96.07601934692572,117.90729224898445,25.788305652771662
48,5,293.8678265481596,495.8523866256347,117.70838266147815,104.73951365837505,25.288519803456214
48,6,293.8678265481596,495.8523866256347,59.277977149424544,46.024668952072176,20.20682962555353
48,7,293.8678265481596,495.8523866256347,78.64177448900853,116.29605862695355,16.44078058087227
48,8,293.8678265481596,495.8523866256347,104.70800849140547,199.40412045940704,13.238398212408836
48,9,293.8678265481596,495.8523866256347,71.67639089685294,234.12684060380067,11.863865435176375
48,10,293.8678265481596,495.8523866256347,99.52554181188188,276.1824108638057,12.921696808228749
48,11,293.8678265481596,495.8523866256347,92.96416139742144,219.53896605829672,15.273713902141747
49,0,425.56585848807293,672.578377572244,66.48482484641532,231.8342057890616,18.52739336974682
49,1,425.56585848807293,672.578377572244,81.1172766870615,293.89384510476003,22.465962466208367
49,2,425.56585848807293,672.578377572244,62.16748558016678,338.5554104879413,26.753272528257913
49,3,425.56585848807293,672.578377572244,53.303634632372976,214.26894258903022,27.890700715396036
49,4,425.56585848807293,672.578377572244,69.93848976508598,103.54986893629639,26.836124382115635
49,5,425.56585848807293,672.578377572244,137.15873621981902,81.57347477610666,22.865100982535292
49,6,425.56585848807293,672.578377572244,88.41804307644458,98.40393956322337,21.985808470177695
49,7,425.56585848807293,672.578377572244,100.70305908426798,124.26831968583622,15.246196080275693
49,8,425.56585848807293,672.578377572244,73.30442523544217,222.64449935177151,13.788272321923692
49,9,425.56585848807293,672.578377572244,77.4468797893999,283.4581103234282,10.046479038534821
49,10,425.56585848807293,672.578377572244,90.87349378055465,340.5103913200707,14.526296033350492
49,11,425.56585848807293,672.578377572244,34.680865474526286,318.9520455822783,15.670707850580108
50,0,408.5435107675927,464.2755226639807,44.39486272161033,200.47855144137372,19.908713108683855
50,1,408.5435107675927,464.2755226639807,56.94817986367325,284.068919081197,22.865235501631386
50,2,408.5435107675927,464.2755226639807,128.6649558450403,309.7987726926424,27.483085649100815
50,3,408.5435107675927,464.2755226639807,110.26542470718977,177.6629680969877,27.316982971160563
50,4,408.5435107675927,464.2755226639807,51.06180088689699,120.43004456700446,28.387669454511343
50,5,408.5435107675927,464.2755226639807,68.53321787765881,104.75525094538402,23.670184051536804
50,6,408.5435107675927,464.2755226639807,109.09897193187979,112.77041107806052,20.112287798920757
50,7,408.5435107675927,464.2755226639807,80.1110177391759,110.39209869966834,16.47208025467948
50,8,408.5435107675927,464.2755226639807,143.54454897395902,229.4286548490674,14.106948554408943
50,9,408.5435107675927,464.2755226639807,103.43859204487552,236.1885600915589,12.108492815381073
50,10,408.5435107675927,464.2755226639807,81.44294780880011,330.6227253176722,12.875373981126163
50,11,408.5435107675927,464.2755226639807,100.41995455243679,249.77664379715188,16.917260590865418
51,0,451.46163214054917,486.35125725600903,119.11435911155252,318.48928479476274,18.52774442654318
51,1,451.46163214054917,486.35125725600903,101.3034860535919,317.97729364540675,23.486166487257126
51,2,451.46163214054917,486.35125725600903,77.20774817618462,259.31095827878625,26.76559869788556
51,3,451.46163214054917,486.35125725600903,122.7175444933329,226.96539966045998,28.611839304051305
51,4,451.46163214054917,486.35125725600903,123.09851835791545,110.10941921831969,28.591793723780544
51,5,451.46163214054917,486.35125725600903,98.05137813075825,87.19434482369849,24.184585954936765
51,6,451.46163214054917,486.35125725600903,122.81375713034963,93.89168260886873,18.307502982443637
51,7,451.46163214054917,486.35125725600903,123.1850562093816,139.2193504389423,15.679678572785477
51,8,451.46163214054917,486.35125725600903,113.6782176489445,201.1874012487874,13.107693557661433
51,9,451.46163214054917,486.35125725600903,51.43950967160165,234.06204300145157,13.083069123108322
51,10,451.46163214054917,486.35125725600903,40.59355491570165,240.17770244523945,11.64340420933846
51,11,451.46163214054917,486.35125725600903,95.90584000056172,224.48777272770522,18.048075190529296
52,0,508.5700476738751,530.1552142853324,113.0327408597445,326.9539425971511,18.927823136050797
52,1,508.5700476738751,530.1552142853324,89.74693934472418,286.3427158469954,22.82888916452492
52,2,508.5700476738751,530.1552142853324,63.399921726113824,238.43218874461252,26.04355041432692
52,3,508.5700476738751,530.1552142853324,101.56237741209296,170.5518033317086,28.277559882543365
52,4,508.5700476738751,530.1552142853324,61.30967997820741,58.16835851982698,26.504743495944833
52,5,508.5700476738751,530.1552142853324,67.61631819782465,87.61339933479374,23.242127231887522
52,6,508.5700476738751,530.1552142853324,90.77495715859895,94.35857320524276,18.55222303414503
52,7,508.5700476738751,530.1552142853324,111.48168738915875,146.16021681049173,16.900072705104037
52,8,508.5700476738751,530.1552142853324,111.57270823554478,210.65901170756547,13.279097074295208
52,9,508.5700476738751,530.1552142853324,82.49406131935159,278.1866137957895,13.428780381215038
52,10,508.5700476738751,530.1552142853324,89.9020810726661,319.2360568287001,13.079609518754488
52,11,508.5700476738751,530.1552142853324,135.9750898260258,273.2733668622218,16.142595906218418
53,0,539.3851320713908,496.8508435632468,35.99132821812156,253.24151336622418,18.53800822012858
53,1,539.3851320713908,496.8508435632468,98.56466323552256,268.73837250219594,24.02663669165197
53,2,539.3851320713908,496.8508435632468,109.62249123769611,245.3469421273182,26.063511011949164
53,3,539.3851320713908,496.8508435632468,120.62863741638682,225.9223315153931,29.835896229716067
53,4,539.3851320713908,496.8508435632468,93.86703816152956,96.74493851879483,27.711786758870264
53,5,539.3851320713908,496.8508435632468,79.38995938799887,82.86808313476726,25.341551801835674
53,6,539.3851320713908,496.8508435632468,135.13705878366008,104.97703945867445,20.344143191949346
53,7,539.3851320713908,496.8508435632468,82.95510714485718,122.7753789128913,15.557272728573373
53,8,539.3851320713908,496.8508435632468,92.29183866832378,172.9550822533217,14.376900959009827
53,9,539.3851320713908,496.8508435632468,145.7758475139091,236.36793179571018,13.015443267051664
53,10,539.3851320713908,496.8508435632468,102.00083633420289,261.0039311634924,13.57525353446657
53,11,539.3851320713908,496.8508435632468,84.15510631508083,179.41688307162227,15.684082669760437
54,0,416.1726350668663,551.5256675563927,75.51373557287111,317.9594313606957,20.867992095928418
54,1,416.1726350668663,551.5256675563927,116.0999366457649,321.9313841972112,24.197857429113068
54,2,416.1726350668663,551.5256675563927,28.26655458055074,257.3316900050588,28.678628028570767
54,3,416.1726350668663,551.5256675563927,74.93329887576229,181.72173504928435,26.668156983034038
54,4,416.1726350668663,551.5256675563927,91.11817428637912,76.58046116766945,28.283121761802857
54,5,416.1726350668663,551.5256675563927,97.22758691181228,81.8863223319257,23.443687945486566
54,6,416.1726350668663,551.5256675563927,28.919574407202568,110.19303297581273,18.76868201752152
54,7,416.1726350668663,551.5256675563927,77.15573332890582,103.83478340252871,16.888433882795255
54,8,416.1726350668663,551.5256675563927,103.25142200130344,179.32600899707757,13.502886077694878
54,9,416.1726350668663,551.5256675563927,58.89874273295023,299.70515065400724,12.63350255146821
54,10,416.1726350668663,551.5256675563927,64.82166859653167,245.80232592591764,14.366018437138361
54,11,416.1726350668663,551.5256675563927,41.2679505317661,251.1639751458163,15.812811426437364
55,0,341.54924024100467,560.2494101347747,127.8017314691472,214.92822903845948,20.918630385417575
55,1,341.54924024100467,560.2494101347747,131.07826713898152,265.41427390919904,24.20048884826028
55,2,341.54924024100467,560.2494101347747,130.9413267626643,233.5662425608196,25.25456956853775
55,3,341.54924024100467,560.2494101347747,69.36504374448248,179.12881590266792,28.01024798983394
55,4,341.54924024100467,560.2494101347747,92.56303110301533,106.19110362445807,26.408221948913344
55,5,341.54924024100467,560.2494101347747,107.31747170544651,104.30913027411451,24.590769178496327
55,6,341.54924024100467,560.2494101347747,131.61748953065654,108.02720465590569,18.967997625967893
55,7,341.54924024100467,560.2494101347747,64.50873069000662,98.67662019961358,15.522428223065937
55,8,341.54924024100467,560.2494101347747,119.6511925790011,232.07783269744112,14.039120360136994
55,9,341.54924024100467,560.2494101347747,103.78779999544135,248.2571893215553,12.562146150228973
55,10,341.54924024100467,560.2494101347747,119.76571358895876,370.07965730216307,14.05333030904791
55,11,341.54924024100467,560.2494101347747,117.0605071525689,262.2448559773557,18.24217417049767
56,0,444.11835644243257,450.1228266814061,76.70527820950879,231.66412987536253,19.482427296552224
56,1,444.11835644243257,450.1228266814061,102.88490526372632,313.180456404919,23.912366502909432
56,2,444.11835644243257,450.1228266814061,76.93942692636418,241.90528815182128,27.525364782994377
56,3,444.11835644243257,450.1228266814061,48.77277208032879,216.94595856980072,26.529905591330007
56,4,444.11835644243257,450.1228266814061,97.73743614226397,115.82741513657278,25.693195338316684
56,5,444.11835644243257,450.1228266814061,40.06916202490718,107.43225765772159,22.58154895702862
56,6,444.11835644243257,450.1228266814061,135.42892198804668,100.86871329841998,21.10449833332485
56,7,444.11835644243257,450.1228266814061,113.28848276881362,121.9765664304851,15.532180791660505
56,8,444.11835644243257,450.1228266814061,79.25817429336831,198.60736802431344,14.83376418062348
56,9,444.11835644243257,450.1228266814061,109.08469944857772,252.96838751576024,12.657038992255425
56,10,444.11835644243257,450.1228266814061,80.99901068506536,250.29266507676513,10.657610988018291
56,11,444.11835644243257,450.1228266814061,96.78485793461482,285.554316290138,15.870609567255274
57,0,396.3361012466359,439.0663385165287,60.440695291191886,230.3375862644372,17.23147728493067
57,1,396.3361012466359,439.0663385165287,121.82727742413874,319.7270516847324,24.188460077985994
57,2,396.3361012466359,439.0663385165287,55.72288135374892,246.45761093493252,28.788610754800416
57,3,396.3361012466359,439.0663385165287,66.23877323463728,151.38938537401205,29.853190254147222
57,4,396.3361012466359,439.0663385165287,173.26791845511138,104.0872879379281,27.006166129292563
57,5,396.3361012466359,439.0663385165287,113.45689653923456,89.4237755351527,23.734763694503176
57,6,396.3361012466359,439.0663385165287,67.60836473443422,132.5373909086724,19.49654297934266
57,7,396.3361012466359,439.0663385165287,114.86998202145851,164.72268226348478,14.649469027527447
57,8,396.3361012466359,439.0663385165287,52.560449411869875,254.14991836543797,12.935255833475962
57,9,396.3361012466359,439.0663385165287,87.60979645457878,253.38292346867908,13.160060016890757
57,10,396.3361012466359,439.0663385165287,64.58766640357538,343.3871051388539,11.293426618733479
57,11,396.3361012466359,439.0663385165287,70.9541398045748,258.96816524149096,16.613963320072262
58,0,361.9991105028486,846.5959313078729,90.89223919126853,230.80781141720468,19.309260687686045
58,1,361.9991105028486,846.5959313078729,108.34169653805354,280.45693351578353,24.579011179232914
58,2,361.9991105028486,846.5959313078729,122.25295093633862,209.15367576883096,29.090912053100737
58,3,361.9991105028486,846.5959313078729,84.89415403088415,183.42238498561073,26.982901438467575
58,4,361.9991105028486,846.5959313078729,39.34402136012197,117.21181352568331,26.557276178617165
58,5,361.9991105028486,846.5959313078729,99.62773841149622,97.27501300896398,26.79222281762509
58,6,361.9991105028486,846.5959313078729,95.25974334505801,94.36709321256927,20.320191283319314
58,7,361.9991105028486,846.5959313078729,130.9738080840063,123.57593598634698,15.73640127996146
58,8,361.9991105028486,846.5959313078729,102.25942280398912,198.64824069853208,13.99598498481002
58,9,361.9991105028486,846.5959313078729,150.04362770480037,195.71888374784606,9.93711171341131
58,10,361.9991105028486,846.5959313078729,124.28360069525472,261.1327686450359,12.406734356650743
58,11,361.9991105028486,846.5959313078729,85.57384504436527,323.7403211160016,16.888396999428675
59,0,619.5006271168098,624.9863989191207,106.46757005850446,226.0410243103364,22.17895455303275
59,1,619.5006271168098,624.9863989191207,92.30921919045204,229.1566267789095,22.786518209165088
59,2,619.5006271168098,624.9863989191207,150.01575055306427,263.35988569881084,25.02048199054606
59,3,619.5006271168098,624.9863989191207,61.63372235317025,161.42517974445963,27.009713331493433
59,4,619.5006271168098,624.9863989191207,86.28104508768106,96.56165211283196,27.368202887027838
59,5,619.5006271168098,624.9863989191207,111.5472065738054,73.93253260222846,25.428455430543487
59,6,619.5006271168098,624.9863989191207,59.0853698790842,59.21748209888877,20.03106511385817
59,7,619.5006271168098,624.9863989191207,120.48881009535668,137.4484905851124,14.864667683551325
59,8,619.5006271168098,624.9863989191207,43.16994547800152,194.33549474117393,13.781233332335924
59,9,619.5006271168098,624.9863989191207,127.09638675420345,218.7950128472477,11.203251865865493
59,10,619.5006271168098,624.9863989191207,102.85738602269794,280.80853845196987,12.29307228672032
59,11,619.5006271168098,624.9863989191207,86.2199812497822,238.5226948685075,16.98420568507179
60,0,561.4831267612428,552.8912398181621,90.93332520860332,247.66583703299546,19.496013214323785
60,1,561.4831267612428,552.8912398181621,55.43412468278067,312.84083701425476,24.31172781380429
60,2,561.4831267612428,552.8912398181621,118.63213984122233,257.03698816395433,27.631506975052414
60,3,561.4831267612428,552.8912398181621,115.49511844448085,103.06987087898635,26.65811736955799
60,4,561.4831267612428,552.8912398181621,56.95604877720831,88.50669756792948,25.199679274564055
60,5,561.4831267612428,552.8912398181621,102.8614622195044,91.54132408315802,25.83207868046434
60,6,561.4831267612428,552.8912398181621,88.93548415532129,97.48760707226245,20.57596433478147
60,7,561.4831267612428,552.8912398181621,91.26082062473827,136.91857736382508,17.386317544495387
60,8,561.4831267612428,552.8912398181621,53.79655128645588,202.51325656406624,11.513257861979426
60,9,561.4831267612428,552.8912398181621,145.4946867877946,225.3019594399453,12.648968008941237
60,10,561.4831267612428,552.8912398181621,123.86281454266418,181.97036105012796,12.14592315784607
60,11,561.4831267612428,552.8912398181621,75.69002038134703,263.3241867274047,16.225943992666647
61,0,523.4899925893405,662.8421664708077,93.79277287174504,285.9945199699974,20.84445638784976
61,1,523.4899925893405,662.8421664708077,149.34064084695837,214.21839771188826,24.142041035035042
61,2,523.4899925893405,662.8421664708077,92.45850771037779,280.04143060372655,25.313738982406374
61,3,523.4899925893405,662.8421664708077,88.69248166694895,153.31399714579535,27.769552331154976
61,4,523.4899925893405,662.8421664708077,106.69668074114065,95.1152844875109,28.05243870171713
61,5,523.4899925893405,662.8421664708077,113.68531775377333,95.16597585459446,24.31077686706699
61,6,523.4899925893405,662.8421664708077,89.46180349442464,80.8441647939121,21.61065189755833
61,7,523.4899925893405,662.8421664708077,94.67620904499587,124.16585410544404,16.47054223102974
61,8,523.4899925893405,662.8421664708077,123.00777451598121,163.39950345654592,11.65137155264765
61,9,523.4899925893405,662.8421664708077,77.17865090831764,202.2251284654543,11.616885909132721
61,10,523.4899925893405,662.8421664708077,72.939913466614,237.65322399662227,13.550682025619231
61,11,523.4899925893405,662.8421664708077,91.70988795468895,251.80404679257276,15.413839670110848
62,0,323.34860697050476,625.5665602922008,30.118191608375433,270.1028853863984,19.8797194443859
62,1,323.34860697050476,625.5665602922008,57.697503860903126,265.39781768220803,24.323393199286187
62,2,323.34860697050476,625.5665602922008,101.41118614396815,162.76468015208937,28.062994764978786
62,3,323.34860697050476,625.5665602922008,64.1674757086984,185.435832164527,29.713074542956882
62,4,323.34860697050476,625.5665602922008,97.89035784426422,113.30178408406478,26.81253082493083
62,5,323.34860697050476,625.5665602922008,79.74886107078251,96.96011101616571,24.529548003311966
62,6,323.34860697050476,625.5665602922008,88.15172007027071,114.2562005648079,19.103620725968007
62,7,323.34860697050476,625.5665602922008,42.00178734359515,133.37742104794677,15.974134485859011
62,8,323.34860697050476,625.5665602922008,40.51494400923782,211.8852415766729,12.869037777083529
62,9,323.34860697050476,625.5665602922008,38.653092944619715,255.5175560614384,12.612202813457612
62,10,323.34860697050476,625.5665602922008,124.9486550078993,316.146413432899,11.964650514340478
62,11,323.34860697050476,625.5665602922008,76.98678287478329,231.08714343202905,15.76577816817155
63,0,306.8487265463601,617.0210986316928,94.14842623529994,223.72830840014015,17.388965456829794
63,1,306.8487265463601,617.0210986316928,111.36337131976967,218.81320053415774,23.52371880736919
63,2,306.8487265463601,617.0210986316928,114.55274483219708,235.33880844968252,26.36106084197276
63,3,306.8487265463601,617.0210986316928,70.0859507104893,197.04175917636633,26.93318527461153
63,4,306.8487265463601,617.0210986316928,38.96504767657821,111.40323936370756,26.49968326314172
63,5,306.8487265463601,617.0210986316928,66.32732920663193,81.89459039678316,23.23185746259171
63,6,306.8487265463601,617.0210986316928,81.22020323744675,137.0662859380941,19.733727388545475
63,7,306.8487265463601,617.0210986316928,74.54053481683668,137.7282274177764,14.744134086872958
63,8,306.8487265463601,617.0210986316928,83.5227746752575,202.39984275384538,11.82584708338535
63,9,306.8487265463601,617.0210986316928,28.67516350669608,246.73447117661664,11.58590539320651
63,10,306.8487265463601,617.0210986316928,66.8025458576635,338.08182024088774,12.882218145022328
63,11,306.8487265463601,617.0210986316928,51.17543808695844,215.4107403148495,16.544511641328054
64,0,384.00100085598655,556.9811724797339,119.0446468809051,284.43032689332273,21.08532863581585
64,1,384.00100085598655,556.9811724797339,56.88740735524401,266.76007173009907,24.591879046442664
64,2,384.00100085598655,556.9811724797339,30.85924887184955,246.79441866225537,26.65888494513682
64,3,384.00100085598655,556.9811724797339,98.2171442847576,126.3029052974182,27.979416394191496
64,4,384.00100085598655,556.9811724797339,127.08972881951269,96.99809484082913,24.314613071100187
64,5,384.00100085598655,556.9811724797339,114.17585090144343,94.70323032630074,25.255101863193335
64,6,384.00100085598655,556.9811724797339,111.6897562168264,96.3373730802702,21.34638694019841
64,7,384.00100085598655,556.9811724797339,105.77061999885771,131.0770669719492,17.444047282134658
64,8,384.00100085598655,556.9811724797339,89.63815251963898,204.24721461122473,15.333124041026984
64,9,384.00100085598655,556.9811724797339,84.08511212690844,260.4700327427214,11.113836214083282
64,10,384.00100085598655,556.9811724797339,55.91998748879906,258.60630480593625,11.367450951787617
64,11,384.00100085598655,556.9811724797339,97.40628938227009,269.2314463470961,16.091885566268456
65,0,364.4906327554246,569.0081861434469,122.13955072408686,257.5529048320214,19.136188050414358
65,1,364.4906327554246,569.0081861434469,117.20156400782298,228.6648496934066,24.059243964319233
65,2,364.4906327554246,569.0081861434469,50.82824401281697,301.8242243738448,25.486323085136693
65,3,364.4906327554246,569.0081861434469,121.94611044622084,200.24437760135413,27.664729648719224
65,4,364.4906327554246,569.0081861434469,82.45187904612298,83.02856635990709,26.129991877670175
65,5,364.4906327554246,569.0081861434469,102.08220654461307,79.23565174355264,22.461148171182742
65,6,364.4906327554246,569.0081861434469,111.004477409722,110.79237940868288,19.396961719864397
65,7,364.4906327554246,569.0081861434469,60.699697879214156,84.6307372166392,16.857922124684798
65,8,364.4906327554246,569.0081861434469,81.5788842998478,177.7236951592475,12.740554007189461
65,9,364.4906327554246,569.0081861434469,106.89085100702668,251.91398034187108,11.95179708044252
65,10,364.4906327554246,569.0081861434469,57.79898149037058,306.55601250174226,11.787888190431316
65,11,364.4906327554246,569.0081861434469,71.87136720415249,231.10771186562332,16.20590131312585
66,0,257.6055726951634,547.7904239417032,97.37756564072293,240.03652462528296,19.943799907767442
66,1,257.6055726951634,547.7904239417032,29.378401164162653,272.55715106542834,22.144043253066588
66,2,257.6055726951634,547.7904239417032,39.07955734994415,253.38415035231557,26.352818369283128
66,3,257.6055726951634,547.7904239417032,70.59596682139826,198.25905148123434,26.2491008581615
66,4,257.6055726951634,547.7904239417032,44.585202207214415,92.74169121733,28.373298828923573
66,5,257.6055726951634,547.7904239417032,65.06191192983863,76.26479888598953,23.24572126261693
66,6,257.6055726951634,547.7904239417032,125.40142772256195,93.22101873762315,18.042818850407524
66,7,257.6055726951634,547.7904239417032,98.80063279213842,110.09293905500209,16.245389542503656
66,8,257.6055726951634,547.7904239417032,114.18390828452227,186.15930998032155,13.586685760602656
66,9,257.6055726951634,547.7904239417032,55.70581088518944,360.16992969364696,13.105224952869055
66,10,257.6055726951634,547.7904239417032,111.21431183989094,310.07547617546027,12.980954857777332
66,11,257.6055726951634,547.7904239417032,83.36529584058702,278.0085488258387,16.11745622611679
67,0,376.1894743033385,800.2317589315811,124.5342851012368,239.1033412113818,19.62672275287137
67,1,376.1894743033385,800.2317589315811,71.17361551549743,232.6737491669357,25.512508781851512
67,2,376.1894743033385,800.2317589315811,97.375390254507,204.99140383386325,27.219010319009097
67,3,376.1894743033385,800.2317589315811,102.21148917887,134.98439707478025,28.15942204503897
67,4,376.1894743033385,800.2317589315811,143.1581214107697,90.29283442537859,29.757639981625978
67,5,376.1894743033385,800.2317589315811,103.69914346472157,84.23229098630841,23.789969862212768
67,6,376.1894743033385,800.2317589315811,62.593653914687295,85.32564590087445,20.069994695252326
67,7,376.1894743033385,800.2317589315811,95.64496377828888,119.1965212161056,15.628573923187288
67,8,376.1894743033385,800.2317589315811,145.74036493878796,225.07646527483863,14.402478532304503
67,9,376.1894743033385,800.2317589315811,67.03992692156096,288.1401961239819,11.604571003405747
67,10,376.1894743033385,800.2317589315811,42.839350031860796,252.51106303719126,14.518101176937378
67,11,376.1894743033385,800.2317589315811,70.17345821620194,297.96652114812974,16.91228011877962
68,0,466.7911436660737,565.1930156174066,114.36016250140781,217.07799181953172,20.795711442545688
68,1,466.7911436660737,565.1930156174066,37.86359395586734,216.40903342911787,23.549192032052332
68,2,466.7911436660737,565.1930156174066,56.549184613524446,267.78942927320804,27.177720250096094
68,3,466.7911436660737,565.1930156174066,157.02051353913305,157.12027317164976,28.427920273656934
68,4,466.7911436660737,565.1930156174066,79.39794197357374,103.87442284448345,28.45231508025131
68,5,466.7911436660737,565.1930156174066,81.2600045809606,93.50791442537398,22.063793746460632
68,6,466.7911436660737,565.1930156174066,94.93135269915022,96.8734754049287,19.21237315457401
68,7,466.7911436660737,565.1930156174066,93.55786503573684,113.82895000517725,14.143075153235598
68,8,466.7911436660737,565.1930156174066,67.93845586316465,255.94982864731173,13.337926477243084
68,9,466.7911436660737,565.1930156174066,79.41709156831433,284.7472932053808,11.120974724694618
68,10,466.7911436660737,565.1930156174066,38.12214938825338,364.5924383057906,13.986418268113043
68,11,466.7911436660737,565.1930156174066,102.75482106313967,265.1852346277091,15.239840773266266
69,0,708.6181171391634,654.3062569313654,93.36026730354985,255.06766782377804,19.58507259969354
69,1,708.6181171391634,654.3062569313654,151.6054642525706,233.28878005509628,22.73628473559845
69,2,708.6181171391634,654.3062569313654,66.78643091862938,242.0147726087085,27.742405124713905
69,3,708.6181171391634,654.3062569313654,72.73749666701795,212.73592698321227,27.432682289939212
69,4,708.6181171391634,654.3062569313654,67.16993340664904,94.61608976237564,27.355652104897658
69,5,708.6181171391634,654.3062569313654,78.34211426165082,77.45287890645594,21.92934624525884
69,6,708.6181171391634,654.3062569313654,107.04364287042799,102.4542858008495,19.041084828842074
69,7,708.6181171391634,654.3062569313654,118.89650240047568,145.33077500248052,14.557239919554089
69,8,708.6181171391634,654.3062569313654,76.02661255977304,241.41858992543396,13.160636717237159
69,9,708.6181171391634,654.3062569313654,84.17755044512116,214.0459168982662,12.852194071161422
69,10,708.6181171391634,654.3062569313654,67.30745288974869,272.61029704983315,14.112807831938753
69,11,708.6181171391634,654.3062569313654,116.37691196814471,291.35549037297926,15.667096071777326
70,0,526.6375246876023,662.1525852096345,56.11857732352852,239.00101892530628,19.981494258187787
70,1,526.6375246876023,662.1525852096345,64.10448028995702,324.48728827492806,24.297709072328633
70,2,526.6375246876023,662.1525852096345,84.78566723902634,326.9967417649255,27.357570489040853
70,3,526.6375246876023,662.1525852096345,90.23829039992933,188.98572333579142,28.75468180499872
70,4,526.6375246876023,662.1525852096345,48.13109747682078,126.0812353652861,26.590244117748764
70,5,526.6375246876023,662.1525852096345,70.42933530862285,101.91651234709641,24.37723867496479
70,6,526.6375246876023,662.1525852096345,79.37595154153149,88.02136457206291,19.503924279998177
70,7,526.6375246876023,662.1525852096345,103.71056026878158,101.32278998588862,14.108528941196875
70,8,526.6375246876023,662.1525852096345,66.34966374374395,178.8850472967632,12.531052034263212
70,9,526.6375246876023,662.1525852096345,67.80728805693336,314.9809886018255,13.845209953312423
70,10,526.6375246876023,662.1525852096345,143.67817945876655,301.92383250219814,13.279473189442632
70,11,526.6375246876023,662.1525852096345,116.12144551917311,264.3076008644924,15.00456315558867
71,0,325.4404384900936,381.66319106261335,149.4491532646264,258.241450784757,18.297320583266504
71,1,325.4404384900936,381.66319106261335,139.01328473197094,364.53283363655913,24.9288635987148
71,2,325.4404384900936,381.66319106261335,107.17616521822738,217.94620698562184,25.991591844952524
71,3,325.4404384900936,381.66319106261335,116.8196511875613,207.33639765720957,28.23046433349095
71,4,325.4404384900936,381.66319106261335,34.592569005873,100.74442239800345,28.35998476526454
71,5,325.4404384900936,381.66319106261335,50.544818971193514,70.45661420262469,23.743443731006884
71,6,325.4404384900936,381.66319106261335,77.76360774982984,102.34506681164022,18.65979558224285
71,7,325.4404384900936,381.66319106261335,113.40917119095064,123.66437121721398,14.33996366905761
71,8,325.4404384900936,381.66319106261335,91.13699344731616,235.53896450814392,13.739312665612891
71,9,325.4404384900936,381.66319106261335,68.54975899904815,329.02560855859014,13.706582980291525
71,10,325.4404384900936,381.66319106261335,50.63155281830509,337.9045880831232,13.08748338456306
71,11,325.4404384900936,381.66319106261335,127.09064630431916,292.1393054166363,18.240431672971734
72,0,323.88906991117864,734.4832117252232,54.0180525949669,242.30156139535688,19.671716031017414
72,1,323.88906991117864,734.4832117252232,91.87593889045336,313.08538071552994,23.98333538510231
72,2,323.88906991117864,734.4832117252232,89.35074511380067,218.20786379781046,27.249358635059277
72,3,323.88906991117864,734.4832117252232,77.61693795217589,222.6200149583381,28.183166770117126
72,4,323.88906991117864,734.4832117252232,91.2908049708989,102.72100903962647,26.116473101053685
72,5,323.88906991117864,734.4832117252232,93.80549618726013,106.93573327515148,23.887586290983954
72,6,323.88906991117864,734.4832117252232,134.34269794980662,98.16716232429022,19.70592723624899
72,7,323.88906991117864,734.4832117252232,59.38544399050589,142.79404411524382,14.86093758154109
72,8,323.88906991117864,734.4832117252232,78.2780630545038,207.93964904340442,11.488485852218787
72,9,323.88906991117864,734.4832117252232,56.356236801870935,234.729485771877,11.882956310668895
72,10,323.88906991117864,734.4832117252232,127.52727754838668,333.2419059545301,15.188747633235831
72,11,323.88906991117864,734.4832117252232,109.80832140856354,275.21939730147807,15.435088477990622
73,0,415.3803388471295,628.5459385727737,95.53480869666123,287.1049941711791,18.988780628059057
73,1,415.3803388471295,628.5459385727737,91.79500574638517,213.41847941411933,25.060776820331533
73,2,415.3803388471295,628.5459385727737,81.60729056018535,285.7856462285153,26.30947229175304
73,3,415.3803388471295,628.5459385727737,99.94813264527113,200.92790067623048,27.04423347430152
73,4,415.3803388471295,628.5459385727737,114.86428911739117,79.30638237679423,26.206594790752835
73,5,415.3803388471295,628.5459385727737,110.58209543015008,74.57705783180353,23.663340111162594
73,6,415.3803388471295,628.5459385727737,89.24367514527445,103.09117972780761,21.10033953308107
73,7,415.3803388471295,628.5459385727737,115.30349344944923,117.36925295581763,17.198973050096388
73,8,415.3803388471295,628.5459385727737,87.29980938164448,241.22879591536258,11.765223629059886
73,9,415.3803388471295,628.5459385727737,19.520905045448572,324.01505130793726,12.125445578130423
73,10,415.3803388471295,628.5459385727737,122.70343340071739,263.3953646678421,11.901702218785545
73,11,415.3803388471295,628.5459385727737,76.01687903568806,247.53986521070482,16.012881074568753
74,0,436.94822684765137,389.7408489627803,72.12311168496387,296.9207508704396,19.073931405243073
74,1,436.94822684765137,389.7408489627803,104.99711282060775,354.35372038936856,25.850829928459184
74,2,436.94822684765137,389.7408489627803,87.8916388353245,228.49098045106905,26.587757152561682
74,3,436.94822684765137,389.7408489627803,78.9872667393896,194.13735883724988,27.59229847042047
74,4,436.94822684765137,389.7408489627803,85.66785928827109,111.34503557964473,25.703252228589317
74,5,436.94822684765137,389.7408489627803,109.00032832891036,74.05832702657274,23.664126866833378
74,6,436.94822684765137,389.7408489627803,91.03309929524065,92.6517698444034,20.019110040672523
74,7,436.94822684765137,389.7408489627803,85.38498577009874,138.45044549692864,14.793139716172243
74,8,436.94822684765137,389.7408489627803,55.111754909618924,114.17927138535543,10.10097843344292
74,9,436.94822684765137,389.7408489627803,118.67016781644612,187.45696413126112,10.564033247678648
74,10,436.94822684765137,389.7408489627803,54.41061333564072,238.3672552280182,13.44667585544303
74,11,436.94822684765137,389.7408489627803,67.10628499941501,157.44436277585703,16.109059302306502
75,0,545.6091361134743,775.6873901027253,102.2235689157552,252.70491493125087,21.35269314236372
75,1,545.6091361134743,775.6873901027253,77.03829159995169,244.53816543261425,22.564686679452755
75,2,545.6091361134743,775.6873901027253,100.43350025373825,269.35709726549936,28.07336804540686
75,3,545.6091361134743,775.6873901027253,54.322845788781294,176.02412439798252,29.90760857838555
75,4,545.6091361134743,775.6873901027253,84.59249926338644,86.55770389560014,24.564365835324434
75,5,545.6091361134743,775.6873901027253,110.15344444303011,89.503179108707,23.281306335173685
75,6,545.6091361134743,775.6873901027253,125.59133984301022,126.15733990057139,22.271651321672213
75,7,545.6091361134743,775.6873901027253,79.87416103905723,119.07701946810847,15.636765507355722
75,8,545.6091361134743,775.6873901027253,95.84259934821429,120.18963775603164,13.754126816263767
75,9,545.6091361134743,775.6873901027253,102.1833982145606,266.9662451793016,11.824569454488017
75,10,545.6091361134743,775.6873901027253,152.90364757665986,312.8015723964969,12.855438680667536
75,11,545.6091361134743,775.6873901027253,59.96682573364667,206.88332871956578,17.137581557043823
76,0,341.3648780417906,715.4392238273165,137.24385962606544,242.23872332730514,20.45355299896295
76,1,341.3648780417906,715.4392238273165,62.86262238628189,355.0129229994486,24.712606128361458
76,2,341.3648780417906,715.4392238273165,98.66301814599183,190.36866398652828,27.252238559150932
76,3,341.3648780417906,715.4392238273165,122.34460915584495,178.4166779240797,27.806287575188016
76,4,341.3648780417906,715.4392238273165,51.647763372970125,118.28587435228519,26.884751863835646
76,5,341.3648780417906,715.4392238273165,106.39961913160462,56.61698416153874,23.413256197881307
76,6,341.3648780417906,715.4392238273165,40.74756539957729,119.53182656671721,19.325073460392208
76,7,341.3648780417906,715.4392238273165,108.52990056670683,86.19186687851679,15.55790359121722
76,8,341.3648780417906,715.4392238273165,94.59863474900672,191.30888774538326,13.83272221042893
76,9,341.3648780417906,715.4392238273165,144.86422282460006,276.7326448316706,11.65502914666664
76,10,341.3648780417906,715.4392238273165,99.3976498845233,329.33312010953273,13.571847727072774
76,11,341.3648780417906,715.4392238273165,105.80818312799308,244.1594253667372,15.146693847782036
77,0,554.3526603750615,635.1992863056855,83.03572591193834,271.3727351439082,21.01288653495324
77,1,554.3526603750615,635.1992863056855,124.42140510207744,296.45937591264584,24.073227293613204
77,2,554.3526603750615,635.1992863056855,72.26858156431427,278.9908730396786,26.852396232565695
77,3,554.3526603750615,635.1992863056855,61.22127357104267,155.9587806564974,29.157036478225905
77,4,554.3526603750615,635.1992863056855,88.86249430120861,100.17934869440943,27.87280591799509
77,5,554.3526603750615,635.1992863056855,107.94220262341499,95.80593990787449,23.840725916095163
77,6,554.3526603750615,635.1992863056855,107.07311532468462,84.76919514768821,20.882074867144798
77,7,554.3526603750615,635.1992863056855,87.78750111696385,151.16234601093674,18.03010835986731
77,8,554.3526603750615,635.1992863056855,77.89337710936528,204.13403328807362,13.41236451439771
77,9,554.3526603750615,635.1992863056855,45.11509645921757,278.50497819326796,9.526087735747652
77,10,554.3526603750615,635.1992863056855,47.506336493963836,304.17037021354537,13.176943917452174
77,11,554.3526603750615,635.1992863056855,86.78979327427277,248.3953061417119,15.542442602749022
78,0,337.59851232435705,523.8466880655915,109.421893117463,232.3555969387899,19.010447012439233
78,1,337.59851232435705,523.8466880655915,135.3377064894399,266.65010426995514,23.132195746109602
78,2,337.59851232435705,523.8466880655915,122.28555207071311,322.7037850243783,28.12807242444596
78,3,337.59851232435705,523.8466880655915,112.69114184477215,184.2319912760156,27.80548425411213
78,4,337.59851232435705,523.8466880655915,80.95546546513486,92.65634329132413,28.018072383930832
78,5,337.59851232435705,523.8466880655915,51.212385424983395,88.87752783946868,23.693753659081285
78,6,337.59851232435705,523.8466880655915,83.72463190936718,90.31416187045293,20.194415976712623
78,7,337.59851232435705,523.8466880655915,72.29514508070217,128.28924427650142,17.919205829978516
78,8,337.59851232435705,523.8466880655915,74.90055696478414,208.94616440610793,13.78396084341101
78,9,337.59851232435705,523.8466880655915,110.04021695893678,300.0360151379306,11.589453807960806
78,10,337.59851232435705,523.8466880655915,76.22190083581111,304.1451145694442,14.312260047579077
78,11,337.59851232435705,523.8466880655915,79.05660123862252,298.81347847923666,16.523840503723598
79,0,297.2152482544222,493.67102569645317,94.35641440539987,187.31364548664564,21.332100518495867
79,1,297.2152482544222,493.67102569645317,99.95786636770228,264.71694733631125,24.663213459476207
79,2,297.2152482544222,493.67102569645317,97.13234292395465,194.25098668170807,28.287527007137392
79,3,297.2152482544222,493.67102569645317,125.24078600248846,142.51954617171214,27.869618222553015
79,4,297.2152482544222,493.67102569645317,47.69910850879842,113.28633196873763,28.265493926826466
79,5,297.2152482544222,493.67102569645317,141.18546419362804,100.4203462831497,25.975358687217692
79,6,297.2152482544222,493.67102569645317,79.68031940791177,62.20381006171846,21.048381275842438
79,7,297.2152482544222,493.67102569645317,60.25520676763139,110.88058234209014,15.712120959893682
79,8,297.2152482544222,493.67102569645317,124.40584552654752,207.65232497001915,12.798169714479533
79,9,297.2152482544222,493.67102569645317,27.552590455694407,274.1418974612092,12.76664492909745
79,10,297.2152482544222,493.67102569645317,97.27181890780135,273.7418301626624,12.855658629734721
79,11,297.2152482544222,493.67102569645317,26.730912649833137,319.7729882145921,17.00595170938203
80,0,452.53246439546615,581.4065800836528,123.04547712048043,258.19474728881556,20.088641848152015
80,1,452.53246439546615,581.4065800836528,71.04795523431278,297.8677846008489,23.309358550292746
80,2,452.53246439546615,581.4065800836528,182.37987780452806,283.8372562406292,27.958118657453706
80,3,452.53246439546615,581.4065800836528,55.67693353470357,184.5095589905613,27.64647984967618
80,4,452.53246439546615,581.4065800836528,139.30204594299136,97.64354828466256,27.476613196480017
80,5,452.53246439546615,581.4065800836528,83.79914321843818,63.030037158658075,24.11567151708632
80,6,452.53246439546615,581.4065800836528,86.44850591803595,73.3811668001416,19.39700914587309
80,7,452.53246439546615,581.4065800836528,71.75758128332649,107.38473052484868,15.446394034984689
80,8,452.53246439546615,581.4065800836528,69.72452754856495,188.9280332991176,11.649950652569139
80,9,452.53246439546615,581.4065800836528,78.77888076451333,259.77761641510403,11.806140520960883
80,10,452.53246439546615,581.4065800836528,133.028659584587,282.43119849598014,13.070657754071505
80,11,452.53246439546615,581.4065800836528,112.27313773867087,300.9583718536307,16.580028333429723
81,0,326.7262310405413,546.1412910843242,109.77753953056845,255.69858810141898,21.52852033659459
81,1,326.7262310405413,546.1412910843242,58.63169106664869,323.5586111551208,22.127713343012278
81,2,326.7262310405413,546.1412910843242,93.7655670825294,273.7922405546656,26.17220918900574
81,3,326.7262310405413,546.1412910843242,111.40743204371185,178.437240690536,29.158643137135172
81,4,326.7262310405413,546.1412910843242,55.479141419812294,74.57436399763758,27.898887575560373
81,5,326.7262310405413,546.1412910843242,113.7332411567351,108.67350423229054,25.100095156314005
81,6,326.7262310405413,546.1412910843242,128.49815836635997,106.88842275069086,18.281702968785826
81,7,326.7262310405413,546.1412910843242,98.96488884167292,125.18661185114166,16.909046855271164
81,8,326.7262310405413,546.1412910843242,92.94030159461248,204.68188192576758,13.381459363885211
81,9,326.7262310405413,546.1412910843242,105.96662149913602,179.99450126783472,12.212272938009646
81,10,326.7262310405413,546.1412910843242,67.50700812720876,272.23252599794404,12.197868950690813
81,11,326.7262310405413,546.1412910843242,122.01163344318726,301.9378151332512,16.73907814114004
82,0,534.4104224188994,718.4530668919369,147.2693141013877,287.224147174897,19.622089833283443
82,1,534.4104224188994,718.4530668919369,86.61833893808462,298.8868106181182,23.219714609817377
82,2,534.4104224188994,718.4530668919369,97.96711064990495,288.4733059172387,27.820224648304308
82,3,534.4104224188994,718.4530668919369,77.7497411258547,223.00847172297404,26.670790963108768
82,4,534.4104224188994,718.4530668919369,77.43753880705255,93.04047422334979,26.735219883209567
82,5,534.4104224188994,718.4530668919369,74.57003310961136,95.39458759057611,23.181779705851586
82,6,534.4104224188994,718.4530668919369,65.30479225530433,88.47900085974885,19.8999069716951
82,7,534.4104224188994,718.4530668919369,121.35464450534002,134.2931852416154,16.594262705758943
82,8,534.4104224188994,718.4530668919369,81.01756104207558,193.49493647689764,12.705933670099196
82,9,534.4104224188994,718.4530668919369,85.91907769176483,197.08510389280727,11.460408229405447
82,10,534.4104224188994,718.4530668919369,93.3994582101101,332.9320627163506,13.670923150496348
82,11,534.4104224188994,718.4530668919369,60.19347701919689,377.4246167235285,16.76429079363161
83,0,667.7667733763312,675.2086937273605,120.23273728018057,258.91971103184744,20.419829456827262
83,1,667.7667733763312,675.2086937273605,116.1184798310911,182.19021274525863,25.07152963682907
83,2,667.7667733763312,675.2086937273605,131.48816676948658,256.14432750770663,27.27245438411111
83,3,667.7667733763312,675.2086937273605,46.97487388195671,167.3850603231938,27.742859167103905
83,4,667.7667733763312,675.2086937273605,96.9710878714336,80.5640804524544,27.809233011456495
83,5,667.7667733763312,675.2086937273605,130.2956342184885,80.81803100605177,24.99406414348156
83,6,667.7667733763312,675.2086937273605,39.86927268723175,84.72366406703242,21.13679623075574
83,7,667.7667733763312,675.2086937273605,74.12676206344749,114.6127269389615,17.251430556833494
83,8,667.7667733763312,675.2086937273605,54.249428789069434,202.16672473108898,11.728098778377799
83,9,667.7667733763312,675.2086937273605,92.09423596760591,204.18505982151143,13.143628333833115
83,10,667.7667733763312,675.2086937273605,100.9262961399962,270.02847327748526,13.347826257348952
83,11,667.7667733763312,675.2086937273605,95.93899917884804,216.16733416161938,17.544033730719438
84,0,289.61649873666533,728.8946827627376,77.3487351335738,212.2731478931228,19.63204702742842
84,1,289.61649873666533,728.8946827627376,104.30631640004647,263.01763808292685,23.02453833940734
84,2,289.61649873666533,728.8946827627376,61.89863266425498,262.1778119921496,27.45261862384982
84,3,289.61649873666533,728.8946827627376,124.10160311748861,233.6981939586958,28.444935694740384
84,4,289.61649873666533,728.8946827627376,88.67839361394546,77.93987421548934,26.813512849991852
84,5,289.61649873666533,728.8946827627376,31.615155750782634,96.80056470334954,23.41595150666592
84,6,289.61649873666533,728.8946827627376,85.23693505074922,79.18764908430074,20.11048075978069
84,7,289.61649873666533,728.8946827627376,102.43842023010542,123.17286055379766,17.58406365094223
84,8,289.61649873666533,728.8946827627376,13.0725395431394,158.9824888949487,13.301575043111837
84,9,289.61649873666533,728.8946827627376,165.8503825356747,315.5078373213311,11.793335534068438
84,10,289.61649873666533,728.8946827627376,70.82525247132199,254.6898388364436,12.04399771647956
84,11,289.61649873666533,728.8946827627376,33.08464349459546,273.47937737549205,15.327752112576768
85,0,434.08657503190494,624.1006369956905,123.54855780034818,198.163925331248,19.580242202529327
85,1,434.08657503190494,624.1006369956905,138.406471321687,267.90921648235167,23.14977433241074
85,2,434.08657503190494,624.1006369956905,122.38276809562235,337.52718382901486,25.115685532519894
85,3,434.08657503190494,624.1006369956905,98.74346128128228,143.54093852476908,26.35714631242799
85,4,434.08657503190494,624.1006369956905,84.96551411991052,116.00487268695599,25.857900311053474
85,5,434.08657503190494,624.1006369956905,145.71870576936774,75.47614468989904,24.551994765371884
85,6,434.08657503190494,624.1006369956905,113.2561724226432,123.38179899423398,20.669299613260158
85,7,434.08657503190494,624.1006369956905,36.961116580752744,134.32289456890683,16.461860763379192
85,8,434.08657503190494,624.1006369956905,123.50543340162551,189.81898374410514,13.560300596132313
85,9,434.08657503190494,624.1006369956905,126.99714007735088,275.0990206490272,11.915632811286416
85,10,434.08657503190494,624.1006369956905,36.601372533579266,267.1129044473221,12.669672822151336
85,11,434.08657503190494,624.1006369956905,40.856950359602735,178.1160341045723,15.902204871173927
86,0,459.68744003835565,582.1409621682251,129.01403821741974,210.06965044557228,20.956347981674856
86,1,459.68744003835565,582.1409621682251,88.00116479684817,357.0004374377789,25.124139549245708
86,2,459.68744003835565,582.1409621682251,71.94237115688478,234.18619018494098,27.88699484673218
86,3,459.68744003835565,582.1409621682251,74.71318086824836,167.93159711102746,28.719379023517565
86,4,459.68744003835565,582.1409621682251,123.27307231781484,99.43986311935096,26.55000098033557
86,5,459.68744003835565,582.1409621682251,80.94101482807434,71.11737733147058,23.18302643747118
86,6,459.68744003835565,582.1409621682251,55.90506787583259,114.99149411728524,19.90951262401353
86,7,459.68744003835565,582.1409621682251,107.33860820542206,121.89709252315856,17.25847617162655
86,8,459.68744003835565,582.1409621682251,84.86804380623796,206.18889927339663,13.018244148017166
86,9,459.68744003835565,582.1409621682251,93.02444033304833,231.83015942824787,12.90484021225122
86,10,459.68744003835565,582.1409621682251,93.42335098647457,291.6857182145697,13.724456429645155
86,11,459.68744003835565,582.1409621682251,28.343580333579503,212.16352047698655,17.258687696921843
87,0,379.3728072141379,572.2014938156365,90.0053931485862,266.823910339822,19.45366800475328
87,1,379.3728072141379,572.2014938156365,87.26109021462639,203.0701010167518,24.301630537904472
87,2,379.3728072141379,572.2014938156365,98.85700519242017,324.88568214066737,28.696786579388696
87,3,379.3728072141379,572.2014938156365,98.78215650665196,141.0712723763719,27.05676016339811
87,4,379.3728072141379,572.2014938156365,97.52202889323786,73.33648150535683,28.20384224138157
87,5,379.3728072141379,572.2014938156365,91.57116904105337,100.97104366447941,23.95984287327938
87,6,379.3728072141379,572.2014938156365,113.24556576569263,105.04554456060701,20.215298531245075
87,7,379.3728072141379,572.2014938156365,93.06720760024196,85.63593185482549,14.951282413761389
87,8,379.3728072141379,572.2014938156365,137.1974581158461,187.32753247722928,14.03097923681277
87,9,379.3728072141379,572.2014938156365,75.95352081421473,272.5948054791462,11.23614202386151
87,10,379.3728072141379,572.2014938156365,74.80008995136288,229.01078821152734,13.63728253407625
87,11,379.3728072141379,572.2014938156365,141.31246455396627,293.902361675609,16.87150993394575
88,0,452.97712019774974,566.548479497991,99.31353648163925,263.4709544128394,20.84902275673338
88,1,452.97712019774974,566.548479497991,85.87966948533673,245.0019496187271,23.466911442191872
88,2,452.97712019774974,566.548479497991,47.46800383427847,208.3131643600264,26.491327982691168
88,3,452.97712019774974,566.548479497991,101.64882067090774,183.516924984283,29.242320066292336
88,4,452.97712019774974,566.548479497991,45.0385329757243,92.3050909128655,26.348521881898698
88,5,452.97712019774974,566.548479497991,68.74495069687057,79.68302846142437,25.041120178132147
88,6,452.97712019774974,566.548479497991,81.89949037139434,110.48978992284135,19.05073544658754
88,7,452.97712019774974,566.548479497991,127.38094958612825,141.8933888807505,13.849611535574322
88,8,452.97712019774974,566.548479497991,117.6716144219773,199.52556582555135,14.63995502018245
88,9,452.97712019774974,566.548479497991,98.51633036849526,219.27368966546697,12.632259625021046
88,10,452.97712019774974,566.548479497991,107.53334010170894,304.8381869399458,13.072025445579584
88,11,452.97712019774974,566.548479497991,84.86505456674894,255.9433669824363,16.366330679721678
89,0,373.7468810228731,581.0360791442889,111.78797098904482,243.6150817799758,19.67275742450636
89,1,373.7468810228731,581.0360791442889,88.74682463152733,284.9082017043801,24.008969986101174
89,2,373.7468810228731,581.0360791442889,106.4225131173959,286.7836910423938,25.54057448376642
89,3,373.7468810228731,581.0360791442889,106.38365651576513,153.03362570084573,27.953944216342954
89,4,373.7468810228731,581.0360791442889,24.35696342479804,105.37281632878796,26.112753245154988
89,5,373.7468810228731,581.0360791442889,38.45402302065326,92.8466125584678,22.468138465737233
89,6,373.7468810228731,581.0360791442889,10.670504817092763,70.7486969170125,19.525581162219225
89,7,373.7468810228731,581.0360791442889,16.004728419182257,107.99039609131886,15.01467126615361
89,8,373.7468810228731,581.0360791442889,74.71941659873592,179.1192682484178,15.022183229142554
89,9,373.7468810228731,581.0360791442889,83.31361741584497,320.8670939500521,12.222570959989286
89,10,373.7468810228731,581.0360791442889,122.16873114957419,287.06340520204895,14.051501780433256
89,11,373.7468810228731,581.0360791442889,155.50564595251407,241.3718154175195,15.196749976320609
90,0,288.3997917754912,640.6664606170143,75.35887869948833,235.94813641312675,19.17634337262262
90,1,288.3997917754912,640.6664606170143,128.30795049475887,246.7507550516532,24.88711825313004
90,2,288.3997917754912,640.6664606170143,132.12955381110953,224.41528372538528,26.231077205447022
90,3,288.3997917754912,640.6664606170143,108.93478688354288,173.51383676937263,27.21980098792278
90,4,288.3997917754912,640.6664606170143,33.421326254323255,115.90700793971207,26.166175918494346
90,5,288.3997917754912,640.6664606170143,54.15662313709626,90.0190536806243,23.650640682420065
90,6,288.3997917754912,640.6664606170143,58.09875846640816,101.15821639640731,20.956338821013052
90,7,288.3997917754912,640.6664606170143,101.30658972487224,123.2615987962567,15.180727849854456
90,8,288.3997917754912,640.6664606170143,131.91728758497595,193.94696952586804,12.939830322998805
90,9,288.3997917754912,640.6664606170143,53.52860224157751,237.7212204470181,11.23046183355935
90,10,288.3997917754912,640.6664606170143,70.15157534586014,328.8340072216523,12.582818729541838
90,11,288.3997917754912,640.6664606170143,86.82927490448213,272.94888022824426,16.677725749108017
91,0,496.9645380200641,625.2165735050236,101.86864359275242,234.7446729371246,20.241560762480777
91,1,496.9645380200641,625.2165735050236,65.53556997073579,267.57008908813077,23.469439960891016
91,2,496.9645380200641,625.2165735050236,125.52223771253888,282.18373719548475,29.891218196211206
91,3,496.9645380200641,625.2165735050236,103.45532811362334,111.75153363407298,29.662309002437453
91,4,496.9645380200641,625.2165735050236,127.29166110983049,95.10896424663842,27.603134421410736
91,5,496.9645380200641,625.2165735050236,60.493224632551645,78.52567271505983,23.518921960280444
91,6,496.9645380200641,625.2165735050236,115.87480944019545,107.64907455251426,20.22781970762389
91,7,496.9645380200641,625.2165735050236,55.72731615581615,130.17336458641154,15.434728923474447
91,8,496.9645380200641,625.2165735050236,112.93550702301309,181.62304292342137,12.916784472687127
91,9,496.9645380200641,625.2165735050236,105.87143042123083,221.7105749155733,12.13541472330039
91,10,496.9645380200641,625.2165735050236,113.91812789401793,353.15706258819597,13.46917803404137
91,11,496.9645380200641,625.2165735050236,115.20412146591826,267.2120872111589,15.564183520265209
92,0,376.83306674509555,598.6842342688993,110.74881301692533,231.9229580668513,19.65212824880729
92,1,376.83306674509555,598.6842342688993,78.67920021795862,258.33178616581233,24.257386330226772
92,2,376.83306674509555,598.6842342688993,146.51797892547773,258.1918287590182,27.946402418670264
92,3,376.83306674509555,598.6842342688993,40.02407649947057,199.54500205723807,28.93047943683466
92,4,376.83306674509555,598.6842342688993,130.29804942202955,102.07656829504639,27.666515721250697
92,5,376.83306674509555,598.6842342688993,95.64063962927553,90.96111425940563,23.303741160855957
92,6,376.83306674509555,598.6842342688993,80.03909945131082,98.46093855841322,18.307389379094882
92,7,376.83306674509555,598.6842342688993,56.9198648720066,117.48991791019172,16.438587862502526
92,8,376.83306674509555,598.6842342688993,74.0168451396822,228.0459333332567,14.163224911656245
92,9,376.83306674509555,598.6842342688993,73.6140820473235,161.13038749068826,11.667443765001348
92,10,376.83306674509555,598.6842342688993,16.7577878561178,338.23643845354206,13.850688405231875
92,11,376.83306674509555,598.6842342688993,100.6841784489946,236.78840612609415,14.097541378745564
93,0,458.7904385752437,888.3045186384827,39.76523228390881,230.08650222596273,19.516400031294104
93,1,458.7904385752437,888.3045186384827,63.22981532947117,258.60712572666813,24.78136060429273
93,2,458.7904385752437,888.3045186384827,40.42113006227184,224.637453636766,27.189348650292334
93,3,458.7904385752437,888.3045186384827,151.9522242446795,202.45848936169213,28.16624849679884
93,4,458.7904385752437,888.3045186384827,90.2611300713197,92.94535651054434,26.438694970500475
93,5,458.7904385752437,888.3045186384827,105.21825984792808,80.90394531177456,25.976347421263885
93,6,458.7904385752437,888.3045186384827,94.04741020612227,100.11655329963554,20.965409518204098
93,7,458.7904385752437,888.3045186384827,94.56585032030388,125.62721524157328,17.28197890579125
93,8,458.7904385752437,888.3045186384827,87.26144700306345,183.85672173659208,12.014956545027886
93,9,458.7904385752437,888.3045186384827,62.55780231080796,290.0252842580425,11.971656771375063
93,10,458.7904385752437,888.3045186384827,141.27765321831995,237.01696320823504,12.168365398372767
93,11,458.7904385752437,888.3045186384827,110.02193573237626,277.24397931573344,15.642122336151044
94,0,633.2094077856232,614.2381820346117,54.23449775968406,213.1131562469766,20.50004491964635
94,1,633.2094077856232,614.2381820346117,101.42012846828169,232.53832280708116,24.389663876482665
94,2,633.2094077856232,614.2381820346117,68.63075596091026,308.7277454637682,26.114544946716705
94,3,633.2094077856232,614.2381820346117,50.13269399389873,187.84275030801706,24.84345108997953
94,4,633.2094077856232,614.2381820346117,42.017786902490414,116.9024014590349,25.449339240179164
94,5,633.2094077856232,614.2381820346117,76.26220484272106,88.05122313925133,24.027370620608433
94,6,633.2094077856232,614.2381820346117,43.06156087984443,94.95440443640784,18.959497365925436
94,7,633.2094077856232,614.2381820346117,62.67853114107659,139.36779450101716,16.30725239378671
94,8,633.2094077856232,614.2381820346117,84.56569079126085,127.66987233707655,12.09707284973146
94,9,633.2094077856232,614.2381820346117,47.174726275461964,284.08781903659445,12.449877790229332
94,10,633.2094077856232,614.2381820346117,76.7433156879656,296.0818913874967,13.034549978654075
94,11,633.2094077856232,614.2381820346117,61.47260258002021,231.36382157090503,15.535384524671974
95,0,500.0082712992546,640.0541778684384,138.27765565508764,274.24953533817427,20.40962346502521
95,1,500.0082712992546,640.0541778684384,84.98485540831378,284.93889598956997,23.88118232083716
95,2,500.0082712992546,640.0541778684384,131.86624511742176,233.44521517316804,27.846099257784523
95,3,500.0082712992546,640.0541778684384,122.4964602130594,183.2255807115,27.84373391844074
95,4,500.0082712992546,640.0541778684384,117.47678564604935,82.75488545422319,25.910696205601038
95,5,500.0082712992546,640.0541778684384,71.16524081565859,77.47496129854603,23.774734095038436
95,6,500.0082712992546,640.0541778684384,81.797162932967,135.32792707020164,21.135289631629927
95,7,500.0082712992546,640.0541778684384,126.25694585719654,151.51526002716113,16.328352695826776
95,8,500.0082712992546,640.0541778684384,118.92693880308988,217.23799746283007,12.981130238442002
95,9,500.0082712992546,640.0541778684384,61.17098621855793,380.03194534693523,11.63136868170279
95,10,500.0082712992546,640.0541778684384,6.322651113476709,292.540819453365,10.839026067314588
95,11,500.0082712992546,640.0541778684384,91.863483128418,264.712503698364,16.27720510454137
96,0,536.2772639370065,575.6603601961956,68.51984547725955,241.2784113830675,17.936513117993805
96,1,536.2772639370065,575.6603601961956,98.89687284111754,274.81770535889257,23.408025024780112
96,2,536.2772639370065,575.6603601961956,119.1267574727786,282.2186020877296,27.24616625753288
96,3,536.2772639370065,575.6603601961956,111.31744875124343,167.05342796841904,28.937320322050944
96,4,536.2772639370065,575.6603601961956,77.46579094749274,100.81176468912791,27.43143541636753
96,5,536.2772639370065,575.6603601961956,25.787678032741695,85.65776755623658,25.221067061842152
96,6,536.2772639370065,575.6603601961956,124.05064028100355,84.0605259010131,18.941348969501217
96,7,536.2772639370065,575.6603601961956,107.20510318100321,103.66487234492911,14.97172396822873
96,8,536.2772639370065,575.6603601961956,75.73630941837223,213.37554293757623,13.215123632052226
96,9,536.2772639370065,575.6603601961956,93.29706662075047,250.8804218033855,11.603176192532118
96,10,536.2772639370065,575.6603601961956,91.17439499479347,299.8354421906399,12.970170575675231
96,11,536.2772639370065,575.6603601961956,85.83294558271238,259.3477406080836,17.652240642047673
97,0,701.4919314070598,719.5044023493754,85.32660368892232,190.57703805117748,18.450445914180666
97,1,701.4919314070598,719.5044023493754,97.7244222219973,248.51488192362,24.094364079097197
97,2,701.4919314070598,719.5044023493754,74.6401533188637,328.9460260668202,27.120805628020936
97,3,701.4919314070598,719.5044023493754,86.24220694843002,167.88171557405892,28.7438626481367
97,4,701.4919314070598,719.5044023493754,94.88729339484071,109.42477350979128,26.67491359480869
97,5,701.4919314070598,719.5044023493754,61.72333215084176,91.86048590302283,24.26888961317084
97,6,701.4919314070598,719.5044023493754,70.16667384171075,127.0320184111505,19.212164686748135
97,7,701.4919314070598,719.5044023493754,46.403460777811105,102.73244302670146,15.651036958261548
97,8,701.4919314070598,719.5044023493754,133.35287699426362,219.1907460599256,14.78209622229633
97,9,701.4919314070598,719.5044023493754,76.79905427611914,218.48356354006646,12.176038313721559
97,10,701.4919314070598,719.5044023493754,141.27607286831457,402.2578752804869,12.787984597656623
97,11,701.4919314070598,719.5044023493754,43.385624599221444,330.3545562179395,16.29162777472397
98,0,413.06763317544704,703.1436330330865,118.52501644184667,287.42805541955926,20.861144134318213
98,1,413.06763317544704,703.1436330330865,125.75613986037818,283.3657053919121,22.22406749693483
98,2,413.06763317544704,703.1436330330865,109.8990095237162,207.59661577686663,27.690675727444177
98,3,413.06763317544704,703.1436330330865,112.18830172326287,185.19959134521017,28.477545837844378
98,4,413.06763317544704,703.1436330330865,141.49865859179891,78.81333550109724,26.619044009175653
98,5,413.06763317544704,703.1436330330865,146.375511381374,74.4933263988475,22.546361637262013
98,6,413.06763317544704,703.1436330330865,57.1448744525028,117.95404085578829,19.534001245083996
98,7,413.06763317544704,703.1436330330865,33.357967504947936,125.746435403247,16.04234822950697
98,8,413.06763317544704,703.1436330330865,32.363242411812934,190.13365562813976,14.566271013720865
98,9,413.06763317544704,703.1436330330865,75.18835052253914,203.25706364103976,12.872215051749857
98,10,413.06763317544704,703.1436330330865,70.25089496242916,315.2307503735989,13.061474650263449
98,11,413.06763317544704,703.1436330330865,74.69320284174245,267.2193892170852,16.02516997786672
99,0,458.05995491886085,612.0407131193501,73.30317853451558,308.51505309780794,19.968132252231168
99,1,458.05995491886085,612.0407131193501,90.86580041653738,285.11606003020376,22.742330557439463
99,2,458.05995491886085,612.0407131193501,87.97742218175533,255.98559006291947,26.00060518047536
99,3,458.05995491886085,612.0407131193501,103.80473655100903,146.08795869206682,28.59682132576322
99,4,458.05995491886085,612.0407131193501,51.672810387822715,120.45610198324735,28.504528725382762
99,5,458.05995491886085,612.0407131193501,84.29017202932687,78.01736435530066,23.241877782824677
99,6,458.05995491886085,612.0407131193501,103.17680589284421,99.57332209656606,19.561351142075473
99,7,458.05995491886085,612.0407131193501,144.19476594679338,103.86015836021986,17.265619351426462
99,8,458.05995491886085,612.0407131193501,106.45175580157755,218.59342596680227,12.59454236374965
99,9,458.05995491886085,612.0407131193501,80.349195591415,252.46639177186185,12.250109807038676
99,10,458.05995491886085,612.0407131193501,104.68389076981188,265.5415788567945,12.428585618412306
99,11,458.05995491886085,612.0407131193501,116.6192749608448,287.3863954858195,16.264140347617055
100,0,416.4740579059098,724.1130110100823,95.39188832416134,249.2100948078917,19.42584899478263
100,1,416.4740579059098,724.1130110100823,85.06474446484435,327.90203568433174,23.637792102727246
100,2,416.4740579059098,724.1130110100823,74.24697766866838,251.39683495203448,27.525609290227152
100,3,416.4740579059098,724.1130110100823,50.45003855251424,208.1352631050194,28.326288893005184
100,4,416.4740579059098,724.1130110100823,101.82522959651033,105.12776731259912,26.901520212709993
100,5,416.4740579059098,724.1130110100823,51.27106316947343,105.33304867380303,24.216037758973528
100,6,416.4740579059098,724.1130110100823,95.43529630733724,111.67758031489892,18.904052313208073
100,7,416.4740579059098,724.1130110100823,61.59166808030762,115.51405357561497,16.75371107134531
100,8,416.4740579059098,724.1130110100823,68.57413238274316,163.18656547568267,12.84041876805164
100,9,416.4740579059098,724.1130110100823,98.555139554441,313.4583032321443,11.443988180589175
100,10,416.4740579059098,724.1130110100823,110.22134737305328,283.1793686863282,14.778870099964815
100,11,416.4740579059098,724.1130110100823,94.60024148790792,307.45696618744347,17.062285777296644
101,0,477.18918335319336,675.6937449923361,84.0228503597643,273.40074045796405,19.245847596842232
101,1,477.18918335319336,675.6937449923361,93.87304090766457,308.1790082243913,24.267148454332375
101,2,477.18918335319336,675.6937449923361,129.76701645303623,276.7185951479033,26.63862993076129
101,3,477.18918335319336,675.6937449923361,55.38513003715551,167.72210669178048,28.56517665395358
101,4,477.18918335319336,675.6937449923361,147.50857103546494,94.24421966261232,25.889042116242415
101,5,477.18918335319336,675.6937449923361,125.11885746498297,68.82579856819788,25.597291932467105
101,6,477.18918335319336,675.6937449923361,87.37481622665797,93.75764164631488,17.69948432322113
101,7,477.18918335319336,675.6937449923361,126.97852119889947,121.82546779534496,17.395303107236757
101,8,477.18918335319336,675.6937449923361,94.39889347112812,181.77809172801796,13.085830612149879
101,9,477.18918335319336,675.6937449923361,93.27777510675347,187.61373906651946,12.994523111690668
101,10,477.18918335319336,675.6937449923361,131.2602040981303,276.0395312944712,12.69902834861832
101,11,477.18918335319336,675.6937449923361,116.72443664212587,258.6420198486002,16.31403259440816
102,0,221.59258712516677,446.58987005282575,47.3483408221262,316.89954380454265,18.979317077005238
102,1,221.59258712516677,446.58987005282575,86.22377262882824,250.5705235107491,23.43458042265552
102,2,221.59258712516677,446.58987005282575,116.11728816452472,301.2286521223428,26.792258825520765
102,3,221.59258712516677,446.58987005282575,34.64218567649218,166.90659769479657,28.066770272495663
102,4,221.59258712516677,446.58987005282575,82.22598217985669,105.63427729929664,26.449161002141228
102,5,221.59258712516677,446.58987005282575,12.326992913473958,98.89387912062045,23.90087122590163
102,6,221.59258712516677,446.58987005282575,132.21426968639747,101.7338842213237,20.827340789745328
102,7,221.59258712516677,446.58987005282575,93.98196543734949,143.1723438470934,16.251173834210267
102,8,221.59258712516677,446.58987005282575,104.6992367401701,232.97334916265822,13.369416516696017
102,9,221.59258712516677,446.58987005282575,106.6608595266441,177.07978563025233,11.233785901919115
102,10,221.59258712516677,446.58987005282575,111.71264972136537,287.1788612657205,14.270068255876984
102,11,221.59258712516677,446.58987005282575,52.290897128229794,345.0841439976,16.35349216641074
103,0,377.01208186586723,450.65281503557713,119.89552617169858,267.86732832418346,20.702527842544544
103,1,377.01208186586723,450.65281503557713,66.02047112352605,237.46526906830331,23.839094875450844
103,2,377.01208186586723,450.65281503557713,81.51508257340387,178.10339284022905,29.23730635209786
103,3,377.01208186586723,450.65281503557713,150.55343503151897,163.86437153509615,27.53631771356667
103,4,377.01208186586723,450.65281503557713,63.98599723193743,87.04073519102738,27.61109176367285
103,5,377.01208186586723,450.65281503557713,105.48327201204415,106.41989959368044,25.686152411471973
103,6,377.01208186586723,450.65281503557713,121.18908523144053,109.97900525623594,21.11898122940326
103,7,377.01208186586723,450.65281503557713,63.094966740143626,114.08591909825499,15.81112989594177
103,8,377.01208186586723,450.65281503557713,93.12892993045153,188.6524163529801,13.940817125707714
103,9,377.01208186586723,450.65281503557713,89.20249778013564,201.47830453373624,11.938262623581943
103,10,377.01208186586723,450.65281503557713,101.66730305893216,340.70076147794094,12.213944585087079
103,11,377.01208186586723,450.65281503557713,123.8637845836588,266.4045238738001,16.264485608831386
104,0,436.3166326854705,485.89147365003686,109.62862203293147,239.6779794632469,17.358150069951392
104,1,436.3166326854705,485.89147365003686,107.34760232563526,367.5246561599218,25.262319308071003
104,2,436.3166326854705,485.89147365003686,33.51957137213666,223.66281415911578,26.943685712262035
104,3,436.3166326854705,485.89147365003686,87.14564556054343,165.8253886263531,28.137615138528396
104,4,436.3166326854705,485.89147365003686,126.27176876642275,118.45510115373084,27.37551781506683
104,5,436.3166326854705,485.89147365003686,83.22640890227359,86.38512415503563,26.283269481542437
104,6,436.3166326854705,485.89147365003686,85.21711774240774,97.90966423371204,19.89060753150092
104,7,436.3166326854705,485.89147365003686,109.71886341582919,133.31484879351032,15.053505445814318
104,8,436.3166326854705,485.89147365003686,85.49546286256083,175.80641111739348,13.127132091181373
104,9,436.3166326854705,485.89147365003686,86.50087944137475,238.374369643615,13.715017215828425
104,10,436.3166326854705,485.89147365003686,96.64348349238898,341.6547113461174,12.783203992736954
104,11,436.3166326854705,485.89147365003686,51.03259450117252,220.6579161865133,15.980959183087142
105,0,432.0621988652424,614.5520052137135,96.4638221527514,220.0969574591997,18.819324003112673
105,1,432.0621988652424,614.5520052137135,39.26489107586604,265.2775011052664,25.86996304445114
105,2,432.0621988652424,614.5520052137135,72.87905192996729,251.66679087191773,29.506516586948536
105,3,432.0621988652424,614.5520052137135,37.38107173986608,188.34637957786077,28.498066502350422
105,4,432.0621988652424,614.5520052137135,58.40218844908337,109.74712536723945,27.733687464222193
105,5,432.0621988652424,614.5520052137135,63.02141076693588,89.20649696079835,25.778668754603657
105,6,432.0621988652424,614.5520052137135,120.87094751065476,117.02238379170784,20.07786702342153
105,7,432.0621988652424,614.5520052137135,117.92139365933514,150.14444285252378,16.07536247654762
105,8,432.0621988652424,614.5520052137135,82.45738652598212,207.1563519453394,10.998840968765878
105,9,432.0621988652424,614.5520052137135,78.00227618399667,283.9206332196489,11.90711534997005
105,10,432.0621988652424,614.5520052137135,110.19985856284808,303.8353464101949,13.102700449662436
105,11,432.0621988652424,614.5520052137135,43.39534249342456,316.5425923807838,17.26634521504349
106,0,309.33588546504564,509.7496170443597,104.19934714837068,241.79929840881772,21.06116820224522
106,1,309.33588546504564,509.7496170443597,71.28815397074206,265.2608190695188,23.603811890236184
106,2,309.33588546504564,509.7496170443597,119.43441718895215,331.12814985745916,25.874722628715197
106,3,309.33588546504564,509.7496170443597,111.37703920404539,202.90364399864077,27.658633561602837
106,4,309.33588546504564,509.7496170443597,78.71740112051322,97.2581007544554,26.923872262540122
106,5,309.33588546504564,509.7496170443597,96.27473996575414,104.92875602353669,24.086889468379514
106,6,309.33588546504564,509.7496170443597,72.59333588432867,96.14809538719157,20.04063052265462
106,7,309.33588546504564,509.7496170443597,34.27850768781121,139.41563468395185,16.367734766265357
106,8,309.33588546504564,509.7496170443597,149.0707674582294,188.09408631592393,11.273605988028688
106,9,309.33588546504564,509.7496170443597,113.82037324809865,269.2415059037068,11.578508699769028
106,10,309.33588546504564,509.7496170443597,107.88611097322635,282.6826248520352,12.738169893383198
106,11,309.33588546504564,509.7496170443597,75.18673736313139,296.92535965668196,17.33681536828033
107,0,477.39774506300404,408.720301178048,77.39793566444524,262.0018523756085,20.04565368142537
107,1,477.39774506300404,408.720301178048,60.84631378103489,246.43071336164024,23.248437888719472
107,2,477.39774506300404,408.720301178048,127.8122926760941,256.2059635392987,25.909063135734538
107,3,477.39774506300404,408.720301178048,57.321866856995534,211.58084230088951,27.78005093113981
107,4,477.39774506300404,408.720301178048,76.55781245319915,111.4431504389893,26.388391342807726
107,5,477.39774506300404,408.720301178048,70.9001127964766,53.76199551732765,23.358591827038758
107,6,477.39774506300404,408.720301178048,34.084437512813686,105.40894680999371,21.815671042964095
107,7,477.39774506300404,408.720301178048,49.612607387856016,143.926381892419,16.151959824692586
107,8,477.39774506300404,408.720301178048,152.77560593811876,207.6908632553108,13.050310250076853
107,9,477.39774506300404,408.720301178048,111.28018275684279,214.73230322629846,11.508640504930485
107,10,477.39774506300404,408.720301178048,61.41058782089506,210.21378580532658,12.948546792795309
107,11,477.39774506300404,408.720301178048,69.69133197727429,303.2819300919201,15.734138383768942
108,0,321.57816960553447,524.6438098858106,140.30528856506078,260.0337024505461,18.873779422415872
108,1,321.57816960553447,524.6438098858106,91.11909142477126,293.7169887671836,24.65145250951356
108,2,321.57816960553447,524.6438098858106,48.392283164945646,279.2565844925458,26.891694922273125
108,3,321.57816960553447,524.6438098858106,46.853982428019144,179.79268556001756,26.615122081957733
108,4,321.57816960553447,524.6438098858106,127.93233983987173,121.35703277894305,28.13762113120514
108,5,321.57816960553447,524.6438098858106,103.70670157546209,100.33579451835259,22.91951965791756
108,6,321.57816960553447,524.6438098858106,133.4382595155187,129.08111223753914,20.67843026611442
108,7,321.57816960553447,524.6438098858106,81.44554081969184,114.64324231798297,15.84815241638417
108,8,321.57816960553447,524.6438098858106,44.48779283285248,184.37731740781382,13.551333776126965
108,9,321.57816960553447,524.6438098858106,77.4139735658891,261.55826560678474,11.535504383576486
108,10,321.57816960553447,524.6438098858106,110.51250610031903,359.05746132195014,12.186652071568561
108,11,321.57816960553447,524.6438098858106,125.55200177651454,357.18224806688704,15.184616402948224
109,0,310.82062432591124,593.511894106527,123.81637184306774,286.19751413869767,19.50332412060465
109,1,310.82062432591124,593.511894106527,117.73802788216103,135.41623631598154,24.83109203801263
109,2,310.82062432591124,593.511894106527,57.88335069754201,300.0335011986388,28.87050508433876
109,3,310.82062432591124,593.511894106527,120.1064472421531,170.64859749864374,27.06630009943498
109,4,310.82062432591124,593.511894106527,89.96038340488863,104.47479347470447,27.91381357030353
109,5,310.82062432591124,593.511894106527,82.40107510383274,102.82525999830914,22.40348179296414
109,6,310.82062432591124,593.511894106527,83.38241853194572,113.91008321084111,18.17365566374199
109,7,310.82062432591124,593.511894106527,131.59740315943554,133.26698158303262,16.146588670759375
109,8,310.82062432591124,593.511894106527,135.08026755350687,238.30063413169876,11.78953175917641
109,9,310.82062432591124,593.511894106527,93.12450290890887,292.52393178916384,11.825201944843887
109,10,310.82062432591124,593.511894106527,122.60306138999707,279.8730886201641,13.405934951799596
109,11,310.82062432591124,593.511894106527,41.95431907792328,230.1043065166787,15.04743441100893
110,0,430.94053822605787,587.348334831332,87.13161467586644,294.87194351906845,18.00661187332669
110,1,430.94053822605787,587.348334831332,23.64554554521493,293.44872215577396,23.670753014140963
110,2,430.94053822605787,587.348334831332,101.57381749236828,266.6978849357286,25.120203237740487
110,3,430.94053822605787,587.348334831332,122.29894077970924,188.47601392830157,29.60063620739972
110,4,430.94053822605787,587.348334831332,122.61953600699948,110.95544569544522,25.149722092886627
110,5,430.94053822605787,587.348334831332,116.70342061235644,74.88491518334232,23.61124502217907
110,6,430.94053822605787,587.348334831332,119.10685663970379,95.85493869200977,19.754640976418802
110,7,430.94053822605787,587.348334831332,43.29222407123265,115.95318377982476,16.721273753887672
110,8,430.94053822605787,587.348334831332,76.72394246610082,198.83809225758827,12.964546402345798
110,9,430.94053822605787,587.348334831332,137.2798229353583,213.9164023019535,12.61288401701627
110,10,430.94053822605787,587.348334831332,78.63727500360272,302.97790616047763,14.256079388898454
110,11,430.94053822605787,587.348334831332,74.03607789445131,277.00334047101586,18.658153209301673
111,0,563.2357208189304,613.1792316260086,120.00752420358621,324.53181663065186,19.643291278764664
111,1,563.2357208189304,613.1792316260086,119.58828664851772,281.61178465189886,23.529674448117497
111,2,563.2357208189304,613.1792316260086,86.35873452290146,235.9160830123232,27.620585980623463
111,3,563.2357208189304,613.1792316260086,78.19556808828378,187.79846163952422,26.830757599429912
111,4,563.2357208189304,613.1792316260086,100.68560302920308,99.72457078458753,27.887542815384705
111,5,563.2357208189304,613.1792316260086,117.29360666693424,89.7247505495359,23.564061798115485
111,6,563.2357208189304,613.1792316260086,65.71116186329135,126.06165797917357,20.23401710924119
111,7,563.2357208189304,613.1792316260086,138.36196670796764,114.44442680893951,14.993447573240356
111,8,563.2357208189304,613.1792316260086,82.82961857837584,170.30918357931694,13.222238353667716
111,9,563.2357208189304,613.1792316260086,72.04691932443288,230.33198696994896,11.082821608952564
111,10,563.2357208189304,613.1792316260086,107.43034402650838,308.876040903964,12.063319433050532
111,11,563.2357208189304,613.1792316260086,38.85833698163689,273.3545488161662,18.1121806607687
112,0,292.92413783327464,576.8726704102514,118.64566152114898,233.78831530774235,19.726325370675774
112,1,292.92413783327464,576.8726704102514,137.7107256146263,313.1022969698704,23.71892657057843
112,2,292.92413783327464,576.8726704102514,107.97872590096691,266.23817597735473,28.21010807009947
112,3,292.92413783327464,576.8726704102514,80.05446188015617,185.4271205076954,28.07538663622322
112,4,292.92413783327464,576.8726704102514,86.67111829604953,96.96960895981074,26.87835258074777
112,5,292.92413783327464,576.8726704102514,48.783573800830645,85.1326999302091,22.35834936373883
112,6,292.92413783327464,576.8726704102514,79.99546718795291,127.01302341498675,18.711473472646905
112,7,292.92413783327464,576.8726704102514,105.47316606110665,150.72777571506307,14.66059412233369
112,8,292.92413783327464,576.8726704102514,118.77844222503045,186.3558872825034,14.079198815661327
112,9,292.92413783327464,576.8726704102514,84.83550570755315,233.69785301540523,12.528732027630596
112,10,292.92413783327464,576.8726704102514,110.77740893420707,208.8376918058258,11.432083318146786
112,11,292.92413783327464,576.8726704102514,116.35709788284686,315.919349593964,16.623270225577187
113,0,409.0495166339759,617.7427140609743,116.0816372022518,256.28230818606386,20.93408343874922
113,1,409.0495166339759,617.7427140609743,67.07488620995107,346.29304137916955,23.128701122572778
113,2,409.0495166339759,617.7427140609743,94.1050947578595,298.90579491383386,27.070141693633595
113,3,409.0495166339759,617.7427140609743,71.60844122769295,147.36728086307915,26.648495537007367
113,4,409.0495166339759,617.7427140609743,85.33153848545871,96.70812051179976,25.63666403653542
113,5,409.0495166339759,617.7427140609743,85.95694206309366,114.91768561156587,23.088819522563917
113,6,409.0495166339759,617.7427140609743,98.11079367542519,76.79376969393581,19.917020801744492
113,7,409.0495166339759,617.7427140609743,143.34021863635445,137.91714615450877,15.62784293314578
113,8,409.0495166339759,617.7427140609743,43.52995184848967,212.36903230641016,13.122794318743464
113,9,409.0495166339759,617.7427140609743,95.10949243198739,290.3751906118185,11.244000903682467
113,10,409.0495166339759,617.7427140609743,94.79292082717093,266.59284247596025,12.279334870571144
113,11,409.0495166339759,617.7427140609743,71.0545828470907,230.4480843088074,16.070654360539546
114,0,358.4079583818065,572.470140731422,76.7964064772636,227.25737229229426,19.743418385223684
114,1,358.4079583818065,572.470140731422,82.76803962663301,312.0543560750434,25.77767744128244
114,2,358.4079583818065,572.470140731422,101.42493825829587,339.6681860074165,27.388500427875375
114,3,358.4079583818065,572.470140731422,84.12598230897602,194.9775262039491,27.200684076979602
114,4,358.4079583818065,572.470140731422,79.72975455676202,119.16357781039797,26.730515962542484
114,5,358.4079583818065,572.470140731422,104.07684215789554,100.19247987347215,22.732204598171702
114,6,358.4079583818065,572.470140731422,70.71132609734501,107.88944826221838,19.386310734205917
114,7,358.4079583818065,572.470140731422,59.36875582423296,113.29341229711964,15.561926080436313
114,8,358.4079583818065,572.470140731422,86.55493408503521,192.2956224008345,12.478803078967697
114,9,358.4079583818065,572.470140731422,72.49185238067165,303.2830026044805,11.551508782556539
114,10,358.4079583818065,572.470140731422,79.88395766534585,288.39177696359246,13.455983990221835
114,11,358.4079583818065,572.470140731422,88.24094275026131,291.40216730486196,15.206215188496051
115,0,348.97526875095696,501.3536976522791,65.67521843823346,263.29506706847116,21.06795622753664
115,1,348.97526875095696,501.3536976522791,106.30411928139206,304.44360364051727,23.526601317423715
115,2,348.97526875095696,501.3536976522791,82.25594329008092,234.9888440230768,26.452015662693697
115,3,348.97526875095696,501.3536976522791,110.0458336857349,183.6509184230248,28.60870862948744
115,4,348.97526875095696,501.3536976522791,122.90457292682959,107.70485240402488,27.640404385081464
115,5,348.97526875095696,501.3536976522791,107.50454857124461,82.22851080392819,22.940492644556613
115,6,348.97526875095696,501.3536976522791,98.95098420262573,104.14060117551085,19.751884431995812
115,7,348.97526875095696,501.3536976522791,102.0365520516075,152.880046014318,15.401236242914253
115,8,348.97526875095696,501.3536976522791,105.80810990001633,177.38279323378038,12.055490603532544
115,9,348.97526875095696,501.3536976522791,104.9457646811212,211.25681476788432,11.860806167507054
115,10,348.97526875095696,501.3536976522791,83.36501357660012,270.93676305977675,15.661432062819475
115,11,348.97526875095696,501.3536976522791,66.45328419920119,241.43001789724008,16.429969375784523
116,0,469.3225455503327,436.5258366284062,91.63038837168894,240.09289608652946,20.147425981736557
116,1,469.3225455503327,436.5258366284062,129.40452128066204,325.21310061144175,22.83770842873621
116,2,469.3225455503327,436.5258366284062,136.1115848008786,248.61654359654554,27.489710329894386
116,3,469.3225455503327,436.5258366284062,115.84897220790177,146.70258335815717,26.887978151102544
116,4,469.3225455503327,436.5258366284062,119.37282623216794,109.78367772212414,27.245341939523406
116,5,469.3225455503327,436.5258366284062,62.15374648409244,81.33316646187379,22.883935783117717
116,6,469.3225455503327,436.5258366284062,94.08897292887957,107.15009639940811,20.429511478043395
116,7,469.3225455503327,436.5258366284062,30.848931607569632,125.32302242076871,17.29298953235549
116,8,469.3225455503327,436.5258366284062,44.861799077430135,211.00034192743888,12.410132986525957
116,9,469.3225455503327,436.5258366284062,196.73595880291026,273.01920952904663,11.440814699075622
116,10,469.3225455503327,436.5258366284062,106.73742542108349,250.02850243279025,10.5947974995345
116,11,469.3225455503327,436.5258366284062,97.17429191532028,192.63472517979673,17.963199749881248
117,0,361.7216632828763,587.7934989102607,66.41465517751978,237.59488719754924,20.753758036442864
117,1,361.7216632828763,587.7934989102607,122.58348461407869,342.21982969571724,23.51645328255548
117,2,361.7216632828763,587.7934989102607,107.38761837690812,270.71343888339464,26.927586559288066
117,3,361.7216632828763,587.7934989102607,103.11035746152629,187.43412531356336,29.556182438886964
117,4,361.7216632828763,587.7934989102607,46.717257544099915,85.18680599662346,27.26741582093543
117,5,361.7216632828763,587.7934989102607,73.3594234275536,54.392887586851245,25.162862649809004
117,6,361.7216632828763,587.7934989102607,125.98678073636134,96.13991270799097,21.041314978855603
117,7,361.7216632828763,587.7934989102607,84.20155174727321,112.54389705454456,17.59406653742052
117,8,361.7216632828763,587.7934989102607,136.96198798182104,227.03375152383555,13.200944849932599
117,9,361.7216632828763,587.7934989102607,82.32196041142393,301.3839846997182,11.593204982959604
117,10,361.7216632828763,587.7934989102607,95.56919615567739,326.37902180485963,12.107053748024594
117,11,361.7216632828763,587.7934989102607,86.1827889539071,264.3159602637183,16.10566250566838
118,0,432.72545767707544,658.4435071964515,144.90418258650152,275.9749037234623,20.53426851565369
118,1,432.72545767707544,658.4435071964515,53.795899774149234,200.65981701720165,26.331767510259134
118,2,432.72545767707544,658.4435071964515,129.5700641438395,268.7377742094032,26.59728731276178
118,3,432.72545767707544,658.4435071964515,128.5194220856209,219.2610896905658,29.06173811240139
118,4,432.72545767707544,658.4435071964515,88.31237601427397,102.35850325640179,26.760892100419916
118,5,432.72545767707544,658.4435071964515,130.9623750401778,78.17935280760248,22.917044517939534
118,6,432.72545767707544,658.4435071964515,103.7346292741367,75.99129992689609,21.444989082963726
118,7,432.72545767707544,658.4435071964515,62.621142673450024,167.08943725391754,14.938398415449234
118,8,432.72545767707544,658.4435071964515,63.79398711830538,215.41520238649454,13.772839086966503
118,9,432.72545767707544,658.4435071964515,56.57478514415897,313.72287930943577,12.224768291347717
118,10,432.72545767707544,658.4435071964515,69.9223338874072,237.55954471853798,11.20331092322104
118,11,432.72545767707544,658.4435071964515,135.3262088905306,208.98309610532618,14.421953434444795
119,0,321.06281899216486,521.9404257667555,40.703139260894865,214.62522121362838,21.12531967209653
119,1,321.06281899216486,521.9404257667555,53.16071929695253,236.7295748073263,24.282996520172073
119,2,321.06281899216486,521.9404257667555,56.807062901352495,219.66981540765008,28.442810124721145
119,3,321.06281899216486,521.9404257667555,92.4323727866306,163.94514722386697,28.11729633718614
119,4,321.06281899216486,521.9404257667555,122.69513936066744,108.544935527186,28.343640142148114
119,5,321.06281899216486,521.9404257667555,104.6200097600294,111.07193843190775,25.47485688169133
119,6,321.06281899216486,521.9404257667555,119.40807349651388,95.89346366517825,21.534640147287035
119,7,321.06281899216486,521.9404257667555,66.7672343624103,130.2918258595729,14.993438397758029
119,8,321.06281899216486,521.9404257667555,86.05812740369419,215.46358694111015,11.106653496558906
119,9,321.06281899216486,521.9404257667555,102.79311257464101,220.16150695364053,11.274044431345564
119,10,321.06281899216486,521.9404257667555,79.19187619950159,251.2541892218288,14.113670728843454
119,11,321.06281899216486,521.9404257667555,79.57419465575146,266.1842197330699,17.089258686734077
120,0,281.7073737438943,527.9821088844673,118.18626968500124,239.06178879604963,18.49754410646169
120,1,281.7073737438943,527.9821088844673,67.41588620416567,237.53611526042184,23.994163042429385
120,2,281.7073737438943,527.9821088844673,90.42498437260848,252.67450870334318,27.35449102763308
120,3,281.7073737438943,527.9821088844673,46.70227994698176,201.46142587233192,27.134847790603096
120,4,281.7073737438943,527.9821088844673,5.578191218068255,133.15464733526443,25.795950820587688
120,5,281.7073737438943,527.9821088844673,110.54455786950481,97.97074945223268,23.706674180325113
120,6,281.7073737438943,527.9821088844673,76.22495481708712,88.50215839425346,19.931210486043653
120,7,281.7073737438943,527.9821088844673,120.04258089478552,122.80907443020224,14.62297639061024
120,8,281.7073737438943,527.9821088844673,96.24204102614644,260.1861656184256,14.858760995613578
120,9,281.7073737438943,527.9821088844673,100.69327359470367,265.2924467341488,12.237164291388332
120,10,281.7073737438943,527.9821088844673,100.47975710436091,304.2885134812042,13.168375972201144
120,11,281.7073737438943,527.9821088844673,66.29234935568451,280.339922158528,16.32103320440948
121,0,342.29251678828604,690.849236512575,101.12539273412911,207.13388242683754,19.56694545407744
121,1,342.29251678828604,690.849236512575,43.629841176124025,226.1048612712652,24.82160016647532
121,2,342.29251678828604,690.849236512575,86.42661602593638,241.19453835283554,27.75231776522964
121,3,342.29251678828604,690.849236512575,31.125424504716335,136.92166649181306,29.586780823551198
121,4,342.29251678828604,690.849236512575,25.54952176838934,103.20738920840992,27.569855639341036
121,5,342.29251678828604,690.849236512575,77.47404136173019,86.29472629516106,23.340770374674957
121,6,342.29251678828604,690.849236512575,91.26247920589495,112.31636901157775,20.135393242570476
121,7,342.29251678828604,690.849236512575,62.10613226017485,128.62521530879334,16.538224412475397
121,8,342.29251678828604,690.849236512575,73.00874788764031,166.1990628284819,13.103466926162218
121,9,342.29251678828604,690.849236512575,120.14803753693884,243.3101534254008,12.512756584207633
121,10,342.29251678828604,690.849236512575,74.39145513572942,319.1657181175021,14.17598067057651
121,11,342.29251678828604,690.849236512575,102.02464714274768,303.734820842908,16.655663564776457
122,0,271.2816168499722,798.5346438915794,98.09642545034572,177.2651800023619,19.66307736070111
122,1,271.2816168499722,798.5346438915794,65.87115313681676,310.18223170877707,21.40140150573587
122,2,271.2816168499722,798.5346438915794,66.51533396640237,262.9197905548152,27.452593716068055
122,3,271.2816168499722,798.5346438915794,122.63761954783557,192.45789974359496,28.70056577340457
122,4,271.2816168499722,798.5346438915794,82.115734562889,125.7103151386955,26.37751603424209
122,5,271.2816168499722,798.5346438915794,91.73805827535334,82.34814065290037,24.824366768764687
122,6,271.2816168499722,798.5346438915794,105.39513869433844,103.04796838066252,21.15650443286434
122,7,271.2816168499722,798.5346438915794,91.07749627215406,132.176095919654,14.940897741172707
122,8,271.2816168499722,798.5346438915794,23.826326177652405,230.42928388016364,12.911256886071225
122,9,271.2816168499722,798.5346438915794,116.95692028178856,300.75630763389506,13.268158603474491
122,10,271.2816168499722,798.5346438915794,103.6674733411531,317.1858262070226,13.010985385409775
122,11,271.2816168499722,798.5346438915794,83.06728522959853,341.0853198669239,14.41870884511019
123,0,348.3501782962644,766.6416666333865,98.31071629024794,269.29444184938603,20.475838078207584
123,1,348.3501782962644,766.6416666333865,110.85794033886032,223.07845404491667,24.627296564939332
123,2,348.3501782962644,766.6416666333865,124.80812253883934,321.11967097750824,26.384594170237307
123,3,348.3501782962644,766.6416666333865,84.23353735720886,160.95901963556813,27.712730963693538
123,4,348.3501782962644,766.6416666333865,53.32676213276157,111.77712282945129,27.51508972383221
123,5,348.3501782962644,766.6416666333865,105.82942440160092,96.81445490456608,25.115463423251224
123,6,348.3501782962644,766.6416666333865,29.057147769479748,110.40508773113513,20.47633312412118
123,7,348.3501782962644,766.6416666333865,142.5004998122761,129.27809850309802,17.43496248824259
123,8,348.3501782962644,766.6416666333865,78.65740014785113,192.4266131565381,13.017054876029233
123,9,348.3501782962644,766.6416666333865,44.77661164929765,291.9862284406078,13.11503593355696
123,10,348.3501782962644,766.6416666333865,81.52739291691432,342.5181543276323,12.625272630792407
123,11,348.3501782962644,766.6416666333865,48.48037135055553,244.2050198559113,17.59392421845739
124,0,380.08291702149364,529.606354746142,98.58421224169689,247.71812692648643,19.160496359023632
124,1,380.08291702149364,529.606354746142,66.91442931171281,275.5171671363721,24.334814965678248
124,2,380.08291702149364,529.606354746142,87.83783944564979,262.6592540792535,27.58125694593427
124,3,380.08291702149364,529.606354746142,139.81255524268016,223.87818494865627,28.02364044553471
124,4,380.08291702149364,529.606354746142,155.8134709124206,89.6615443100284,28.509470929007037
124,5,380.08291702149364,529.606354746142,99.43794159441362,82.60331634480626,24.75621948683252
124,6,380.08291702149364,529.606354746142,71.92482992981348,96.98054309137815,22.549525349961634
124,7,380.08291702149364,529.606354746142,101.55604187413044,124.20697350641126,15.791561601485984
124,8,380.08291702149364,529.606354746142,104.97760907872774,219.1148811061692,14.47349915487734
124,9,380.08291702149364,529.606354746142,25.317886472447356,266.0574508183029,10.765611598150059
124,10,380.08291702149364,529.606354746142,58.96004528618798,278.9122332439193,13.730000978215669
124,11,380.08291702149364,529.606354746142,81.6857010911807,232.11620571844477,17.066060798314474
125,0,297.60393927773583,508.53031218865067,131.29574682774745,142.1042264490212,19.08541983804273
125,1,297.60393927773583,508.53031218865067,112.014805583758,296.09866194103415,24.57662503668261
125,2,297.60393927773583,508.53031218865067,127.88264387328257,249.62134038106763,29.073603651540708
125,3,297.60393927773583,508.53031218865067,55.050718686614935,163.1757900396259,27.14274213535612
125,4,297.60393927773583,508.53031218865067,89.99801216096799,75.85609341889949,26.583557905057738
125,5,297.60393927773583,508.53031218865067,78.71355936599683,105.85823806874453,26.025383352804933
125,6,297.60393927773583,508.53031218865067,99.62248334051917,96.90728855153776,20.001022546141375
125,7,297.60393927773583,508.53031218865067,139.22373020234,94.37976655968902,14.99771317166507
125,8,297.60393927773583,508.53031218865067,116.62066306557104,155.990133029075,12.452534638728057
125,9,297.60393927773583,508.53031218865067,74.79684828305939,248.807952612518,10.954451843010787
125,10,297.60393927773583,508.53031218865067,103.0604081905112,273.7100393664177,12.980430554546231
125,11,297.60393927773583,508.53031218865067,132.10796909054633,340.2752789706593,16.007380393381837
126,0,431.93257522747405,561.9129651975178,115.48514019193006,302.62379999444073,20.397801430567355
126,1,431.93257522747405,561.9129651975178,88.89162357800686,307.30122465104756,21.48763026243373
126,2,431.93257522747405,561.9129651975178,124.27890168641835,201.73394429504472,27.16473789953714
126,3,431.93257522747405,561.9129651975178,64.55131934538434,174.93585601092715,27.917064469552656
126,4,431.93257522747405,561.9129651975178,70.50332994356933,130.45975589948924,25.983752677460913
126,5,431.93257522747405,561.9129651975178,114.0192512230741,98.56882633681836,24.59095807204012
126,6,431.93257522747405,561.9129651975178,98.91083381003132,85.75275131906945,21.36414164145296
126,7,431.93257522747405,561.9129651975178,60.5856876778033,144.77111498114857,15.991654884174384
126,8,431.93257522747405,561.9129651975178,93.44845221958259,190.84157195636865,13.688569574235688
126,9,431.93257522747405,561.9129651975178,98.36095464442492,309.4465574240724,13.29406357000612
126,10,431.93257522747405,561.9129651975178,22.46298021558637,242.419953571692,13.575603225197758
126,11,431.93257522747405,561.9129651975178,111.82317074233814,238.17928142982976,14.357197684477956
127,0,531.4404949016382,615.0317894527514,69.65195350890356,258.607136855105,19.635472757357746
127,1,531.4404949016382,615.0317894527514,29.800738163791884,333.4193789560837,22.689646861436827
127,2,531.4404949016382,615.0317894527514,71.96952868053161,250.49907167986703,27.606023810833964
127,3,531.4404949016382,615.0317894527514,86.89999207407308,162.01445798613125,27.24859768018669
127,4,531.4404949016382,615.0317894527514,123.43360315552192,88.9846836642546,26.994824176190605
127,5,531.4404949016382,615.0317894527514,55.20338573238183,86.67456461999646,22.09705807049242
127,6,531.4404949016382,615.0317894527514,53.35396026818051,95.17385989689511,20.470579558412695
127,7,531.4404949016382,615.0317894527514,100.2402867303851,82.76862770192344,16.451272489721035
127,8,531.4404949016382,615.0317894527514,40.01294958313655,257.35023230957427,13.116894283774533
127,9,531.4404949016382,615.0317894527514,155.22842017010444,235.4911283197611,12.696090408670228
127,10,531.4404949016382,615.0317894527514,71.54303986658095,295.2185317759334,13.629503069246606
127,11,531.4404949016382,615.0317894527514,108.11099302369448,272.3683291430551,17.438650361734872
128,0,276.39016008976745,633.2850964509076,84.08879315120187,232.4086891402002,20.66688013776254
128,1,276.39016008976745,633.2850964509076,112.16542581103482,221.48784246287173,23.37003783404799
128,2,276.39016008976745,633.2850964509076,81.19753676265887,296.19279337195485,26.776134944778494
128,3,276.39016008976745,633.2850964509076,75.22754810971615,192.9648780566604,28.038772464762385
128,4,276.39016008976745,633.2850964509076,75.3803425286685,111.98689039517772,26.604296094682446
128,5,276.39016008976745,633.2850964509076,137.64138492016593,83.00578395697501,24.289504438044034
128,6,276.39016008976745,633.2850964509076,104.9516284190184,91.1290405626235,20.25423327925858
128,7,276.39016008976745,633.2850964509076,81.3632598209268,111.75435448388788,15.671442166356222
128,8,276.39016008976745,633.2850964509076,91.29863597417001,200.69196504177924,11.848819480458689
128,9,276.39016008976745,633.2850964509076,121.32687541447666,291.378381589519,11.807637515988409
128,10,276.39016008976745,633.2850964509076,122.26266025899207,291.782737567297,13.315148288536644
128,11,276.39016008976745,633.2850964509076,72.33402290984598,254.75170368055524,16.35656155322457
129,0,375.9556494347852,376.7543924606224,51.309006724650544,276.6326760037954,19.781478884881025
129,1,375.9556494347852,376.7543924606224,112.37258539899315,264.42385914619706,24.608340098227238
129,2,375.9556494347852,376.7543924606224,109.93081213176768,270.6364976178204,28.282275316651162
129,3,375.9556494347852,376.7543924606224,108.84572812906409,163.8422872177583,27.953582829771456
129,4,375.9556494347852,376.7543924606224,130.25211696348995,99.9344775565756,25.394701980574162
129,5,375.9556494347852,376.7543924606224,65.49653606373927,87.41244756450139,23.14061708566071
129,6,375.9556494347852,376.7543924606224,92.70636006401907,101.87599349597025,20.380940444189598
129,7,375.9556494347852,376.7543924606224,99.0395627432895,108.27740915237212,15.246896241731735
129,8,375.9556494347852,376.7543924606224,94.39940032890009,196.4398115885353,11.134309825878018
129,9,375.9556494347852,376.7543924606224,60.960520270229566,237.6917431264905,11.360359486624228
129,10,375.9556494347852,376.7543924606224,125.77233774148739,185.05027710411616,11.850720316293492
129,11,375.9556494347852,376.7543924606224,120.11469003873404,213.46761956527982,13.374602412787112
130,0,276.6605165857861,744.9471822954212,105.10405362209038,289.4288425693131,21.0766043996381
130,1,276.6605165857861,744.9471822954212,103.16476369325802,266.519241616268,25.08273167921345
130,2,276.6605165857861,744.9471822954212,92.63909978850155,317.36614914465815,27.29433307682903
130,3,276.6605165857861,744.9471822954212,46.48677026229589,222.1505175174995,27.91242259782778
130,4,276.6605165857861,744.9471822954212,76.20610636129481,81.48649288121035,29.1189917542061
130,5,276.6605165857861,744.9471822954212,54.717285911912214,100.32823964981354,24.606663362143994
130,6,276.6605165857861,744.9471822954212,116.24444744045792,112.8913734468868,18.200895035041235
130,7,276.6605165857861,744.9471822954212,59.75837473478573,123.71605251083622,14.89697500162175
130,8,276.6605165857861,744.9471822954212,62.320562110197415,206.27226783106266,12.081263786672945
130,9,276.6605165857861,744.9471822954212,128.94176846844135,252.27205189364082,12.131893909314206
130,10,276.6605165857861,744.9471822954212,72.12656990170349,270.10061363183615,12.950024272417721
130,11,276.6605165857861,744.9471822954212,118.84349677484497,329.15159439719747,16.196423165677324
131,0,373.724833812876,697.420055327696,61.399980860795495,270.3129125970658,18.18364211090302
131,1,373.724833812876,697.420055327696,142.29474402287184,306.5255804062879,24.28311554900211
131,2,373.724833812876,697.420055327696,119.90481391730974,246.00057510074717,28.833508281074486
131,3,373.724833812876,697.420055327696,66.06563648017627,152.6353068772044,26.443807747227233
131,4,373.724833812876,697.420055327696,24.36859437627632,118.35850326477204,26.053457679877738
131,5,373.724833812876,697.420055327696,121.51318975851542,107.70640220922552,23.915573243580223
131,6,373.724833812876,697.420055327696,95.46631929138289,81.32380956379232,20.88837815661427
131,7,373.724833812876,697.420055327696,51.1920281218408,102.51253260766813,15.448742281294432
131,8,373.724833812876,697.420055327696,138.26944801235155,232.6075925123649,13.47565007605669
131,9,373.724833812876,697.420055327696,87.28005619496518,251.5172277869489,11.381267558592153
131,10,373.724833812876,697.420055327696,103.76241184352045,304.7698636569767,13.754511440877334
131,11,373.724833812876,697.420055327696,135.1193052597929,330.1279237399001,17.001577381809195
132,0,280.3712334852234,542.1678917196597,170.9915872402716,244.15313846016588,20.88192569425874
132,1,280.3712334852234,542.1678917196597,33.6246602040344,249.39820108523628,25.177506990200047
132,2,280.3712334852234,542.1678917196597,136.5972020184533,284.94377082866885,27.2248294448492
132,3,280.3712334852234,542.1678917196597,70.71642694060772,139.97819000003864,28.994903636809624
132,4,280.3712334852234,542.1678917196597,116.6457113952429,102.01728942141189,25.887675779983212
132,5,280.3712334852234,542.1678917196597,43.69213265599575,97.91215939257212,23.572394339299795
132,6,280.3712334852234,542.1678917196597,43.01796892675928,93.43809543379959,20.59202469001775
132,7,280.3712334852234,542.1678917196597,70.99099332814455,125.7045452851166,17.795587912007157
132,8,280.3712334852234,542.1678917196597,70.07681921513584,259.0716633007197,13.750090593336475
132,9,280.3712334852234,542.1678917196597,56.90041701569062,241.33110373978846,11.417037289320204
132,10,280.3712334852234,542.1678917196597,89.9738707207323,272.552894204093,12.140961831844226
132,11,280.3712334852234,542.1678917196597,83.91457381441452,237.60269578292088,14.622294681549443
133,0,454.79101450342523,657.4002137863052,86.71128700611814,309.4511079587312,17.504167663409913
133,1,454.79101450342523,657.4002137863052,109.35557822311169,278.94914269751746,23.81732641322407
133,2,454.79101450342523,657.4002137863052,103.38573670112036,283.4566671641601,28.388820245371644
133,3,454.79101450342523,657.4002137863052,74.02818649642504,165.65535912854963,27.220728377000093
133,4,454.79101450342523,657.4002137863052,77.65569639576387,100.45826680522671,26.07867373545631
133,5,454.79101450342523,657.4002137863052,100.3237364967262,76.90295002351918,23.828366429239978
133,6,454.79101450342523,657.4002137863052,113.13502918171912,93.8264670812359,21.718864410057964
133,7,454.79101450342523,657.4002137863052,54.20628480260273,123.66859722400793,16.744245365417715
133,8,454.79101450342523,657.4002137863052,37.43952384913858,162.00933800987198,13.434066561530921
133,9,454.79101450342523,657.4002137863052,125.86036834446699,270.22974062541243,10.865014597819282
133,10,454.79101450342523,657.4002137863052,56.42284656000839,174.69891889935255,13.586588297023795
133,11,454.79101450342523,657.4002137863052,31.343718379411094,165.7756030126217,15.254905302317994
134,0,625.5766162561222,517.9928271771763,107.265855162085,264.7230051145304,19.77840612130299
134,1,625.5766162561222,517.9928271771763,94.88976058694736,290.623213867663,24.567817844502528
134,2,625.5766162561222,517.9928271771763,53.75734766517036,336.0311847248166,26.413436623590318
134,3,625.5766162561222,517.9928271771763,80.10524068051541,177.71735305385258,28.244068510290813
134,4,625.5766162561222,517.9928271771763,119.11425018156828,104.51665741259113,26.296444865837906
134,5,625.5766162561222,517.9928271771763,82.7729788138123,73.06824246842731,24.59912804938055
134,6,625.5766162561222,517.9928271771763,100.32011529424257,119.16098359139293,18.929079931866642
134,7,625.5766162561222,517.9928271771763,72.79522331050337,130.05808177047672,15.877783135426592
134,8,625.5766162561222,517.9928271771763,99.05011394281277,208.16824971116844,13.80403311225375
134,9,625.5766162561222,517.9928271771763,78.45902090625631,247.74098966934918,13.46191592385127
134,10,625.5766162561222,517.9928271771763,96.49325368981688,301.0364387718096,14.305479160426367
134,11,625.5766162561222,517.9928271771763,72.34811489873756,195.66077210729267,15.517992164622289
135,0,295.3133543362745,587.5458830748063,136.18300520346148,273.0352733684044,20.693634498733925
135,1,295.3133543362745,587.5458830748063,100.71633296211755,333.17576447988074,23.544338986736193
135,2,295.3133543362745,587.5458830748063,107.39187763691771,280.6264881406562,26.16776631563208
135,3,295.3133543362745,587.5458830748063,58.973259581968236,191.1486345175766,28.72805763366606
135,4,295.3133543362745,587.5458830748063,93.73682003180865,114.12275778307568,26.454394844441154
135,5,295.3133543362745,587.5458830748063,80.68911319201425,92.58741125892891,22.82535895747818
135,6,295.3133543362745,587.5458830748063,126.2661621380324,82.73879008500138,19.46982199667073
135,7,295.3133543362745,587.5458830748063,95.55895972103409,117.89822373124854,15.031471470255324
135,8,295.3133543362745,587.5458830748063,105.26302526585955,208.32567722486587,14.53868692860154
135,9,295.3133543362745,587.5458830748063,93.82014252304076,240.3049697558759,12.664084837617418
135,10,295.3133543362745,587.5458830748063,10.676055599791937,307.2551365474075,12.14636502449291
135,11,295.3133543362745,587.5458830748063,95.3499489160978,247.44322671154774,17.083782154018916
136,0,514.4223232911064,768.4779477496511,134.18152602515465,272.08296123901334,19.529259087293536
136,1,514.4223232911064,768.4779477496511,66.41076540610273,270.5886889300007,22.69205602783247
136,2,514.4223232911064,768.4779477496511,91.33436034887941,314.39576610106644,29.084518682458988
136,3,514.4223232911064,768.4779477496511,95.4787860226981,209.64309605666057,27.38613506084541
136,4,514.4223232911064,768.4779477496511,78.05495668612554,90.25382950365307,27.112556966691162
136,5,514.4223232911064,768.4779477496511,118.27368802688521,79.27362857061479,24.384726579301766
136,6,514.4223232911064,768.4779477496511,101.6868749543242,88.21056923118347,18.771592117187488
136,7,514.4223232911064,768.4779477496511,125.78530271128747,121.79781880471769,15.143465124105745
136,8,514.4223232911064,768.4779477496511,54.543296619567876,195.34556746255808,12.450542380430468
136,9,514.4223232911064,768.4779477496511,90.28151469128169,285.96247922101804,12.918840117783622
136,10,514.4223232911064,768.4779477496511,144.63933890188775,282.1141700975372,12.833958062147627
136,11,514.4223232911064,768.4779477496511,52.08045531552466,268.4800717507025,15.743284671028388
137,0,464.092635502723,440.10852116440185,88.87556908226162,209.3960736298248,21.436814914148087
137,1,464.092635502723,440.10852116440185,93.34207544679417,222.02971093870292,22.035572041225432
137,2,464.092635502723,440.10852116440185,86.97262614517932,231.6984567500602,26.978568171241207
137,3,464.092635502723,440.10852116440185,124.54565273041361,224.8056286589217,27.440321260685106
137,4,464.092635502723,440.10852116440185,66.81078864243102,113.90748475502927,24.5552785620256
137,5,464.092635502723,440.10852116440185,57.556457139933755,100.20268838831613,23.937097588830937
137,6,464.092635502723,440.10852116440185,139.2105298551411,86.0481785583739,17.504525872287413
137,7,464.092635502723,440.10852116440185,103.58036626302437,107.68605097427819,15.502794041983208
137,8,464.092635502723,440.10852116440185,66.19459953664378,224.3892721763002,14.293084857869566
137,9,464.092635502723,440.10852116440185,92.8857570997925,278.82405003204366,12.67110169182
137,10,464.092635502723,440.10852116440185,77.13293236689218,284.62303454818993,12.43013704047804
137,11,464.092635502723,440.10852116440185,91.16239539780867,194.9621936037538,15.255814196975274
138,0,332.21575347853764,531.6518217704485,90.61101685946312,173.5142027433229,20.812958465976124
138,1,332.21575347853764,531.6518217704485,132.71522369116946,300.8929363964216,24.143195561987117
138,2,332.21575347853764,531.6518217704485,112.42067029901955,250.91092086734517,25.76844136922004
138,3,332.21575347853764,531.6518217704485,131.0182968381094,198.2788443842654,28.063989001977003
138,4,332.21575347853764,531.6518217704485,107.6681826838729,104.98839861119306,26.268620919658233
138,5,332.21575347853764,531.6518217704485,81.22980720135189,106.0522444316956,22.72121776426939
138,6,332.21575347853764,531.6518217704485,109.29296310128875,84.37149980929216,20.508392321325406
138,7,332.21575347853764,531.6518217704485,88.85700056038866,104.38919841359609,15.180146753458288
138,8,332.21575347853764,531.6518217704485,118.93625920807649,157.85133593724697,13.143778650353434
138,9,332.21575347853764,531.6518217704485,96.09506510235245,222.1333326981642,11.508481888493055
138,10,332.21575347853764,531.6518217704485,60.23963400851663,219.0117611225884,15.082174475380146
138,11,332.21575347853764,531.6518217704485,86.0143581753124,273.6689860046148,16.89267421046709
139,0,281.9075041498411,537.7953971813778,32.12732110299725,173.86147338106977,19.50817201393073
139,1,281.9075041498411,537.7953971813778,150.8129878234049,280.02493255579225,24.582603316966708
139,2,281.9075041498411,537.7953971813778,136.97806084497094,352.75830704036775,29.04065399797078
139,3,281.9075041498411,537.7953971813778,70.44369996842069,153.8294406261751,28.234710673261283
139,4,281.9075041498411,537.7953971813778,54.87240117705842,95.114116413662,26.631039095224523
139,5,281.9075041498411,537.7953971813778,135.10970747599694,82.3395860490712,26.103582789384863
139,6,281.9075041498411,537.7953971813778,60.03465827394252,109.34220915597892,19.339052150072128
139,7,281.9075041498411,537.7953971813778,108.68840937708288,149.81233157049422,16.358903496354937
139,8,281.9075041498411,537.7953971813778,163.0460408334621,158.71331236937047,13.384479674831272
139,9,281.9075041498411,537.7953971813778,94.55928656304151,191.3845771272038,10.88098178655842
139,10,281.9075041498411,537.7953971813778,108.76488754029518,210.29572240786516,13.775151337192106
139,11,281.9075041498411,537.7953971813778,126.84540829451717,240.98147173883103,15.937601969660452
140,0,297.9421996104324,556.6520750575864,103.86400546340454,232.0992600776193,18.010880215209152
140,1,297.9421996104324,556.6520750575864,65.01367757915179,215.69952435710812,23.541950420124316
140,2,297.9421996104324,556.6520750575864,93.7870794531422,277.5369652947228,27.018611298245585
140,3,297.9421996104324,556.6520750575864,197.0136093135954,187.8719903889064,29.362269839326938
140,4,297.9421996104324,556.6520750575864,103.3560964337019,99.20214323915961,26.55749196159758
140,5,297.9421996104324,556.6520750575864,102.54834964489561,68.63916096966557,23.08403123198581
140,6,297.9421996104324,556.6520750575864,95.56280492291084,119.6744811259638,19.23772994110893
140,7,297.9421996104324,556.6520750575864,97.21565723818215,128.08364912640837,16.20377630185061
140,8,297.9421996104324,556.6520750575864,74.02942526154094,219.507824600957,15.052744873845537
140,9,297.9421996104324,556.6520750575864,96.73665303895979,158.9415825634064,11.268075807544879
140,10,297.9421996104324,556.6520750575864,126.14421153324182,342.5589351732708,14.167889490530992
140,11,297.9421996104324,556.6520750575864,17.68911412517437,341.25212809989733,16.111177448578136
141,0,458.80154118712636,629.4286960706643,93.12372096167967,272.9149043328985,18.957108800210904
141,1,458.80154118712636,629.4286960706643,95.63895420574994,330.492991350802,24.67563659309145
141,2,458.80154118712636,629.4286960706643,85.25654989247755,227.55903032117658,26.64901238445958
141,3,458.80154118712636,629.4286960706643,78.64637451007752,134.73408115792947,29.303927705156077
141,4,458.80154118712636,629.4286960706643,81.95379310485018,122.7272581926543,27.226454939332346
141,5,458.80154118712636,629.4286960706643,138.6411550413101,79.64472822949766,22.994633138098074
141,6,458.80154118712636,629.4286960706643,81.62244406959921,88.81023486744613,19.338389959957794
141,7,458.80154118712636,629.4286960706643,98.0701149532154,154.51449461866682,17.34105501912214
141,8,458.80154118712636,629.4286960706643,92.79902033060617,210.12230835614943,13.521021160777897
141,9,458.80154118712636,629.4286960706643,68.62697835335516,225.93075587644054,10.109144735807277
141,10,458.80154118712636,629.4286960706643,125.96879452306266,286.366493887504,12.185434414446709
141,11,458.80154118712636,629.4286960706643,56.65864810933275,214.9692466732443,16.466622128157365
142,0,602.9198111051923,582.8372070763797,123.42442626605981,272.5770576399984,21.186982774714764
142,1,602.9198111051923,582.8372070763797,124.33664800880557,314.7083924064161,25.69192258311272
142,2,602.9198111051923,582.8372070763797,99.70141749324033,248.86549562976066,24.805707726798808
142,3,602.9198111051923,582.8372070763797,47.577704898132005,189.54273827034908,28.035272374463375
142,4,602.9198111051923,582.8372070763797,138.34102211529515,81.06045806756632,25.844645786175814
142,5,602.9198111051923,582.8372070763797,107.02227821632627,75.52974675572003,24.396675025565145
142,6,602.9198111051923,582.8372070763797,118.67198857130799,80.39887439526716,19.653035361406662
142,7,602.9198111051923,582.8372070763797,120.15784177533602,147.89855623383258,14.040065188170088
142,8,602.9198111051923,582.8372070763797,79.00144134313693,191.45556640011696,12.165332112112903
142,9,602.9198111051923,582.8372070763797,84.8634318720516,283.6722379901347,13.7133577499075
142,10,602.9198111051923,582.8372070763797,35.68685500216287,365.2507140979641,12.222834684061567
142,11,602.9198111051923,582.8372070763797,71.58732841137062,264.1089304793875,17.035043905250582
143,0,247.00898338208876,809.8211201891872,94.90815885577204,239.475447738168,19.837534675676405
143,1,247.00898338208876,809.8211201891872,86.3330236617617,302.89232907213983,22.91867870674037
143,2,247.00898338208876,809.8211201891872,66.7549608712527,232.34804870861538,26.9003991974267
143,3,247.00898338208876,809.8211201891872,69.48462302579418,191.05342242901168,27.633689172877475
143,4,247.00898338208876,809.8211201891872,100.51477540182304,90.23281143385397,26.6366087631641
143,5,247.00898338208876,809.8211201891872,109.23076651396728,77.2967882027732,22.866426576505514
143,6,247.00898338208876,809.8211201891872,106.15282905575954,89.87402369453233,20.503476045189238
143,7,247.00898338208876,809.8211201891872,130.52609725768383,104.79529421965356,15.365619600924365
143,8,247.00898338208876,809.8211201891872,59.220075191468624,156.6571056134387,13.563184431449471
143,9,247.00898338208876,809.8211201891872,131.5774783060354,261.69540436300656,12.319703334738549
143,10,247.00898338208876,809.8211201891872,82.44621314378978,303.8246121760923,12.457720185669535
143,11,247.00898338208876,809.8211201891872,109.13436798090724,296.87048836115866,15.470289752943208
144,0,374.40204969847144,488.89340232894256,110.9554715072738,287.41729667741464,21.948505792150183
144,1,374.40204969847144,488.89340232894256,105.88467808143257,290.02659076035826,24.41320517953639
144,2,374.40204969847144,488.89340232894256,67.34184863168906,294.31032774721956,28.052158361825338
144,3,374.40204969847144,488.89340232894256,74.60975447405956,188.6019222934864,29.032056295233158
144,4,374.40204969847144,488.89340232894256,86.66918974545474,68.5511991235636,25.839387497985147
144,5,374.40204969847144,488.89340232894256,107.68055888996928,85.49207173159716,24.542704561989176
144,6,374.40204969847144,488.89340232894256,78.75403004084353,101.18805020170565,21.46103213481587
144,7,374.40204969847144,488.89340232894256,85.45070575083635,100.22783463175449,17.978957297515684
144,8,374.40204969847144,488.89340232894256,122.04084161857759,190.0790995065674,13.080384967103614
144,9,374.40204969847144,488.89340232894256,89.46140685381718,233.90791038100846,11.61278590976123
144,10,374.40204969847144,488.89340232894256,95.25806788806038,244.6389490369278,12.649917266522435
144,11,374.40204969847144,488.89340232894256,78.79115974063872,301.90514074421714,14.765666317460209
145,0,336.66014126571406,686.701057868366,99.97297360232214,217.8243559207165,18.92982766693009
145,1,336.66014126571406,686.701057868366,38.252930939155185,262.4668586641408,23.679552559172542
145,2,336.66014126571406,686.701057868366,115.55307187167861,308.0409086527274,27.194816948035182
145,3,336.66014126571406,686.701057868366,82.52786815623048,116.80696798323903,27.220524413547015
145,4,336.66014126571406,686.701057868366,82.84474841817716,113.80060872484667,27.13678425615956
145,5,336.66014126571406,686.701057868366,107.07295346815523,88.97443652997615,24.210396526215163
145,6,336.66014126571406,686.701057868366,58.555494402770165,132.14115668970763,20.292173224812764
145,7,336.66014126571406,686.701057868366,132.60977622346095,151.80166206409368,15.940517300266702
145,8,336.66014126571406,686.701057868366,174.06991806482648,222.03603973985216,14.08272081512661
145,9,336.66014126571406,686.701057868366,69.134836142648,288.45227136784456,13.787540499935677
145,10,336.66014126571406,686.701057868366,127.65122164514946,341.4279445151648,12.878723437249544
145,11,336.66014126571406,686.701057868366,94.34027738480617,208.4692518837112,16.08584690540322
146,0,369.37272190842145,551.4371516844843,114.06636614301408,206.50956725194115,21.10775931353034
146,1,369.37272190842145,551.4371516844843,91.54084546632707,268.4420168497976,23.37285806810511
146,2,369.37272190842145,551.4371516844843,97.11621291094407,311.4154810153777,27.491125186371054
146,3,369.37272190842145,551.4371516844843,78.17194575647453,164.69527867770344,26.781656340177626
146,4,369.37272190842145,551.4371516844843,62.62652855376871,91.4622022322611,26.323335336323584
146,5,369.37272190842145,551.4371516844843,86.53973765045104,91.03639481350639,22.624266909878664
146,6,369.37272190842145,551.4371516844843,88.25631555933292,91.69742319114904,19.00748713792298
146,7,369.37272190842145,551.4371516844843,111.87276462520047,121.04935451883864,15.734166893802122
146,8,369.37272190842145,551.4371516844843,63.278786412800756,248.42038812556697,12.926680398004727
146,9,369.37272190842145,551.4371516844843,41.6990852495116,295.66644967083255,12.089982201556536
146,10,369.37272190842145,551.4371516844843,70.54432701775313,277.90488255363874,11.941710429700448
146,11,369.37272190842145,551.4371516844843,58.56081211611816,264.8570691176122,14.354855563267398
147,0,306.0455617668918,642.7250952256172,99.040130756886,244.799950803071,19.29727293439451
147,1,306.0455617668918,642.7250952256172,128.91545034995792,304.9709150588107,24.861968947393983
147,2,306.0455617668918,642.7250952256172,61.28622795499332,272.1261796404167,26.089376622924014
147,3,306.0455617668918,642.7250952256172,77.70144788564374,166.65983255650397,27.549568770611344
147,4,306.0455617668918,642.7250952256172,80.04255816522156,108.52902333492935,26.103359915136732
147,5,306.0455617668918,642.7250952256172,49.83443668516216,80.8662825041897,24.677567529715937
147,6,306.0455617668918,642.7250952256172,70.93944822103343,67.14248039031247,19.821122752046005
147,7,306.0455617668918,642.7250952256172,83.03211726569674,123.58863632781551,14.63840116774961
147,8,306.0455617668918,642.7250952256172,89.98951105732662,161.89185263376916,12.739291363345801
147,9,306.0455617668918,642.7250952256172,113.37995479454315,326.84404704453846,12.713629333028607
147,10,306.0455617668918,642.7250952256172,81.34042366606992,327.81018883561524,14.33515326067517
147,11,306.0455617668918,642.7250952256172,157.85335594531637,230.76061048963723,14.943448154876895
148,0,338.1327731867178,579.2115145698606,124.55121633174801,201.1904475462621,19.247186815735187
148,1,338.1327731867178,579.2115145698606,100.35669246542126,271.5860830728336,24.098508956454875
148,2,338.1327731867178,579.2115145698606,123.50677590221038,221.88323074022728,25.602644460691
148,3,338.1327731867178,579.2115145698606,125.305097538801,182.5566364085623,27.488668755710258
148,4,338.1327731867178,579.2115145698606,130.37672182813202,87.17908257515563,26.735183229407273
148,5,338.1327731867178,579.2115145698606,19.94650025103016,75.2244983805727,26.382686376059038
148,6,338.1327731867178,579.2115145698606,107.5266702176587,98.70745547616714,18.920400914801576
148,7,338.1327731867178,579.2115145698606,75.67234508588135,120.75885332808197,16.46719015122944
148,8,338.1327731867178,579.2115145698606,79.56578608987492,182.8745168730114,11.862837583032427
148,9,338.1327731867178,579.2115145698606,96.56131080532322,236.45563675496433,13.269970613983112
148,10,338.1327731867178,579.2115145698606,91.82785130406954,301.3408610222329,10.01343259230777
148,11,338.1327731867178,579.2115145698606,98.20698737524374,292.6433676078813,16.639327191078362
149,0,559.0609063288434,558.706401148697,69.82982762528904,246.25234172015973,20.805181436674744
149,1,559.0609063288434,558.706401148697,101.02769611369258,273.79309772151197,24.731693695690883
149,2,559.0609063288434,558.706401148697,112.30589175250896,273.5303524194517,26.518985493572135
149,3,559.0609063288434,558.706401148697,113.04679116403689,183.21543103430147,30.00268473482794
149,4,559.0609063288434,558.706401148697,76.3639771837197,92.60684956103256,26.55085599850615
149,5,559.0609063288434,558.706401148697,91.72044909044149,100.0004778881927,23.110963249479692
149,6,559.0609063288434,558.706401148697,100.17819530228097,78.95583519732939,20.60205293436461
149,7,559.0609063288434,558.706401148697,71.51982319198457,99.05335610089773,15.727990663582693
149,8,559.0609063288434,558.706401148697,63.8896573073614,221.0675723544048,12.744817857167506
149,9,559.0609063288434,558.706401148697,112.96968889175822,233.8140831130639,11.254793372848287
149,10,559.0609063288434,558.706401148697,168.39108271589544,273.3610692430619,11.840307663332606
149,11,559.0609063288434,558.706401148697,48.80862627058544,310.69475137984927,15.65296885152866
150,0,293.7510987815765,525.0261043395191,106.69729641739802,203.37167658628994,20.621812540197418
150,1,293.7510987815765,525.0261043395191,95.58166069829535,343.0914381105488,22.868279348472687
150,2,293.7510987815765,525.0261043395191,101.10085400801086,250.11319419083736,27.838744845988334
150,3,293.7510987815765,525.0261043395191,23.00260723819936,182.29932190371147,27.609920547604233
150,4,293.7510987815765,525.0261043395191,83.88006227868908,67.23943744500983,28.096138707572887
150,5,293.7510987815765,525.0261043395191,95.59309340258037,90.59674282607415,24.156707014424686
150,6,293.7510987815765,525.0261043395191,92.41179584546309,105.5681920124984,20.69836012072683
150,7,293.7510987815765,525.0261043395191,53.26320605537974,127.06239435645647,14.494329000896565
150,8,293.7510987815765,525.0261043395191,103.76723413306836,189.11360463062658,14.698071269924926
150,9,293.7510987815765,525.0261043395191,112.35310359352238,258.67209251856605,12.350470005266816
150,10,293.7510987815765,525.0261043395191,53.9900962042732,332.3064549468758,12.721067112876414
150,11,293.7510987815765,525.0261043395191,120.15963972198458,256.75753558826375,15.873620655991504
151,0,356.8109133042601,562.8461252823842,31.86977374977478,257.66805467334314,18.629059530638393
151,1,356.8109133042601,562.8461252823842,93.71977717860418,297.23332829046893,23.338622962036663
151,2,356.8109133042601,562.8461252823842,85.76225592704579,273.77366352310054,27.00632633734575
151,3,356.8109133042601,562.8461252823842,115.8214769746089,200.8526685180147,27.551358854636664
151,4,356.8109133042601,562.8461252823842,88.56524681328995,121.6177303719463,26.721530137709518
151,5,356.8109133042601,562.8461252823842,64.42805394956824,83.1720323544935,24.56196304337675
151,6,356.8109133042601,562.8461252823842,94.4845068516714,102.51979482595699,19.727149510372456
151,7,356.8109133042601,562.8461252823842,64.98725898689058,138.75858492973856,15.892399899707666
151,8,356.8109133042601,562.8461252823842,43.656817517372396,209.33799976242335,13.125313286479953
151,9,356.8109133042601,562.8461252823842,63.99513380630713,245.63049763307893,12.740113276455661
151,10,356.8109133042601,562.8461252823842,70.7800204343983,249.52064578316498,11.692881582888466
151,11,356.8109133042601,562.8461252823842,85.36367008202515,295.93236899101186,16.70697503700682
152,0,274.2369081673105,472.37562602770316,105.45982614364561,216.73444553695265,20.35945882676599
152,1,274.2369081673105,472.37562602770316,106.62084961071149,275.5692405142041,24.70494487833697
152,2,274.2369081673105,472.37562602770316,62.96347457736774,240.81931343839372,27.17286069449448
152,3,274.2369081673105,472.37562602770316,21.50400250358622,194.29456744973012,29.104532698096985
152,4,274.2369081673105,472.37562602770316,90.35778557660828,76.97742165391483,27.195607737143607
152,5,274.2369081673105,472.37562602770316,97.40267978068027,105.57462019904085,24.59142841449923
152,6,274.2369081673105,472.37562602770316,128.6416388577364,90.23867092948484,19.897783425359073
152,7,274.2369081673105,472.37562602770316,87.87941492628421,146.9820850159545,16.745057712279188
152,8,274.2369081673105,472.37562602770316,50.2814835604109,224.5119417385247,14.487133853488434
152,9,274.2369081673105,472.37562602770316,62.978522795317616,265.1286241636198,13.566756441613702
152,10,274.2369081673105,472.37562602770316,41.847405436742584,349.69488967191535,14.756982289603476
152,11,274.2369081673105,472.37562602770316,66.17856615570015,241.02417432807133,15.221227307878925
153,0,374.3266197197744,522.7875353446833,156.5738707308583,236.3474845309031,19.20714851438401
153,1,374.3266197197744,522.7875353446833,123.94473058809551,299.8566194185341,22.998655618622024
153,2,374.3266197197744,522.7875353446833,85.84159106920418,291.09339833595783,27.410467882330973
153,3,374.3266197197744,522.7875353446833,99.08361851512174,163.55382050357673,29.01033951472613
153,4,374.3266197197744,522.7875353446833,89.56420984759818,111.32139557467889,25.636047606186743
153,5,374.3266197197744,522.7875353446833,64.47165372217266,80.12297488193651,24.04146838990452
153,6,374.3266197197744,522.7875353446833,59.91790623270095,110.44766386115279,19.886946509827045
153,7,374.3266197197744,522.7875353446833,80.45078107201405,111.95900227549008,14.840380002941252
153,8,374.3266197197744,522.7875353446833,53.740384058665946,212.21080438806607,14.850966345792907
153,9,374.3266197197744,522.7875353446833,100.478065158768,246.21050382992354,10.937121527040356
153,10,374.3266197197744,522.7875353446833,91.18881515598059,352.8729463182038,12.987192419700577
153,11,374.3266197197744,522.7875353446833,94.35925765655284,226.0395358155083,16.639599820485344
154,0,407.3919924622331,326.34552353393354,84.57217624019565,246.69161489876203,19.768068799303343
154,1,407.3919924622331,326.34552353393354,119.46747577883909,295.18814127809577,23.24855634428691
154,2,407.3919924622331,326.34552353393354,109.18358105967093,318.0009238408546,28.684592582769696
154,3,407.3919924622331,326.34552353393354,104.87417608298502,139.56472179046904,27.911423179209585
154,4,407.3919924622331,326.34552353393354,72.57721720553133,89.94681767894588,27.856377424372155
154,5,407.3919924622331,326.34552353393354,134.83174828774924,99.21495359025327,26.53050790957617
154,6,407.3919924622331,326.34552353393354,69.10306089265492,102.69568125057502,21.7742713588201
154,7,407.3919924622331,326.34552353393354,113.60936418200143,103.69562381653161,15.627342081150834
154,8,407.3919924622331,326.34552353393354,145.69512770409963,265.3225292847194,13.444269038685977
154,9,407.3919924622331,326.34552353393354,95.69991520610591,187.55129095903965,11.05356117405276
154,10,407.3919924622331,326.34552353393354,86.16178166000024,281.7620276583456,12.500771399589791
154,11,407.3919924622331,326.34552353393354,72.46410830928458,276.8961854745116,15.373413258129494
155,0,396.3514742879665,559.1274681947475,135.03774734470252,168.18362709808997,20.081181233935933
155,1,396.3514742879665,559.1274681947475,104.3464279070821,245.29656731474057,25.069111673206574
155,2,396.3514742879665,559.1274681947475,83.60950604481704,222.69178262854908,27.139927726764043
155,3,396.3514742879665,559.1274681947475,152.67395217838853,127.75473034490246,29.93041990536472
155,4,396.3514742879665,559.1274681947475,64.18935465157793,95.28385056794811,25.45131435061454
155,5,396.3514742879665,559.1274681947475,9.282571155474642,89.22723588034519,23.48728366395395
155,6,396.3514742879665,559.1274681947475,91.05099842509297,92.03633167551399,20.507493815434316
155,7,396.3514742879665,559.1274681947475,58.48510459391287,131.5577735999895,16.624357463320592
155,8,396.3514742879665,559.1274681947475,69.61920358201475,195.32695908554072,12.285674562267719
155,9,396.3514742879665,559.1274681947475,78.15697736842444,233.46681129469624,11.880005124594886
155,10,396.3514742879665,559.1274681947475,133.15473930396297,272.63022948878273,14.103614717006518
155,11,396.3514742879665,559.1274681947475,108.7075760102448,249.2618168847792,14.127253118316869
156,0,448.29693976611316,489.30928943232186,36.207128124472,303.9434531471341,19.540547035019774
156,1,448.29693976611316,489.30928943232186,43.55764815462407,314.7863470933134,24.173797079089063
156,2,448.29693976611316,489.30928943232186,129.66444343879857,270.45325654590783,27.111022258211666
156,3,448.29693976611316,489.30928943232186,50.14149501119164,132.08986698933614,28.576490064628516
156,4,448.29693976611316,489.30928943232186,82.3729891379988,98.15957126890962,27.83965073851534
156,5,448.29693976611316,489.30928943232186,112.15425823689785,84.46301503674513,24.40350200550007
156,6,448.29693976611316,489.30928943232186,68.7497421066008,102.28950685208902,20.850548936045385
156,7,448.29693976611316,489.30928943232186,60.39452007686897,144.45427774485114,16.488186119108573
156,8,448.29693976611316,489.30928943232186,81.05865662984948,231.1177401922607,14.724509360399228
156,9,448.29693976611316,489.30928943232186,67.35912156854587,245.09648835325197,12.657501190896246
156,10,448.29693976611316,489.30928943232186,95.69274906089798,322.3292102719056,10.997913281233416
156,11,448.29693976611316,489.30928943232186,128.9329353887718,272.3535241321956,17.261292965533414
157,0,332.2290957469143,559.978613798547,96.69903894285974,307.93045430092036,19.676621401243207
157,1,332.2290957469143,559.978613798547,76.08882775185793,232.03877746098541,25.410947163942833
157,2,332.2290957469143,559.978613798547,53.577928267599525,330.9737128595302,27.812294419032465
157,3,332.2290957469143,559.978613798547,62.50928648405109,144.0176768473211,29.0209528822635
157,4,332.2290957469143,559.978613798547,29.173654998145338,85.9778180516894,26.763776095728723
157,5,332.2290957469143,559.978613798547,129.28437298253922,77.08648458389133,23.225685272252576
157,6,332.2290957469143,559.978613798547,100.02682955200015,95.0028192276854,22.158641635429788
157,7,332.2290957469143,559.978613798547,125.1222995062407,172.21042138258758,17.451071792936556
157,8,332.2290957469143,559.978613798547,80.63907075974583,200.86785882686496,15.525975862315935
157,9,332.2290957469143,559.978613798547,163.90766870295874,243.0389897575626,11.866410867292293
157,10,332.2290957469143,559.978613798547,127.78200902123092,219.16336406642068,13.961008473218458
157,11,332.2290957469143,559.978613798547,79.86995254799277,288.6361404353298,15.783490049246236
158,0,455.2175106871962,493.894589306436,65.81102654645933,257.5991879355704,20.303743335946173
158,1,455.2175106871962,493.894589306436,41.080223386934776,322.64971344359606,23.696337480166967
158,2,455.2175106871962,493.894589306436,60.367381632596576,261.03376359917127,28.66824781551013
158,3,455.2175106871962,493.894589306436,95.96863795697462,207.51565393194937,27.331836376115383
158,4,455.2175106871962,493.894589306436,30.820656752129374,106.25544110234773,26.660234049543025
158,5,455.2175106871962,493.894589306436,114.11367028725014,58.16326965299537,22.042382829482026
158,6,455.2175106871962,493.894589306436,125.26860625733582,107.37760698224731,19.921096190119467
158,7,455.2175106871962,493.894589306436,98.64813857952012,141.91268359186418,14.282565867292004
158,8,455.2175106871962,493.894589306436,87.5639555260495,197.4225587152853,12.495272449193896
158,9,455.2175106871962,493.894589306436,66.39467565105815,229.63861747332078,12.366019099088879
158,10,455.2175106871962,493.894589306436,158.0895135866212,356.77785843922646,13.052322641542505
158,11,455.2175106871962,493.894589306436,80.53073836928408,242.58410884394308,15.80039160381776
159,0,430.658978174685,720.6107120494993,133.64415447128462,253.14217699623626,19.89284654248675
159,1,430.658978174685,720.6107120494993,105.628597948131,305.68768888867436,23.581612966618902
159,2,430.658978174685,720.6107120494993,135.4336061460487,292.7170090585205,28.42345466273856
159,3,430.658978174685,720.6107120494993,125.63249793696198,132.8811552945065,28.15474274464929
159,4,430.658978174685,720.6107120494993,63.63832671025668,132.20627481701914,27.785638061418318
159,5,430.658978174685,720.6107120494993,103.898161076709,67.98367327943456,22.642030209124883
159,6,430.658978174685,720.6107120494993,85.16541428202287,81.0564490058565,20.0611952801873
159,7,430.658978174685,720.6107120494993,119.4794220259592,125.87464575241059,14.794612681396435
159,8,430.658978174685,720.6107120494993,58.77020910339631,168.06517175861325,13.241042100924385
159,9,430.658978174685,720.6107120494993,86.29476515918552,253.02037938676142,12.355192030908077
159,10,430.658978174685,720.6107120494993,73.55785326384476,249.96777123426037,12.154701037814247
159,11,430.658978174685,720.6107120494993,97.623141279003,288.87945430665314,16.97664909165118
160,0,352.5807389533822,573.2788407243977,45.28860450846409,255.7203020029184,22.019000496596565
160,1,352.5807389533822,573.2788407243977,97.75326678408734,344.97695480790327,23.442044282446194
160,2,352.5807389533822,573.2788407243977,72.42704785783684,242.30604153559844,26.84317538025092
160,3,352.5807389533822,573.2788407243977,107.30535407348654,150.50075125778164,29.27622259295775
160,4,352.5807389533822,573.2788407243977,75.18885513523115,124.88872015460761,26.07742838935011
160,5,352.5807389533822,573.2788407243977,77.51894319314947,92.2602218748308,24.60469046781698
160,6,352.5807389533822,573.2788407243977,87.66383369099226,117.13138359519846,21.196647807944622
160,7,352.5807389533822,573.2788407243977,84.92435147025131,126.95705178196381,16.14474646480286
160,8,352.5807389533822,573.2788407243977,9.823040310547256,224.7200714656976,11.794372190632071
160,9,352.5807389533822,573.2788407243977,108.96251409453967,282.51498052439007,12.697414800100926
160,10,352.5807389533822,573.2788407243977,88.9913128203857,336.2724916669531,14.32238336175445
160,11,352.5807389533822,573.2788407243977,80.56995430311926,263.2407960478126,15.069506089524074
161,0,443.83009571293144,579.0561991176918,93.41087614282014,306.0227746854759,20.89389861668019
161,1,443.83009571293144,579.0561991176918,67.49641683015915,322.8476514354928,23.032698088280362
161,2,443.83009571293144,579.0561991176918,95.14741857533865,204.76051654010982,26.262722481149254
161,3,443.83009571293144,579.0561991176918,38.54394850158696,121.81520296878291,28.309154244711955
161,4,443.83009571293144,579.0561991176918,55.96993175016547,107.5857814997079,26.885620943803573
161,5,443.83009571293144,579.0561991176918,90.14991246615487,88.19929237864277,23.629750616990776
161,6,443.83009571293144,579.0561991176918,38.005347630376384,81.52908763473339,21.23722763063048
161,7,443.83009571293144,579.0561991176918,91.13946648537771,108.69097803785743,15.978158374125902
161,8,443.83009571293144,579.0561991176918,143.5335703491744,158.02521131446002,13.031974200207475
161,9,443.83009571293144,579.0561991176918,130.90893388864515,187.59367348872138,13.130313407257526
161,10,443.83009571293144,579.0561991176918,117.0197825873656,352.5705520200838,12.590823383902935
161,11,443.83009571293144,579.0561991176918,70.07617860468984,238.63013154609038,16.196798367471267
162,0,362.9012893700786,743.5551960005758,64.33774175134972,216.10980752443342,20.68332532100232
162,1,362.9012893700786,743.5551960005758,91.1364347008299,332.83949865423585,23.97964538387713
162,2,362.9012893700786,743.5551960005758,117.17673401405011,259.22303598588036,27.05192525597111
162,3,362.9012893700786,743.5551960005758,100.61989646706257,189.82153175524678,28.067200482210414
162,4,362.9012893700786,743.5551960005758,86.3690483158962,99.020612122617,26.799069286787322
162,5,362.9012893700786,743.5551960005758,86.02929219814595,89.66327842048744,22.70606554620629
162,6,362.9012893700786,743.5551960005758,151.00469457992884,65.57616804640895,20.14045308816106
162,7,362.9012893700786,743.5551960005758,22.324443855806493,137.80478360941757,14.164413083613319
162,8,362.9012893700786,743.5551960005758,47.70769600579161,151.8364717106852,13.110867660136508
162,9,362.9012893700786,743.5551960005758,117.69717224854293,270.72189359221386,11.514055522315358
162,10,362.9012893700786,743.5551960005758,101.34202488372765,354.54654860712157,13.511482649693814
162,11,362.9012893700786,743.5551960005758,52.589653876832145,238.56206368208078,15.78255273396953
163,0,386.8920216600875,474.98673435142746,126.68630418860337,246.09947513717916,19.567420463115234
163,1,386.8920216600875,474.98673435142746,56.569199639593016,353.0210951597478,25.231531923889477
163,2,386.8920216600875,474.98673435142746,88.37116137699257,276.44518331807683,26.18717176723025
163,3,386.8920216600875,474.98673435142746,87.68148312199055,176.6776862468261,28.589365493905873
163,4,386.8920216600875,474.98673435142746,97.13238566956669,96.63229716624471,26.044058864751964
163,5,386.8920216600875,474.98673435142746,85.16956919634748,79.06953002980471,24.51328785802714
163,6,386.8920216600875,474.98673435142746,115.44425843930253,104.657567114008,20.936983359185774
163,7,386.8920216600875,474.98673435142746,82.45761451139892,155.6050073661029,16.61035307707499
163,8,386.8920216600875,474.98673435142746,70.03148805339679,172.3890334292978,12.97885150933978
163,9,386.8920216600875,474.98673435142746,67.65190381862222,214.6006452408412,12.585117190492749
163,10,386.8920216600875,474.98673435142746,36.181353429247324,286.8456733992047,11.647382772458478
163,11,386.8920216600875,474.98673435142746,79.01160414370416,280.6799750734689,13.913152616417376
164,0,276.56013031202895,615.1307461645935,141.87529471662572,240.09490438694726,20.439172345938363
164,1,276.56013031202895,615.1307461645935,86.92442230825348,303.48750500733433,22.749557051405148
164,2,276.56013031202895,615.1307461645935,133.89674695909585,230.18067825741488,28.24531503789945
164,3,276.56013031202895,615.1307461645935,67.50810791285603,155.63758778076766,27.86097892822613
164,4,276.56013031202895,615.1307461645935,100.9416599913824,95.96394418862843,28.748192951743082
164,5,276.56013031202895,615.1307461645935,99.97239022702733,84.77875922843089,23.778037064462875
164,6,276.56013031202895,615.1307461645935,8.950504924107506,116.57751037282125,20.90094490752182
164,7,276.56013031202895,615.1307461645935,55.98165704856567,131.04191433940517,15.757684313949678
164,8,276.56013031202895,615.1307461645935,49.528565078795125,237.7089915592711,12.68962700418133
164,9,276.56013031202895,615.1307461645935,101.40936306168062,270.631878189296,11.165104880150468
164,10,276.56013031202895,615.1307461645935,43.71134144658825,212.05193163012243,13.025493761856684
164,11,276.56013031202895,615.1307461645935,118.61736978759843,258.47312031040445,13.818580021498263
165,0,412.0549032812703,438.2974123421201,90.14101513784632,222.64464266231306,18.779507988311448
165,1,412.0549032812703,438.2974123421201,63.3736754498035,275.8960650571087,23.382391620728068
165,2,412.0549032812703,438.2974123421201,51.92622967190259,294.40597374451755,25.86195214279452
165,3,412.0549032812703,438.2974123421201,155.88690698437097,188.21514849344072,27.945700719583915
165,4,412.0549032812703,438.2974123421201,112.61618904954665,107.94822133672291,25.73410889357879
165,5,412.0549032812703,438.2974123421201,89.21136368541285,86.65844556479456,24.89490942377555
165,6,412.0549032812703,438.2974123421201,140.6877522075474,104.26529162680052,19.400301866335354
165,7,412.0549032812703,438.2974123421201,82.50798700842758,118.03308441185332,17.459878549442454
165,8,412.0549032812703,438.2974123421201,109.87636505946595,207.2269141438076,13.774260853626922
165,9,412.0549032812703,438.2974123421201,81.24921770810205,212.85648435560006,11.350646560605194
165,10,412.0549032812703,438.2974123421201,110.96425282186203,260.0670854436367,14.905044943755929
165,11,412.0549032812703,438.2974123421201,106.80391066809511,310.4868233852885,14.186688511612372
166,0,281.6839009922717,496.488050994739,127.17605180387336,292.97944634150707,20.7245204754444
166,1,281.6839009922717,496.488050994739,125.73137992067706,250.21442481215806,25.10147591308655
166,2,281.6839009922717,496.488050994739,93.56261891403805,235.25337189175374,27.230978099510775
166,3,281.6839009922717,496.488050994739,78.76939907460081,148.41401444267356,27.931361754439973
166,4,281.6839009922717,496.488050994739,96.29347792008414,108.65786561875555,26.12291781498391
166,5,281.6839009922717,496.488050994739,114.33451657541103,80.91222353516979,24.813043507738268
166,6,281.6839009922717,496.488050994739,110.56526324996592,96.17434091165167,19.099372270780307
166,7,281.6839009922717,496.488050994739,69.01409108791034,150.14839580227246,15.867342132999413
166,8,281.6839009922717,496.488050994739,97.45678915310008,239.80997445336644,13.246850609899049
166,9,281.6839009922717,496.488050994739,91.4890946453521,251.76106202923714,11.64376132636473
166,10,281.6839009922717,496.488050994739,135.31505934935703,210.53625470788648,10.375861225645664
166,11,281.6839009922717,496.488050994739,147.18066496424157,222.17722561349495,16.26056728865838
167,0,415.7008069489125,505.90078998209367,66.71037836720404,213.8906723288764,19.217950268057585
167,1,415.7008069489125,505.90078998209367,73.74672503337732,264.53837220500463,24.792370226952155
167,2,415.7008069489125,505.90078998209367,129.1566510742133,275.37376040086536,26.17642706347952
167,3,415.7008069489125,505.90078998209367,94.04698486335613,171.75131417147517,27.903441990793546
167,4,415.7008069489125,505.90078998209367,101.6149859167292,80.17065415722242,27.15225434317665
167,5,415.7008069489125,505.90078998209367,107.49687265030872,105.87894374742022,24.666301721176698
167,6,415.7008069489125,505.90078998209367,48.83765036771288,102.22806879590975,22.046189887133934
167,7,415.7008069489125,505.90078998209367,54.25935852575078,148.08451198497772,12.779497523184912
167,8,415.7008069489125,505.90078998209367,125.17282550093566,187.47873624091505,11.960913343029292
167,9,415.7008069489125,505.90078998209367,102.3069168937121,308.9661568107297,11.102892378177245
167,10,415.7008069489125,505.90078998209367,126.19086684853615,294.62499469226174,13.740899693188604
167,11,415.7008069489125,505.90078998209367,90.4532573391804,331.94028994995824,17.44921436987715
168,0,464.32915118809603,809.1234855751226,114.03681316643451,202.72826975575924,21.624083076990622
168,1,464.32915118809603,809.1234855751226,108.12202038300421,247.38599126898288,24.670033548855354
168,2,464.32915118809603,809.1234855751226,85.25405915037341,270.27121895884545,26.973066659866948
168,3,464.32915118809603,809.1234855751226,129.85173555516425,210.2833691349578,26.47612383220954
168,4,464.32915118809603,809.1234855751226,89.3390941179612,90.01152408790387,25.773956710660002
168,5,464.32915118809603,809.1234855751226,124.73299833167147,89.76581937568811,24.443949737892375
168,6,464.32915118809603,809.1234855751226,47.79578241167834,85.88492093289497,18.828031169770618
168,7,464.32915118809603,809.1234855751226,99.29385127248894,110.85498758240537,17.03916021842141
168,8,464.32915118809603,809.1234855751226,168.18346507006962,219.09126985673123,15.097546939513478
168,9,464.32915118809603,809.1234855751226,128.41416309532778,238.05791301981088,12.149348324461675
168,10,464.32915118809603,809.1234855751226,45.37436232540734,273.90266804554534,13.11577561223203
168,11,464.32915118809603,809.1234855751226,51.98489787700154,323.4539925568238,16.89310642370597
169,0,316.906327827825,514.136422223575,88.13777720771758,186.30292883760464,20.375435186454283
169,1,316.906327827825,514.136422223575,103.95554843813125,274.1383254502704,25.698909321547376
169,2,316.906327827825,514.136422223575,70.36159513257122,290.7513802589569,26.020622686971404
169,3,316.906327827825,514.136422223575,62.38973895449365,204.63058931551225,27.503118984084573
169,4,316.906327827825,514.136422223575,42.9187091018862,106.88872620657482,28.218005257643373
169,5,316.906327827825,514.136422223575,63.67983056887256,95.03958596495838,24.260387686492123
169,6,316.906327827825,514.136422223575,29.727444035015964,110.33957818373605,20.24245005462136
169,7,316.906327827825,514.136422223575,73.48018592021438,122.79392024235368,15.025645000904467
169,8,316.906327827825,514.136422223575,119.80994764278132,180.83718126418498,12.099650947475585
169,9,316.906327827825,514.136422223575,102.39331770961765,283.17019423707524,10.808299684324684
169,10,316.906327827825,514.136422223575,77.19419960809046,290.4178345124849,12.563289492512176
169,11,316.906327827825,514.136422223575,160.00255550067047,289.3247720566298,14.545551083383236
170,0,502.23846340293113,687.2533514495208,86.91407568866035,279.6907612689866,19.50604294121699
170,1,502.23846340293113,687.2533514495208,74.66690837703983,241.7461084397096,22.78742225262824
170,2,502.23846340293113,687.2533514495208,96.57526780574423,269.1144417134158,26.87692499951718
170,3,502.23846340293113,687.2533514495208,136.22720972493605,139.11664397688992,28.287468284862832
170,4,502.23846340293113,687.2533514495208,70.41636203841425,66.96977657093358,26.1335755494632
170,5,502.23846340293113,687.2533514495208,169.45215869715634,90.0229695957142,24.969227459805364
170,6,502.23846340293113,687.2533514495208,74.07254655615961,91.16395004688363,20.044044810862133
170,7,502.23846340293113,687.2533514495208,80.51647135315893,134.0192855187078,17.296473150083717
170,8,502.23846340293113,687.2533514495208,127.79846348657932,169.40352452446987,12.10065591134761
170,9,502.23846340293113,687.2533514495208,85.79447947977988,270.78465675215836,12.484850353571709
170,10,502.23846340293113,687.2533514495208,133.60231542642111,412.26706188733783,10.423370716615695
170,11,502.23846340293113,687.2533514495208,113.25582227852331,226.42913852066823,16.90106072468086
171,0,439.9681065372794,664.5791740738659,68.05180095123609,286.06823568151066,20.28629393443959
171,1,439.9681065372794,664.5791740738659,93.17172777742908,240.50766858206245,24.020479352062935
171,2,439.9681065372794,664.5791740738659,102.4871224912687,261.5758141597049,28.93496656987941
171,3,439.9681065372794,664.5791740738659,120.53634646678557,186.95565899300067,27.814621798404826
171,4,439.9681065372794,664.5791740738659,164.91316882668403,95.53874449574526,27.02465071647698
171,5,439.9681065372794,664.5791740738659,114.31788208274052,112.32749961008777,24.4027777108501
171,6,439.9681065372794,664.5791740738659,79.05709132813017,101.02835742800758,20.751696418404517
171,7,439.9681065372794,664.5791740738659,118.48213581291228,145.84062574330915,15.461320507919643
171,8,439.9681065372794,664.5791740738659,125.20811379119465,256.56780959348424,13.70085299380514
171,9,439.9681065372794,664.5791740738659,66.50158148541318,266.8220426468026,12.561322491409095
171,10,439.9681065372794,664.5791740738659,122.05064645627502,270.1457942356818,13.15617064884055
171,11,439.9681065372794,664.5791740738659,92.25001089324189,293.5072697088672,14.82434598169705
172,0,418.1860405112218,771.3924207536315,81.12161709649978,228.00141141133417,19.607902788004004
172,1,418.1860405112218,771.3924207536315,114.20684203924154,280.44755661373506,23.162446512018835
172,2,418.1860405112218,771.3924207536315,30.93678109948278,297.33758066153234,27.058886096903407
172,3,418.1860405112218,771.3924207536315,38.01829051962978,208.85740089841747,27.53658369205561
172,4,418.1860405112218,771.3924207536315,107.7223256382836,87.61446915324238,27.7404982233689
172,5,418.1860405112218,771.3924207536315,111.7093291570924,84.02546753643405,25.131555956603233
172,6,418.1860405112218,771.3924207536315,59.23949706838951,97.82427444001081,19.75461648885091
172,7,418.1860405112218,771.3924207536315,55.45421972132519,122.30834530018444,16.435644923866242
172,8,418.1860405112218,771.3924207536315,123.12215847977055,222.33350288138638,14.691654648080359
172,9,418.1860405112218,771.3924207536315,63.30129714527999,336.955774196676,11.592532193315062
172,10,418.1860405112218,771.3924207536315,121.13837553384221,257.1556058865766,11.191642236094465
172,11,418.1860405112218,771.3924207536315,86.41358108763825,290.34600279564586,16.89054137156936
173,0,240.15434082524715,574.3276857353569,94.39549614441715,282.6712402595928,19.81102838577587
173,1,240.15434082524715,574.3276857353569,64.14019844520536,301.5774790849189,24.626558750761312
173,2,240.15434082524715,574.3276857353569,119.2822346331084,193.82891784481947,27.92878388591195
173,3,240.15434082524715,574.3276857353569,122.59464574975843,172.7144423017873,27.646794936007687
173,4,240.15434082524715,574.3276857353569,111.74863979789386,107.47849550265418,27.102316469921874
173,5,240.15434082524715,574.3276857353569,76.59928456724384,104.20455681903753,23.517006931241802
173,6,240.15434082524715,574.3276857353569,93.20606013501917,99.17366929610016,18.748290981748234
173,7,240.15434082524715,574.3276857353569,60.58675127714304,144.86548522378988,15.649612165630977
173,8,240.15434082524715,574.3276857353569,97.65881178366187,189.3927012031492,12.73021010790481
173,9,240.15434082524715,574.3276857353569,120.10319510632594,256.44790948885094,13.976490297769235
173,10,240.15434082524715,574.3276857353569,75.42284054965226,311.56612587627774,12.969136126053868
173,11,240.15434082524715,574.3276857353569,69.04955884166917,201.71896370622065,16.700202537377383
174,0,363.75221299365853,446.1293074404075,52.21009502406375,282.1548146480816,20.020348512852934
174,1,363.75221299365853,446.1293074404075,92.62285468484293,326.70875343604143,24.60515576991598
174,2,363.75221299365853,446.1293074404075,85.03150094694745,282.6470984511775,27.972883456908512
174,3,363.75221299365853,446.1293074404075,84.67172718585435,217.6013951011557,27.514715295860167
174,4,363.75221299365853,446.1293074404075,159.2364984956407,121.71191353529609,27.8285142119739
174,5,363.75221299365853,446.1293074404075,148.37243237501914,94.6256103423345,23.628899269481824
174,6,363.75221299365853,446.1293074404075,52.35345875066673,103.77244701104844,18.125597859340928
174,7,363.75221299365853,446.1293074404075,14.548918232400254,122.0962305791931,15.053434168826445
174,8,363.75221299365853,446.1293074404075,70.87914855061246,155.6742270733235,10.467312692865685
174,9,363.75221299365853,446.1293074404075,68.09943778543513,204.9504366003446,12.987492463196151
174,10,363.75221299365853,446.1293074404075,121.42760834359808,299.8925672394183,13.739960471136987
174,11,363.75221299365853,446.1293074404075,112.4821693878564,277.6423083126117,16.837844656523767
175,0,430.7615079775442,463.2158398131712,65.33598255886758,300.10373049053686,18.3310658756874
175,1,430.7615079775442,463.2158398131712,134.9989702536369,318.4641329933079,23.846411622477337
175,2,430.7615079775442,463.2158398131712,143.59323406807147,253.3259348791038,27.59450625205055
175,3,430.7615079775442,463.2158398131712,83.6421056117679,183.60622563790233,27.870967886999466
175,4,430.7615079775442,463.2158398131712,72.93197096302883,100.02972558395979,26.561906485590942
175,5,430.7615079775442,463.2158398131712,82.19977956056364,90.10979304964823,24.077670857066867
175,6,430.7615079775442,463.2158398131712,84.7765765844507,94.30255673290254,19.294750629350823
175,7,430.7615079775442,463.2158398131712,112.24393700838972,112.16879279915109,18.05843924091425
175,8,430.7615079775442,463.2158398131712,57.16066498502555,220.43918805986226,12.216825914360978
175,9,430.7615079775442,463.2158398131712,18.777242230695336,209.5699423471662,11.57337468926296
175,10,430.7615079775442,463.2158398131712,63.69184798286065,258.7897405213221,12.87770993270864
175,11,430.7615079775442,463.2158398131712,120.16531291087152,279.862415015588,15.34144994938334
176,0,356.32101530956686,777.3007201417037,74.42987432488889,205.45393554238416,20.155757755996856
176,1,356.32101530956686,777.3007201417037,86.04661490469739,271.44103017503096,23.441585280902657
176,2,356.32101530956686,777.3007201417037,169.9092094096594,307.5611925473662,26.059689373066767
176,3,356.32101530956686,777.3007201417037,65.89029050495117,155.8453497870904,28.61185796706979
176,4,356.32101530956686,777.3007201417037,83.69985673397404,89.62010202639937,29.357566964923738
176,5,356.32101530956686,777.3007201417037,27.75365694716463,93.88091882995467,24.941943745091326
176,6,356.32101530956686,777.3007201417037,72.51878732810349,99.9223109321525,20.605259264898876
176,7,356.32101530956686,777.3007201417037,89.05139607143585,148.61778361861445,15.980750839647788
176,8,356.32101530956686,777.3007201417037,71.23483120546321,198.4592346251114,14.67630268812762
176,9,356.32101530956686,777.3007201417037,48.51722387911934,245.44929393646902,11.571046572534517
176,10,356.32101530956686,777.3007201417037,72.07153819576068,335.91056834012545,11.872835792642658
176,11,356.32101530956686,777.3007201417037,63.050976265660466,273.4704194647665,16.647395326245878
177,0,427.43367230260185,680.02494641871,83.47171357387326,322.1089068237866,19.54202474061321
177,1,427.43367230260185,680.02494641871,89.42983154775727,281.3468115801899,23.895866345122563
177,2,427.43367230260185,680.02494641871,78.36066935061866,237.10591520887638,26.53057486035765
177,3,427.43367230260185,680.02494641871,84.64374478204924,135.89743335788944,29.178327269002292
177,4,427.43367230260185,680.02494641871,101.48506046625204,109.80959561970127,26.11010170861603
177,5,427.43367230260185,680.02494641871,110.13561992471986,79.19189053229287,23.272247940902997
177,6,427.43367230260185,680.02494641871,76.84149554493706,106.78282123571915,20.841457908803186
177,7,427.43367230260185,680.02494641871,77.30250613616336,111.13613200741976,14.81778235473947
177,8,427.43367230260185,680.02494641871,96.99883548453334,209.79918021843895,12.797291212800086
177,9,427.43367230260185,680.02494641871,121.19893908268918,229.15104878486602,12.073935026463904
177,10,427.43367230260185,680.02494641871,75.5626630365114,318.04169804641697,13.443042745728443
177,11,427.43367230260185,680.02494641871,82.40512488617414,238.81733256057436,15.147315809460618
178,0,364.3835500164246,782.8832236360822,106.5100970176013,245.23609097915622,21.510099099249036
178,1,364.3835500164246,782.8832236360822,66.91886081356569,330.90565928265283,24.371419987214235
178,2,364.3835500164246,782.8832236360822,109.06685977116531,275.59471503424237,26.733026451729256
178,3,364.3835500164246,782.8832236360822,125.79460140219396,159.71747073963803,28.217385784876253
178,4,364.3835500164246,782.8832236360822,80.72395468226414,118.85731072218641,26.772244417734804
178,5,364.3835500164246,782.8832236360822,134.72174537720463,106.3075830509107,24.860409372044007
178,6,364.3835500164246,782.8832236360822,77.69091878712669,96.09378408815236,21.316881000450735
178,7,364.3835500164246,782.8832236360822,58.08474821483074,130.13132790427892,15.423091208560272
178,8,364.3835500164246,782.8832236360822,128.3118706790916,209.70266200046143,13.759501337502334
178,9,364.3835500164246,782.8832236360822,87.76336077088011,240.40035626175754,10.863311319245986
178,10,364.3835500164246,782.8832236360822,54.53801417330595,363.1031860364483,13.592796352633943
178,11,364.3835500164246,782.8832236360822,98.616809365208,216.4544087442092,14.976758003365253
179,0,513.265977041469,793.8800525057067,121.86142186624215,200.92211167635656,21.160677075497617
179,1,513.265977041469,793.8800525057067,131.2393048814769,280.7838120632269,24.34875961102167
179,2,513.265977041469,793.8800525057067,73.37291909494591,215.7677688829713,28.12394172915104
179,3,513.265977041469,793.8800525057067,149.2712376584244,197.37965780683564,28.237154776081653
179,4,513.265977041469,793.8800525057067,105.65305517640378,78.24744809963295,27.648744745784857
179,5,513.265977041469,793.8800525057067,140.94540746423993,87.18874666901479,23.879071171936385
179,6,513.265977041469,793.8800525057067,61.3174240168929,106.99392959857215,20.779697966343644
179,7,513.265977041469,793.8800525057067,79.81657305218901,141.7400705659186,15.157152174944134
179,8,513.265977041469,793.8800525057067,87.65825832812402,117.26887532210637,12.580587539814747
179,9,513.265977041469,793.8800525057067,48.999981667048175,235.48421597126173,11.803778824961194
179,10,513.265977041469,793.8800525057067,63.6321294694388,370.25723488420385,13.801880130980809
179,11,513.265977041469,793.8800525057067,116.55387309918129,232.20588940900998,17.391046904637562
180,0,592.9400947422251,647.147616032321,64.5310265609692,268.6775083363064,21.07366774128473
180,1,592.9400947422251,647.147616032321,64.4800872632852,320.0261370550864,24.51815796496987
180,2,592.9400947422251,647.147616032321,56.07160820743391,222.74761577214758,27.157839017845696
180,3,592.9400947422251,647.147616032321,94.97697653062127,179.41525805628493,27.942933045737803
180,4,592.9400947422251,647.147616032321,65.01006103577808,99.41696441733573,27.75742240531468
180,5,592.9400947422251,647.147616032321,95.95694607177883,96.23949741574522,23.39224834212883
180,6,592.9400947422251,647.147616032321,82.70457382890193,108.36139880459099,20.092551785486503
180,7,592.9400947422251,647.147616032321,106.58173225075103,138.56158907330877,15.958270445153675
180,8,592.9400947422251,647.147616032321,82.30965220652378,227.54500486695596,12.683079082276958
180,9,592.9400947422251,647.147616032321,36.81649392108612,261.22053107171087,11.580028438124542
180,10,592.9400947422251,647.147616032321,112.02102846278589,199.9536595891966,15.555908390146197
180,11,592.9400947422251,647.147616032321,63.478741718858316,272.95362043044105,17.323158488385175
181,0,402.33126318549114,603.4849268032136,85.82103560479423,237.6284745785534,18.175669053263334
181,1,402.33126318549114,603.4849268032136,67.83151983375423,227.47103579773696,22.844373546441478
181,2,402.33126318549114,603.4849268032136,49.29998079123793,266.8541796307952,27.427703259428412
181,3,402.33126318549114,603.4849268032136,124.43647605700752,162.0837036883939,27.523110704075854
181,4,402.33126318549114,603.4849268032136,118.26561289134548,115.2807822871321,26.77710874258224
181,5,402.33126318549114,603.4849268032136,89.83459533736568,85.17077360432435,23.097874578697752
181,6,402.33126318549114,603.4849268032136,91.89039783568651,106.16670768912024,21.609522872644106
181,7,402.33126318549114,603.4849268032136,124.26349960067499,94.3484421627382,16.693371982798737
181,8,402.33126318549114,603.4849268032136,121.51757643512559,228.64327083189613,13.56831980765825
181,9,402.33126318549114,603.4849268032136,92.86944315062597,202.6052345296434,11.519641254235191
181,10,402.33126318549114,603.4849268032136,93.51258992958984,257.7721298507286,13.821781276587133
181,11,402.33126318549114,603.4849268032136,82.30002848271849,365.48011291320273,16.706731475873394
182,0,313.87458769103233,675.8843566499153,62.44887354379849,301.06148189306657,19.463892798609454
182,1,313.87458769103233,675.8843566499153,80.73713517985458,246.47814308280508,23.670560940437717
182,2,313.87458769103233,675.8843566499153,122.29787948098583,267.98883538866284,28.2890061683847
182,3,313.87458769103233,675.8843566499153,36.179491887047135,192.30692390874313,29.225113629798503
182,4,313.87458769103233,675.8843566499153,96.85863435460259,100.63573761416593,26.339844819823426
182,5,313.87458769103233,675.8843566499153,105.35891678088731,98.73794927951677,24.408599191947786
182,6,313.87458769103233,675.8843566499153,50.64183716132393,101.26052914078262,19.62975232374844
182,7,313.87458769103233,675.8843566499153,81.49570206228653,135.67539130592147,17.373966843407096
182,8,313.87458769103233,675.8843566499153,86.94647018306,181.6742924999918,13.34618916001733
182,9,313.87458769103233,675.8843566499153,108.10866853436909,202.48169290616295,11.414819792105238
182,10,313.87458769103233,675.8843566499153,99.72284976865467,296.1559621025707,12.877285766046453
182,11,313.87458769103233,675.8843566499153,83.28346451356774,307.8694514645543,17.957354591110775
183,0,229.9190587548008,452.3101847998786,54.76708870934522,259.07121345599114,20.155038632460496
183,1,229.9190587548008,452.3101847998786,64.4178528996282,313.8813207797275,25.448288431256355
183,2,229.9190587548008,452.3101847998786,129.42359621283515,368.78266144815046,27.955296484660863
183,3,229.9190587548008,452.3101847998786,116.55538711810037,154.44037857549662,27.836278771877865
183,4,229.9190587548008,452.3101847998786,76.91738518502069,69.85948986967446,26.998602597620394
183,5,229.9190587548008,452.3101847998786,61.9609319650918,101.9180253744579,23.02586395335547
183,6,229.9190587548008,452.3101847998786,91.42985720093637,107.89547478420316,19.195532217749186
183,7,229.9190587548008,452.3101847998786,115.64209972780026,139.2301543155098,16.719103660863045
183,8,229.9190587548008,452.3101847998786,66.82439088727983,215.4934281748758,14.036796000506941
183,9,229.9190587548008,452.3101847998786,101.25425247347188,240.59561167928683,12.441288524094483
183,10,229.9190587548008,452.3101847998786,58.444855297848164,340.38853997531925,12.036350217083733
183,11,229.9190587548008,452.3101847998786,113.37444514905806,245.3338146692451,17.548260571648854
184,0,466.2608387830851,567.1893946918311,35.895367115704644,293.14279184937686,19.142424716052854
184,1,466.2608387830851,567.1893946918311,68.79952342470116,257.96348519970775,21.156467914812918
184,2,466.2608387830851,567.1893946918311,62.61325661820274,265.6142417365554,27.39369511858533
184,3,466.2608387830851,567.1893946918311,82.38382793671802,180.1118800314538,28.743214393975247
184,4,466.2608387830851,567.1893946918311,72.97513872909552,96.95244825175175,25.814333054085814
184,5,466.2608387830851,567.1893946918311,57.45655838484365,90.18050303092231,24.06611733754274
184,6,466.2608387830851,567.1893946918311,106.23581738854335,121.72516421768319,19.416732984370707
184,7,466.2608387830851,567.1893946918311,86.19927611895827,100.04834235333735,16.12312885366963
184,8,466.2608387830851,567.1893946918311,96.43666226267698,257.9090749189192,12.541380360704883
184,9,466.2608387830851,567.1893946918311,72.18511381393905,296.3018662717511,12.571274717816948
184,10,466.2608387830851,567.1893946918311,53.85380178941485,309.12027550573106,14.051722805335645
184,11,466.2608387830851,567.1893946918311,30.533307300646534,299.66888637494003,15.280992104393242
185,0,576.7099919683758,602.8024162826073,64.57750257934815,270.1161224827344,21.130158135447044
185,1,576.7099919683758,602.8024162826073,82.84118209773814,225.19713002130638,23.686363787110327
185,2,576.7099919683758,602.8024162826073,98.46634236082677,307.2269007136668,26.501709928498123
185,3,576.7099919683758,602.8024162826073,59.456564279427866,247.42328784475797,29.165833046699145
185,4,576.7099919683758,602.8024162826073,112.06749520106868,96.9861657547366,28.281024874897362
185,5,576.7099919683758,602.8024162826073,45.29495326924406,80.31688992443279,23.65752784352015
185,6,576.7099919683758,602.8024162826073,76.09461165933124,97.67145640269386,17.328007657050712
185,7,576.7099919683758,602.8024162826073,133.3490585022841,91.58273128659472,16.806037531953603
185,8,576.7099919683758,602.8024162826073,111.8072688580725,169.94417673702338,12.783881393467949
185,9,576.7099919683758,602.8024162826073,146.92427565821077,260.11663244052727,12.549505099239347
185,10,576.7099919683758,602.8024162826073,98.88653672876555,356.68637358163653,13.018557771889379
185,11,576.7099919683758,602.8024162826073,94.54145958302891,192.61670467174307,17.38037833612634
186,0,279.75874563127604,696.7411678138737,141.01074156879784,267.7761452129416,20.31036163718487
186,1,279.75874563127604,696.7411678138737,64.01514926119023,369.78587140849453,24.50166579286321
186,2,279.75874563127604,696.7411678138737,84.09743896722543,257.39162993119066,28.085120805929574
186,3,279.75874563127604,696.7411678138737,62.2032709920032,219.71975192462511,29.547350242824546
186,4,279.75874563127604,696.7411678138737,107.28094027544526,96.2658856837349,25.76908585351785
186,5,279.75874563127604,696.7411678138737,100.95553705931603,81.76307620954519,25.37065135480425
186,6,279.75874563127604,696.7411678138737,54.030340730749515,88.606553021675,17.788584395038292
186,7,279.75874563127604,696.7411678138737,117.98092069140783,118.10537043472006,15.503212096338721
186,8,279.75874563127604,696.7411678138737,103.436558092373,220.4724320789956,11.972622364477186
186,9,279.75874563127604,696.7411678138737,101.54314480737509,270.03953915612135,12.089416145617276
186,10,279.75874563127604,696.7411678138737,89.03835649817206,302.03546105487,15.093421187738986
186,11,279.75874563127604,696.7411678138737,138.14423585306767,195.78139902818728,18.11955644843181
187,0,291.63574749744873,400.2693757506845,73.0692536471414,308.3302826357299,18.700346895550478
187,1,291.63574749744873,400.2693757506845,94.93951065818399,282.18741793820493,23.700591777791118
187,2,291.63574749744873,400.2693757506845,104.19583315158489,266.00499207134345,25.29911554668427
187,3,291.63574749744873,400.2693757506845,87.01949354409602,180.63287625969775,26.63075161330979
187,4,291.63574749744873,400.2693757506845,65.93673857670052,87.43138692334705,26.971520346284738
187,5,291.63574749744873,400.2693757506845,60.19532785513056,115.0245915645775,24.566356909394017
187,6,291.63574749744873,400.2693757506845,92.59933404852377,80.28676979895715,21.1046096984771
187,7,291.63574749744873,400.2693757506845,31.37157613665721,81.22864499708656,15.539862221300105
187,8,291.63574749744873,400.2693757506845,128.36934420923166,177.96357156075356,14.186322886864973
187,9,291.63574749744873,400.2693757506845,88.43487732422297,251.120785946777,11.607271138458344
187,10,291.63574749744873,400.2693757506845,102.0990605512207,311.36938048028264,13.163357066858401
187,11,291.63574749744873,400.2693757506845,100.39852349510194,292.41893658462186,14.90958369384758
188,0,615.9829690273111,387.73481896969906,97.43825382316025,267.32633566285176,18.416018462003983
188,1,615.9829690273111,387.73481896969906,93.28912154857123,301.1319892826439,22.800190792106616
188,2,615.9829690273111,387.73481896969906,61.742507217202586,271.1536618830586,26.85587525158474
188,3,615.9829690273111,387.73481896969906,67.10580583237277,164.139052837214,29.137741456440803
188,4,615.9829690273111,387.73481896969906,35.79935617482436,89.7723479519399,27.578719679227337
188,5,615.9829690273111,387.73481896969906,148.742158305459,68.39938034156431,23.521073013539382
188,6,615.9829690273111,387.73481896969906,118.54915706901222,82.06530059383645,18.44347533353572
188,7,615.9829690273111,387.73481896969906,127.7185389451631,122.27918463764264,16.42585612144923
188,8,615.9829690273111,387.73481896969906,88.34100438609804,148.39110744895788,12.163148902308034
188,9,615.9829690273111,387.73481896969906,137.0655945687498,232.63621968433378,10.538298061917418
188,10,615.9829690273111,387.73481896969906,121.45494725998596,340.44674222575975,13.59934086463054
188,11,615.9829690273111,387.73481896969906,98.20151986353004,228.88257799569692,15.738762630736723
189,0,370.34566610404477,744.7605183945902,86.63106822995154,283.85057121707564,21.23635987387589
189,1,370.34566610404477,744.7605183945902,128.78897439027807,310.5416420026966,24.302918792637254
189,2,370.34566610404477,744.7605183945902,100.39116975294789,282.4580764958985,26.05264253393584
189,3,370.34566610404477,744.7605183945902,41.174087982632244,203.6176305613429,26.990414252895434
189,4,370.34566610404477,744.7605183945902,103.31255018717653,114.64447743463792,27.861531849473163
189,5,370.34566610404477,744.7605183945902,45.33467443758376,98.38673937924675,23.731616396763318
189,6,370.34566610404477,744.7605183945902,177.4405909829057,106.5189501154353,18.514470960681784
189,7,370.34566610404477,744.7605183945902,104.0097312304513,121.73383472537344,17.73806679270639
189,8,370.34566610404477,744.7605183945902,79.14896299191061,228.39556546161305,13.862465767402131
189,9,370.34566610404477,744.7605183945902,111.49059377661945,254.06274395810385,11.121462767760466
189,10,370.34566610404477,744.7605183945902,123.3228345920905,327.0632014666017,11.394773434655008
189,11,370.34566610404477,744.7605183945902,70.54868271169352,266.35140198449346,13.515195042563096
190,0,447.5184888665892,673.0266716683465,121.20010829276022,250.50548542233918,19.763796578182824
190,1,447.5184888665892,673.0266716683465,86.39407597582522,306.9665621316707,24.15018843496304
190,2,447.5184888665892,673.0266716683465,83.53920409156386,278.24699314815933,28.370587534526123
190,3,447.5184888665892,673.0266716683465,126.92592267027811,156.4185611940666,29.38335996535742
190,4,447.5184888665892,673.0266716683465,101.86313795399758,92.55901295896446,24.0818771541116
190,5,447.5184888665892,673.0266716683465,88.52287191735742,76.92063064211925,23.003481092417616
190,6,447.5184888665892,673.0266716683465,78.75723225107424,80.94629556062225,21.582512269097776
190,7,447.5184888665892,673.0266716683465,109.26792308074788,130.8846848284716,16.82332079076641
190,8,447.5184888665892,673.0266716683465,111.19031056214182,199.44337823060866,13.078277928114828
190,9,447.5184888665892,673.0266716683465,109.30780356713927,303.8092937820757,12.01292009131082
190,10,447.5184888665892,673.0266716683465,67.08975865725286,272.7606698099334,14.001346008939391
190,11,447.5184888665892,673.0266716683465,100.48614519782707,229.29262907653418,17.30471842265124
191,0,296.18272434889394,552.2308874746467,70.48394054299112,316.50858766831595,19.48185909416587
191,1,296.18272434889394,552.2308874746467,76.83400496807108,314.25042581913624,24.889159980817304
191,2,296.18272434889394,552.2308874746467,95.18989101912999,328.67464591150906,25.54333441043263
191,3,296.18272434889394,552.2308874746467,81.21300917867137,197.98415971733954,29.028058907351564
191,4,296.18272434889394,552.2308874746467,110.39328231496073,117.95588028511337,27.773168817235593
191,5,296.18272434889394,552.2308874746467,103.00038734343782,92.14200833207461,24.79168304282962
191,6,296.18272434889394,552.2308874746467,112.89355501742219,105.7848740885327,20.79240521842599
191,7,296.18272434889394,552.2308874746467,86.73914123226618,166.67453715976654,17.100704842849957
191,8,296.18272434889394,552.2308874746467,135.93799923417427,160.72759345925576,12.333499618756122
191,9,296.18272434889394,552.2308874746467,39.62419938428307,228.49989982620966,12.26630030841357
191,10,296.18272434889394,552.2308874746467,90.88065462566115,327.94498226917824,13.730389303500969
191,11,296.18272434889394,552.2308874746467,135.34732923949963,193.60422362611007,16.210624724620672
192,0,484.7824776813945,540.8899602324598,86.07867418506054,279.82502657119903,19.010769090264972
192,1,484.7824776813945,540.8899602324598,108.95075995921897,204.07608901076168,22.831989410089108
192,2,484.7824776813945,540.8899602324598,117.6812393188124,205.49651697279555,27.17123221686539
192,3,484.7824776813945,540.8899602324598,69.83078483999265,168.69278329955046,26.857790056251094
192,4,484.7824776813945,540.8899602324598,104.58098360675032,100.22545091456281,25.854040278417386
192,5,484.7824776813945,540.8899602324598,119.70057952639961,88.5132979643697,24.426769672358542
192,6,484.7824776813945,540.8899602324598,121.82425614528782,91.30241827177805,21.185497259740554
192,7,484.7824776813945,540.8899602324598,121.85522312694458,108.58595008501435,15.362339549255111
192,8,484.7824776813945,540.8899602324598,14.320255136964434,192.09214605505204,13.678355859729477
192,9,484.7824776813945,540.8899602324598,121.3370704724658,298.4570457621153,12.730660638943172
192,10,484.7824776813945,540.8899602324598,75.87357454366705,312.4484099339152,12.709685233504164
192,11,484.7824776813945,540.8899602324598,118.40622166246139,280.05490305130826,15.582954679318789
193,0,481.06379795998964,600.518144234124,134.66396628867537,343.304124148052,20.44697795522401
193,1,481.06379795998964,600.518144234124,82.79532408744782,313.26888971269636,23.946651130446572
193,2,481.06379795998964,600.518144234124,107.24539063323562,246.80367621117497,26.616713864658447
193,3,481.06379795998964,600.518144234124,43.552270783939626,196.36954103255005,29.63820666791028
193,4,481.06379795998964,600.518144234124,64.07568544194399,83.88581143772717,28.237374820460918
193,5,481.06379795998964,600.518144234124,100.62412453235964,78.63883583430301,25.164717983610213
193,6,481.06379795998964,600.518144234124,104.78466855194637,115.21717452268354,20.403267118661432
193,7,481.06379795998964,600.518144234124,95.45709876658078,121.0707126947317,15.839157289646982
193,8,481.06379795998964,600.518144234124,85.62286513442115,198.65041443289778,13.292575060872249
193,9,481.06379795998964,600.518144234124,38.872108038915364,239.01199437391656,13.543868068045706
193,10,481.06379795998964,600.518144234124,130.8662921587904,238.27671600324956,13.83127723206912
193,11,481.06379795998964,600.518144234124,58.28596542302712,241.20273034995077,16.15426115607066
194,0,265.3899310942495,410.88585761474087,84.15493973728707,294.8925049836508,18.98735659064381
194,1,265.3899310942495,410.88585761474087,87.8131167813732,364.2633444550397,23.635637045208895
194,2,265.3899310942495,410.88585761474087,71.04759597100352,294.4156966913927,25.24482893012098
194,3,265.3899310942495,410.88585761474087,37.65507965147302,134.32035058564915,27.26384267967948
194,4,265.3899310942495,410.88585761474087,99.72190192416824,88.09341634669812,26.84001139640624
194,5,265.3899310942495,410.88585761474087,84.2881605696837,106.85076203646616,23.220270557837285
194,6,265.3899310942495,410.88585761474087,131.07204550567005,101.30895077906199,21.493195089559197
194,7,265.3899310942495,410.88585761474087,91.97174532003793,142.82300584067374,16.111547865385553
194,8,265.3899310942495,410.88585761474087,67.73486421964577,142.86605902175103,13.202343685282722
194,9,265.3899310942495,410.88585761474087,71.63682110184891,219.9849773942996,11.178883165151241
194,10,265.3899310942495,410.88585761474087,87.65082536770134,316.9277963407731,13.10248197273698
194,11,265.3899310942495,410.88585761474087,65.42075338133837,268.9782147241025,15.803977221135533
195,0,551.9205052256182,503.2183565587534,47.269593902413284,312.080428029667,19.649822536566827
195,1,551.9205052256182,503.2183565587534,108.21567298300468,279.7896251025037,22.86190494057153
195,2,551.9205052256182,503.2183565587534,98.12593444291842,231.99920475345218,28.243783979517136
195,3,551.9205052256182,503.2183565587534,88.77906516342831,187.77989088892394,25.466415935229513
195,4,551.9205052256182,503.2183565587534,116.56804481480432,118.09805783224047,26.796642306991743
195,5,551.9205052256182,503.2183565587534,87.6990915583872,91.38385382458453,23.80457061768718
195,6,551.9205052256182,503.2183565587534,112.99559760122,119.12327485043232,19.696957786186527
195,7,551.9205052256182,503.2183565587534,81.93357336895893,136.66383312074197,15.697747130373664
195,8,551.9205052256182,503.2183565587534,139.23436737170852,210.56034761780356,10.833478869593947
195,9,551.9205052256182,503.2183565587534,66.48092793100494,266.00982450645716,13.021982724978539
195,10,551.9205052256182,503.2183565587534,111.21756157789015,313.4557163809703,13.16900544351824
195,11,551.9205052256182,503.2183565587534,93.84053881935634,330.0385074022663,17.91644944218437
196,0,436.46446947685035,720.1486107138197,68.47940429507433,280.09186518796776,21.57271383058378
196,1,436.46446947685035,720.1486107138197,81.03817229283122,260.42837115294986,23.42874755059835
196,2,436.46446947685035,720.1486107138197,115.43700946938176,203.2845692596253,25.696433883149986
196,3,436.46446947685035,720.1486107138197,83.34126451366843,198.26806077750223,27.869504203658167
196,4,436.46446947685035,720.1486107138197,69.33117870107417,116.46245975250724,26.986989273453034
196,5,436.46446947685035,720.1486107138197,107.83864613244083,105.37432598647582,23.711747670384174
196,6,436.46446947685035,720.1486107138197,132.68096948012777,135.28264524418526,21.029320927236608
196,7,436.46446947685035,720.1486107138197,108.82067952401552,113.74719775605502,15.699486276622535
196,8,436.46446947685035,720.1486107138197,99.78986060863002,152.51470887521984,13.504137506823172
196,9,436.46446947685035,720.1486107138197,93.14298096567916,289.50405338901425,11.904364686891345
196,10,436.46446947685035,720.1486107138197,99.23871460847504,221.2666265351196,12.601471262582724
196,11,436.46446947685035,720.1486107138197,99.6899967505521,256.81168385500405,15.191520750251273
197,0,312.6129569145241,721.4271764702188,126.1986192073161,248.71034568608417,20.810262490654424
197,1,312.6129569145241,721.4271764702188,111.50854564554484,205.43464723404387,22.75639401458744
197,2,312.6129569145241,721.4271764702188,91.58683077115099,204.95903521511653,26.71695828511628
197,3,312.6129569145241,721.4271764702188,117.04398859275398,169.3932365282949,28.026595665247257
197,4,312.6129569145241,721.4271764702188,55.015186588622825,85.98455385065195,27.681935027045004
197,5,312.6129569145241,721.4271764702188,63.94374285334804,73.0608285383719,23.11723077734825
197,6,312.6129569145241,721.4271764702188,69.6649250433733,105.12876366385007,20.381589330598
197,7,312.6129569145241,721.4271764702188,81.170569744112,132.34903647288698,17.133828864680194
197,8,312.6129569145241,721.4271764702188,149.28175947854191,210.25412052066076,12.083328040465151
197,9,312.6129569145241,721.4271764702188,74.98026141648255,234.87302943175115,11.875051470610979
197,10,312.6129569145241,721.4271764702188,153.80558970169233,406.62939595865697,12.46665477937861
197,11,312.6129569145241,721.4271764702188,67.20607079645384,216.71446379743315,16.731918012875568
198,0,227.66345205722223,796.5463787153201,62.26379249466672,227.22977682768752,20.08051339490437
198,1,227.66345205722223,796.5463787153201,122.28251650529305,338.75707648796106,25.15573579095832
198,2,227.66345205722223,796.5463787153201,109.29279108655673,209.0007369844171,27.295679134782116
198,3,227.66345205722223,796.5463787153201,75.08839239687242,207.49518551836917,28.840104502351718
198,4,227.66345205722223,796.5463787153201,93.19395034980808,108.73940550319467,26.365134806294197
198,5,227.66345205722223,796.5463787153201,49.93785480747863,75.23156906333242,24.99316280795124
198,6,227.66345205722223,796.5463787153201,114.52610445495564,102.63406501815817,20.07788140780511
198,7,227.66345205722223,796.5463787153201,102.13667541922295,98.70847634024662,15.667508054351147
198,8,227.66345205722223,796.5463787153201,129.8584024207252,241.95104141132043,13.584120208948411
198,9,227.66345205722223,796.5463787153201,89.15934789176129,213.34593832607106,13.049033645492807
198,10,227.66345205722223,796.5463787153201,80.24766350882877,305.94740932493295,12.460328680087258
198,11,227.66345205722223,796.5463787153201,57.34017067785279,203.1348767881382,14.644262193811363
199,0,340.5378521017041,658.554243495721,62.01265797048064,231.47763555335578,20.40606649087884
199,1,340.5378521017041,658.554243495721,80.17313845001551,276.8387071791562,24.536432973498297
199,2,340.5378521017041,658.554243495721,85.89780641979225,255.24092269467084,25.822161730824455
199,3,340.5378521017041,658.554243495721,96.49265895728223,190.37976224482364,28.33567165134955
199,4,340.5378521017041,658.554243495721,69.13995769879942,118.44228176775813,25.820900289638708
199,5,340.5378521017041,658.554243495721,45.55184956104289,92.32337856096447,23.181291772218014
199,6,340.5378521017041,658.554243495721,120.28822658201557,108.7045984776207,19.125449252847055
199,7,340.5378521017041,658.554243495721,86.57848887629555,123.71599845480613,16.432030893201542
199,8,340.5378521017041,658.554243495721,97.9525152157569,199.34420585808925,12.62579193192722
199,9,340.5378521017041,658.554243495721,122.92246661780959,309.0060523911597,14.092480726650889
199,10,340.5378521017041,658.554243495721,117.04437986984917,316.84617626683604,14.325491812428941
199,11,340.5378521017041,658.554243495721,26.97957368250882,295.45113545476835,16.05477271446839
200,0,549.4429139677379,746.671820562694,52.892187569536766,284.31991133147966,20.762873426171375
200,1,549.4429139677379,746.671820562694,61.493616597718855,319.03783935756377,21.89904671019067
200,2,549.4429139677379,746.671820562694,90.64611651247066,294.2900301547921,27.0502104787534
200,3,549.4429139677379,746.671820562694,92.56136322375721,186.61792880612282,28.064188843948678
200,4,549.4429139677379,746.671820562694,141.64568415885432,102.56290522561117,27.77340232643009
200,5,549.4429139677379,746.671820562694,128.4277089231797,89.15054388597886,23.44998857583393
200,6,549.4429139677379,746.671820562694,127.25117065309682,87.97811546007937,20.948729131571632
200,7,549.4429139677379,746.671820562694,118.84249676718417,127.91440449947811,14.142398362413758
200,8,549.4429139677379,746.671820562694,40.55118277236719,245.44973860605998,13.58651874076291
200,9,549.4429139677379,746.671820562694,114.74147393366454,243.39413465142331,12.202471784399577
200,10,549.4429139677379,746.671820562694,89.16770275882111,381.4765604602933,12.761642972170458
200,11,549.4429139677379,746.671820562694,124.19316344832396,269.0897350701459,16.750985193903745
201,0,510.1093393281603,429.85008069387993,112.50471595050219,198.10091009863604,18.860603919439004
201,1,510.1093393281603,429.85008069387993,49.63998464802844,194.17560872801002,25.74875720288861
201,2,510.1093393281603,429.85008069387993,117.4229880066562,294.2789834699582,26.455335532954365
201,3,510.1093393281603,429.85008069387993,84.11872835840151,193.57010447416184,28.39164540307528
201,4,510.1093393281603,429.85008069387993,94.1814784986492,87.32580286716166,26.127629671862383
201,5,510.1093393281603,429.85008069387993,95.1821492041883,103.74125746607405,24.23669932493848
201,6,510.1093393281603,429.85008069387993,93.59623076647456,91.0380219997593,20.168587651498548
201,7,510.1093393281603,429.85008069387993,111.97747607963666,104.46597207853115,16.784107865266527
201,8,510.1093393281603,429.85008069387993,111.48738258651349,208.30351873641598,12.996015933685367
201,9,510.1093393281603,429.85008069387993,105.87070141830313,326.0919142358426,13.49483185860864
201,10,510.1093393281603,429.85008069387993,60.149768514861634,270.37543301936165,12.258051000964404
201,11,510.1093393281603,429.85008069387993,111.34356228691567,261.15692526610945,14.98805522893107
202,0,431.46443917656967,433.82769557917175,96.81836790181325,205.40207732609844,21.053251395968587
202,1,431.46443917656967,433.82769557917175,91.34466218472026,258.27050504807755,24.588395467421783
202,2,431.46443917656967,433.82769557917175,102.62291642171448,304.90812401379173,28.381465590029304
202,3,431.46443917656967,433.82769557917175,45.99518496145585,194.6345564987714,28.96487549378331
202,4,431.46443917656967,433.82769557917175,77.61986186736992,75.05026299167959,25.670746326993644
202,5,431.46443917656967,433.82769557917175,113.89563922287391,65.98851132894985,23.68802969542288
202,6,431.46443917656967,433.82769557917175,132.4874892578776,99.94048848325727,20.94423387136015
202,7,431.46443917656967,433.82769557917175,67.02882756919487,115.67423614552087,17.00606490261931
202,8,431.46443917656967,433.82769557917175,110.76944990907002,223.76852156141763,12.234996303016121
202,9,431.46443917656967,433.82769557917175,102.01258393535343,271.64673094840475,13.271987728357805
202,10,431.46443917656967,433.82769557917175,80.21674467528649,315.97476505528795,11.458236248508095
202,11,431.46443917656967,433.82769557917175,110.97775779646474,196.55548630731803,15.048277249995525
203,0,513.2408167972685,249.7788838224381,63.81638453956907,163.68301663665432,19.270926631982682
203,1,513.2408167972685,249.7788838224381,84.07281579211168,314.9863115565953,23.378594687545828
203,2,513.2408167972685,249.7788838224381,85.26465982665647,241.38373855029263,26.34788767231278
203,3,513.2408167972685,249.7788838224381,47.76038057651065,149.6649203454931,27.87976079989271
203,4,513.2408167972685,249.7788838224381,105.70954582507672,115.94002254990863,25.555692274204898
203,5,513.2408167972685,249.7788838224381,46.537169274640824,68.25826326427482,23.726320099655496
203,6,513.2408167972685,249.7788838224381,82.33712447054995,64.30506727424073,20.15421454309548
203,7,513.2408167972685,249.7788838224381,32.39724089592523,120.3199798150237,16.721785784175545
203,8,513.2408167972685,249.7788838224381,86.57709007529013,207.20013309973564,14.157785429595346
203,9,513.2408167972685,249.7788838224381,84.38126848194447,246.60853512087309,11.772737499879701
203,10,513.2408167972685,249.7788838224381,102.16304143325065,236.3082566434103,11.06554252745496
203,11,513.2408167972685,249.7788838224381,95.71278239973519,287.6809208740822,16.492972327084743
204,0,207.50413366108523,427.1710811208045,101.20294200992873,224.36792036107616,21.211795717134056
204,1,207.50413366108523,427.1710811208045,98.71644789290843,218.482451123446,24.36402261985144
204,2,207.50413366108523,427.1710811208045,145.3625270347839,254.02873274200465,26.64222222687249
204,3,207.50413366108523,427.1710811208045,33.728332012750464,198.7913818423342,28.81109225977036
204,4,207.50413366108523,427.1710811208045,103.5934314602238,80.33613535524432,28.128101093642314
204,5,207.50413366108523,427.1710811208045,118.595576542662,62.11295697990152,23.576140786527418
204,6,207.50413366108523,427.1710811208045,105.48264928972287,96.10494109612826,19.46176247036715
204,7,207.50413366108523,427.1710811208045,140.66157198843268,169.31883415076473,15.544514875075707
204,8,207.50413366108523,427.1710811208045,117.96672889998555,143.76430240482563,13.08246093576664
204,9,207.50413366108523,427.1710811208045,110.12266579028473,255.35440203312982,11.977414468943895
204,10,207.50413366108523,427.1710811208045,121.2023336088508,335.1339905912745,13.602154145508715
204,11,207.50413366108523,427.1710811208045,61.33244523848155,298.91325514734257,16.400826266455468
205,0,342.4453954506549,375.37957750797005,59.80723613155092,208.45593498592208,20.216018233783288
205,1,342.4453954506549,375.37957750797005,128.7248171349403,257.2206239796349,24.949072548807255
205,2,342.4453954506549,375.37957750797005,88.21186255546148,307.53474862572494,26.329160233520454
205,3,342.4453954506549,375.37957750797005,22.94570088440183,203.15554930822262,26.598381395190707
205,4,342.4453954506549,375.37957750797005,99.42807936645247,104.2778724549765,25.437919172299516
205,5,342.4453954506549,375.37957750797005,128.99371342825754,77.38777623975962,24.60492516534158
205,6,342.4453954506549,375.37957750797005,113.07188285120128,95.6725812081534,18.873989484879207
205,7,342.4453954506549,375.37957750797005,50.17107673351272,111.85468433961285,16.210730799065153
205,8,342.4453954506549,375.37957750797005,99.13799253633229,211.39857279139792,13.946623099531076
205,9,342.4453954506549,375.37957750797005,147.68851793585375,257.54158913455717,11.819094964572706
205,10,342.4453954506549,375.37957750797005,142.73868998717597,379.1027712134267,12.023918006133538
205,11,342.4453954506549,375.37957750797005,110.15326852821859,198.88513569185068,16.315096540191238
206,0,321.07160341914624,675.8065038959959,89.21669405788244,247.79751520528995,20.327343336915675
206,1,321.07160341914624,675.8065038959959,82.45130029175296,235.83713599632026,22.585927797922373
206,2,321.07160341914624,675.8065038959959,84.94040597985698,325.7027840619646,28.082358132610363
206,3,321.07160341914624,675.8065038959959,71.87697776267305,200.85486321925777,25.910404072589234
206,4,321.07160341914624,675.8065038959959,105.5787857865191,86.92041991853597,25.159868344647094
206,5,321.07160341914624,675.8065038959959,78.5785076092777,98.49560922659214,23.49739969583754
206,6,321.07160341914624,675.8065038959959,108.29962780872833,114.73010256379472,19.857749446951075
206,7,321.07160341914624,675.8065038959959,49.49807466813922,103.86968822250216,16.277016573665072
206,8,321.07160341914624,675.8065038959959,128.77179399525875,238.30430273595547,12.469760111722614
206,9,321.07160341914624,675.8065038959959,93.65564778341172,218.46675981221557,11.813302352162598
206,10,321.07160341914624,675.8065038959959,66.30338866830357,309.0381037664789,10.579543452334812
206,11,321.07160341914624,675.8065038959959,146.97564378356185,266.30595467363213,15.328078427745444
207,0,407.47350676947383,685.4467339250369,120.93122482131685,245.25314349090377,20.417377573745338
207,1,407.47350676947383,685.4467339250369,63.657878824462884,277.8597944111,23.33494218817798
207,2,407.47350676947383,685.4467339250369,74.39503809744599,286.73078486503084,24.73885886764255
207,3,407.47350676947383,685.4467339250369,76.85142802686923,206.17304512056094,28.274945387369296
207,4,407.47350676947383,685.4467339250369,115.27488461562285,126.52129971385303,25.96148579732257
207,5,407.47350676947383,685.4467339250369,34.548629861658306,82.99607132720666,26.26074326541104
207,6,407.47350676947383,685.4467339250369,108.0967687657458,123.72158407313223,21.233731731628115
207,7,407.47350676947383,685.4467339250369,57.56093749180847,121.48637155350893,16.178468081452724
207,8,407.47350676947383,685.4467339250369,73.69490635121498,184.8671856227571,12.387631474298407
207,9,407.47350676947383,685.4467339250369,81.40516472172551,281.5066052925833,12.060652041584497
207,10,407.47350676947383,685.4467339250369,77.87876817572503,310.89143766500985,13.498919939907642
207,11,407.47350676947383,685.4467339250369,91.4827211209492,212.98092631867925,16.57706479437184
208,0,629.5145961952591,430.3343988744915,80.27126530145145,250.29579895496596,21.10017870553432
208,1,629.5145961952591,430.3343988744915,82.99700433004783,290.74155359874095,24.154885977894438
208,2,629.5145961952591,430.3343988744915,93.00178441328282,269.8578338150844,25.423125623749563
208,3,629.5145961952591,430.3343988744915,60.06279600877512,153.02179659290857,29.50540281001276
208,4,629.5145961952591,430.3343988744915,108.64860383472762,126.0902930341518,26.867404525920744
208,5,629.5145961952591,430.3343988744915,78.9859492532583,97.17416469849447,23.6860710967868
208,6,629.5145961952591,430.3343988744915,59.887281172926706,73.08136301339697,19.45600595311253
208,7,629.5145961952591,430.3343988744915,77.7309156731913,145.13174965027315,17.465430368756245
208,8,629.5145961952591,430.3343988744915,59.525604449000696,206.45448292983167,12.800803621780817
208,9,629.5145961952591,430.3343988744915,106.55666920214608,180.4384313028805,11.628269732382735
208,10,629.5145961952591,430.3343988744915,52.71861709099333,292.20854796730623,13.750914373746618
208,11,629.5145961952591,430.3343988744915,109.63547056061637,315.3505945867376,12.884358314378709
209,0,345.0278163568214,400.9344086697019,101.01989288025699,214.15226499796063,20.328273791496365
209,1,345.0278163568214,400.9344086697019,121.3545310386306,290.5908945443512,23.64440731856806
209,2,345.0278163568214,400.9344086697019,57.5696021889604,327.60639901034835,26.183023830033296
209,3,345.0278163568214,400.9344086697019,162.16417530997126,253.35184538367548,27.20127149516975
209,4,345.0278163568214,400.9344086697019,101.23534687823027,70.65884970736067,27.42091772094636
209,5,345.0278163568214,400.9344086697019,90.41490774296,85.68833478349156,23.026988700232
209,6,345.0278163568214,400.9344086697019,87.24814180327026,107.73051287808053,21.526308306943847
209,7,345.0278163568214,400.9344086697019,31.81690790175078,109.42272355122043,15.872033129597083
209,8,345.0278163568214,400.9344086697019,54.523758521032505,189.6388816065726,13.565812432763995
209,9,345.0278163568214,400.9344086697019,140.61850098546614,208.6109023518559,12.628045226186124
209,10,345.0278163568214,400.9344086697019,105.2012798196914,283.22016267858754,11.830534410289923
209,11,345.0278163568214,400.9344086697019,69.83892107673626,286.1960697686629,15.464626731449375
210,0,443.4517580026829,714.387014608398,145.7837748913372,213.2965806754578,18.926531009576237
210,1,443.4517580026829,714.387014608398,75.93992254775459,247.7197830981455,25.07945118118772
210,2,443.4517580026829,714.387014608398,50.309603655362885,223.8821392172157,25.941690584262886
210,3,443.4517580026829,714.387014608398,68.04079652046103,214.73509262277233,27.51856724606658
210,4,443.4517580026829,714.387014608398,73.36242643277872,102.86137364142667,27.09496915326118
210,5,443.4517580026829,714.387014608398,82.20561617926123,87.90311340784159,24.72745706770888
210,6,443.4517580026829,714.387014608398,152.34803510995056,99.76913246931926,18.45099176040463
210,7,443.4517580026829,714.387014608398,87.93778329350488,139.7804855339055,14.964310231004909
210,8,443.4517580026829,714.387014608398,125.87205275558883,209.29795839303029,14.574971583428194
210,9,443.4517580026829,714.387014608398,73.53915207112217,231.2087060998136,11.277106904431461
210,10,443.4517580026829,714.387014608398,86.97542332259955,292.14050048836214,13.919143362382592
210,11,443.4517580026829,714.387014608398,124.79772712499766,287.40030877640095,15.384184319004023
211,0,417.7324870871682,754.7113456869506,56.11338120677715,197.39507615337416,20.886209401520983
211,1,417.7324870871682,754.7113456869506,82.850698456623,229.41329483890965,23.222584320029664
211,2,417.7324870871682,754.7113456869506,106.56888375890321,281.6457653130481,26.73107594986075
211,3,417.7324870871682,754.7113456869506,72.39318794651246,180.88436487336682,28.14483194471644
211,4,417.7324870871682,754.7113456869506,117.31899071941298,102.70572883863134,27.92048509040142
211,5,417.7324870871682,754.7113456869506,72.09033932012085,104.03179840867455,23.836688846743115
211,6,417.7324870871682,754.7113456869506,12.851260166847226,115.8031737284319,18.456913241123527
211,7,417.7324870871682,754.7113456869506,112.82654532431718,128.53727188891602,17.718058075705304
211,8,417.7324870871682,754.7113456869506,92.20995068273282,203.93611787781106,13.404126123568792
211,9,417.7324870871682,754.7113456869506,129.7883881213933,237.257096164318,14.010744961866038
211,10,417.7324870871682,754.7113456869506,130.05802891875172,371.6826845872739,12.675540889806783
211,11,417.7324870871682,754.7113456869506,74.99578686698024,245.55692653811747,17.11978982449948
212,0,344.18228516995833,451.4525014018778,115.4492212448085,256.4147942189363,20.66870896871239
212,1,344.18228516995833,451.4525014018778,105.03377264993412,231.35124362872693,23.786889398276266
212,2,344.18228516995833,451.4525014018778,100.33326276178481,354.28733900172165,28.711262099067937
212,3,344.18228516995833,451.4525014018778,22.875669719071183,138.84457342073685,29.1254717902501
212,4,344.18228516995833,451.4525014018778,94.74777013625359,119.45568317156088,28.09594023374966
212,5,344.18228516995833,451.4525014018778,87.87363641131422,83.59961183750116,24.001149306654913
212,6,344.18228516995833,451.4525014018778,42.608639657937175,124.94886986451397,19.6652677114206
212,7,344.18228516995833,451.4525014018778,136.82874638633237,91.42314691405859,16.066833664270668
212,8,344.18228516995833,451.4525014018778,83.74651776816675,189.597956141155,14.98183315812831
212,9,344.18228516995833,451.4525014018778,27.671647912885618,249.1706327283841,14.520066199706216
212,10,344.18228516995833,451.4525014018778,94.81626986297667,297.4594405823087,13.342432823495484
212,11,344.18228516995833,451.4525014018778,73.46645290653018,233.1340627086856,16.843021253017362
213,0,385.9955309463608,629.138422445883,48.4948776179161,204.14880266282748,19.63974837889031
213,1,385.9955309463608,629.138422445883,133.4728823673935,270.2925142132802,23.940431147014788
213,2,385.9955309463608,629.138422445883,40.68968884783141,208.55784969787615,26.349073453461955
213,3,385.9955309463608,629.138422445883,92.13010095322105,169.2457310602367,28.172001265413524
213,4,385.9955309463608,629.138422445883,96.93831540054221,82.14131288104672,26.395528794245788
213,5,385.9955309463608,629.138422445883,118.09441076744827,89.63451976257092,24.95184897349166
213,6,385.9955309463608,629.138422445883,157.7981574310367,87.39528036546463,19.67234530120699
213,7,385.9955309463608,629.138422445883,58.73592520972195,155.15940729657044,18.773254128554456
213,8,385.9955309463608,629.138422445883,97.22174641532825,188.07365655059522,13.953026189695457
213,9,385.9955309463608,629.138422445883,104.24873027996414,254.16553005258646,12.248083271043647
213,10,385.9955309463608,629.138422445883,132.29446954744816,218.4613134253228,15.183691920557795
213,11,385.9955309463608,629.138422445883,90.86103210204425,239.43189725687313,17.302391948414762
214,0,268.6560165688678,771.0654252470367,83.15304405079455,267.425771033046,21.18293619754989
214,1,268.6560165688678,771.0654252470367,67.2346163885928,224.07434490542914,24.487609582658994
214,2,268.6560165688678,771.0654252470367,111.67866067216067,309.7444048579838,25.740473716566175
214,3,268.6560165688678,771.0654252470367,90.24799324636146,191.39361666540802,29.062608349682414
214,4,268.6560165688678,771.0654252470367,55.56082495462562,99.87528013466256,28.503290835911802
214,5,268.6560165688678,771.0654252470367,84.19018382812328,88.89583917291804,23.73932421725852
214,6,268.6560165688678,771.0654252470367,126.54264360260277,131.59903710811707,21.645644447822747
214,7,268.6560165688678,771.0654252470367,60.27844438955315,133.03742593927856,17.992934120537083
214,8,268.6560165688678,771.0654252470367,71.94484268262728,137.7602953591347,12.061714695343507
214,9,268.6560165688678,771.0654252470367,61.54256730766471,262.85199104979375,13.204242769572824
214,10,268.6560165688678,771.0654252470367,138.12696610672313,235.23125367116273,12.208907398478331
214,11,268.6560165688678,771.0654252470367,56.32855447981731,251.28114473936225,15.63272345218372
215,0,361.27915338891324,634.3895868502842,90.62695711002851,273.24981557380704,21.11776105716512
215,1,361.27915338891324,634.3895868502842,45.54424099593404,280.5026764717458,24.23124437723251
215,2,361.27915338891324,634.3895868502842,72.1076785610867,221.69791766219356,26.19071248844238
215,3,361.27915338891324,634.3895868502842,110.14892150031734,177.30743837933997,28.370626047595916
215,4,361.27915338891324,634.3895868502842,181.23740225758706,91.05608768791002,27.07144709839397
215,5,361.27915338891324,634.3895868502842,113.17381145488778,80.21247531335464,24.5595577660252
215,6,361.27915338891324,634.3895868502842,55.68446379999595,68.63791127604253,19.92810071423778
215,7,361.27915338891324,634.3895868502842,88.53304094881555,163.82282230526886,15.758216737201924
215,8,361.27915338891324,634.3895868502842,56.03529950195544,206.9826211015752,13.731591063235088
215,9,361.27915338891324,634.3895868502842,62.445395316167335,272.8181883789054,14.101794335073523
215,10,361.27915338891324,634.3895868502842,73.01872859848555,291.75187599930763,13.49272695812261
215,11,361.27915338891324,634.3895868502842,122.20525014201446,255.29473946890246,16.283039251783023
216,0,361.9385051321705,787.5036456476023,142.8418787928805,273.0084503148052,18.773202283865896
216,1,361.9385051321705,787.5036456476023,70.93369226729146,311.6865622882291,24.34169576527051
216,2,361.9385051321705,787.5036456476023,58.68131804202595,245.9314307815439,26.92931414704138
216,3,361.9385051321705,787.5036456476023,76.23564193790793,171.98130295618006,29.081972406114986
216,4,361.9385051321705,787.5036456476023,111.8277658489268,75.48593331956528,27.424067276890092
216,5,361.9385051321705,787.5036456476023,133.462635349642,75.5964244597745,22.90364113079293
216,6,361.9385051321705,787.5036456476023,57.47070050992514,88.76928845355863,20.533815226256337
216,7,361.9385051321705,787.5036456476023,96.33104311864837,146.37880965146192,15.933858038528504
216,8,361.9385051321705,787.5036456476023,76.56845095352344,184.19495372391052,13.678217317168835
216,9,361.9385051321705,787.5036456476023,79.900684474727,249.33119750681757,11.583652765774747
216,10,361.9385051321705,787.5036456476023,64.44374314365167,238.18639204416183,13.589385397573807
216,11,361.9385051321705,787.5036456476023,123.13462316931133,255.20809999308437,15.618698397269778
217,0,308.8473560858187,610.2554749735928,110.738918965225,206.11100525550168,20.64582492367224
217,1,308.8473560858187,610.2554749735928,106.85722238832611,194.85977544146922,23.78171071693602
217,2,308.8473560858187,610.2554749735928,52.45801299422352,287.26499324190235,26.470535055326224
217,3,308.8473560858187,610.2554749735928,48.82040534216051,144.22624850664903,29.514014318167792
217,4,308.8473560858187,610.2554749735928,61.58209295025429,78.80672342572213,27.13396140824375
217,5,308.8473560858187,610.2554749735928,116.38296784432207,95.49758339086382,24.36177131745484
217,6,308.8473560858187,610.2554749735928,74.0133328743069,82.63764642715873,20.90113667762878
217,7,308.8473560858187,610.2554749735928,107.14925113215922,155.7938415666585,15.46266226058769
217,8,308.8473560858187,610.2554749735928,82.25146578867603,189.8355086145276,12.404104332400944
217,9,308.8473560858187,610.2554749735928,68.46582091207549,303.72874288282634,12.302636682342413
217,10,308.8473560858187,610.2554749735928,110.4371310669878,255.61438898043093,12.2373586418136
217,11,308.8473560858187,610.2554749735928,122.24392203889059,237.58362670915253,15.009538067758061
218,0,444.2269446739371,627.7198422703904,113.91721702065342,285.53438012138866,19.595675716152083
218,1,444.2269446739371,627.7198422703904,84.53603454975958,312.3464836645932,24.65358201293425
218,2,444.2269446739371,627.7198422703904,108.18989477624172,223.7421921254743,27.47642556345472
218,3,444.2269446739371,627.7198422703904,104.34723281956434,158.155175047997,28.934263234277143
218,4,444.2269446739371,627.7198422703904,116.22798877741323,104.36810800338574,27.98157649898332
218,5,444.2269446739371,627.7198422703904,136.04542922253665,88.25579649131075,24.324324818441223
218,6,444.2269446739371,627.7198422703904,179.13314147988243,98.9291351718157,20.775697910580373
218,7,444.2269446739371,627.7198422703904,94.3359727388973,109.81831617712095,17.880987415420798
218,8,444.2269446739371,627.7198422703904,84.2930317168846,207.66431055001294,12.944142693074259
218,9,444.2269446739371,627.7198422703904,143.35925032536875,229.04078567924194,12.202363192555254
218,10,444.2269446739371,627.7198422703904,66.95083862818916,300.0447221317068,11.934502407746205
218,11,444.2269446739371,627.7198422703904,112.25892535973564,331.4457761413906,16.721895686350937
219,0,356.6565493543202,554.8134591035051,109.5254065342204,276.9933650840876,18.945492138060132
219,1,356.6565493543202,554.8134591035051,92.66799941149183,308.50538248228395,24.587904052881477
219,2,356.6565493543202,554.8134591035051,81.79808092968743,264.35765974199666,28.119017227293
219,3,356.6565493543202,554.8134591035051,78.7288896143798,187.72715855694892,28.75821645591886
219,4,356.6565493543202,554.8134591035051,43.16927679769322,63.23702143577958,26.666598311671066
219,5,356.6565493543202,554.8134591035051,50.13012119222624,120.78807089701066,24.993714183169377
219,6,356.6565493543202,554.8134591035051,111.77308052308996,117.66948257954132,18.774904363420053
219,7,356.6565493543202,554.8134591035051,112.21780635727318,125.08198839880058,17.143799178613804
219,8,356.6565493543202,554.8134591035051,50.100786734394696,200.05087387095557,12.297972823919133
219,9,356.6565493543202,554.8134591035051,70.71462201842343,235.48880699870557,12.73838410082784
219,10,356.6565493543202,554.8134591035051,71.76007941915618,252.03119524427152,13.39846285072259
219,11,356.6565493543202,554.8134591035051,51.69502298531172,275.1564495838908,15.887854057773492
220,0,441.71021758077427,341.84402531756587,129.65560016150187,317.695531125858,18.97566553215509
220,1,441.71021758077427,341.84402531756587,118.51796317956884,292.32357372468346,25.748527201774994
220,2,441.71021758077427,341.84402531756587,79.74078206645115,354.2099093376465,28.296053846876713
220,3,441.71021758077427,341.84402531756587,60.98747768998497,191.35431982038963,27.234909862418075
220,4,441.71021758077427,341.84402531756587,65.20744425899272,82.97232335588403,28.045071183236185
220,5,441.71021758077427,341.84402531756587,113.5875155214907,84.6996356939069,22.955525475951795
220,6,441.71021758077427,341.84402531756587,99.0635726262851,106.84918254125459,20.46775307637107
220,7,441.71021758077427,341.84402531756587,63.79166785973497,146.43051918032725,16.582116839987165
220,8,441.71021758077427,341.84402531756587,98.25541491518688,191.28917183595306,14.11975543316955
220,9,441.71021758077427,341.84402531756587,74.83748288565019,214.07324505793142,12.324099863938196
220,10,441.71021758077427,341.84402531756587,141.5986022499563,321.53954368613836,13.210476370507509
220,11,441.71021758077427,341.84402531756587,103.49368826544334,284.97358585444715,17.8964285416177
221,0,377.17047996328523,535.0233144506686,93.74702818531728,150.74687368184055,18.346394284480866
221,1,377.17047996328523,535.0233144506686,104.41654636049985,247.46327521930158,24.561747306241813
221,2,377.17047996328523,535.0233144506686,70.92195221108406,249.91232787024128,24.274291077488435
221,3,377.17047996328523,535.0233144506686,92.36022558714788,182.0514016819058,26.85565347250614
221,4,377.17047996328523,535.0233144506686,78.03557898288776,102.18922984826546,27.30448107645216
221,5,377.17047996328523,535.0233144506686,92.84376067913355,84.88821807064805,23.650980090739633
221,6,377.17047996328523,535.0233144506686,59.8198839963361,77.18912316708872,21.599613140325797
221,7,377.17047996328523,535.0233144506686,73.92790034331938,110.90432380866471,15.444804722886268
221,8,377.17047996328523,535.0233144506686,69.1084398921253,161.87709718816316,14.697980166062296
221,9,377.17047996328523,535.0233144506686,111.25380157670476,248.45374420785598,13.377652503630124
221,10,377.17047996328523,535.0233144506686,88.86287286545621,301.8134543821409,9.555486232877957
221,11,377.17047996328523,535.0233144506686,73.39277615510409,278.3327152995212,17.26201565004755
222,0,583.5415410646335,478.4260119199323,23.322167501336963,256.099704792535,21.4175988468245
222,1,583.5415410646335,478.4260119199323,22.650102976136907,389.3678848828258,23.666053122155553
222,2,583.5415410646335,478.4260119199323,131.7016967169436,236.82089138427867,27.957355657703687
222,3,583.5415410646335,478.4260119199323,95.42452703529536,129.03989550454085,28.54423382536676
222,4,583.5415410646335,478.4260119199323,51.08982463438295,86.66983188174399,27.202348891263814
222,5,583.5415410646335,478.4260119199323,111.87411722310807,90.12421015225739,24.167875126678368
222,6,583.5415410646335,478.4260119199323,52.35604550568113,108.14896376010643,20.36465458862138
222,7,583.5415410646335,478.4260119199323,57.67830493310421,90.43417722774774,17.448744404959346
222,8,583.5415410646335,478.4260119199323,73.54308976422416,198.69809242873748,13.188753611211977
222,9,583.5415410646335,478.4260119199323,48.32302802835911,233.04023494343096,12.610478095235461
222,10,583.5415410646335,478.4260119199323,86.77464254426661,260.2729423118564,14.441488541616147
222,11,583.5415410646335,478.4260119199323,69.97266218676322,246.39047629833894,15.71518650068379
223,0,271.6964941356041,725.9971642934886,61.38604460486529,270.17986123734937,20.201574318103113
223,1,271.6964941356041,725.9971642934886,108.13926226602925,233.41382554615558,24.71173062486132
223,2,271.6964941356041,725.9971642934886,49.38578581991663,233.16988300344448,27.637037343416164
223,3,271.6964941356041,725.9971642934886,80.22980261496937,199.02529377306624,25.87529712072911
223,4,271.6964941356041,725.9971642934886,59.49369509214189,118.15584746481278,28.123153862636254
223,5,271.6964941356041,725.9971642934886,103.94672598206056,77.5600895150552,23.494369458708686
223,6,271.6964941356041,725.9971642934886,102.40421647492231,131.1598237921441,20.97408029431499
223,7,271.6964941356041,725.9971642934886,110.05322149027938,92.14830012745942,16.197129402908764
223,8,271.6964941356041,725.9971642934886,83.44842679481636,156.54218958468576,12.048086763880105
223,9,271.6964941356041,725.9971642934886,98.74289013135798,231.29595932229475,15.033173445858234
223,10,271.6964941356041,725.9971642934886,100.17103478384183,254.14758416445164,14.105247105784871
223,11,271.6964941356041,725.9971642934886,52.084069755437966,282.38214945708694,16.136560553075608
224,0,531.9316552087098,429.0526855134408,85.67588785122038,204.24352986004303,19.777177710372815
224,1,531.9316552087098,429.0526855134408,105.14743709389298,245.9090972533327,23.290325082343635
224,2,531.9316552087098,429.0526855134408,29.591792169521362,295.4738358876381,29.234926333322008
224,3,531.9316552087098,429.0526855134408,85.0558600124511,125.83119939533218,27.91652709243045
224,4,531.9316552087098,429.0526855134408,103.02903529631044,108.95195672756913,28.88937101545862
224,5,531.9316552087098,429.0526855134408,29.96426614263286,89.31434874390007,23.846041939683637
224,6,531.9316552087098,429.0526855134408,99.10635617135388,120.78830064316608,20.204266195547874
224,7,531.9316552087098,429.0526855134408,66.9269569882221,142.60348175613856,14.951285275500137
224,8,531.9316552087098,429.0526855134408,161.46685482491566,210.68348467914285,11.985415987375205
224,9,531.9316552087098,429.0526855134408,52.542970450584214,272.08973848162,10.261126231594634
224,10,531.9316552087098,429.0526855134408,27.051735433625474,298.5231718383789,12.117483316747965
224,11,531.9316552087098,429.0526855134408,114.87090973748256,346.2909512309892,15.730633028718731
225,0,377.51369176853353,582.9446724127633,81.04073007640108,267.12124450210695,18.072731396134426
225,1,377.51369176853353,582.9446724127633,91.80989465521166,194.68097756262495,25.169224145342774
225,2,377.51369176853353,582.9446724127633,37.08404713017366,266.45556149173996,26.065037715743255
225,3,377.51369176853353,582.9446724127633,90.2890658687921,151.62211381001723,29.392217568766196
225,4,377.51369176853353,582.9446724127633,16.317846610705672,103.55721481559969,26.625764248106414
225,5,377.51369176853353,582.9446724127633,106.29644927223521,78.98647598331134,25.293008163602508
225,6,377.51369176853353,582.9446724127633,107.26770158307582,127.19751543847116,20.99726372049164
225,7,377.51369176853353,582.9446724127633,65.50949605504452,115.11147392678251,16.47092116281071
225,8,377.51369176853353,582.9446724127633,55.32345883565027,206.11103850240667,15.037340699350239
225,9,377.51369176853353,582.9446724127633,129.59364827931083,311.1504480786098,13.67063983738911
225,10,377.51369176853353,582.9446724127633,112.22709216152282,259.99921867356926,13.270282878378332
225,11,377.51369176853353,582.9446724127633,123.17418734093462,309.09631749026437,16.2009448261016
226,0,409.44617468613325,605.0740751452826,71.15035887050813,283.12925216374583,19.986845074521675
226,1,409.44617468613325,605.0740751452826,102.63029611983794,262.104666147684,27.321908549889528
226,2,409.44617468613325,605.0740751452826,115.34161744068571,248.38065551023834,26.670642746800166
226,3,409.44617468613325,605.0740751452826,51.39923348556879,153.02693918120778,28.007146811471817
226,4,409.44617468613325,605.0740751452826,102.07621077294598,118.09819931898731,27.179439127953604
226,5,409.44617468613325,605.0740751452826,80.91418822643693,92.64681737453381,23.893494699908686
226,6,409.44617468613325,605.0740751452826,93.90379755275671,121.17720989132958,20.415000056711445
226,7,409.44617468613325,605.0740751452826,125.66476412844816,93.79149154366876,14.95235195390189
226,8,409.44617468613325,605.0740751452826,83.15464993125575,193.49395234102346,12.981113820604369
226,9,409.44617468613325,605.0740751452826,92.7086210198549,243.59827278472164,11.084009196608358
226,10,409.44617468613325,605.0740751452826,103.30177541688059,365.70514253444696,13.515463561052215
226,11,409.44617468613325,605.0740751452826,101.50821757714944,262.39339676750825,15.498919038253906
227,0,491.10767567837803,669.6664417489546,98.81359375569659,256.7025658680246,19.88354034168507
227,1,491.10767567837803,669.6664417489546,132.3428803903086,282.4758370378006,24.942082737881925
227,2,491.10767567837803,669.6664417489546,132.97777259975277,289.22820069821734,26.66213207186286
227,3,491.10767567837803,669.6664417489546,62.786452675972924,201.3012641231141,27.007284461508725
227,4,491.10767567837803,669.6664417489546,115.81115573390622,104.00313827453012,27.34995236703256
227,5,491.10767567837803,669.6664417489546,53.28269434135399,96.51219778821451,24.063905167130162
227,6,491.10767567837803,669.6664417489546,108.41269076465994,91.40979279997985,20.339692161865333
227,7,491.10767567837803,669.6664417489546,64.26023848576646,103.07711542573338,15.462526617926674
227,8,491.10767567837803,669.6664417489546,129.4866315641644,177.71306402984484,12.1948981786316
227,9,491.10767567837803,669.6664417489546,59.362201534778606,228.5760968678124,13.852961420730637
227,10,491.10767567837803,669.6664417489546,105.81062279183934,356.58614699841553,10.932952347737947
227,11,491.10767567837803,669.6664417489546,75.82998325537937,247.481899474912,16.84968737197277
228,0,694.6504452358236,608.4030835010412,63.8834075877202,276.12422691122913,21.086165255767906
228,1,694.6504452358236,608.4030835010412,107.12460084430049,315.55207379090155,24.24174858806424
228,2,694.6504452358236,608.4030835010412,70.04603233050165,274.6294846387661,25.121863119560125
228,3,694.6504452358236,608.4030835010412,130.11885076913956,173.70634316608664,28.480185909229192
228,4,694.6504452358236,608.4030835010412,63.87583188303593,92.73588411853997,27.736120170201794
228,5,694.6504452358236,608.4030835010412,175.3462297886635,87.1978629372052,24.640414201650604
228,6,694.6504452358236,608.4030835010412,108.64985835233605,124.85405993184564,20.331932880078604
228,7,694.6504452358236,608.4030835010412,112.71122193914442,134.3174927063488,17.88353305501658
228,8,694.6504452358236,608.4030835010412,134.8237337373841,207.2289682017577,13.340521559095109
228,9,694.6504452358236,608.4030835010412,75.59771037007354,237.53350429297572,12.038662486591363
228,10,694.6504452358236,608.4030835010412,92.61996467509007,274.66411464204174,13.531573447618728
228,11,694.6504452358236,608.4030835010412,120.50489673837089,216.7707888765701,15.200130873454203
229,0,754.834428221056,850.227720734998,98.2935612893482,340.1496020903577,21.577837138150226
229,1,754.834428221056,850.227720734998,166.65020686442645,337.7693948013895,25.05649743881509
229,2,754.834428221056,850.227720734998,79.11644397819072,255.95935096566814,27.304804709172263
229,3,754.834428221056,850.227720734998,120.33841058689305,190.71965353952683,28.4242149978978
229,4,754.834428221056,850.227720734998,94.26932275261477,118.41001576564743,24.46693167889184
229,5,754.834428221056,850.227720734998,64.24674998096012,76.2085584775245,22.209269203828363
229,6,754.834428221056,850.227720734998,69.89937821214784,93.68783242464121,18.993280010873764
229,7,754.834428221056,850.227720734998,56.02187768639578,97.43100539142499,16.69677686649179
229,8,754.834428221056,850.227720734998,76.90844389934117,226.83946587067572,15.44457712300171
229,9,754.834428221056,850.227720734998,68.41999207699219,184.00293190982393,11.149827869414247
229,10,754.834428221056,850.227720734998,96.57133891014927,245.79959184086437,13.459391625397611
229,11,754.834428221056,850.227720734998,116.76916944988415,294.0432267307039,16.988186562219866
230,0,559.963341615407,662.1495248335366,46.126558079435334,247.98067855897636,20.74328475953221
230,1,559.963341615407,662.1495248335366,62.55276366647489,280.1641513701924,23.397568590340537
230,2,559.963341615407,662.1495248335366,39.130722690181585,238.2578560194273,28.733590836882833
230,3,559.963341615407,662.1495248335366,78.80507798520178,155.12673844771933,28.088746742013118
230,4,559.963341615407,662.1495248335366,98.27653052550795,123.51448667871719,28.611358085088956
230,5,559.963341615407,662.1495248335366,65.50088033950348,99.37000618723559,24.000118001035016
230,6,559.963341615407,662.1495248335366,39.71314910135561,97.52630154127101,20.02945534504913
230,7,559.963341615407,662.1495248335366,95.46556331267989,130.90105752298876,16.919611869382948
230,8,559.963341615407,662.1495248335366,94.96309117264703,154.31738672364528,14.187279083327313
230,9,559.963341615407,662.1495248335366,23.73225738615058,276.23685768696816,12.970337223740517
230,10,559.963341615407,662.1495248335366,53.70138665521466,287.32481253212853,12.972405804789839
230,11,559.963341615407,662.1495248335366,130.7241356842539,286.23055967066665,18.502855767632774
231,0,482.43326998217844,628.6065745075042,103.84061936416933,309.0270103146349,18.664915391939513
231,1,482.43326998217844,628.6065745075042,73.69193141499923,249.84594115652658,24.530085677606895
231,2,482.43326998217844,628.6065745075042,59.85074765904429,218.34581136073453,26.925769119673703
231,3,482.43326998217844,628.6065745075042,38.27271793957288,172.85837203320057,27.694458990214976
231,4,482.43326998217844,628.6065745075042,56.79530556984682,84.70522701116901,28.4450560916706
231,5,482.43326998217844,628.6065745075042,64.4012525467603,87.73943429024905,24.71202374999408
231,6,482.43326998217844,628.6065745075042,103.35755329366683,103.94969195110191,23.033099591213606
231,7,482.43326998217844,628.6065745075042,73.8880572945189,138.6636288250121,18.42320209443976
231,8,482.43326998217844,628.6065745075042,82.69068043528353,240.36332640966037,13.206035714635696
231,9,482.43326998217844,628.6065745075042,147.6181546698661,235.05526783544056,11.523647731584985
231,10,482.43326998217844,628.6065745075042,102.10979593631602,340.87850041428396,13.162726693444613
231,11,482.43326998217844,628.6065745075042,64.77033395993783,259.3213101054581,16.483281068507175
232,0,380.5601685804832,625.5637201719466,118.6135198924892,247.48995471098175,20.043909704048488
232,1,380.5601685804832,625.5637201719466,105.97031150519858,262.97815979763357,23.42873858753583
232,2,380.5601685804832,625.5637201719466,113.10690785457776,245.71210590914853,27.4379022140109
232,3,380.5601685804832,625.5637201719466,80.5624363080854,156.8969442378665,27.703297189359063
232,4,380.5601685804832,625.5637201719466,107.31857176823783,79.74656748158947,27.48443374124082
232,5,380.5601685804832,625.5637201719466,84.63178563462876,97.3101891598433,23.942327989891478
232,6,380.5601685804832,625.5637201719466,58.0413531160188,93.88092392182944,20.16624834878886
232,7,380.5601685804832,625.5637201719466,112.06540063777258,138.60546804763405,16.354165421302238
232,8,380.5601685804832,625.5637201719466,61.5770977380333,111.47686948050612,13.2119377583328
232,9,380.5601685804832,625.5637201719466,114.41307026018526,269.105890643106,12.539706852085395
232,10,380.5601685804832,625.5637201719466,91.2017772578998,349.6070639745131,14.984854048109193
232,11,380.5601685804832,625.5637201719466,52.45896942059083,236.73916932605005,15.564351130533256
233,0,398.502820153426,719.1166714411489,137.08260232684387,267.2833071930744,19.9358380658954
233,1,398.502820153426,719.1166714411489,64.68495237005175,264.8648989152806,22.898312811891316
233,2,398.502820153426,719.1166714411489,59.75321467641982,278.2423156236714,26.169847929019383
233,3,398.502820153426,719.1166714411489,53.98127108906768,170.59508398169154,29.053718816210054
233,4,398.502820153426,719.1166714411489,101.07291325254367,100.32521167869245,28.30891282631241
233,5,398.502820153426,719.1166714411489,65.59564130335968,85.94096602082453,24.450541649909372
233,6,398.502820153426,719.1166714411489,136.11006126203858,88.7311585088636,17.892232245620534
233,7,398.502820153426,719.1166714411489,72.04504292942593,121.51003840845206,16.704577433545666
233,8,398.502820153426,719.1166714411489,73.84220008433279,240.63700425379787,13.392348308760244
233,9,398.502820153426,719.1166714411489,103.51162466781926,258.87931519643615,9.929905518176147
233,10,398.502820153426,719.1166714411489,104.46279547931735,182.35606657732686,11.485745784103226
233,11,398.502820153426,719.1166714411489,97.0006401440854,240.9857286818977,16.521840196760376
234,0,453.8259839809645,414.8638385512914,133.03620634761756,280.083298790605,20.279786284345832
234,1,453.8259839809645,414.8638385512914,67.6498958580854,244.44534767221387,22.50503133638805
234,2,453.8259839809645,414.8638385512914,64.86077174699014,262.25738462775394,25.70801918956958
234,3,453.8259839809645,414.8638385512914,107.6741878244166,161.0602209602745,29.355830983934524
234,4,453.8259839809645,414.8638385512914,89.93163440755082,106.73134250496497,25.165243928286788
234,5,453.8259839809645,414.8638385512914,156.13946842049302,117.16738308187615,22.253072609710813
234,6,453.8259839809645,414.8638385512914,93.5966823291416,64.38564263632736,19.635588916110258
234,7,453.8259839809645,414.8638385512914,118.09498179177443,96.05780844190481,14.733744711916668
234,8,453.8259839809645,414.8638385512914,57.99618480223505,216.91584082197463,12.79499911507944
234,9,453.8259839809645,414.8638385512914,68.32416203521034,288.96884546025007,12.944467722656231
234,10,453.8259839809645,414.8638385512914,109.10864143744014,227.06873537678848,14.608124664977598
234,11,453.8259839809645,414.8638385512914,109.79668929666158,229.56731383514358,16.11301510858083
235,0,325.4257680724784,509.4760041543034,75.16390989162048,132.71206913565155,21.854214110007465
235,1,325.4257680724784,509.4760041543034,97.39352643498756,214.5590329771335,24.69043092666586
235,2,325.4257680724784,509.4760041543034,60.134772348811566,330.7244055975943,26.46568900081066
235,3,325.4257680724784,509.4760041543034,62.480626793724355,152.3272679877412,26.765918660242708
235,4,325.4257680724784,509.4760041543034,140.81766633557385,106.03319448960475,26.76720863453246
235,5,325.4257680724784,509.4760041543034,126.60820103309635,87.58125167225165,24.053347654908354
235,6,325.4257680724784,509.4760041543034,100.14095293136315,88.20750557743254,19.516326559122728
235,7,325.4257680724784,509.4760041543034,63.532743684133365,110.18891277768633,16.555091187816714
235,8,325.4257680724784,509.4760041543034,59.69509182401352,224.82812964586594,14.554465865943467
235,9,325.4257680724784,509.4760041543034,130.31054534178514,238.56158720819656,10.87602028689726
235,10,325.4257680724784,509.4760041543034,95.82580265707891,322.16642541498925,13.991441983638685
235,11,325.4257680724784,509.4760041543034,113.79497978030341,263.47404086388417,17.427093607205926
236,0,399.88548089806557,604.8140327241302,82.28911850966745,286.41850226139275,19.259224941038788
236,1,399.88548089806557,604.8140327241302,125.78179236858199,231.86994737262586,24.585869183297316
236,2,399.88548089806557,604.8140327241302,81.9944244525512,287.9510034668857,27.24719513364566
236,3,399.88548089806557,604.8140327241302,85.50093479808616,128.48950225548373,28.4897605159368
236,4,399.88548089806557,604.8140327241302,117.6776028256091,80.91895831874531,27.54475698199401
236,5,399.88548089806557,604.8140327241302,112.72168732940108,80.19698997864323,25.118303502000302
236,6,399.88548089806557,604.8140327241302,26.86640568608891,90.476900397651,20.930337637079738
236,7,399.88548089806557,604.8140327241302,37.138460768076754,113.99869349577943,15.588286013814187
236,8,399.88548089806557,604.8140327241302,102.61924067563783,184.6819456263812,12.787983342420686
236,9,399.88548089806557,604.8140327241302,115.19075695633043,226.11574884399627,9.290238983092285
236,10,399.88548089806557,604.8140327241302,140.3418962128984,204.01035489213473,13.352933592231112
236,11,399.88548089806557,604.8140327241302,94.19436730548745,256.75141703132255,15.21650716999005
237,0,507.2776156512352,507.46558783273065,52.97642942542495,242.33003405361245,19.564599480696888
237,1,507.2776156512352,507.46558783273065,72.75330705443422,309.36436915992215,24.191109753240767
237,2,507.2776156512352,507.46558783273065,100.96789945406988,338.0139283891894,25.775036074326124
237,3,507.2776156512352,507.46558783273065,94.07642973691878,175.21114390432723,28.975257838434477
237,4,507.2776156512352,507.46558783273065,102.04363732429577,113.75866635642411,27.56112264678899
237,5,507.2776156512352,507.46558783273065,142.34822098063586,73.5649884010614,23.65498763524687
237,6,507.2776156512352,507.46558783273065,30.14432260090428,89.25905033818167,19.423445533324916
237,7,507.2776156512352,507.46558783273065,111.91090456458281,130.9749862388808,17.521995461715495
237,8,507.2776156512352,507.46558783273065,139.88720862980819,250.53338935718673,12.840033887447753
237,9,507.2776156512352,507.46558783273065,79.76256396700948,243.09243635688867,12.961106367965982
237,10,507.2776156512352,507.46558783273065,111.1714793600362,279.840059319646,12.667584716563846
237,11,507.2776156512352,507.46558783273065,103.17761410059485,284.70782703100934,16.288316321888836
238,0,445.6155901471197,615.8377307316117,78.6698033849276,255.52739583761857,19.69977938857846
238,1,445.6155901471197,615.8377307316117,44.369276799720495,266.2465314643395,23.87509394445999
238,2,445.6155901471197,615.8377307316117,87.80046553008187,280.67183862634863,26.78763478160413
238,3,445.6155901471197,615.8377307316117,130.42197777921402,145.15996531373358,27.357537173635215
238,4,445.6155901471197,615.8377307316117,122.0255316901276,106.79419790739553,28.200941080720064
238,5,445.6155901471197,615.8377307316117,111.03910479223627,82.80272312320328,24.21720250344632
238,6,445.6155901471197,615.8377307316117,53.241543643024215,76.84101548300568,19.6640366254303
238,7,445.6155901471197,615.8377307316117,124.70748450378468,100.77459696662511,15.401177110488385
238,8,445.6155901471197,615.8377307316117,78.53802684232495,158.17984822560916,13.629842337936966
238,9,445.6155901471197,615.8377307316117,76.81926428916807,226.57510779507314,11.156108110238112
238,10,445.6155901471197,615.8377307316117,80.54975726508638,302.88374049145466,13.847237888435554
238,11,445.6155901471197,615.8377307316117,111.73458872825577,295.95297014506025,16.347572322308196
239,0,389.2762749408932,379.05281510078646,48.95882906389639,319.5265440322201,19.586263402884132
239,1,389.2762749408932,379.05281510078646,80.61156484298644,245.4514738501724,23.250181860603682
239,2,389.2762749408932,379.05281510078646,88.63715476624563,279.46785069732533,25.4768399808491
239,3,389.2762749408932,379.05281510078646,90.60326851387913,191.7501460400554,26.39895961156061
239,4,389.2762749408932,379.05281510078646,103.97956743711825,116.17992701874242,26.537376067755655
239,5,389.2762749408932,379.05281510078646,57.56621827513671,83.21211211536935,23.373675122872193
239,6,389.2762749408932,379.05281510078646,47.73345467552035,82.01478568116299,19.963588665958973
239,7,389.2762749408932,379.05281510078646,85.55650237579493,116.39478545628256,16.70198002611486
239,8,389.2762749408932,379.05281510078646,68.45613716480592,207.76928907396294,12.530766170407349
239,9,389.2762749408932,379.05281510078646,94.16864863409882,325.3046222695203,13.65412258663561
239,10,389.2762749408932,379.05281510078646,116.3844179369256,304.5379044900716,12.35627905601916
239,11,389.2762749408932,379.05281510078646,79.65719309417092,302.01613306466345,16.324725033000494
240,0,284.7049099987317,830.1823855893731,125.14261772281742,231.18066962213828,20.336741516190692
240,1,284.7049099987317,830.1823855893731,52.0969088425995,282.25659944980345,22.172626736692685
240,2,284.7049099987317,830.1823855893731,109.07305199708742,246.76511692997656,27.49544597068823
240,3,284.7049099987317,830.1823855893731,98.56878687902392,187.6848123250733,29.073959518875967
240,4,284.7049099987317,830.1823855893731,99.79593983332494,57.07424018759186,26.89532299354642
240,5,284.7049099987317,830.1823855893731,86.26028260090308,101.13864994927786,24.467370891185293
240,6,284.7049099987317,830.1823855893731,42.42161155286323,102.91132150512563,18.251710425817667
240,7,284.7049099987317,830.1823855893731,57.25126881870855,114.0796040191187,18.194352058703405
240,8,284.7049099987317,830.1823855893731,65.67154433713162,174.24106637811235,12.921546746089069
240,9,284.7049099987317,830.1823855893731,81.46781340897583,295.1240588454389,11.38090011785383
240,10,284.7049099987317,830.1823855893731,80.47009033023872,301.0891426606935,14.205370624381082
240,11,284.7049099987317,830.1823855893731,119.47475911217742,250.19363042733372,15.02962941124782
241,0,310.7180411739411,637.0262656915402,53.14869068949672,287.4143615931676,19.16713439593149
241,1,310.7180411739411,637.0262656915402,91.07989022212693,301.10725394070687,22.51393890479836
241,2,310.7180411739411,637.0262656915402,62.75385189058922,209.20285397671063,25.496948232919063
241,3,310.7180411739411,637.0262656915402,67.48425871193336,192.84549367367188,28.013512932918808
241,4,310.7180411739411,637.0262656915402,73.572927116177,108.6932388793982,28.220111891390914
241,5,310.7180411739411,637.0262656915402,100.40215425953127,99.30931061261745,24.540842630670827
241,6,310.7180411739411,637.0262656915402,49.34626788767903,100.60897340921558,20.47614157332298
241,7,310.7180411739411,637.0262656915402,76.775143960468,106.30407437584184,16.328744428322054
241,8,310.7180411739411,637.0262656915402,75.26042286528373,232.0085097901345,12.275451943097217
241,9,310.7180411739411,637.0262656915402,70.40809482016078,263.01646302226555,11.885475259289015
241,10,310.7180411739411,637.0262656915402,36.438266490023786,308.79882817817594,14.633621655032563
241,11,310.7180411739411,637.0262656915402,101.44480266466034,302.76591006581066,14.213140443587314
242,0,193.62812147711224,612.227955712327,71.85013487802782,223.55225556413123,18.299339285551866
242,1,193.62812147711224,612.227955712327,54.234708631866326,259.017421620153,23.150211173489886
242,2,193.62812147711224,612.227955712327,39.69257351423691,283.1017264110253,27.920438647040193
242,3,193.62812147711224,612.227955712327,112.00504438804306,138.39203889794328,26.77683124706346
242,4,193.62812147711224,612.227955712327,55.99922652233724,106.22609058011967,27.81933708331323
242,5,193.62812147711224,612.227955712327,77.81619412938542,66.65339084936879,24.586782691575664
242,6,193.62812147711224,612.227955712327,91.28425823096305,93.3320394925637,19.079182838414418
242,7,193.62812147711224,612.227955712327,86.41399954574254,133.6264748431273,16.547773816778427
242,8,193.62812147711224,612.227955712327,100.90212865186834,193.83033562989593,14.061157152143183
242,9,193.62812147711224,612.227955712327,55.55215915577833,246.55796577121177,11.611573312671783
242,10,193.62812147711224,612.227955712327,143.17645905816624,258.93657652111034,12.980022195726972
242,11,193.62812147711224,612.227955712327,70.87048379459888,322.5994391411801,16.00646187884706
243,0,479.30317557915794,478.487882986979,105.83015008957688,298.25793914782776,19.366989170530758
243,1,479.30317557915794,478.487882986979,83.98055371215884,215.30833631879835,24.574737991640827
243,2,479.30317557915794,478.487882986979,123.78948443440024,306.89368592649976,27.166334864622407
243,3,479.30317557915794,478.487882986979,96.84580797642886,172.82527007000775,27.991408079026925
243,4,479.30317557915794,478.487882986979,95.40638409624006,129.39350311653627,26.143711091238817
243,5,479.30317557915794,478.487882986979,47.84742109587952,78.60378426562254,23.533584764570936
243,6,479.30317557915794,478.487882986979,121.67733087211573,72.68161950473224,19.539577932638874
243,7,479.30317557915794,478.487882986979,119.34066651607904,118.02031874738276,15.829945484443009
243,8,479.30317557915794,478.487882986979,84.72008390146856,240.14998432466967,12.304088098226073
243,9,479.30317557915794,478.487882986979,97.87035723090035,205.63432535206567,11.19484267944312
243,10,479.30317557915794,478.487882986979,80.2307657400763,267.0434644321555,12.569046139275306
243,11,479.30317557915794,478.487882986979,127.49420787167418,285.5411228585085,15.737024519919144
244,0,227.20446129492714,698.0490968826282,54.92037897258719,255.1222814498712,19.931013673539482
244,1,227.20446129492714,698.0490968826282,68.82324546458963,269.33949221862747,25.137722152510587
244,2,227.20446129492714,698.0490968826282,108.65062971838306,264.9357330777173,26.288270916330664
244,3,227.20446129492714,698.0490968826282,117.22767760869816,205.63726429915843,26.746655390878857
244,4,227.20446129492714,698.0490968826282,84.55028119078663,77.32144756554727,27.777324033466474
244,5,227.20446129492714,698.0490968826282,90.92202717105383,84.25778356373385,24.92176594104614
244,6,227.20446129492714,698.0490968826282,86.79815897643397,91.83435418315902,20.39023994513781
244,7,227.20446129492714,698.0490968826282,96.37837693798336,104.66416210326547,15.13573247894643
244,8,227.20446129492714,698.0490968826282,88.75597436472863,204.3254407642929,12.906030814468489
244,9,227.20446129492714,698.0490968826282,51.79831442225496,271.82549363482616,12.793375573702438
244,10,227.20446129492714,698.0490968826282,46.30463055624107,374.10544456045596,12.907270409938857
244,11,227.20446129492714,698.0490968826282,78.91845963340512,236.2005111830142,15.622610039481433
245,0,407.6981542804515,712.9530954618198,81.92089412791637,262.78403011313765,20.410948178406215
245,1,407.6981542804515,712.9530954618198,85.44783014384329,262.87608784908133,23.73374221405804
245,2,407.6981542804515,712.9530954618198,68.78028883764584,300.9507667130754,28.86796010437473
245,3,407.6981542804515,712.9530954618198,80.76490169184474,200.2939370357573,29.920845668755582
245,4,407.6981542804515,712.9530954618198,76.18820500182642,89.22714135328873,26.407844959718744
245,5,407.6981542804515,712.9530954618198,62.29668004756582,92.12598358404891,23.058636007528463
245,6,407.6981542804515,712.9530954618198,174.70160046982846,103.60563150460085,22.289010079192668
245,7,407.6981542804515,712.9530954618198,83.77149923940318,114.71207557704568,17.94260353616278
245,8,407.6981542804515,712.9530954618198,88.17690742663224,175.1808714345351,13.966039546674349
245,9,407.6981542804515,712.9530954618198,104.84156861504378,222.53119186363634,12.445683075872573
245,10,407.6981542804515,712.9530954618198,76.13904064270318,388.72754314649364,13.191748829581046
245,11,407.6981542804515,712.9530954618198,86.96389598434946,219.51138258825418,15.35057686789693
246,0,352.9460423982751,541.0808256133632,82.70404886881136,230.0006654322241,20.605982786266377
246,1,352.9460423982751,541.0808256133632,96.69134891106143,253.62837788195708,23.183653813818164
246,2,352.9460423982751,541.0808256133632,118.02461627255813,229.0188994438634,26.96080726541001
246,3,352.9460423982751,541.0808256133632,76.0174523662535,156.40805133701193,27.66824235565228
246,4,352.9460423982751,541.0808256133632,66.59044958599397,110.04313775976944,27.514813025897798
246,5,352.9460423982751,541.0808256133632,103.73989794945365,92.84457411303404,25.094172284103983
246,6,352.9460423982751,541.0808256133632,78.41286248624503,120.74142345491484,19.63909316900566
246,7,352.9460423982751,541.0808256133632,106.52512491030362,143.7956289479685,15.298454303231333
246,8,352.9460423982751,541.0808256133632,88.25752643520136,201.8727847948371,15.492285765226779
246,9,352.9460423982751,541.0808256133632,96.41065797793375,243.78918214654436,11.659773193526057
246,10,352.9460423982751,541.0808256133632,127.04979350742272,313.67624555161376,14.138096907610924
246,11,352.9460423982751,541.0808256133632,26.869417687203125,276.67808294027583,16.49497453329143
247,0,407.9185555027963,592.964559377794,68.75859667035107,252.4680890363772,20.207324376316915
247,1,407.9185555027963,592.964559377794,64.53796225937566,273.5976181040281,24.076700706100493
247,2,407.9185555027963,592.964559377794,148.88745430080624,242.2376960114861,27.42297314563941
247,3,407.9185555027963,592.964559377794,123.67067397183482,218.50879648255997,28.272156684923253
247,4,407.9185555027963,592.964559377794,149.76210216237064,109.03893379801335,26.742814188442306
247,5,407.9185555027963,592.964559377794,66.19593316148683,86.28300299968251,25.473445284101633
247,6,407.9185555027963,592.964559377794,107.36009874233547,73.96240906349855,20.222523533570115
247,7,407.9185555027963,592.964559377794,0.0,150.67445210398802,15.489900144937042
247,8,407.9185555027963,592.964559377794,89.73474285617607,157.4654297081577,12.183182774617705
247,9,407.9185555027963,592.964559377794,62.09330197337867,254.7955794234486,11.417835056584563
247,10,407.9185555027963,592.964559377794,92.84822127710945,248.65747809520855,12.694211826909923
247,11,407.9185555027963,592.964559377794,131.13195716739787,260.44043461624096,14.045260612731788
248,0,494.4682352296185,428.62578273074377,61.56421260619344,277.808582891591,19.37476839211136
248,1,494.4682352296185,428.62578273074377,61.021009956773085,229.77859159710772,25.767175827976825
248,2,494.4682352296185,428.62578273074377,57.78324298715153,222.03030610843928,25.087857820539234
248,3,494.4682352296185,428.62578273074377,98.02931553466117,191.52844648976927,27.489275579878733
248,4,494.4682352296185,428.62578273074377,37.45296680518281,98.80420180966897,27.475737565967123
248,5,494.4682352296185,428.62578273074377,90.60723973753394,77.43043796039903,23.316272192089574
248,6,494.4682352296185,428.62578273074377,102.72190867721262,108.61071885177304,20.040646501661
248,7,494.4682352296185,428.62578273074377,79.56010171525753,87.40573861603059,16.14804160159973
248,8,494.4682352296185,428.62578273074377,56.71058560016723,151.34976200393973,12.435185123000167
248,9,494.4682352296185,428.62578273074377,72.88769982906528,260.5587475130321,11.353539323765467
248,10,494.4682352296185,428.62578273074377,62.70312447880053,310.01734007449244,11.838596368157654
248,11,494.4682352296185,428.62578273074377,146.4648807119483,282.04624856400056,14.735089034092411
249,0,312.40247030977343,629.1892807809382,45.4042837904431,234.13156170701095,20.779108950103588
249,1,312.40247030977343,629.1892807809382,107.78608513552693,314.58275423077845,24.120139401463096
249,2,312.40247030977343,629.1892807809382,53.398955416389406,253.30023126574065,26.204089175524516
249,3,312.40247030977343,629.1892807809382,63.41416409398508,209.353961937246,28.78200543381576
249,4,312.40247030977343,629.1892807809382,77.59235307184744,70.45879866611868,28.25300624279987
249,5,312.40247030977343,629.1892807809382,102.33286772894245,82.37601453185076,24.19637746316685
249,6,312.40247030977343,629.1892807809382,108.85792421221407,100.34361970282288,21.50151803846893
249,7,312.40247030977343,629.1892807809382,49.34494117751547,141.11490426978656,15.633901186634118
249,8,312.40247030977343,629.1892807809382,77.83940958588519,143.59913400985477,12.259798966298995
249,9,312.40247030977343,629.1892807809382,96.05963213025348,184.19673638623482,10.849307751859081
249,10,312.40247030977343,629.1892807809382,96.7719207347072,286.7996287348436,11.434811511561037
249,11,312.40247030977343,629.1892807809382,97.00399896807902,303.59253201383723,17.434427375136014
250,0,267.35973864838417,609.1534721487172,146.5561477251575,233.01450387872913,19.012059130332943
250,1,267.35973864838417,609.1534721487172,99.10362150305328,282.0541339208747,25.108101866418437
250,2,267.35973864838417,609.1534721487172,59.92828893707495,266.0028263529857,28.068603418368888
250,3,267.35973864838417,609.1534721487172,77.51087780878522,190.52925975590955,26.924520435829745
250,4,267.35973864838417,609.1534721487172,61.49237784443278,71.17676356254233,27.535220343806863
250,5,267.35973864838417,609.1534721487172,125.84817434880568,117.00466396937581,23.020024037154375
250,6,267.35973864838417,609.1534721487172,90.0431103688377,122.90324966911703,18.158359339985026
250,7,267.35973864838417,609.1534721487172,87.65174023349196,164.06389949645592,15.707809174842787
250,8,267.35973864838417,609.1534721487172,65.31849522410042,173.30762027921628,13.498051595080033
250,9,267.35973864838417,609.1534721487172,73.68512385787703,312.52301227386835,10.45777593720525
250,10,267.35973864838417,609.1534721487172,48.31406948404666,270.0656146233034,13.678965530247975
250,11,267.35973864838417,609.1534721487172,75.38949020873612,221.62868301230483,16.902856946687344
251,0,328.18556026428627,727.7517069362971,67.06716867967027,293.60364118885997,20.301178633916866
251,1,328.18556026428627,727.7517069362971,116.0504727946382,270.12907426791594,25.200359095297113
251,2,328.18556026428627,727.7517069362971,108.17077756356443,213.47821176560754,27.80501256257839
251,3,328.18556026428627,727.7517069362971,101.478780700541,162.80270914121834,27.488294839294365
251,4,328.18556026428627,727.7517069362971,150.7823557215192,79.16449300990486,26.724523418555968
251,5,328.18556026428627,727.7517069362971,63.13827032072764,79.56813567188607,23.7923868925641
251,6,328.18556026428627,727.7517069362971,92.5532959616949,95.6810258820885,19.99393660735416
251,7,328.18556026428627,727.7517069362971,107.33026364197906,121.67470007049205,15.672966632103657
251,8,328.18556026428627,727.7517069362971,92.19337197783764,226.43789075640646,14.96189460041897
251,9,328.18556026428627,727.7517069362971,109.67981985354628,142.27609079299347,11.227184460985843
251,10,328.18556026428627,727.7517069362971,48.0344710125605,212.37340093203622,11.734791296160198
251,11,328.18556026428627,727.7517069362971,82.69291255780115,271.5489328527839,15.852980479872118
252,0,406.2417786164085,661.5643588525431,51.043899423817734,293.03744659217205,19.159013458260564
252,1,406.2417786164085,661.5643588525431,93.52016754747285,291.8323269193828,24.68751794787772
252,2,406.2417786164085,661.5643588525431,120.38123071727568,215.5537822547791,27.693602072989375
252,3,406.2417786164085,661.5643588525431,89.65827587131926,152.0790501451294,28.075389432901456
252,4,406.2417786164085,661.5643588525431,75.3763382443419,88.04960345757603,26.662663579664144
252,5,406.2417786164085,661.5643588525431,57.600411353471316,95.49053262473223,25.010907949800174
252,6,406.2417786164085,661.5643588525431,83.96249986037786,86.77730912247775,19.173439789026084
252,7,406.2417786164085,661.5643588525431,121.199133420761,109.39737670586673,14.703167080196092
252,8,406.2417786164085,661.5643588525431,65.27558429978305,201.331608359779,14.6756447965728
252,9,406.2417786164085,661.5643588525431,56.77365433379659,261.703192668479,12.390234573988113
252,10,406.2417786164085,661.5643588525431,97.707960294728,316.00005383970176,15.168254706114574
252,11,406.2417786164085,661.5643588525431,78.29725811337454,307.7162703649479,16.46887505790724
253,0,455.66455874417187,746.9991423766564,97.00588219939954,313.9075151637286,20.24135860605223
253,1,455.66455874417187,746.9991423766564,89.17847674627917,286.7888153474477,23.545460735775087
253,2,455.66455874417187,746.9991423766564,87.84046889516875,264.96004289424354,26.490862456476332
253,3,455.66455874417187,746.9991423766564,62.91157007957792,171.64693945756977,29.123357446426144
253,4,455.66455874417187,746.9991423766564,60.26158942235877,98.12882918926786,26.643552880711916
253,5,455.66455874417187,746.9991423766564,71.50254417095874,79.45983304725438,23.970294394434507
253,6,455.66455874417187,746.9991423766564,146.74352612992834,122.55428770830015,19.22836464729427
253,7,455.66455874417187,746.9991423766564,65.46607265285151,103.17571274928697,16.072574223786706
253,8,455.66455874417187,746.9991423766564,57.933793244171355,208.77849528334926,11.64199596893978
253,9,455.66455874417187,746.9991423766564,123.96647284390286,273.58956330073687,8.418929200099166
253,10,455.66455874417187,746.9991423766564,118.01904955121407,297.0049876852906,13.602118361815943
253,11,455.66455874417187,746.9991423766564,108.85570066623421,282.0984365587944,15.116032932848752
254,0,351.55897096316437,584.2153647622365,77.41956599535756,263.088333292317,19.881173152199867
254,1,351.55897096316437,584.2153647622365,126.21213800948917,292.08763878815046,22.66532827314317
254,2,351.55897096316437,584.2153647622365,85.50795199930855,289.19725253521995,29.393096932113636
254,3,351.55897096316437,584.2153647622365,87.12774852623413,168.8322701669892,30.35342538318183
254,4,351.55897096316437,584.2153647622365,133.14462258387863,77.73952762657326,27.76885574291418
254,5,351.55897096316437,584.2153647622365,135.83512595194293,79.388850403231,24.612822884108535
254,6,351.55897096316437,584.2153647622365,86.16583745023678,89.86886291511654,19.43441426976709
254,7,351.55897096316437,584.2153647622365,136.91583738988385,134.55578226137948,14.724061679696483
254,8,351.55897096316437,584.2153647622365,83.77006765526485,172.1158509876704,14.4052509802777
254,9,351.55897096316437,584.2153647622365,81.12074657817084,259.5896050595851,11.76632726814159
254,10,351.55897096316437,584.2153647622365,35.28153528245783,336.1669210910904,11.526789723623832
254,11,351.55897096316437,584.2153647622365,113.37114580325452,295.1939580201029,16.77342975899122
255,0,355.1050571262833,626.3625334074998,129.9408337131084,242.40241382042083,20.51943037910883
255,1,355.1050571262833,626.3625334074998,37.409423152335386,250.28441888739837,22.251738680958702
255,2,355.1050571262833,626.3625334074998,63.297023100802896,294.3191418951778,27.224271196608825
255,3,355.1050571262833,626.3625334074998,99.38415022118335,201.05861443192302,28.820154248438797
255,4,355.1050571262833,626.3625334074998,106.72357558168618,94.90880564406456,26.928694028116794
255,5,355.1050571262833,626.3625334074998,143.74008808311862,69.89784660669736,24.112423680650846
255,6,355.1050571262833,626.3625334074998,85.3343702372635,117.68266305465858,18.997895474714014
255,7,355.1050571262833,626.3625334074998,105.98096521929868,152.7840970421363,16.002338234548596
255,8,355.1050571262833,626.3625334074998,144.20422394588434,149.0546268511277,11.934956833544373
255,9,355.1050571262833,626.3625334074998,116.12831517295011,259.815888352664,13.835421692274771
255,10,355.1050571262833,626.3625334074998,81.6872360770962,303.7218514223248,12.447909159117929
255,11,355.1050571262833,626.3625334074998,59.803273392579015,269.34067048162797,16.464298686349213
256,0,635.3226672874024,580.6630306695869,104.50768672989244,262.8589830296446,20.986457566757753
256,1,635.3226672874024,580.6630306695869,56.300117362966795,365.119903199353,23.67273855653351
256,2,635.3226672874024,580.6630306695869,98.16814617868748,284.52037120497613,26.167617849722888
256,3,635.3226672874024,580.6630306695869,78.92046149089641,181.95939039329113,26.977940796338856
256,4,635.3226672874024,580.6630306695869,71.92298045503453,81.11953680729881,27.134992452266953
256,5,635.3226672874024,580.6630306695869,90.59872855499619,92.6791191974652,24.007360170754186
256,6,635.3226672874024,580.6630306695869,93.46913135970084,94.29447295455819,20.54164550818264
256,7,635.3226672874024,580.6630306695869,44.63443358500231,103.62317046453377,15.16498196763787
256,8,635.3226672874024,580.6630306695869,98.15735365571634,231.0640962536107,13.86438709372825
256,9,635.3226672874024,580.6630306695869,21.397613376865678,238.38531114990104,11.12679889709772
256,10,635.3226672874024,580.6630306695869,120.06823288839186,294.58713151986126,12.134028704785386
256,11,635.3226672874024,580.6630306695869,28.116715218661568,251.72010920418404,17.165137730787187
257,0,483.8071089257697,603.0884053582116,111.50651064375992,284.5017970332637,19.88953944203579
257,1,483.8071089257697,603.0884053582116,55.84943293743704,272.62819440431076,24.447724944817768
257,2,483.8071089257697,603.0884053582116,35.04978440116304,311.2882201330331,26.63641361216952
257,3,483.8071089257697,603.0884053582116,52.832334564748535,164.82551685017756,30.9682186426148
257,4,483.8071089257697,603.0884053582116,126.40054544613284,105.1887035042951,27.370379789890602
257,5,483.8071089257697,603.0884053582116,85.91002000424209,101.81428421691356,25.07543281753792
257,6,483.8071089257697,603.0884053582116,78.96529635051395,104.31150326127172,20.579286195882506
257,7,483.8071089257697,603.0884053582116,122.65324142970758,176.85113410704997,14.929529738491407
257,8,483.8071089257697,603.0884053582116,122.86633193946311,233.93437788318573,14.478056232901888
257,9,483.8071089257697,603.0884053582116,184.30374068163596,242.5911390750059,11.009022386622918
257,10,483.8071089257697,603.0884053582116,70.77309974454248,291.65710286392664,12.346068937016415
257,11,483.8071089257697,603.0884053582116,169.35362801871912,259.80584822454125,17.925284998326124
258,0,277.13328594921444,523.8721631096364,141.6498690639224,237.22897938287284,19.360198477189446
258,1,277.13328594921444,523.8721631096364,100.12975074512953,247.4226692898366,26.26146597373714
258,2,277.13328594921444,523.8721631096364,128.15484254212083,243.64589367211926,26.944966720445862
258,3,277.13328594921444,523.8721631096364,45.095016428716946,167.9723185406594,26.209782036827555
258,4,277.13328594921444,523.8721631096364,70.20003141871233,86.29463463029218,26.799815108065978
258,5,277.13328594921444,523.8721631096364,130.4855912970944,88.42375549450139,22.99407161049581
258,6,277.13328594921444,523.8721631096364,85.75574623244763,104.53477598980983,21.491956424714676
258,7,277.13328594921444,523.8721631096364,62.91858118753581,120.17633205078904,16.0985514902595
258,8,277.13328594921444,523.8721631096364,110.49647248340769,206.17349630623644,13.652995191049735
258,9,277.13328594921444,523.8721631096364,125.53723376448286,282.39816618005085,11.25778840422697
258,10,277.13328594921444,523.8721631096364,108.3143921264521,288.9630624285988,15.24201550260965
258,11,277.13328594921444,523.8721631096364,154.06920376473397,297.4094288593643,17.777031930897397
259,0,333.65282758230353,588.6482158767199,76.56908618738233,244.7010343295482,19.546985104307556
259,1,333.65282758230353,588.6482158767199,74.26389742160677,257.74907335661635,24.265491773313684
259,2,333.65282758230353,588.6482158767199,95.46965252901344,183.87814958104076,26.21704557541325
259,3,333.65282758230353,588.6482158767199,29.74905889113287,186.57472249569847,26.666085951403215
259,4,333.65282758230353,588.6482158767199,84.83837914509074,101.78048492203385,25.980288912315753
259,5,333.65282758230353,588.6482158767199,71.99479155502904,81.88907465123877,25.074327379021334
259,6,333.65282758230353,588.6482158767199,80.049906935903,90.0202243773841,18.8202998458143
259,7,333.65282758230353,588.6482158767199,118.93892210416644,128.18294591905956,17.630469809397955
259,8,333.65282758230353,588.6482158767199,96.81793252545395,196.8724534013703,12.585415329642538
259,9,333.65282758230353,588.6482158767199,99.13064439793091,204.69083739648485,12.93922458579337
259,10,333.65282758230353,588.6482158767199,75.8159725854998,229.42327563681118,12.203190744049762
259,11,333.65282758230353,588.6482158767199,63.65917548559626,260.72727413802596,15.787614723947913
260,0,437.0900823388363,531.4352051327772,55.45505088330137,242.38133450281686,19.080085361093055
260,1,437.0900823388363,531.4352051327772,46.844682531836,340.2277680409195,24.902458313787484
260,2,437.0900823388363,531.4352051327772,178.29874647788125,355.75153112081495,26.045976640942975
260,3,437.0900823388363,531.4352051327772,107.11967917850919,158.97192179213727,27.630590214236733
260,4,437.0900823388363,531.4352051327772,100.96155077461684,116.13044135052952,27.04387655217716
260,5,437.0900823388363,531.4352051327772,98.92576944999593,73.60372209603362,23.079345283460352
260,6,437.0900823388363,531.4352051327772,110.28443348238783,92.49377070355655,20.608239827692433
260,7,437.0900823388363,531.4352051327772,136.81841760636618,122.80604340588324,16.372060146565033
260,8,437.0900823388363,531.4352051327772,134.38699899491374,261.7392449146808,11.22068384176061
260,9,437.0900823388363,531.4352051327772,74.54106932248085,287.00056494838685,10.267057136687873
260,10,437.0900823388363,531.4352051327772,97.64478374735192,252.18930601276614,13.834331025711483
260,11,437.0900823388363,531.4352051327772,101.53312549543818,290.8201234135734,16.16218604354536
261,0,636.3426467283207,732.2357513979279,70.790572462882,243.93973474695454,19.880017121078332
261,1,636.3426467283207,732.2357513979279,66.5413358731887,344.3765342430156,24.197133992058877
261,2,636.3426467283207,732.2357513979279,34.03809054370693,303.9396053996985,27.370669033297656
261,3,636.3426467283207,732.2357513979279,171.40895294346646,159.886272316688,27.692362538252876
261,4,636.3426467283207,732.2357513979279,104.70032089317287,109.14728817887003,27.21285992495521
261,5,636.3426467283207,732.2357513979279,33.94682650676236,85.55467093749303,23.716107174663254
261,6,636.3426467283207,732.2357513979279,103.87715475243738,102.82117265691382,19.37816344750238
261,7,636.3426467283207,732.2357513979279,0.0,99.91156994136573,14.577688001376265
261,8,636.3426467283207,732.2357513979279,42.091738019538745,220.74171001981665,12.413634624661443
261,9,636.3426467283207,732.2357513979279,92.14511886098207,289.9758293116057,11.877833961294634
261,10,636.3426467283207,732.2357513979279,56.263642438537495,377.6715415837591,12.802724793944595
261,11,636.3426467283207,732.2357513979279,68.79714643400862,318.9084964531359,15.15929126465652
262,0,404.90097615763443,648.750536834468,107.4548846409973,248.28941304575824,18.812258998820795
262,1,404.90097615763443,648.750536834468,114.04592420952446,291.2151941636194,25.402953965910214
262,2,404.90097615763443,648.750536834468,60.12417491406606,241.43376212371683,27.88386693021326
262,3,404.90097615763443,648.750536834468,108.44699041892719,175.50861956695422,28.23140094064099
262,4,404.90097615763443,648.750536834468,76.99299644207815,93.23821927711928,25.944843163505976
262,5,404.90097615763443,648.750536834468,71.96273196110971,77.06506517290607,24.736791139002346
262,6,404.90097615763443,648.750536834468,114.67242747349039,94.50208501557017,20.63020110580572
262,7,404.90097615763443,648.750536834468,96.77177035666762,110.76970717601797,17.643158464149074
262,8,404.90097615763443,648.750536834468,86.23815478028901,198.71674024044475,14.77416342254813
262,9,404.90097615763443,648.750536834468,87.93777229896824,252.78278729480985,10.581625889072024
262,10,404.90097615763443,648.750536834468,98.88558102393876,253.4841517728719,12.817299935625623
262,11,404.90097615763443,648.750536834468,105.39516716595003,247.68842710159527,14.910201242887046
263,0,332.37689391970565,621.7142901036215,113.88216365293842,277.93180219263036,17.878816200467465
263,1,332.37689391970565,621.7142901036215,55.831260804935084,286.4921523236198,23.509124838189205
263,2,332.37689391970565,621.7142901036215,105.87472194556946,231.30395048453562,24.728692348508442
263,3,332.37689391970565,621.7142901036215,122.33108353998782,184.43922728842625,27.51706984079718
263,4,332.37689391970565,621.7142901036215,110.81106228621701,123.55446263884477,26.935725898142184
263,5,332.37689391970565,621.7142901036215,42.690718584427195,93.40853322216653,23.1831887540684
263,6,332.37689391970565,621.7142901036215,95.97586634248964,82.84574962599123,18.67865070216117
263,7,332.37689391970565,621.7142901036215,75.47853681859739,113.88826718102077,14.041948321176484
263,8,332.37689391970565,621.7142901036215,88.85168063915674,217.27390174319817,12.887817611529028
263,9,332.37689391970565,621.7142901036215,31.071054641494626,271.64047966115726,13.066568588417674
263,10,332.37689391970565,621.7142901036215,120.39207411064062,234.4968031077307,11.91020189101358
263,11,332.37689391970565,621.7142901036215,95.55839980861708,230.85917238600985,16.08340901806145
264,0,450.94237852597735,553.4167108002788,50.51603787628008,247.08013565054898,19.530932373726035
264,1,450.94237852597735,553.4167108002788,126.38839465133603,293.4615342557825,22.915779233091328
264,2,450.94237852597735,553.4167108002788,89.50940226066237,210.3670684114023,26.187890535265367
264,3,450.94237852597735,553.4167108002788,92.92277418603112,156.56791033731014,27.989339658116076
264,4,450.94237852597735,553.4167108002788,133.15379866500285,72.59863173119521,27.775462955922514
264,5,450.94237852597735,553.4167108002788,103.2209522889967,98.66288630986706,25.208302318969654
264,6,450.94237852597735,553.4167108002788,127.06197131146487,107.6577707009387,20.886651522820195
264,7,450.94237852597735,553.4167108002788,94.81769398699731,151.13039207969902,16.24679025436212
264,8,450.94237852597735,553.4167108002788,67.96039429502146,197.41889508870324,11.579866777417928
264,9,450.94237852597735,553.4167108002788,80.98381305535347,314.1776191250447,14.67744186516296
264,10,450.94237852597735,553.4167108002788,59.526630631380044,264.03527043690895,11.5514881298189
264,11,450.94237852597735,553.4167108002788,81.08602296392735,281.21280976349186,15.17223011456605
265,0,454.9043960537283,726.3506931671722,63.692614259372206,300.89373875821985,18.229892038070414
265,1,454.9043960537283,726.3506931671722,58.002654693042416,287.1999360706738,22.193024552451273
265,2,454.9043960537283,726.3506931671722,98.47572591503547,225.93433144939758,28.526439827913254
265,3,454.9043960537283,726.3506931671722,96.32620236132244,155.4916152874804,28.876668358502968
265,4,454.9043960537283,726.3506931671722,74.72757590206281,115.62313793603978,27.030268780564604
265,5,454.9043960537283,726.3506931671722,123.46108287972713,77.16886017250059,24.02933388591643
265,6,454.9043960537283,726.3506931671722,64.21690214336338,90.01252144776464,20.314120493000768
265,7,454.9043960537283,726.3506931671722,117.87099592551783,117.48468532645116,12.499363787863565
265,8,454.9043960537283,726.3506931671722,40.13518337183296,203.77188554573823,14.214004223184777
265,9,454.9043960537283,726.3506931671722,104.15476719950667,235.66138904808653,10.532982838889636
265,10,454.9043960537283,726.3506931671722,67.76395933666404,261.44583733049194,12.530535046859333
265,11,454.9043960537283,726.3506931671722,79.63297575268872,220.81399070315487,17.22873052554055
266,0,374.9452152204005,615.4086766199498,114.26868471367297,227.52418761480072,17.786878035908448
266,1,374.9452152204005,615.4086766199498,57.51807782236046,268.1767448532994,24.450403140461454
266,2,374.9452152204005,615.4086766199498,140.4029147039129,205.13697759637057,27.150831186479017
266,3,374.9452152204005,615.4086766199498,98.02154251876442,177.76706699362924,28.556603178896957
266,4,374.9452152204005,615.4086766199498,115.09767391014086,102.58857580759124,27.637150578209816
266,5,374.9452152204005,615.4086766199498,67.6390877301089,79.3013087968102,24.37305037583924
266,6,374.9452152204005,615.4086766199498,119.79518731726229,109.20252195797661,20.880475497406493
266,7,374.9452152204005,615.4086766199498,60.779570188519486,121.7778483755481,17.55219836173138
266,8,374.9452152204005,615.4086766199498,38.9436487261917,163.6888553352884,13.635127998410068
266,9,374.9452152204005,615.4086766199498,59.31536907441702,245.51058228517124,11.730105267504397
266,10,374.9452152204005,615.4086766199498,103.57275439946073,372.40905304057185,12.734338462960247
266,11,374.9452152204005,615.4086766199498,32.47668618225891,285.7772184957883,18.306865217128035
267,0,505.8239358612938,665.486238668141,66.15412336768165,170.62772622385663,20.833598915144503
267,1,505.8239358612938,665.486238668141,130.14163866059198,223.32201571051792,23.819376222308442
267,2,505.8239358612938,665.486238668141,57.532613408467746,233.49542403807789,26.061952312230197
267,3,505.8239358612938,665.486238668141,51.149157423590445,104.81164044463024,29.66894814407719
267,4,505.8239358612938,665.486238668141,134.31652845563934,88.34580146810502,26.559397607118118
267,5,505.8239358612938,665.486238668141,136.9099576745243,55.24077825078533,23.685573912902473
267,6,505.8239358612938,665.486238668141,112.06353404543927,105.37351743304359,20.70719983089603
267,7,505.8239358612938,665.486238668141,75.44399694522819,129.94512945457498,16.340323515422845
267,8,505.8239358612938,665.486238668141,132.50768504053087,252.47547803416342,12.717946408242135
267,9,505.8239358612938,665.486238668141,121.71004133890548,235.16759303681192,11.499864725308761
267,10,505.8239358612938,665.486238668141,114.03603869224933,273.92519179859016,12.936392849547815
267,11,505.8239358612938,665.486238668141,125.07299728933728,293.5321015506949,17.011242091741554
268,0,270.787550393056,545.0834635138631,115.95863970059204,213.9309692744599,18.747539785055057
268,1,270.787550393056,545.0834635138631,82.9163534318112,349.6432207187085,24.469109190233983
268,2,270.787550393056,545.0834635138631,60.98828995352805,303.71980892808756,27.086154656255786
268,3,270.787550393056,545.0834635138631,122.06074408726803,187.68724423186677,29.368076956190233
268,4,270.787550393056,545.0834635138631,109.65283101860142,67.12517872889295,24.59361739481827
268,5,270.787550393056,545.0834635138631,53.48964624789303,83.64474530281674,23.69369670117397
268,6,270.787550393056,545.0834635138631,113.5922053989498,119.11549157576187,17.23018188045202
268,7,270.787550393056,545.0834635138631,88.95264974010205,132.43713813372764,14.455701322571684
268,8,270.787550393056,545.0834635138631,53.84488090372375,238.40029651688107,12.536143559723033
268,9,270.787550393056,545.0834635138631,121.15164100529904,279.43229387358593,13.234508894748515
268,10,270.787550393056,545.0834635138631,114.93591799940899,268.03192391354406,13.065023604621102
268,11,270.787550393056,545.0834635138631,78.90229953108678,250.21412903562816,17.217913259311974
269,0,447.5237161201557,638.1387315648707,92.32602418682258,312.26985778240123,19.96032774852799
269,1,447.5237161201557,638.1387315648707,78.0393586525762,276.41482176258296,22.946176562218355
269,2,447.5237161201557,638.1387315648707,59.398033934485916,209.9380395668836,28.1323948364993
269,3,447.5237161201557,638.1387315648707,69.78104451245555,159.3355102350336,28.62014354257723
269,4,447.5237161201557,638.1387315648707,126.1466933723201,115.98914759430808,25.954524327173836
269,5,447.5237161201557,638.1387315648707,117.2166483512431,70.15069816307953,24.16602837274876
269,6,447.5237161201557,638.1387315648707,113.62777536093442,87.41390816287624,18.272996969618156
269,7,447.5237161201557,638.1387315648707,100.38218796084209,148.82105195489308,16.114543842243354
269,8,447.5237161201557,638.1387315648707,78.44117131602741,252.2244689743828,13.753223263466639
269,9,447.5237161201557,638.1387315648707,107.23695691046274,189.12377931299395,10.418108212111163
269,10,447.5237161201557,638.1387315648707,95.6734213661083,278.00260459324295,14.113087363303508
269,11,447.5237161201557,638.1387315648707,69.46004892707609,257.94268630836416,17.773234283136404
270,0,310.1185687785072,520.1886559332431,78.0496356619359,266.2859357541159,19.701960673816846
270,1,310.1185687785072,520.1886559332431,57.378926297908805,304.7957630306736,25.67165089983231
270,2,310.1185687785072,520.1886559332431,92.96168617484385,248.9243767797444,24.470696114236222
270,3,310.1185687785072,520.1886559332431,73.3222474403089,145.61886289754054,27.282194781376376
270,4,310.1185687785072,520.1886559332431,109.42667241269214,113.72618523716402,26.057565191979677
270,5,310.1185687785072,520.1886559332431,130.5939085178431,80.61499893276778,24.52649522179773
270,6,310.1185687785072,520.1886559332431,55.406084905517254,110.49279988834111,19.9597454447375
270,7,310.1185687785072,520.1886559332431,112.99471341081846,129.08642905322105,15.5950879902369
270,8,310.1185687785072,520.1886559332431,98.5465512519782,174.4044508751185,13.449074401904804
270,9,310.1185687785072,520.1886559332431,97.8929212792301,315.8690908249505,12.385668271075147
270,10,310.1185687785072,520.1886559332431,56.359025404512494,270.0178120007958,12.383921788509735
270,11,310.1185687785072,520.1886559332431,59.18246154646037,245.6615833955892,14.52332938063794
271,0,465.115810868494,524.0162622651548,99.866800544217,286.7708034633817,21.929104069377328
271,1,465.115810868494,524.0162622651548,95.88825193350951,243.11761411772108,23.276504674723256
271,2,465.115810868494,524.0162622651548,123.32164050857875,270.845067490686,28.343456851198404
271,3,465.115810868494,524.0162622651548,87.91911434446816,191.3068618165942,26.773358331771423
271,4,465.115810868494,524.0162622651548,82.34389474125831,125.63092616937932,26.375897296902334
271,5,465.115810868494,524.0162622651548,83.34244437511276,115.14404865314282,25.280913327622237
271,6,465.115810868494,524.0162622651548,148.47676987726987,112.22133612097234,19.380976736996914
271,7,465.115810868494,524.0162622651548,129.8522401337908,97.59738151295211,18.07054331997029
271,8,465.115810868494,524.0162622651548,145.75418789868252,285.87020007219854,11.1576480541193
271,9,465.115810868494,524.0162622651548,113.61802361538916,226.4204531467484,9.82274497156874
271,10,465.115810868494,524.0162622651548,138.68115719402076,319.13074647273675,12.762987395089052
271,11,465.115810868494,524.0162622651548,63.13030324475844,239.61718263499372,16.80852000852769
272,0,534.9366336704211,534.1943374719924,24.70599621894894,245.06851686602533,20.5883905940573
272,1,534.9366336704211,534.1943374719924,124.30746904199816,266.9216454921446,23.476784676235138
272,2,534.9366336704211,534.1943374719924,3.282477650515162,260.1986875627684,27.19209157656701
272,3,534.9366336704211,534.1943374719924,97.85185981663135,152.1885663909923,27.136195603750917
272,4,534.9366336704211,534.1943374719924,117.21506444034151,125.90455979472202,25.27065020515786
272,5,534.9366336704211,534.1943374719924,131.84160061073334,111.33454224196426,24.331358467380422
272,6,534.9366336704211,534.1943374719924,63.42429192608045,77.24983407497254,18.65695346391522
272,7,534.9366336704211,534.1943374719924,69.13165942024585,117.87887733391015,18.04581628376778
272,8,534.9366336704211,534.1943374719924,101.50206039677238,231.6217806864616,12.866029460337584
272,9,534.9366336704211,534.1943374719924,114.1426753458326,265.5238672896388,12.779989941421025
272,10,534.9366336704211,534.1943374719924,52.38654366185882,276.5423583961976,11.738981174249922
272,11,534.9366336704211,534.1943374719924,103.8683292813549,242.97707398339256,17.85435573296878
273,0,539.4276655636072,798.9504805084224,58.914453397979734,272.97803438636095,20.757166367377046
273,1,539.4276655636072,798.9504805084224,104.72183507470535,206.76056081933237,24.18162752081401
273,2,539.4276655636072,798.9504805084224,81.89705444277423,241.27034544615572,25.329873402627204
273,3,539.4276655636072,798.9504805084224,91.10225755192269,159.96325942249447,29.59412188075584
273,4,539.4276655636072,798.9504805084224,102.89002882236537,93.32067768577666,26.729088785811786
273,5,539.4276655636072,798.9504805084224,83.5799780087234,83.35282984257839,24.419664172818198
273,6,539.4276655636072,798.9504805084224,105.93711168741274,91.13365237516705,21.494239580073533
273,7,539.4276655636072,798.9504805084224,70.02544652865109,105.3243425935967,16.0808241785048
273,8,539.4276655636072,798.9504805084224,83.25473920411686,217.82376423665758,14.0355327525516
273,9,539.4276655636072,798.9504805084224,53.30077932077285,344.54826591968776,13.547496575538423
273,10,539.4276655636072,798.9504805084224,96.13608932647936,252.48538046381978,11.452983516417326
273,11,539.4276655636072,798.9504805084224,61.713490586482536,260.89082378567775,17.572123734355714
274,0,355.18528517935846,615.7458658635907,87.32657968747425,255.31515792416204,18.879993378683377
274,1,355.18528517935846,615.7458658635907,100.02388628892376,303.21469331694357,24.652976370869144
274,2,355.18528517935846,615.7458658635907,68.80744285223106,299.6955583215903,27.61081304595276
274,3,355.18528517935846,615.7458658635907,115.38496593971186,170.43176228239057,28.31504845131644
274,4,355.18528517935846,615.7458658635907,87.00185130462671,102.91426427684979,26.61955135354508
274,5,355.18528517935846,615.7458658635907,136.88400348333994,75.98971033618638,23.615283174452713
274,6,355.18528517935846,615.7458658635907,82.29071874270241,108.09861256611546,18.372076274768617
274,7,355.18528517935846,615.7458658635907,102.6473549990586,131.5289684176767,14.675059361337533
274,8,355.18528517935846,615.7458658635907,72.64029743954329,185.48722650501725,12.646471945412499
274,9,355.18528517935846,615.7458658635907,101.6015644727765,265.753775055009,13.071391699232398
274,10,355.18528517935846,615.7458658635907,139.95834123754383,213.93472628472247,12.831164061843152
274,11,355.18528517935846,615.7458658635907,85.57927968164803,222.75262076253074,15.11194841461299
275,0,449.06822262856514,773.481280674146,0.0,222.92551497627846,21.011608505910946
275,1,449.06822262856514,773.481280674146,79.81557157891326,321.1067691636794,24.470791007392734
275,2,449.06822262856514,773.481280674146,66.252333343916,210.65144454420815,26.222559512361904
275,3,449.06822262856514,773.481280674146,80.88814993260786,207.17123182491747,27.708840535629157
275,4,449.06822262856514,773.481280674146,171.16919099172873,92.4811669892463,25.763270929542855
275,5,449.06822262856514,773.481280674146,93.97510783038658,73.39380938479351,24.50725197907085
275,6,449.06822262856514,773.481280674146,94.90792315716686,76.22114300047424,18.085480210679734
275,7,449.06822262856514,773.481280674146,102.615061184852,125.070657485898,16.37224265268397
275,8,449.06822262856514,773.481280674146,44.57171033212218,179.1971940590971,12.157425874362218
275,9,449.06822262856514,773.481280674146,31.548878022815252,189.38690989256096,11.572789243826001
275,10,449.06822262856514,773.481280674146,78.82122580169542,320.84661378565505,12.499340027551133
275,11,449.06822262856514,773.481280674146,66.14217218663782,287.5764896954016,15.974214987257389
276,0,366.32855611522973,491.98113917735753,73.54880720539697,270.7822702127566,20.619951535920343
276,1,366.32855611522973,491.98113917735753,99.57848445052244,287.50334396489694,24.069190305511384
276,2,366.32855611522973,491.98113917735753,55.6492524436751,290.9696769017513,27.233720960967403
276,3,366.32855611522973,491.98113917735753,101.13160505079458,201.6660112112751,29.245324900228944
276,4,366.32855611522973,491.98113917735753,69.24779752364182,95.85179409430931,26.47597747249766
276,5,366.32855611522973,491.98113917735753,83.10846199645198,94.72257300105542,23.999879781277247
276,6,366.32855611522973,491.98113917735753,87.099901693081,100.10809903984352,20.108080138646965
276,7,366.32855611522973,491.98113917735753,55.716865399814765,134.58481236761284,14.98335840691343
276,8,366.32855611522973,491.98113917735753,111.37292701532974,198.45315241118575,12.51306434407107
276,9,366.32855611522973,491.98113917735753,111.46794309650367,352.84266809836134,13.47010611900932
276,10,366.32855611522973,491.98113917735753,115.32447408039155,288.89293308289064,14.51247817284853
276,11,366.32855611522973,491.98113917735753,78.78868895729013,283.025070017194,15.709136726426578
277,0,768.1074120030554,641.5613895644505,72.50645676569209,198.6875339388203,19.62920557255368
277,1,768.1074120030554,641.5613895644505,87.94699394484192,307.4268944574419,22.586682502836045
277,2,768.1074120030554,641.5613895644505,69.65988426963337,266.32240528882426,27.536982246611473
277,3,768.1074120030554,641.5613895644505,91.89277117689377,172.38609510119346,29.07450748091443
277,4,768.1074120030554,641.5613895644505,99.61567309037058,116.03852135519332,26.460714266379835
277,5,768.1074120030554,641.5613895644505,83.89307670030934,85.74264132236253,22.22464953098612
277,6,768.1074120030554,641.5613895644505,43.72751871079296,65.1613097394977,20.81720214032214
277,7,768.1074120030554,641.5613895644505,67.19087653729501,104.99451524457447,15.358360364449378
277,8,768.1074120030554,641.5613895644505,120.53717833005646,207.23385859696245,13.139047478625862
277,9,768.1074120030554,641.5613895644505,67.34536744162091,295.6733375781027,12.54168242490865
277,10,768.1074120030554,641.5613895644505,108.90998319501708,289.7186724992748,12.679196360083354
277,11,768.1074120030554,641.5613895644505,90.85382203073696,291.6908473508166,16.001631544035543
278,0,367.60574411561146,534.798876177696,92.41775406835403,280.24909174165623,21.689714074311595
278,1,367.60574411561146,534.798876177696,84.67499027806312,251.10999348966305,24.595991906655808
278,2,367.60574411561146,534.798876177696,152.91722180396246,295.3417274136321,25.439252308660755
278,3,367.60574411561146,534.798876177696,82.03991707032722,162.12379889631973,27.60488158198907
278,4,367.60574411561146,534.798876177696,47.74229498697946,113.94004621851765,27.122073848243407
278,5,367.60574411561146,534.798876177696,151.9104198566584,74.09404376671068,22.680550596934147
278,6,367.60574411561146,534.798876177696,34.63889937957964,97.43937661048771,20.62892500017186
278,7,367.60574411561146,534.798876177696,69.60468997120344,107.69882298718554,15.90562435815463
278,8,367.60574411561146,534.798876177696,98.67095817067015,250.7806828384874,11.93488349644915
278,9,367.60574411561146,534.798876177696,102.99823307331937,237.29891947402794,11.326592854048636
278,10,367.60574411561146,534.798876177696,73.49623051031097,333.2903715790125,14.20988518714957
278,11,367.60574411561146,534.798876177696,125.07268759029866,217.87509878153156,16.092304159133683
279,0,501.9831252455222,638.3374555923424,92.27935883149395,276.97349223807873,20.57671927823752
279,1,501.9831252455222,638.3374555923424,36.718051773364444,359.6221901670128,24.75643393420399
279,2,501.9831252455222,638.3374555923424,89.50532876279902,248.59432236538905,26.225456889862663
279,3,501.9831252455222,638.3374555923424,34.97551331001104,150.70779734344762,29.07079247760942
279,4,501.9831252455222,638.3374555923424,123.75941304960074,104.280513554376,25.95210378078569
279,5,501.9831252455222,638.3374555923424,72.5331887010741,92.15562908731351,23.901291576874833
279,6,501.9831252455222,638.3374555923424,74.516835566528,109.97678780933109,19.811389773249697
279,7,501.9831252455222,638.3374555923424,112.60036371234284,109.66471147975145,16.99126270790444
279,8,501.9831252455222,638.3374555923424,105.77537330508045,154.37427417970432,13.35754191509048
279,9,501.9831252455222,638.3374555923424,102.47427889180133,218.96104005393144,10.845045218842293
279,10,501.9831252455222,638.3374555923424,116.95652047530325,331.48030952001824,14.05202697181939
279,11,501.9831252455222,638.3374555923424,97.01960354134275,256.84790782965996,16.121516689642146
280,0,544.6771825164615,792.2688625005957,61.22563041021719,214.52242804186486,21.24364523951567
280,1,544.6771825164615,792.2688625005957,119.7888465290347,257.26500389842636,24.43485368083274
280,2,544.6771825164615,792.2688625005957,75.3155444823409,281.72994317198004,26.42308498527719
280,3,544.6771825164615,792.2688625005957,106.37763355839536,109.58775415506058,26.934705091631223
280,4,544.6771825164615,792.2688625005957,119.76820721533932,100.75372461051543,25.251689787258258
280,5,544.6771825164615,792.2688625005957,113.43403214200794,83.3883818232355,21.187740510592985
280,6,544.6771825164615,792.2688625005957,132.45094652875812,97.44840100223449,20.644018051493283
280,7,544.6771825164615,792.2688625005957,95.70958964421501,120.0786287819855,17.377439704041045
280,8,544.6771825164615,792.2688625005957,126.41661151685018,171.67600691110388,14.38439714939106
280,9,544.6771825164615,792.2688625005957,78.66878926659184,265.13052165597173,12.471685637583098
280,10,544.6771825164615,792.2688625005957,44.990122487882196,327.44163336065634,12.744876817898204
280,11,544.6771825164615,792.2688625005957,55.48061154581335,220.62518203934053,16.52809151682179
281,0,455.40599864306046,777.8654667710086,126.32666917203358,300.9466574375044,20.206672475067293
281,1,455.40599864306046,777.8654667710086,79.70202829673231,273.824253171625,24.23540315082419
281,2,455.40599864306046,777.8654667710086,88.60502210813779,252.85924455819875,28.12045920356484
281,3,455.40599864306046,777.8654667710086,88.66426907317845,211.26709672885798,28.97505305446842
281,4,455.40599864306046,777.8654667710086,143.6542035140909,104.28248803345441,26.64338289919951
281,5,455.40599864306046,777.8654667710086,143.33798140332448,83.81360619316692,23.42848366886114
281,6,455.40599864306046,777.8654667710086,89.96340631222763,68.66690383618203,20.189381894060503
281,7,455.40599864306046,777.8654667710086,65.24191765696678,115.55350331408718,16.73177831659461
281,8,455.40599864306046,777.8654667710086,82.89355294952782,181.7852716153631,13.277380346085781
281,9,455.40599864306046,777.8654667710086,65.26997556041498,299.91159121939677,12.139318503884772
281,10,455.40599864306046,777.8654667710086,109.52757760891951,362.5877114602929,12.555511261108883
281,11,455.40599864306046,777.8654667710086,120.866743838249,315.55640759573794,17.707720819644347
282,0,293.47472311816523,501.9947971971281,81.36770313849823,250.64144270525506,20.89116950280379
282,1,293.47472311816523,501.9947971971281,83.48436604376516,297.7172582127825,23.11142132641992
282,2,293.47472311816523,501.9947971971281,151.48183725447106,278.02903571596715,27.521665132558216
282,3,293.47472311816523,501.9947971971281,74.40413076495524,183.84672636296182,27.730356269419936
282,4,293.47472311816523,501.9947971971281,139.75499926354524,98.91607245026302,26.601235625431613
282,5,293.47472311816523,501.9947971971281,127.54479890840815,85.08786012866425,24.582806699167218
282,6,293.47472311816523,501.9947971971281,115.60547316672393,84.64053365547285,20.140226746105704
282,7,293.47472311816523,501.9947971971281,79.43159350882311,115.16975190879468,15.212957405207812
282,8,293.47472311816523,501.9947971971281,79.09478712087362,172.86430094490518,12.73876227481209
282,9,293.47472311816523,501.9947971971281,137.69390860389507,245.61416411057982,11.705375165952283
282,10,293.47472311816523,501.9947971971281,125.71155631836547,303.8471561049709,14.184194342445123
282,11,293.47472311816523,501.9947971971281,115.24035515423546,321.75093343809635,15.503428442488632
283,0,326.08428084293075,689.1027838560215,62.09153000354021,203.1240805394213,20.852602660456704
283,1,326.08428084293075,689.1027838560215,105.91114515463876,195.5699460083999,24.134021038608978
283,2,326.08428084293075,689.1027838560215,71.03106888707732,286.09195045841915,26.93530320788785
283,3,326.08428084293075,689.1027838560215,34.13814582272267,199.5190411358149,27.28462428726267
283,4,326.08428084293075,689.1027838560215,59.62879051786493,96.14715834614661,27.409665647336904
283,5,326.08428084293075,689.1027838560215,129.7008181696715,76.66584707682681,24.375336261255335
283,6,326.08428084293075,689.1027838560215,65.75014885638438,90.82568468436783,19.696508629501036
283,7,326.08428084293075,689.1027838560215,114.88562607024694,153.7518574509693,15.457446600631316
283,8,326.08428084293075,689.1027838560215,119.47567078510835,186.11724173225264,12.879049877563393
283,9,326.08428084293075,689.1027838560215,91.40074059791417,297.7052022583901,11.578358292965145
283,10,326.08428084293075,689.1027838560215,100.85988140959252,265.01223181114517,14.8993160319523
283,11,326.08428084293075,689.1027838560215,81.93595340506349,225.29779506231873,16.400573918266478
284,0,334.08015454968665,701.4815777528447,84.42644159216384,308.5654333309986,19.9122801672792
284,1,334.08015454968665,701.4815777528447,99.43452110658616,279.9968920258583,25.340467733515116
284,2,334.08015454968665,701.4815777528447,69.71991757329252,268.4447137646403,26.756783439505956
284,3,334.08015454968665,701.4815777528447,73.87925719536301,213.78522566353288,27.264653780801726
284,4,334.08015454968665,701.4815777528447,50.29155740052333,91.57085426013674,26.93377171454767
284,5,334.08015454968665,701.4815777528447,116.79193395044153,82.45028815069807,24.043745043184746
284,6,334.08015454968665,701.4815777528447,85.0813682650648,108.10658705190757,20.303077992875508
284,7,334.08015454968665,701.4815777528447,135.75673677638488,103.67886129954954,17.293958183759592
284,8,334.08015454968665,701.4815777528447,92.59788531223641,179.4665335867117,14.13091534201723
284,9,334.08015454968665,701.4815777528447,115.59038300411734,238.41006768581607,12.201570963577788
284,10,334.08015454968665,701.4815777528447,97.56173804899723,282.15015447977373,12.925723530623722
284,11,334.08015454968665,701.4815777528447,98.93208115695697,239.81107847203964,16.836800494323622
285,0,442.3539299673071,581.1236092573064,72.79102603204879,288.11189767074126,20.494582570666765
285,1,442.3539299673071,581.1236092573064,113.56278388336422,268.84743639113685,23.87587875337892
285,2,442.3539299673071,581.1236092573064,116.3948490751655,186.54006903246855,26.381496025745445
285,3,442.3539299673071,581.1236092573064,56.9689949149262,197.5487434822347,28.227655372513095
285,4,442.3539299673071,581.1236092573064,115.87304881866156,83.52194265920487,26.758542249128137
285,5,442.3539299673071,581.1236092573064,33.48489165636007,83.36236289609128,23.295703153994857
285,6,442.3539299673071,581.1236092573064,77.11973697385308,84.82983801991335,19.367670965525065
285,7,442.3539299673071,581.1236092573064,92.68234832230166,113.50175530662335,16.853629323901984
285,8,442.3539299673071,581.1236092573064,54.49873536451245,151.50704597855938,11.558379453053856
285,9,442.3539299673071,581.1236092573064,78.2665027778756,293.28106710829394,13.788894048579662
285,10,442.3539299673071,581.1236092573064,101.83869099121443,248.71651907075594,12.62775163858973
285,11,442.3539299673071,581.1236092573064,56.02298820328619,274.0259388003867,17.21460189657343
286,0,474.2731041177202,551.9164975080594,82.46735086761703,265.47302028876186,19.220513293728764
286,1,474.2731041177202,551.9164975080594,48.49551008419071,238.20794410334574,23.06914467502019
286,2,474.2731041177202,551.9164975080594,91.83880570207478,236.77786775642622,28.369591215597172
286,3,474.2731041177202,551.9164975080594,113.30414926627877,177.0299675969786,27.45830497952851
286,4,474.2731041177202,551.9164975080594,82.46605798763484,71.44863556967474,26.21384110776751
286,5,474.2731041177202,551.9164975080594,89.49541730904518,73.97828854255012,22.627272322452907
286,6,474.2731041177202,551.9164975080594,52.12071511186409,120.31798347903842,19.230508157856054
286,7,474.2731041177202,551.9164975080594,121.21892432787914,104.32877993752192,14.749441087426105
286,8,474.2731041177202,551.9164975080594,70.61406440604551,194.19649107191418,12.503261665398812
286,9,474.2731041177202,551.9164975080594,137.83066689441495,290.95157894028756,13.220366909713933
286,10,474.2731041177202,551.9164975080594,70.75242944980549,318.87388694575475,14.391373981068416
286,11,474.2731041177202,551.9164975080594,47.325537824091235,271.96590851063416,12.138555697804929
287,0,227.63690975145008,495.4209132684927,119.8755221561203,210.92624487980282,20.38913361025623
287,1,227.63690975145008,495.4209132684927,92.19467387678218,247.91644633780234,25.17345479109844
287,2,227.63690975145008,495.4209132684927,74.97744579482533,289.7514651160774,27.04459227453825
287,3,227.63690975145008,495.4209132684927,139.5324729764165,224.86975270065722,27.736006808809037
287,4,227.63690975145008,495.4209132684927,0.0,112.04802278904913,26.256853952164263
287,5,227.63690975145008,495.4209132684927,62.78984743894504,81.09233073824261,22.366568157319424
287,6,227.63690975145008,495.4209132684927,111.49325285277295,107.54757520036273,18.215931625583323
287,7,227.63690975145008,495.4209132684927,120.76545805544231,137.33722732922664,16.545316423921538
287,8,227.63690975145008,495.4209132684927,71.22396577477176,201.1821209916362,12.304464704040134
287,9,227.63690975145008,495.4209132684927,148.64442996500287,244.37555970113294,11.24499041103955
287,10,227.63690975145008,495.4209132684927,123.78909591205289,284.8138848497537,12.16139198217363
287,11,227.63690975145008,495.4209132684927,36.82863249730575,285.2657983995159,15.531119384320762
288,0,399.48253756771953,619.651837303379,76.84559463911623,306.16027891253003,19.201701173675534
288,1,399.48253756771953,619.651837303379,59.637812963565594,204.91456892640133,23.810457844359657
288,2,399.48253756771953,619.651837303379,20.10756193510649,236.62811880053786,27.70550057978705
288,3,399.48253756771953,619.651837303379,77.87711815575443,178.7286516249213,29.287735567951902
288,4,399.48253756771953,619.651837303379,84.89761303908148,116.08385400328257,27.391933251291324
288,5,399.48253756771953,619.651837303379,97.07509771740504,99.48460591969163,24.558543592740207
288,6,399.48253756771953,619.651837303379,92.3308340702341,97.57625600764932,20.334212836261923
288,7,399.48253756771953,619.651837303379,123.17223302951854,106.7691751675266,17.15180736840539
288,8,399.48253756771953,619.651837303379,139.5206872210387,235.5121650674539,14.796551121045932
288,9,399.48253756771953,619.651837303379,96.00905488832277,292.5381755571671,12.285155790018221
288,10,399.48253756771953,619.651837303379,99.17064365085437,315.6179656395575,12.112683055958353
288,11,399.48253756771953,619.651837303379,91.58263614888786,277.26548071654423,16.83190007938198
289,0,335.48218316326046,436.76071408740603,122.20337637630517,278.1314018856024,21.055182140346655
289,1,335.48218316326046,436.76071408740603,116.23646540869942,312.49741104682175,26.31733019080685
289,2,335.48218316326046,436.76071408740603,93.2532154054479,292.86369227934193,26.61692441598791
289,3,335.48218316326046,436.76071408740603,32.56616734866481,179.54079728775793,27.26710753253096
289,4,335.48218316326046,436.76071408740603,66.8457573864795,100.53626437743708,25.648937433904326
289,5,335.48218316326046,436.76071408740603,103.95326201509268,82.11424870160984,23.475503557680295
289,6,335.48218316326046,436.76071408740603,74.3327240454324,102.23250105711226,20.478280255731956
289,7,335.48218316326046,436.76071408740603,105.7952236361679,146.96337339704704,16.691158906315767
289,8,335.48218316326046,436.76071408740603,92.65959051880705,177.30930125382784,13.128465289689956
289,9,335.48218316326046,436.76071408740603,98.88139314762265,261.45208750030616,12.459656479691471
289,10,335.48218316326046,436.76071408740603,83.6220812716392,297.57956490525754,12.071586796345764
289,11,335.48218316326046,436.76071408740603,112.23995536660385,256.46889462462246,16.83168511723706
290,0,545.9101908278162,569.4160570919705,149.3461647725661,248.84253958934218,19.273674412951145
290,1,545.9101908278162,569.4160570919705,100.44917724172636,206.53297074356507,24.238520216727597
290,2,545.9101908278162,569.4160570919705,83.65640648527392,300.8390042428067,27.71693379285492
290,3,545.9101908278162,569.4160570919705,138.14959629592303,185.64416527463945,28.036034762430152
290,4,545.9101908278162,569.4160570919705,58.02157420767227,103.3541491738099,26.668649777373677
290,5,545.9101908278162,569.4160570919705,84.00142497706419,83.45665775706128,25.06225213801381
290,6,545.9101908278162,569.4160570919705,66.11559446590375,88.10535140215147,20.16339106466845
290,7,545.9101908278162,569.4160570919705,85.51180206661695,129.2763251937627,16.285314037674897
290,8,545.9101908278162,569.4160570919705,120.19695150454953,193.13021484768322,13.516132094164252
290,9,545.9101908278162,569.4160570919705,53.92644964670992,311.16066290014294,13.966155013906786
290,10,545.9101908278162,569.4160570919705,80.6527210145893,282.7586110379881,12.905917123706613
290,11,545.9101908278162,569.4160570919705,106.67402002890535,262.7477495437902,16.256809450786637
291,0,372.21704909355475,609.5185879597715,123.1036580747884,232.99470671508442,21.760010808851156
291,1,372.21704909355475,609.5185879597715,99.86460345385795,303.5601573057287,23.610546912986056
291,2,372.21704909355475,609.5185879597715,128.1687970709493,257.0898575541106,26.737157070202763
291,3,372.21704909355475,609.5185879597715,111.38222249474073,192.90514404267654,27.14402340297205
291,4,372.21704909355475,609.5185879597715,94.48797716797142,107.11702485723302,26.0668977409129
291,5,372.21704909355475,609.5185879597715,106.09603354783295,68.26916214167778,24.041963336157735
291,6,372.21704909355475,609.5185879597715,96.9903487673788,69.05513227292093,22.114000532917355
291,7,372.21704909355475,609.5185879597715,107.72634932936506,132.270712764782,17.633103878083514
291,8,372.21704909355475,609.5185879597715,93.6342419551346,149.559546649538,14.125198742984916
291,9,372.21704909355475,609.5185879597715,78.10256030969907,276.9709111186921,11.28923188893214
291,10,372.21704909355475,609.5185879597715,60.18120376613808,263.9807124878981,13.34598832510551
291,11,372.21704909355475,609.5185879597715,74.6386823361862,241.6975061714481,15.608490554476925
292,0,538.2166925214282,511.8361856986765,62.859666362260384,237.05302571698294,20.360478797048476
292,1,538.2166925214282,511.8361856986765,80.30885870810461,258.3621829784578,23.281951111813527
292,2,538.2166925214282,511.8361856986765,84.54577164642303,225.0371342222732,26.972543089134966
292,3,538.2166925214282,511.8361856986765,48.35519156601619,155.8756245423251,28.591635619185542
292,4,538.2166925214282,511.8361856986765,167.80586092183356,120.95479246348641,25.586631713315178
292,5,538.2166925214282,511.8361856986765,82.49545632146038,91.2166573503981,23.82959821329502
292,6,538.2166925214282,511.8361856986765,156.09461481146468,112.7483525946539,19.437635296580346
292,7,538.2166925214282,511.8361856986765,74.75746294948186,99.47780765232473,15.88760172393383
292,8,538.2166925214282,511.8361856986765,49.019514463689546,198.49464587819466,13.004910172866742
292,9,538.2166925214282,511.8361856986765,97.53499711448845,282.53689348770706,9.780228638767735
292,10,538.2166925214282,511.8361856986765,111.17568608964953,246.3041567772013,13.014418241048135
292,11,538.2166925214282,511.8361856986765,35.20298198795167,243.2430527953701,16.589577637054166
293,0,303.9897305670823,457.5823644080524,56.16156353244534,312.1011367318206,18.924599935723805
293,1,303.9897305670823,457.5823644080524,18.25756583924715,273.2310068757057,21.63764931295841
293,2,303.9897305670823,457.5823644080524,105.25681744049427,282.1909669442807,27.587536226147044
293,3,303.9897305670823,457.5823644080524,106.64413969188428,162.01339461440926,27.81053489870163
293,4,303.9897305670823,457.5823644080524,88.88671391423193,98.18455996582662,26.301386126227484
293,5,303.9897305670823,457.5823644080524,88.28851860648874,96.0043273904364,22.916288607744455
293,6,303.9897305670823,457.5823644080524,71.09563579541023,107.99033673274492,20.41659528018016
293,7,303.9897305670823,457.5823644080524,130.639750039255,157.4514548994638,15.776909963554665
293,8,303.9897305670823,457.5823644080524,109.68375640134292,255.14466891275745,12.905841539508684
293,9,303.9897305670823,457.5823644080524,105.49165592214247,227.65502337674798,12.469838197366162
293,10,303.9897305670823,457.5823644080524,96.37824349407818,230.19623909226067,13.204505753345217
293,11,303.9897305670823,457.5823644080524,93.08705990752819,227.94164523916277,16.72026209144885
294,0,400.75423066834526,686.7362389865004,80.06932773512484,268.3592070746156,20.123701287333372
294,1,400.75423066834526,686.7362389865004,123.54320689473255,289.18586314937767,20.17497567241918
294,2,400.75423066834526,686.7362389865004,71.62647776380906,216.5336715554449,27.963870499474332
294,3,400.75423066834526,686.7362389865004,114.43149875908122,193.20676720340384,27.477475690669813
294,4,400.75423066834526,686.7362389865004,98.40667246875805,101.82388731494558,25.488964691244377
294,5,400.75423066834526,686.7362389865004,66.75480109468674,92.62085358935427,23.57245251707808
294,6,400.75423066834526,686.7362389865004,70.15381472010839,107.67134309409767,20.614680517613664
294,7,400.75423066834526,686.7362389865004,57.20821296338899,144.60365729269748,16.46464592609479
294,8,400.75423066834526,686.7362389865004,130.40292294754283,218.52279287310523,12.678244167086719
294,9,400.75423066834526,686.7362389865004,37.16074652538532,288.0851148614348,11.32613942632995
294,10,400.75423066834526,686.7362389865004,138.99034504189018,322.2185482020675,14.620816244145498
294,11,400.75423066834526,686.7362389865004,57.3360186727907,239.5362179582808,15.718981585288692
295,0,374.97780454632783,574.9919403178233,69.0146300385928,197.19902010700417,19.979577249938174
295,1,374.97780454632783,574.9919403178233,80.91108011176932,303.06559677820604,22.8471946269464
295,2,374.97780454632783,574.9919403178233,86.72181595875239,266.8539784342812,23.97838453816742
295,3,374.97780454632783,574.9919403178233,65.33298034567365,158.79714968488457,27.78842433616678
295,4,374.97780454632783,574.9919403178233,57.73149080089308,80.66895961342453,25.626932295849443
295,5,374.97780454632783,574.9919403178233,52.632197775471425,67.24586798632532,24.733299795374155
295,6,374.97780454632783,574.9919403178233,93.24920055947042,112.88177063777583,19.212058721340394
295,7,374.97780454632783,574.9919403178233,125.40726291836641,107.30014815535863,14.088085050115511
295,8,374.97780454632783,574.9919403178233,95.55392807561476,217.5463692932106,13.111974189358731
295,9,374.97780454632783,574.9919403178233,93.4547914446775,262.3073886995375,13.547991358338766
295,10,374.97780454632783,574.9919403178233,124.01054619344248,300.1915170828183,14.51991292154714
295,11,374.97780454632783,574.9919403178233,84.21219458660563,228.03596632890557,14.65835969769724
296,0,301.22692294851726,412.9949897992785,96.71093008569555,257.13732069852415,19.51249320311895
296,1,301.22692294851726,412.9949897992785,42.13930537539075,248.80791885100965,24.71144260119524
296,2,301.22692294851726,412.9949897992785,112.14633812126928,254.83246120608456,24.978760634858247
296,3,301.22692294851726,412.9949897992785,166.43949780391495,190.57852065820316,27.376466840371556
296,4,301.22692294851726,412.9949897992785,35.50314591359301,75.88933096164251,26.96602656241265
296,5,301.22692294851726,412.9949897992785,60.34237087257239,90.64455636925828,24.91422460987464
296,6,301.22692294851726,412.9949897992785,83.86535960145282,128.32456619428694,20.180148252478286
296,7,301.22692294851726,412.9949897992785,43.53769856369422,117.26832608797203,15.94223756680898
296,8,301.22692294851726,412.9949897992785,126.68181124575806,159.94989772940997,11.879694750365477
296,9,301.22692294851726,412.9949897992785,64.57666463972095,203.53685676550344,11.358188665768603
296,10,301.22692294851726,412.9949897992785,116.27931180923008,286.71251705264166,13.597018441725366
296,11,301.22692294851726,412.9949897992785,73.4363158383414,318.3586914106017,18.52918212959221
297,0,562.2183550736245,568.7031464129316,68.37064635613145,233.06560772078322,20.97412703775787
297,1,562.2183550736245,568.7031464129316,77.36921468980327,256.95796259135426,24.382581187638767
297,2,562.2183550736245,568.7031464129316,39.039755295631316,338.8350570439619,26.828607442879765
297,3,562.2183550736245,568.7031464129316,107.53154586321821,169.86684361545963,28.912290328484254
297,4,562.2183550736245,568.7031464129316,94.01981133321976,96.70394146387916,26.94227173193944
297,5,562.2183550736245,568.7031464129316,78.25451524856284,82.29274542451336,24.149614502201377
297,6,562.2183550736245,568.7031464129316,84.20389593619824,81.27066611579662,18.984603849067074
297,7,562.2183550736245,568.7031464129316,84.2282326340789,132.85800427000115,17.90367259462283
297,8,562.2183550736245,568.7031464129316,83.4240738198024,233.26024392778336,13.303938131094132
297,9,562.2183550736245,568.7031464129316,128.50605135014064,218.93324114593486,11.546052136636893
297,10,562.2183550736245,568.7031464129316,112.10784501569219,336.51828987854634,12.513139186132255
297,11,562.2183550736245,568.7031464129316,134.5786954930275,272.7394434417268,16.52296857190281
298,0,484.7863515107163,635.2378950331968,60.321990745612624,272.10605541354727,20.246985714432867
298,1,484.7863515107163,635.2378950331968,113.30802338521215,242.1037982209699,23.5638759639542
298,2,484.7863515107163,635.2378950331968,84.94394279402678,331.5684258974062,25.765438660580067
298,3,484.7863515107163,635.2378950331968,67.84340166888487,163.76122473344205,28.35193570838206
298,4,484.7863515107163,635.2378950331968,56.71948390666031,124.53124138924498,27.850920680138742
298,5,484.7863515107163,635.2378950331968,98.0060384911596,68.30695659627042,25.117862991503706
298,6,484.7863515107163,635.2378950331968,95.07496054612368,124.51308498627239,20.907445822642174
298,7,484.7863515107163,635.2378950331968,117.842482153706,134.84110769981382,16.05849101757729
298,8,484.7863515107163,635.2378950331968,108.20746265861143,203.94757136182093,10.355189212537812
298,9,484.7863515107163,635.2378950331968,90.90253684589538,300.56967857497,11.823620839215067
298,10,484.7863515107163,635.2378950331968,125.11838801382733,282.4724743137468,13.841185162416329
298,11,484.7863515107163,635.2378950331968,180.83913942739923,329.84831553226786,15.556872837429404
299,0,271.94907841828507,523.3435000705289,144.11354392337137,199.57399967042628,18.988437137389848
299,1,271.94907841828507,523.3435000705289,77.0113720014509,257.36767682742226,23.249236147960954
299,2,271.94907841828507,523.3435000705289,105.73821540591467,359.90211883787737,26.626369550699525
299,3,271.94907841828507,523.3435000705289,103.90761739651597,209.03587475287122,26.750779045839142
299,4,271.94907841828507,523.3435000705289,0.0,63.73652865791372,27.409628797371454
299,5,271.94907841828507,523.3435000705289,96.90700053723185,72.33432441214245,24.021191001532134
299,6,271.94907841828507,523.3435000705289,87.61251681389999,93.93429809971957,20.137486668596743
299,7,271.94907841828507,523.3435000705289,102.03612061357202,112.63809486705128,15.267281004463001
299,8,271.94907841828507,523.3435000705289,76.64242121454512,208.93765343151193,12.845111370959284
299,9,271.94907841828507,523.3435000705289,74.84678100040598,251.50757932141954,11.489438132475412
299,10,271.94907841828507,523.3435000705289,52.111649529530155,271.4323740673145,13.452106303785692
299,11,271.94907841828507,523.3435000705289,44.36621030102594,228.6045776096759,15.280042083824245
300,0,279.83464823282884,644.4552058251685,102.53501217987291,281.44463729382494,19.868039159079128
300,1,279.83464823282884,644.4552058251685,87.9761993682671,274.00678776062307,24.055787697806135
300,2,279.83464823282884,644.4552058251685,105.09888690801444,251.36523540450943,26.933153933815646
300,3,279.83464823282884,644.4552058251685,90.83852486069094,185.01944882579156,28.760470281191274
300,4,279.83464823282884,644.4552058251685,49.781007201158445,103.00966866804883,27.306927272314443
300,5,279.83464823282884,644.4552058251685,105.98603187044564,95.90381237959221,23.560152218871767
300,6,279.83464823282884,644.4552058251685,96.76012352416627,131.93659088412997,20.013112363376607
300,7,279.83464823282884,644.4552058251685,100.73769571259056,120.89655821851376,16.369340671787395
300,8,279.83464823282884,644.4552058251685,105.98770007382669,244.88647566153975,13.887576185882644
300,9,279.83464823282884,644.4552058251685,103.21239068011856,283.453991250261,11.653475067996226
300,10,279.83464823282884,644.4552058251685,136.88341931546177,269.5052703071389,12.885538609208387
300,11,279.83464823282884,644.4552058251685,52.80825877673428,234.70267513613496,15.199924300455034
301,0,609.9045473815381,618.3720073114367,97.7844728986578,220.13474456510278,20.479700080378944
301,1,609.9045473815381,618.3720073114367,56.59854785177722,281.0355680960158,24.20583754297972
301,2,609.9045473815381,618.3720073114367,102.8455485718784,245.48369479066784,27.96630694407621
301,3,609.9045473815381,618.3720073114367,48.3994059312385,168.4102801432631,27.40547085570613
301,4,609.9045473815381,618.3720073114367,86.17763503154318,107.53750727382838,26.48345608464323
301,5,609.9045473815381,618.3720073114367,43.430199949949326,59.74551500876481,24.11107435239003
301,6,609.9045473815381,618.3720073114367,112.45145740455469,112.10666443643953,19.812045038778162
301,7,609.9045473815381,618.3720073114367,64.68453173569905,144.5826452943761,16.115007680382387
301,8,609.9045473815381,618.3720073114367,98.13910750194941,172.71897043705843,12.593576698697426
301,9,609.9045473815381,618.3720073114367,87.84385504754535,250.96507501950956,11.937217152381873
301,10,609.9045473815381,618.3720073114367,22.681765996553978,269.4147751645864,13.840627739772943
301,11,609.9045473815381,618.3720073114367,103.82381994112933,261.3518092228357,15.967269556112699
302,0,394.0516027801665,638.3618204078497,104.43840732391052,214.36507302343404,21.22678856377489
302,1,394.0516027801665,638.3618204078497,53.9570813526568,253.2601281627819,23.579384568449164
302,2,394.0516027801665,638.3618204078497,48.620583820500855,240.0303496071493,24.979329198898963
302,3,394.0516027801665,638.3618204078497,44.080784122879,211.22376599065618,28.710536897746692
302,4,394.0516027801665,638.3618204078497,57.54522803641707,99.26172181811998,26.22971807370067
302,5,394.0516027801665,638.3618204078497,70.19279518078089,75.47747256107897,24.00615763024154
302,6,394.0516027801665,638.3618204078497,48.71983730745312,97.5011885547527,19.925169018215314
302,7,394.0516027801665,638.3618204078497,120.92315951864775,147.96751291319927,15.961980691960791
302,8,394.0516027801665,638.3618204078497,85.41272350523192,162.89378492567025,12.226136853606524
302,9,394.0516027801665,638.3618204078497,58.355392588628646,216.48144721332585,10.814275817548413
302,10,394.0516027801665,638.3618204078497,28.133314124508615,274.139026795119,12.379635259167578
302,11,394.0516027801665,638.3618204078497,84.48313993455473,292.029571884481,16.261587435548588
303,0,334.1384152797777,553.314134841271,81.84504424672389,249.3829354860242,18.892089259505468
303,1,334.1384152797777,553.314134841271,114.43230742903818,242.83670950612498,22.8258624776852
303,2,334.1384152797777,553.314134841271,46.356521203523705,204.6043603412865,26.298472945777878
303,3,334.1384152797777,553.314134841271,72.02994331185114,90.73544517431715,28.104760080142608
303,4,334.1384152797777,553.314134841271,138.1055350259353,95.74043514336452,25.837230101667227
303,5,334.1384152797777,553.314134841271,73.77890407514164,101.4430182147472,22.749934681631434
303,6,334.1384152797777,553.314134841271,81.00764447168295,107.58809330524714,19.147384716933217
303,7,334.1384152797777,553.314134841271,118.58614765595419,128.56212124179967,15.601514007384958
303,8,334.1384152797777,553.314134841271,101.85322733421462,227.15235088750876,12.794676290478941
303,9,334.1384152797777,553.314134841271,59.222297788460104,213.07980275425598,12.55375447200186
303,10,334.1384152797777,553.314134841271,99.07365445761516,278.1551232809158,12.004671799468131
303,11,334.1384152797777,553.314134841271,44.310070818296836,283.3447184919715,16.68727930854255
304,0,454.60837635727967,534.8776670079695,55.08530002753798,255.10461007630227,19.348413805134744
304,1,454.60837635727967,534.8776670079695,78.11994027507832,194.00563150111194,24.916630290286665
304,2,454.60837635727967,534.8776670079695,115.10323403295642,292.98227764204796,27.63108870119845
304,3,454.60837635727967,534.8776670079695,86.37921145873193,156.2040593267942,27.08125245794293
304,4,454.60837635727967,534.8776670079695,105.5468980114521,118.9719207293906,26.798279866595745
304,5,454.60837635727967,534.8776670079695,92.89062277090729,78.87677580414824,22.914470423734638
304,6,454.60837635727967,534.8776670079695,88.86057030205629,104.02682470724736,20.161931501474847
304,7,454.60837635727967,534.8776670079695,95.91519249683918,126.4175171474167,16.165370984580065
304,8,454.60837635727967,534.8776670079695,89.69402572751525,197.11499570512152,14.632895712709315
304,9,454.60837635727967,534.8776670079695,117.81726616561053,289.8240496086687,10.50608243592994
304,10,454.60837635727967,534.8776670079695,93.27861371966043,304.7265960687803,13.218119685082245
304,11,454.60837635727967,534.8776670079695,116.31510186394559,290.77424449892675,16.61821824888076
305,0,490.1537773751332,717.0518717612636,93.9116469416681,196.1018512553976,19.10510772472444
305,1,490.1537773751332,717.0518717612636,24.32329066710483,309.60371152913876,23.63939993763002
305,2,490.1537773751332,717.0518717612636,79.00186388588239,233.9792208759583,26.566021041316688
305,3,490.1537773751332,717.0518717612636,99.21811012881017,181.72196146339527,27.601225938029025
305,4,490.1537773751332,717.0518717612636,89.19159560193305,88.15780569388413,25.689851000051444
305,5,490.1537773751332,717.0518717612636,99.13696522777047,88.07560528910192,23.436642373238865
305,6,490.1537773751332,717.0518717612636,80.50427841528652,92.72691985145083,18.69294642308396
305,7,490.1537773751332,717.0518717612636,54.567613157323265,123.95997680100291,16.797497998466078
305,8,490.1537773751332,717.0518717612636,139.88466470750265,173.58429320090985,13.2188847353684
305,9,490.1537773751332,717.0518717612636,54.02573673794023,269.620571607501,12.524916947445845
305,10,490.1537773751332,717.0518717612636,129.6810406975768,317.08922493548073,13.059340025713588
305,11,490.1537773751332,717.0518717612636,91.82079864663324,248.38778440097227,17.57239719660589
306,0,382.742401073351,626.847772845263,42.99238701634567,208.31364922571305,20.002159340390563
306,1,382.742401073351,626.847772845263,112.3482131314936,335.97805511926094,23.7525151568322
306,2,382.742401073351,626.847772845263,38.63330947116091,255.8415364313951,26.151668215248023
306,3,382.742401073351,626.847772845263,87.28645582221785,171.36092330077338,30.238737844956095
306,4,382.742401073351,626.847772845263,68.02263551073537,74.96834231019055,24.628208777734283
306,5,382.742401073351,626.847772845263,40.158483198434254,88.87967613380877,24.144005671822093
306,6,382.742401073351,626.847772845263,88.9123535713854,102.32713376831519,19.766068307696194
306,7,382.742401073351,626.847772845263,55.74120566847847,135.1448424240604,15.318860938516815
306,8,382.742401073351,626.847772845263,112.76883913426194,187.62161277863927,13.896734173889339
306,9,382.742401073351,626.847772845263,62.5131501101989,237.39306560519324,11.955061544340877
306,10,382.742401073351,626.847772845263,20.565604293114518,298.763300071496,13.110009388967288
306,11,382.742401073351,626.847772845263,126.08595928692769,284.41563254417053,16.48468124480887
307,0,535.5735531735793,647.1541189802083,56.95798778634756,281.2896960119754,20.832778031000252
307,1,535.5735531735793,647.1541189802083,113.8716902438481,268.30315393459546,23.67656611441198
307,2,535.5735531735793,647.1541189802083,30.694189001596698,277.7704126247365,28.137198027451966
307,3,535.5735531735793,647.1541189802083,88.9771336429822,141.64279566089567,27.524637509895005
307,4,535.5735531735793,647.1541189802083,134.77611069243807,107.06292936826674,27.389033789053894
307,5,535.5735531735793,647.1541189802083,103.31415101298967,120.06877251973127,24.23426537910841
307,6,535.5735531735793,647.1541189802083,61.57408173811964,106.43450863412274,20.72789450341074
307,7,535.5735531735793,647.1541189802083,22.288418656353173,111.18889310634705,15.16164044456901
307,8,535.5735531735793,647.1541189802083,78.48833470027417,219.74618987299976,13.367754281049928
307,9,535.5735531735793,647.1541189802083,68.21571891528075,272.52877450233314,12.792220314508798
307,10,535.5735531735793,647.1541189802083,106.14538665583258,282.0402867500772,12.331778865729651
307,11,535.5735531735793,647.1541189802083,92.59427505201158,313.5446544874338,16.800999202860993
308,0,322.4607197559053,669.885593961173,70.06903384156448,229.3399171648271,20.64638679113135
308,1,322.4607197559053,669.885593961173,109.82285585066248,274.8843842266849,24.783501292601695
308,2,322.4607197559053,669.885593961173,83.1233805238117,246.19964601329445,27.216166760556405
308,3,322.4607197559053,669.885593961173,151.12786983165256,151.50063343605376,29.13419585569004
308,4,322.4607197559053,669.885593961173,68.73352011677272,113.45219452573036,26.37348072316735
308,5,322.4607197559053,669.885593961173,90.83480848688897,76.06536895134451,24.086601959015162
308,6,322.4607197559053,669.885593961173,32.53430397387181,96.21524863673027,22.719764007566607
308,7,322.4607197559053,669.885593961173,104.94200575563966,123.743850118933,16.380572744731428
308,8,322.4607197559053,669.885593961173,85.66564166232416,206.66049869404216,13.224700194815028
308,9,322.4607197559053,669.885593961173,107.04001370701461,273.523223714612,10.925029851150097
308,10,322.4607197559053,669.885593961173,54.907437771685686,185.84881277123958,11.965948420085816
308,11,322.4607197559053,669.885593961173,68.11685236751744,246.07074597550488,15.525898508835196
309,0,423.4973003218653,640.14045669527,66.79125897941273,238.98226492018833,18.84182425795018
309,1,423.4973003218653,640.14045669527,68.46651505261761,299.2180633623446,24.811102220615542
309,2,423.4973003218653,640.14045669527,46.57799111795692,322.2778958174916,26.645567902078668
309,3,423.4973003218653,640.14045669527,106.8223141230132,162.87501725035048,27.379202464113852
309,4,423.4973003218653,640.14045669527,58.088254080102445,78.90442415241452,28.47980289016158
309,5,423.4973003218653,640.14045669527,84.65553198965924,79.34640286793697,23.712272561521303
309,6,423.4973003218653,640.14045669527,143.39613073926543,116.7367271799993,20.2200470019896
309,7,423.4973003218653,640.14045669527,103.78710829946712,98.36133487389814,16.1019814417594
309,8,423.4973003218653,640.14045669527,92.23823732121818,178.26202791453778,11.733741386504256
309,9,423.4973003218653,640.14045669527,72.62269738700017,240.85356613596508,12.789226682282086
309,10,423.4973003218653,640.14045669527,119.144406850162,248.99772706806374,13.88536003262724
309,11,423.4973003218653,640.14045669527,79.52747868125084,307.44567541987874,15.543703405448493
310,0,268.5308274719627,643.1317895403677,183.39577099860176,323.4893255130661,19.345922050089833
310,1,268.5308274719627,643.1317895403677,115.33118437012949,377.7482541639644,23.486661086668768
310,2,268.5308274719627,643.1317895403677,79.321301985349,317.3822203514495,27.990582777579053
310,3,268.5308274719627,643.1317895403677,121.47800532543158,144.4540590989493,27.834502475174276
310,4,268.5308274719627,643.1317895403677,123.40391851558769,102.01030781155933,27.289161140636374
310,5,268.5308274719627,643.1317895403677,63.15412991788878,80.90200470004909,23.87822537386761
310,6,268.5308274719627,643.1317895403677,130.0436743419943,89.07937413496815,21.598795170314883
310,7,268.5308274719627,643.1317895403677,81.65147235283148,111.5952244872338,16.596659250096273
310,8,268.5308274719627,643.1317895403677,89.18100264102978,196.30517338793288,13.18314759763889
310,9,268.5308274719627,643.1317895403677,129.4012598063493,257.0575521459981,12.026769435941977
310,10,268.5308274719627,643.1317895403677,33.333234910369285,214.5456537632935,11.923944628241332
310,11,268.5308274719627,643.1317895403677,140.37702369600302,302.4409133624936,15.282785346153815
311,0,284.1174464111204,636.3608880535566,82.00412227054338,325.00332123806277,20.78566714835472
311,1,284.1174464111204,636.3608880535566,57.48843469968655,301.44854528049416,25.755661065039426
311,2,284.1174464111204,636.3608880535566,91.0226462600735,232.0225274642878,27.69576750865769
311,3,284.1174464111204,636.3608880535566,149.08746590656156,143.95920358826103,27.629616399273463
311,4,284.1174464111204,636.3608880535566,103.21240091588153,110.59670169924696,26.307750954036084
311,5,284.1174464111204,636.3608880535566,98.54536516979732,97.55228250229194,22.409524547360657
311,6,284.1174464111204,636.3608880535566,119.43069883999559,102.78190211837219,20.552128412690486
311,7,284.1174464111204,636.3608880535566,79.82874636616775,93.17952391843104,16.334953762050166
311,8,284.1174464111204,636.3608880535566,79.4818979796816,150.7675714178257,12.69307952748759
311,9,284.1174464111204,636.3608880535566,81.60105804733978,262.23732382771357,11.148389449785162
311,10,284.1174464111204,636.3608880535566,54.659671622636765,335.124468369066,12.359297476938364
311,11,284.1174464111204,636.3608880535566,126.29420991318744,292.75702323346303,15.079427886974626
312,0,360.193409313454,604.7610688763797,80.70634235566193,241.41859737039,19.534565188870687
312,1,360.193409313454,604.7610688763797,99.08723056169505,295.75756944462245,24.478300233339546
312,2,360.193409313454,604.7610688763797,95.78428112563311,233.4158152079772,26.237947318039673
312,3,360.193409313454,604.7610688763797,89.25429342240905,170.48976041045907,27.664144760825625
312,4,360.193409313454,604.7610688763797,37.71686905061203,105.81424654724421,26.63631868397515
312,5,360.193409313454,604.7610688763797,91.64523533939872,82.674429633946,24.483162701513912
312,6,360.193409313454,604.7610688763797,94.88901242623436,84.02732368123387,21.095869578673728
312,7,360.193409313454,604.7610688763797,85.91850861274752,117.26535760613027,13.135201008106506
312,8,360.193409313454,604.7610688763797,45.049171940470245,225.5271775228219,13.250947534521083
312,9,360.193409313454,604.7610688763797,104.10600389603604,218.23873211399564,12.445998707399799
312,10,360.193409313454,604.7610688763797,33.62869834409433,315.99555867772216,14.12849705731593
312,11,360.193409313454,604.7610688763797,108.20256671123151,192.87299276266359,16.450984832400064
313,0,496.1532843619834,529.4668393043617,82.39221205190464,238.09089590573916,20.27056479588881
313,1,496.1532843619834,529.4668393043617,104.29269334486652,263.439514510653,22.780410309781956
313,2,496.1532843619834,529.4668393043617,77.2215550541498,204.1208406972161,26.800290792651243
313,3,496.1532843619834,529.4668393043617,169.33654268657276,192.86202899364392,26.435439506725253
313,4,496.1532843619834,529.4668393043617,106.16433281402087,70.69562588905276,28.155377550486058
313,5,496.1532843619834,529.4668393043617,70.3223724838362,91.29116446735105,23.52610644675508
313,6,496.1532843619834,529.4668393043617,103.79284453488322,111.65157678022595,18.732893082609564
313,7,496.1532843619834,529.4668393043617,51.03585174733221,105.18150028420737,16.398777052568015
313,8,496.1532843619834,529.4668393043617,52.74924452628433,234.92186173449045,11.97020851642763
313,9,496.1532843619834,529.4668393043617,137.77128556232057,273.0168166969199,11.930863555996623
313,10,496.1532843619834,529.4668393043617,64.52286095675454,260.81437619807787,13.077571275345168
313,11,496.1532843619834,529.4668393043617,71.70871504297537,344.53969856590874,17.5243638212804
314,0,356.67523014994896,691.2470698365813,132.03164175762464,226.3929377302907,21.830228238841983
314,1,356.67523014994896,691.2470698365813,78.07524663931602,288.36083589512674,23.274374394066783
314,2,356.67523014994896,691.2470698365813,75.56056612508658,199.22348879684938,28.987816640535147
314,3,356.67523014994896,691.2470698365813,90.79879549527836,173.46549366682098,27.244682710196546
314,4,356.67523014994896,691.2470698365813,81.04546021366339,100.20623836260405,26.37171823669283
314,5,356.67523014994896,691.2470698365813,72.34762211482546,89.31698926379862,24.070478115156973
314,6,356.67523014994896,691.2470698365813,94.27076708189152,108.12317485236143,20.808245601221174
314,7,356.67523014994896,691.2470698365813,77.38481603399764,138.60523533817934,16.655470594087625
314,8,356.67523014994896,691.2470698365813,81.4482302070142,200.02300133212282,12.8933820924926
314,9,356.67523014994896,691.2470698365813,74.1695391321481,129.21355982581593,10.9176136979859
314,10,356.67523014994896,691.2470698365813,122.83074371393818,315.9441624059594,14.603648072121658
314,11,356.67523014994896,691.2470698365813,40.56188382818887,284.7071610876933,16.219450055691134
315,0,387.468279718645,631.8984615385365,87.24632121950673,258.93659371474763,20.320312323733233
315,1,387.468279718645,631.8984615385365,106.70028606228902,214.58281902763832,22.09328337384921
315,2,387.468279718645,631.8984615385365,46.30445829999127,253.89439789369015,26.908693791916697
315,3,387.468279718645,631.8984615385365,89.14907304851702,175.82982553586604,29.135087693654498
315,4,387.468279718645,631.8984615385365,87.20131189858563,120.20763669330623,26.17445672362822
315,5,387.468279718645,631.8984615385365,24.558726000597318,103.44244821553401,23.79696765733365
315,6,387.468279718645,631.8984615385365,121.23478556409121,107.5197341296767,20.08154754711489
315,7,387.468279718645,631.8984615385365,69.2451825544246,139.10386729732866,16.04437940107709
315,8,387.468279718645,631.8984615385365,73.94038045357225,195.06726396032929,11.961270513673174
315,9,387.468279718645,631.8984615385365,81.73456038642182,270.6160335025645,10.823269972745262
315,10,387.468279718645,631.8984615385365,91.53989778536032,396.4772315677843,11.764059438321667
315,11,387.468279718645,631.8984615385365,121.08079196006045,191.92298246658288,16.918454563987435
316,0,461.4572830677492,562.9004367853383,81.8432310499572,308.8791548868959,19.429343934734373
316,1,461.4572830677492,562.9004367853383,113.22716178060358,315.5989098370177,24.824299435276075
316,2,461.4572830677492,562.9004367853383,75.33069134241012,309.1219464664893,28.470006615303394
316,3,461.4572830677492,562.9004367853383,61.65802581938635,172.31678704267537,28.214225857885374
316,4,461.4572830677492,562.9004367853383,108.92077545453766,111.08517333698093,25.890208194169837
316,5,461.4572830677492,562.9004367853383,147.13972288354984,92.99134978038286,22.46110477992203
316,6,461.4572830677492,562.9004367853383,60.29196973348882,74.73639526242225,19.659431979581296
316,7,461.4572830677492,562.9004367853383,97.02645812060842,136.87922766262994,16.74978504712688
316,8,461.4572830677492,562.9004367853383,136.8470974552508,257.0448418325026,11.876202417869
316,9,461.4572830677492,562.9004367853383,143.3139390344359,243.38736584087366,11.866486176902802
316,10,461.4572830677492,562.9004367853383,104.33303154570834,295.951721760502,13.180609492942025
316,11,461.4572830677492,562.9004367853383,53.65573400908066,290.9607658306018,15.774234882764185
317,0,317.6887978561756,699.4627455978757,77.42188883497771,277.6849578670019,20.176491427151902
317,1,317.6887978561756,699.4627455978757,68.90276444268524,219.34242626144072,23.324351800818167
317,2,317.6887978561756,699.4627455978757,74.09624102776814,284.70119560217586,27.63041398369102
317,3,317.6887978561756,699.4627455978757,35.923611855941424,161.8745523407149,28.75195080049897
317,4,317.6887978561756,699.4627455978757,85.73042661025768,116.51147704162375,27.37629424030803
317,5,317.6887978561756,699.4627455978757,64.31081753610125,78.40091184485523,23.749802351902282
317,6,317.6887978561756,699.4627455978757,33.02264080453075,108.47419407125483,18.92219976680679
317,7,317.6887978561756,699.4627455978757,73.67465320229347,133.9769704569995,14.492312967975487
317,8,317.6887978561756,699.4627455978757,44.57181702102762,249.77345830276522,11.796217618766171
317,9,317.6887978561756,699.4627455978757,59.554056978615215,252.06310982546842,11.61417689042166
317,10,317.6887978561756,699.4627455978757,131.75493069107426,226.3501297445375,13.68690316478437
317,11,317.6887978561756,699.4627455978757,66.72546996339986,235.65517393184174,17.740949613239064
318,0,198.1576921905639,822.1062587754657,94.30617436410598,298.642458899016,20.192726337481304
318,1,198.1576921905639,822.1062587754657,106.44830980102921,239.1045650251924,22.147641720721566
318,2,198.1576921905639,822.1062587754657,56.78201585115418,300.09333349700347,26.872826126820573
318,3,198.1576921905639,822.1062587754657,87.69200247576578,155.0174130594953,27.336224712273488
318,4,198.1576921905639,822.1062587754657,54.10957696604443,84.99224909360235,26.471302942661538
318,5,198.1576921905639,822.1062587754657,92.80850093340396,101.53651041361664,23.819079695192954
318,6,198.1576921905639,822.1062587754657,96.56516089303544,102.42010939064978,19.199882281638235
318,7,198.1576921905639,822.1062587754657,136.18962126343007,124.3013402137599,15.802572339823458
318,8,198.1576921905639,822.1062587754657,120.05543671157912,201.8440983152825,11.682859142522766
318,9,198.1576921905639,822.1062587754657,138.4856206159244,252.82572879111575,10.983810767800858
318,10,198.1576921905639,822.1062587754657,90.90591455684715,307.54838926315466,12.00925414398185
318,11,198.1576921905639,822.1062587754657,81.41031265091932,296.8158165928094,16.904587397497146
319,0,377.06318310515564,491.04980896713846,68.09594839801318,247.0349120214358,20.375995613029772
319,1,377.06318310515564,491.04980896713846,46.39992590833941,264.5279684064521,23.797261860300747
319,2,377.06318310515564,491.04980896713846,68.69736875990401,298.5968342827241,28.253894352017547
319,3,377.06318310515564,491.04980896713846,81.61579899036292,190.38373521430591,27.598088943267708
319,4,377.06318310515564,491.04980896713846,79.77569025000491,80.21353368966291,26.420747521095496
319,5,377.06318310515564,491.04980896713846,84.4342263133645,104.32454546165717,23.192088359508478
319,6,377.06318310515564,491.04980896713846,80.57538973253362,110.76002126468477,21.295973050546692
319,7,377.06318310515564,491.04980896713846,136.3211942496347,119.31099981110003,17.325822485285332
319,8,377.06318310515564,491.04980896713846,106.25758068333812,189.83964936536702,12.443182799295617
319,9,377.06318310515564,491.04980896713846,115.67810045174373,307.99929182048174,12.130277467539253
319,10,377.06318310515564,491.04980896713846,77.27503546133556,251.3038476122955,11.257565656501983
319,11,377.06318310515564,491.04980896713846,98.6876482634469,269.45141670558894,16.37366431653746
320,0,664.4555137323695,626.1773833458017,104.42247236304054,271.38142819525603,19.85383885924367
320,1,664.4555137323695,626.1773833458017,78.7239731735887,251.78158869891018,25.596567850962256
320,2,664.4555137323695,626.1773833458017,132.8884344341572,271.1274286800507,26.262649167322873
320,3,664.4555137323695,626.1773833458017,75.055193401802,149.02911344259414,27.724550099647164
320,4,664.4555137323695,626.1773833458017,78.92818797885928,111.01174913467007,28.927678544685662
320,5,664.4555137323695,626.1773833458017,89.51241411388885,110.35642469384393,21.747173749732195
320,6,664.4555137323695,626.1773833458017,77.00479114980425,108.33012159146647,20.4293805533313
320,7,664.4555137323695,626.1773833458017,86.35807618330611,162.00082502342076,14.569042119513394
320,8,664.4555137323695,626.1773833458017,6.254802734798048,140.9864089314394,12.603627705300921
320,9,664.4555137323695,626.1773833458017,69.9670550815408,230.45958106764326,12.572142503343096
320,10,664.4555137323695,626.1773833458017,49.497055752511244,290.758405964954,12.507916883596282
320,11,664.4555137323695,626.1773833458017,94.10204080222795,268.5572107037934,16.109515760993112
321,0,332.123482228264,754.3473899236412,99.87236195061112,228.05590712947227,18.688801595344554
321,1,332.123482228264,754.3473899236412,88.74722286375565,276.6364403783041,24.96428662660223
321,2,332.123482228264,754.3473899236412,109.54073229768912,262.38776744389855,26.28938807672868
321,3,332.123482228264,754.3473899236412,73.69608698603886,178.71245547991572,29.996180580636956
321,4,332.123482228264,754.3473899236412,57.48683179175423,140.54063907894428,27.03374938311514
321,5,332.123482228264,754.3473899236412,37.90223316239209,98.73314393538267,24.104158998167684
321,6,332.123482228264,754.3473899236412,66.48779009881045,123.61510327728504,21.242450333071528
321,7,332.123482228264,754.3473899236412,92.82571924403884,112.74208198603269,15.839168039543203
321,8,332.123482228264,754.3473899236412,119.75595084466234,245.97152081531428,12.713705949389452
321,9,332.123482228264,754.3473899236412,74.79957210926344,263.77268287011657,12.566797321312684
321,10,332.123482228264,754.3473899236412,82.59567842242645,340.15122714587005,13.822952713530082
321,11,332.123482228264,754.3473899236412,61.15190953753925,232.32146371484416,14.604073071298895
322,0,361.95273302010554,439.66199548476766,53.568774874319914,238.52987253515076,21.09503888118553
322,1,361.95273302010554,439.66199548476766,123.75782595533883,321.1002893264794,24.643419543796643
322,2,361.95273302010554,439.66199548476766,168.19483353025822,244.97313419139172,27.90184873455336
322,3,361.95273302010554,439.66199548476766,98.00057612991122,136.24205930104836,28.032999972899603
322,4,361.95273302010554,439.66199548476766,111.17634095638549,103.18035565231341,27.62527446116656
322,5,361.95273302010554,439.66199548476766,86.0889076814017,101.04890529768741,24.330293254039518
322,6,361.95273302010554,439.66199548476766,152.0201363675307,104.2325102496025,20.83119857548828
322,7,361.95273302010554,439.66199548476766,46.28191447331001,150.9736122839857,15.85518262966281
322,8,361.95273302010554,439.66199548476766,126.55927198054613,197.96158912100725,12.927286837592677
322,9,361.95273302010554,439.66199548476766,93.28925173177443,217.63109547866176,12.670451920108341
322,10,361.95273302010554,439.66199548476766,107.93622774393222,221.08084228786274,12.468211950853622
322,11,361.95273302010554,439.66199548476766,128.93206006502035,257.98258285741457,15.688714931749518
323,0,435.0680105775835,604.5569567798694,87.4218874247586,214.6183012931253,21.74301905965038
323,1,435.0680105775835,604.5569567798694,94.92260191220137,266.7883440301059,26.587390561077623
323,2,435.0680105775835,604.5569567798694,93.67166226976973,267.68436567432747,25.911916984963284
323,3,435.0680105775835,604.5569567798694,127.25763609497393,205.52385627079485,26.76077520981979
323,4,435.0680105775835,604.5569567798694,86.54338280569692,109.09996389370235,27.400787929329933
323,5,435.0680105775835,604.5569567798694,87.79561938173121,91.97037953725382,23.84098097387862
323,6,435.0680105775835,604.5569567798694,125.28135551630521,86.77261631307195,20.423889814731773
323,7,435.0680105775835,604.5569567798694,88.93356544952148,128.6191431528994,14.722040961722243
323,8,435.0680105775835,604.5569567798694,75.16162434433627,252.85438635583165,12.836517654665345
323,9,435.0680105775835,604.5569567798694,100.10220872575336,233.3827767809874,13.986427208671454
323,10,435.0680105775835,604.5569567798694,106.09121007864277,184.56526041959796,12.112466355041251
323,11,435.0680105775835,604.5569567798694,150.5246660956544,340.8894590035664,15.927360375249668
324,0,521.1288719958831,594.7896744296037,121.86879878738107,229.37724575427185,19.388132917610996
324,1,521.1288719958831,594.7896744296037,48.7175533229617,327.85189353095876,24.18784475811984
324,2,521.1288719958831,594.7896744296037,90.2995687988111,295.7415919121933,26.652067132119974
324,3,521.1288719958831,594.7896744296037,108.51177999567543,233.07086038058063,29.64694146163634
324,4,521.1288719958831,594.7896744296037,146.66145658238412,94.99393500337185,25.764572606028544
324,5,521.1288719958831,594.7896744296037,124.60700848582957,69.90428894592121,24.763223682645155
324,6,521.1288719958831,594.7896744296037,104.81274831771712,88.41085947385183,20.943966588162386
324,7,521.1288719958831,594.7896744296037,87.9504710504566,104.54098409748833,16.637908199137105
324,8,521.1288719958831,594.7896744296037,128.22436492343257,207.93435015496402,13.914866002670776
324,9,521.1288719958831,594.7896744296037,114.6650357259397,241.3346726484596,10.254658472844856
324,10,521.1288719958831,594.7896744296037,77.64929368153456,284.13385633226926,12.459807703855203
324,11,521.1288719958831,594.7896744296037,139.41090217364714,236.23754413830613,14.806176379845562
325,0,493.5263907933991,533.9389853529419,57.67334656912602,278.41005228360297,19.574972143905196
325,1,493.5263907933991,533.9389853529419,87.84806885977912,230.6566097848686,22.62975710166623
325,2,493.5263907933991,533.9389853529419,56.97989052998813,275.45847586594397,27.60816716422014
325,3,493.5263907933991,533.9389853529419,71.4885859441205,182.88592100086547,26.96365607273089
325,4,493.5263907933991,533.9389853529419,43.75502926112572,105.37347242932098,26.334449560181298
325,5,493.5263907933991,533.9389853529419,146.40211922948515,85.978503885704,22.743314916515793
325,6,493.5263907933991,533.9389853529419,83.4145852187805,88.59422802278138,19.459597114473357
325,7,493.5263907933991,533.9389853529419,61.60747859334101,129.38804274908358,14.879498677477269
325,8,493.5263907933991,533.9389853529419,106.22584997691949,175.03812266913127,11.500888008158235
325,9,493.5263907933991,533.9389853529419,1.0810125116691154,318.66052317012645,10.227911358678405
325,10,493.5263907933991,533.9389853529419,76.04587779321082,203.64143499862166,15.315504548159968
325,11,493.5263907933991,533.9389853529419,115.2053418588651,305.55942647234207,15.178014283154562
326,0,259.9426441660408,793.0592046974746,158.51854744847597,253.75000196098034,20.51958332676519
326,1,259.9426441660408,793.0592046974746,111.13813057635261,283.799293229112,22.173799861450412
326,2,259.9426441660408,793.0592046974746,169.4618277950068,239.72769694063933,27.236578185257045
326,3,259.9426441660408,793.0592046974746,84.71750468200737,167.90501234442806,28.01268776814452
326,4,259.9426441660408,793.0592046974746,85.13599582999315,106.03809235354093,28.20709772848664
326,5,259.9426441660408,793.0592046974746,61.778174417405516,74.60732686037036,24.628513516635664
326,6,259.9426441660408,793.0592046974746,104.70719609216515,95.10255943214088,20.37905002653411
326,7,259.9426441660408,793.0592046974746,87.34850824516312,112.81967581615372,15.443496832878054
326,8,259.9426441660408,793.0592046974746,99.28691138160212,222.52815802072837,13.053025321693223
326,9,259.9426441660408,793.0592046974746,137.22155340568352,206.66956029484822,11.644028609169771
326,10,259.9426441660408,793.0592046974746,122.41919223335313,337.5323033914709,13.299762750952162
326,11,259.9426441660408,793.0592046974746,103.9454373840074,237.42888026576716,16.383074473135597
327,0,349.3655393660549,699.9372702208884,112.66826152224499,264.27038774354145,19.33033635104498
327,1,349.3655393660549,699.9372702208884,59.85850774140612,289.7665267602903,24.20732597852728
327,2,349.3655393660549,699.9372702208884,94.50189474737152,256.50411912841645,27.76657693219517
327,3,349.3655393660549,699.9372702208884,127.5548574588131,187.10400785702842,27.20041642000762
327,4,349.3655393660549,699.9372702208884,78.18537799281087,112.46718121947687,29.451248900181703
327,5,349.3655393660549,699.9372702208884,107.4707029553295,70.88354634168016,24.45474297270479
327,6,349.3655393660549,699.9372702208884,84.86908921944094,108.02905183992009,20.493874605554
327,7,349.3655393660549,699.9372702208884,82.37381172528329,157.74078608383468,16.806459781857995
327,8,349.3655393660549,699.9372702208884,45.23546762740844,254.598393519411,14.208232179099154
327,9,349.3655393660549,699.9372702208884,51.31425606830195,258.23924660307625,12.036381151513735
327,10,349.3655393660549,699.9372702208884,93.5472178920043,261.9972676422234,12.251441048655634
327,11,349.3655393660549,699.9372702208884,77.90447191000199,310.18369936401007,16.7947277116325
328,0,397.4115089220584,594.2172733801195,47.84337865240601,199.93448248006544,20.05203817184542
328,1,397.4115089220584,594.2172733801195,134.11537764955173,249.3191609583843,23.4727184066271
328,2,397.4115089220584,594.2172733801195,95.48149022394259,219.7054869774705,25.966398337419406
328,3,397.4115089220584,594.2172733801195,63.763721268529586,136.1608967329846,27.96753077665368
328,4,397.4115089220584,594.2172733801195,98.67283965901919,76.02963824927951,27.603952373434414
328,5,397.4115089220584,594.2172733801195,115.23021710442356,85.90487132645447,24.40347227234713
328,6,397.4115089220584,594.2172733801195,74.33949618726403,90.41054996776661,18.39232121074603
328,7,397.4115089220584,594.2172733801195,100.83144408081522,124.55760591478857,17.66248453933429
328,8,397.4115089220584,594.2172733801195,173.17133519213456,170.5752064890604,13.834466960081318
328,9,397.4115089220584,594.2172733801195,86.95097946712715,230.88956699920863,12.604188745727042
328,10,397.4115089220584,594.2172733801195,57.640596548952296,240.21173860764665,12.351501573928
328,11,397.4115089220584,594.2172733801195,59.39005274937127,231.09206940213136,16.161020023715214
329,0,301.3452456169741,442.08441283128843,78.872367789087,244.8912334215822,20.173923333460518
329,1,301.3452456169741,442.08441283128843,109.94936957069955,329.1267041088419,21.816204147766175
329,2,301.3452456169741,442.08441283128843,107.89660037547208,312.0204491364988,26.092471508135446
329,3,301.3452456169741,442.08441283128843,92.92152222050181,184.27197968535683,26.57405982177017
329,4,301.3452456169741,442.08441283128843,219.02766899687916,98.12160693732508,27.152457618446533
329,5,301.3452456169741,442.08441283128843,87.78532522403279,61.97037708895669,21.02723929269024
329,6,301.3452456169741,442.08441283128843,82.31550758892047,92.69773443318545,18.90889598097535
329,7,301.3452456169741,442.08441283128843,105.28313164735735,119.6184553476192,16.97221762483358
329,8,301.3452456169741,442.08441283128843,104.2150362247793,172.80084848906563,13.025568309382761
329,9,301.3452456169741,442.08441283128843,101.77306179699619,287.1253046161774,11.916516515744041
329,10,301.3452456169741,442.08441283128843,72.93768678825634,344.8355670772506,10.846236923873358
329,11,301.3452456169741,442.08441283128843,92.11175104794367,203.5796970205867,15.88226462504031
330,0,455.1446274992017,620.00516953322,107.51355921781322,241.3310844271266,18.968200747770158
330,1,455.1446274992017,620.00516953322,41.67861654061686,279.27533929990756,24.829836449426537
330,2,455.1446274992017,620.00516953322,168.05546829486428,293.19950046927624,27.860462802354892
330,3,455.1446274992017,620.00516953322,63.53871131639343,152.74375381366167,29.688900947011305
330,4,455.1446274992017,620.00516953322,156.1185817724592,96.69905747283141,26.16827122643097
330,5,455.1446274992017,620.00516953322,104.64234304704051,103.63218546257522,23.578091069994116
330,6,455.1446274992017,620.00516953322,79.06679475360635,91.0564321537172,19.501745234216045
330,7,455.1446274992017,620.00516953322,83.67974485734256,107.72005939566812,16.94866263782417
330,8,455.1446274992017,620.00516953322,64.38478111343038,254.09440220053975,14.464064838465342
330,9,455.1446274992017,620.00516953322,100.03650051926354,210.43590520093937,11.1864037867344
330,10,455.1446274992017,620.00516953322,92.3098634294851,260.589630171302,14.020040500827319
330,11,455.1446274992017,620.00516953322,74.81741492701859,246.89832684580662,16.600848043242866
331,0,340.4320668447264,502.2320157871098,72.10558980986538,253.74699343352964,19.792235857666967
331,1,340.4320668447264,502.2320157871098,60.115301975975484,298.06114693878305,23.47155093712281
331,2,340.4320668447264,502.2320157871098,98.03241133524043,275.0567790858236,25.53092841087623
331,3,340.4320668447264,502.2320157871098,53.326610887604346,174.467571491301,27.481800626387795
331,4,340.4320668447264,502.2320157871098,150.30490202164566,109.93212608635177,27.1278424068363
331,5,340.4320668447264,502.2320157871098,91.69262644301087,89.78388205711758,24.544456061680986
331,6,340.4320668447264,502.2320157871098,100.30953030420179,92.49642723708953,20.873295854580856
331,7,340.4320668447264,502.2320157871098,131.0192418294581,95.54342874075411,16.969400086673048
331,8,340.4320668447264,502.2320157871098,115.08534835408419,187.59825280912554,13.065319449993472
331,9,340.4320668447264,502.2320157871098,61.43285945601344,165.99123931800708,11.765727458426513
331,10,340.4320668447264,502.2320157871098,61.6142002480679,312.47024220282793,11.555230525765932
331,11,340.4320668447264,502.2320157871098,91.64307100970986,233.08082666424144,15.344245848962652
332,0,393.1928183187116,661.7094058813249,111.96058873075677,275.419413589554,18.504188602916788
332,1,393.1928183187116,661.7094058813249,118.61336039353888,255.24769665981094,23.373277152010544
332,2,393.1928183187116,661.7094058813249,57.951965824765786,254.730166685727,28.80223747010237
332,3,393.1928183187116,661.7094058813249,60.776857208635285,143.57195814351604,26.456078708843467
332,4,393.1928183187116,661.7094058813249,45.42410559654046,107.85796387809418,26.3388093144311
332,5,393.1928183187116,661.7094058813249,107.96096222305783,76.48737214902518,25.489977020797383
332,6,393.1928183187116,661.7094058813249,90.04925214693095,84.42739117487456,18.765946726879434
332,7,393.1928183187116,661.7094058813249,115.24197290083313,137.25647079770522,14.702026145712798
332,8,393.1928183187116,661.7094058813249,109.76132002642946,188.86562444074275,13.507916826162823
332,9,393.1928183187116,661.7094058813249,98.1102012119629,240.05147770374302,12.851490786897427
332,10,393.1928183187116,661.7094058813249,79.14932678883451,267.6464309573058,15.510805940592613
332,11,393.1928183187116,661.7094058813249,91.87304922689104,257.8161272015053,14.210118248213917
333,0,421.0647001038552,565.9839386520265,40.67468030305227,279.2587584784412,19.845001396742717
333,1,421.0647001038552,565.9839386520265,105.93889829130626,287.79020253156966,23.64585173654749
333,2,421.0647001038552,565.9839386520265,37.85952765950125,248.48478448215005,27.593439418118606
333,3,421.0647001038552,565.9839386520265,82.70143446458604,211.71179597969126,26.606055071681944
333,4,421.0647001038552,565.9839386520265,102.93357366100035,88.34682041551368,28.01830068623278
333,5,421.0647001038552,565.9839386520265,105.66746895308648,85.50058486764918,23.895173333537652
333,6,421.0647001038552,565.9839386520265,83.25474496270822,106.0755521602764,20.593222280716976
333,7,421.0647001038552,565.9839386520265,76.40548046741986,119.39222599249855,16.688706190759422
333,8,421.0647001038552,565.9839386520265,76.73839847798443,222.0159782083602,15.765344042949543
333,9,421.0647001038552,565.9839386520265,42.66618289213919,235.87982165415238,12.560022785270409
333,10,421.0647001038552,565.9839386520265,108.68123987544634,324.4633779304461,13.411250300457104
333,11,421.0647001038552,565.9839386520265,75.93665847195614,248.5678360561039,16.31199857374565
334,0,314.6461546367877,637.9710665262442,73.24363981149101,302.79654007835717,20.67016093741963
334,1,314.6461546367877,637.9710665262442,86.38601350709416,278.0390051268635,24.495997360247245
334,2,314.6461546367877,637.9710665262442,38.59180260669234,213.08517794493252,26.69058494354146
334,3,314.6461546367877,637.9710665262442,80.0413768774702,172.5527510485126,27.9438175909609
334,4,314.6461546367877,637.9710665262442,102.93431388732093,93.56070241797448,27.500523680879557
334,5,314.6461546367877,637.9710665262442,103.36361276399835,88.5628988786036,23.140903909631124
334,6,314.6461546367877,637.9710665262442,115.88262262375332,100.70918286800368,20.049326836238905
334,7,314.6461546367877,637.9710665262442,64.21209720064385,124.46632095942816,16.383787384048212
334,8,314.6461546367877,637.9710665262442,77.75749597812907,223.81493266767555,14.277765677798682
334,9,314.6461546367877,637.9710665262442,77.2450075543328,261.9234438744864,12.558618547126015
334,10,314.6461546367877,637.9710665262442,68.76969346796747,286.91110170185385,13.440974696118916
334,11,314.6461546367877,637.9710665262442,100.58617837005578,257.73191107985855,16.04915383535062
335,0,543.3779412030025,774.976007903584,65.0098013375449,282.08404525248966,20.25374961402167
335,1,543.3779412030025,774.976007903584,62.78152681621055,282.1309025135392,24.97979520829656
335,2,543.3779412030025,774.976007903584,127.0039767892861,317.6362531789366,25.804645159216825
335,3,543.3779412030025,774.976007903584,79.48924113727088,156.69247394440066,27.088199306711054
335,4,543.3779412030025,774.976007903584,72.89883368701788,82.20679638941557,28.345435113499686
335,5,543.3779412030025,774.976007903584,59.88329270979974,76.78818094277023,24.734176890329735
335,6,543.3779412030025,774.976007903584,107.98655562781752,79.00257735594951,21.727226443031554
335,7,543.3779412030025,774.976007903584,63.36883107351805,118.27901202175899,15.20066697241561
335,8,543.3779412030025,774.976007903584,126.4803742530871,214.98870679635158,14.43733782967718
335,9,543.3779412030025,774.976007903584,116.27862966653927,208.6831473854376,12.283355512402006
335,10,543.3779412030025,774.976007903584,74.13198847038649,346.4656485576358,13.18847579635572
335,11,543.3779412030025,774.976007903584,78.91067281287395,271.91020235288767,15.47980462893797
336,0,371.2804607015763,694.3150639510858,107.66515865635594,265.0025117789734,20.11132471293756
336,1,371.2804607015763,694.3150639510858,81.30081702691889,319.01338385525304,25.583678545475347
336,2,371.2804607015763,694.3150639510858,96.37082332868896,262.6698151309287,26.92529270737327
336,3,371.2804607015763,694.3150639510858,63.946251323095424,201.1420950503123,28.272461994880583
336,4,371.2804607015763,694.3150639510858,38.4715441555427,131.89865687741266,27.734440938963363
336,5,371.2804607015763,694.3150639510858,119.14958808888582,73.77224700989791,24.695350954784733
336,6,371.2804607015763,694.3150639510858,63.40617761624407,81.90252693145175,17.13624727200024
336,7,371.2804607015763,694.3150639510858,100.60731610370682,131.76854492213417,16.171024929105997
336,8,371.2804607015763,694.3150639510858,141.39021295226937,224.5045290920393,13.797508827757374
336,9,371.2804607015763,694.3150639510858,57.2613829449309,282.65477268182093,12.19057072926623
336,10,371.2804607015763,694.3150639510858,89.31847489682279,306.25088767334023,12.804055271834233
336,11,371.2804607015763,694.3150639510858,40.15645988680068,225.21862527367344,17.251256677380358
337,0,467.81584682492536,574.2341760416721,93.59094501782886,276.6804052126332,20.379781011707355
337,1,467.81584682492536,574.2341760416721,84.78028642158665,263.08619732219165,25.214500160149075
337,2,467.81584682492536,574.2341760416721,123.63658769584093,225.86271174573622,26.77496323150697
337,3,467.81584682492536,574.2341760416721,111.54112074061241,145.45061170953971,27.384188050518734
337,4,467.81584682492536,574.2341760416721,87.8638933895304,109.62880210554098,27.241439082398202
337,5,467.81584682492536,574.2341760416721,85.38830465453935,71.18672584061986,22.23675253077814
337,6,467.81584682492536,574.2341760416721,163.21172172206215,73.10520470248547,20.314287460597654
337,7,467.81584682492536,574.2341760416721,81.88239206983948,143.08648841831496,16.24599199081608
337,8,467.81584682492536,574.2341760416721,79.07930030059015,241.42557372102763,13.983098084559517
337,9,467.81584682492536,574.2341760416721,113.96423450587653,224.12638868620323,13.144670044883457
337,10,467.81584682492536,574.2341760416721,94.45658889663501,381.1570584426025,12.605272742389054
337,11,467.81584682492536,574.2341760416721,98.70664920285165,221.63071358384434,16.12131469027417
338,0,368.0457184312619,591.1019370932863,116.8903987310868,281.25474142699005,20.113292227343038
338,1,368.0457184312619,591.1019370932863,99.56695495362983,263.5766382539869,23.49258309809968
338,2,368.0457184312619,591.1019370932863,85.98710354150518,249.51460689576103,26.869964900513644
338,3,368.0457184312619,591.1019370932863,76.78171681797205,185.14463102547774,28.047479715229105
338,4,368.0457184312619,591.1019370932863,62.74084929947808,111.2096416249061,26.032395679896737
338,5,368.0457184312619,591.1019370932863,98.61967540832553,69.73461042414533,23.0910261221571
338,6,368.0457184312619,591.1019370932863,51.278344766497305,106.07232305918137,19.813333454268566
338,7,368.0457184312619,591.1019370932863,115.16871946696017,131.4611500724785,14.5547788711074
338,8,368.0457184312619,591.1019370932863,99.43192033896324,195.74408390527506,13.31803455071546
338,9,368.0457184312619,591.1019370932863,106.52368511251615,240.59670464141598,12.017738963501676
338,10,368.0457184312619,591.1019370932863,95.6887377063836,253.6587286860098,12.212735575569923
338,11,368.0457184312619,591.1019370932863,101.61718127355135,287.8550671134148,15.755979126009313
339,0,427.0334727794915,504.84444474043653,81.90801962467017,247.15931299356475,22.249727573522097
339,1,427.0334727794915,504.84444474043653,83.706460233432,276.85793795313356,22.6154183363641
339,2,427.0334727794915,504.84444474043653,77.21557883834157,291.44395960529783,26.758004109477692
339,3,427.0334727794915,504.84444474043653,164.91996770658773,158.22452552529097,27.40111655987926
339,4,427.0334727794915,504.84444474043653,121.65697470298774,94.95913882185884,27.46334468670589
339,5,427.0334727794915,504.84444474043653,90.883678385141,82.86310361070575,23.553273949015217
339,6,427.0334727794915,504.84444474043653,75.86085926974475,113.76792866547004,19.302690668691923
339,7,427.0334727794915,504.84444474043653,102.34643594609256,132.962296201697,16.764292947388675
339,8,427.0334727794915,504.84444474043653,57.13126241127649,211.01144560678225,12.440507666851055
339,9,427.0334727794915,504.84444474043653,122.26520193723485,265.34496307764476,11.796211716528404
339,10,427.0334727794915,504.84444474043653,116.5111486214176,349.13566888762386,13.21926986139278
339,11,427.0334727794915,504.84444474043653,93.32071863267875,222.29044725504727,17.035376282196744
340,0,353.1531355002682,694.4598768352979,88.41467157484409,210.6280089083497,17.930587027960854
340,1,353.1531355002682,694.4598768352979,122.4144561860364,239.76091547842907,25.385858040977283
340,2,353.1531355002682,694.4598768352979,129.5434192683814,201.51959607401085,28.509760547521957
340,3,353.1531355002682,694.4598768352979,151.43723715679147,200.3877297507574,27.871385724958376
340,4,353.1531355002682,694.4598768352979,75.39791930016669,99.35459738559867,26.683967602696022
340,5,353.1531355002682,694.4598768352979,36.72953290435834,87.28885242763684,24.282857121133258
340,6,353.1531355002682,694.4598768352979,62.51383945684394,106.25999976471401,17.83967336225758
340,7,353.1531355002682,694.4598768352979,8.600685832874376,104.84922953497386,14.631502355622859
340,8,353.1531355002682,694.4598768352979,41.842336357478416,199.44004440057887,12.895559267693802
340,9,353.1531355002682,694.4598768352979,99.42364372097647,212.39607526749967,11.701543708515993
340,10,353.1531355002682,694.4598768352979,147.1949446188618,347.61194539114746,11.753044192981879
340,11,353.1531355002682,694.4598768352979,139.1422993918336,218.88360132337505,18.48855168138781
341,0,383.88646389332945,500.31383890272053,90.5440764988961,236.33771713186533,19.48932484134261
341,1,383.88646389332945,500.31383890272053,129.81024792085452,298.46263366626187,24.911407450023287
341,2,383.88646389332945,500.31383890272053,65.51155049611333,296.3250197859863,26.51574955511067
341,3,383.88646389332945,500.31383890272053,44.84172200247471,190.3197058522867,28.302753078799817
341,4,383.88646389332945,500.31383890272053,96.13795301358388,81.14864462218017,25.917439471710257
341,5,383.88646389332945,500.31383890272053,82.47210701996516,99.56047133446799,24.773393060817586
341,6,383.88646389332945,500.31383890272053,56.322308867543434,92.28345640474555,20.750314912084235
341,7,383.88646389332945,500.31383890272053,90.61060167907657,108.19239581479351,14.829430979668283
341,8,383.88646389332945,500.31383890272053,89.47892692457778,149.06232503596436,13.205187156771183
341,9,383.88646389332945,500.31383890272053,81.1532794767052,283.23254967622086,11.982921218365917
341,10,383.88646389332945,500.31383890272053,118.85029551902994,236.24211162711705,12.764841922878073
341,11,383.88646389332945,500.31383890272053,104.38165310748987,245.9223171423647,14.863976546085109
342,0,414.28324725791185,539.4187694568694,123.37914713239252,265.8967127065161,20.52205407841619
342,1,414.28324725791185,539.4187694568694,83.29308986084583,255.02155938675838,23.02342690794424
342,2,414.28324725791185,539.4187694568694,74.78127765522314,348.72935455932793,27.245181494337384
342,3,414.28324725791185,539.4187694568694,93.65821651171392,141.97723264998936,26.977135745010198
342,4,414.28324725791185,539.4187694568694,65.03553600927043,114.60594153915984,27.271653644560256
342,5,414.28324725791185,539.4187694568694,100.49057320573321,79.89439302194968,24.724194931723357
342,6,414.28324725791185,539.4187694568694,121.03735534524297,75.46373536821308,20.48608568167695
342,7,414.28324725791185,539.4187694568694,90.49078112877481,124.57323650035849,16.143226415937157
342,8,414.28324725791185,539.4187694568694,53.16654063655459,143.40689844647963,13.326529837620818
342,9,414.28324725791185,539.4187694568694,100.8708379989433,237.78135036808305,13.782131990943485
342,10,414.28324725791185,539.4187694568694,116.0725510965951,209.58078564648855,14.282353557302672
342,11,414.28324725791185,539.4187694568694,35.41057044958775,273.1730286095946,16.539895211980095
343,0,410.4599924305979,438.51051800494196,66.45715810707227,256.563820162387,19.472871132200353
343,1,410.4599924305979,438.51051800494196,59.22380735438402,284.2974185254161,23.88553891402267
343,2,410.4599924305979,438.51051800494196,94.93866321740572,269.8796030441391,26.108143208855406
343,3,410.4599924305979,438.51051800494196,60.36256479937613,208.6673951424172,28.321595266875107
343,4,410.4599924305979,438.51051800494196,57.56182965540295,101.32469186376703,27.728900519892015
343,5,410.4599924305979,438.51051800494196,48.28649602447887,98.83458398834168,23.96320656424569
343,6,410.4599924305979,438.51051800494196,99.57646659176127,82.50098465884285,19.48593698593473
343,7,410.4599924305979,438.51051800494196,157.0974041724438,101.38414992101569,15.58496763389986
343,8,410.4599924305979,438.51051800494196,108.95997558529874,291.71128285138803,13.187799145988475
343,9,410.4599924305979,438.51051800494196,107.28815168730725,291.2420761401679,11.450961974954636
343,10,410.4599924305979,438.51051800494196,89.03706508728573,304.73654647077956,13.31381747989916
343,11,410.4599924305979,438.51051800494196,76.1436137473659,229.07848276492496,14.957100260749916
344,0,430.36720092433063,614.156102502296,78.69455195522589,252.14392134487284,18.603009347705544
344,1,430.36720092433063,614.156102502296,85.4218736150872,301.9069384029301,23.437962408953418
344,2,430.36720092433063,614.156102502296,35.92766284407881,192.1254107409199,24.977978746080968
344,3,430.36720092433063,614.156102502296,77.72826438834932,143.30691369304893,28.05185771654157
344,4,430.36720092433063,614.156102502296,65.73242704194448,85.23481634458189,26.261707167458503
344,5,430.36720092433063,614.156102502296,99.77004108119137,97.35902991412837,23.167913297795884
344,6,430.36720092433063,614.156102502296,99.06621482541323,102.16323198131161,20.181750641007064
344,7,430.36720092433063,614.156102502296,114.58931059277724,122.80736939138436,15.12226985533541
344,8,430.36720092433063,614.156102502296,115.32093099378044,162.72536793814896,12.51939623360613
344,9,430.36720092433063,614.156102502296,74.79247317214868,239.33463580913596,10.52823549425116
344,10,430.36720092433063,614.156102502296,68.87300886770305,281.1832851329759,13.237164136602194
344,11,430.36720092433063,614.156102502296,112.88023944580043,306.5194089223339,14.860393430570188
345,0,409.63690486148516,828.5169212541682,104.3455166254346,268.8515203389878,19.85798162807849
345,1,409.63690486148516,828.5169212541682,74.92044153388663,281.9027883476527,24.32446836593799
345,2,409.63690486148516,828.5169212541682,114.09331463081419,224.78840407000172,26.787469188198106
345,3,409.63690486148516,828.5169212541682,99.45208522071286,192.50973770527597,28.419526057597306
345,4,409.63690486148516,828.5169212541682,82.78330689945047,102.53796534048642,26.199653451101337
345,5,409.63690486148516,828.5169212541682,132.5755125003717,84.67058120682412,24.23051238834237
345,6,409.63690486148516,828.5169212541682,94.4915717542354,90.71842392718122,19.962231720683533
345,7,409.63690486148516,828.5169212541682,125.80559938001596,86.75311419449123,15.721314957332408
345,8,409.63690486148516,828.5169212541682,98.16593842949739,211.85651568042533,14.01095950545176
345,9,409.63690486148516,828.5169212541682,106.54105414098584,228.76004382972968,11.642057536174425
345,10,409.63690486148516,828.5169212541682,108.30003203843651,272.35217093660344,12.227980372194436
345,11,409.63690486148516,828.5169212541682,84.8014968492621,291.3210526080594,15.849322565262792
346,0,523.5548732356575,552.8930999446487,113.06670769572037,168.43601583184292,20.51073689225087
346,1,523.5548732356575,552.8930999446487,101.69505769698782,323.57040530071083,23.496316676081396
346,2,523.5548732356575,552.8930999446487,68.51218984995592,277.95603188859843,27.790194474635946
346,3,523.5548732356575,552.8930999446487,133.0815793108248,129.39098737705297,27.39157018220021
346,4,523.5548732356575,552.8930999446487,55.306524781907086,94.23579315309911,27.175146807263893
346,5,523.5548732356575,552.8930999446487,117.11358803327207,99.60991141134112,24.20745195903417
346,6,523.5548732356575,552.8930999446487,79.45971477971304,86.54896960782398,20.72446299189967
346,7,523.5548732356575,552.8930999446487,126.41272180485014,129.23298234127645,15.811700842159183
346,8,523.5548732356575,552.8930999446487,154.1214221980498,222.49768792068556,11.64233983053936
346,9,523.5548732356575,552.8930999446487,134.86485029475685,258.93744240594174,12.506684515767512
346,10,523.5548732356575,552.8930999446487,72.2465964562202,333.28219036391096,11.975037688761562
346,11,523.5548732356575,552.8930999446487,91.18554032504098,307.61773057821677,14.284286491325934
347,0,259.10275166616924,554.2941857014666,71.44625586106558,215.11167518874456,21.078739655867324
347,1,259.10275166616924,554.2941857014666,118.09172361014426,217.44130471930492,23.93260799572292
347,2,259.10275166616924,554.2941857014666,58.09507633076804,307.5884827760657,28.362428503058272
347,3,259.10275166616924,554.2941857014666,119.95203052832039,162.8525901254273,27.435895634867418
347,4,259.10275166616924,554.2941857014666,92.71418962052294,90.54323743946289,27.700049130255405
347,5,259.10275166616924,554.2941857014666,52.46689832979456,102.49379481951095,23.733328490446336
347,6,259.10275166616924,554.2941857014666,87.45110354541491,88.21239600941264,19.657937229844766
347,7,259.10275166616924,554.2941857014666,100.36241586451969,117.0234214217695,15.93919911998105
347,8,259.10275166616924,554.2941857014666,117.45245591221477,204.16604180608368,13.923720809439766
347,9,259.10275166616924,554.2941857014666,99.99016666351868,212.72996956657573,11.986411751865692
347,10,259.10275166616924,554.2941857014666,71.20274397597366,259.5383631273368,12.124990152262656
347,11,259.10275166616924,554.2941857014666,92.09094479369624,265.44048874216793,16.961474296127957
348,0,439.01083659526597,543.8618277065314,66.26527348687183,309.9656003626952,19.833995448530654
348,1,439.01083659526597,543.8618277065314,124.17740299436915,239.9287289681737,26.398417271462502
348,2,439.01083659526597,543.8618277065314,82.5252094665139,285.7524521094376,28.27123855602205
348,3,439.01083659526597,543.8618277065314,71.92589854974688,159.0944919620121,28.973271001433027
348,4,439.01083659526597,543.8618277065314,39.234709779307465,100.80396731765724,27.434276093634494
348,5,439.01083659526597,543.8618277065314,66.51655657934177,91.06140762214498,23.066798469546402
348,6,439.01083659526597,543.8618277065314,97.86592769652566,117.61146987417584,19.849132317832883
348,7,439.01083659526597,543.8618277065314,108.48546607610974,113.64076448684827,16.676930140824588
348,8,439.01083659526597,543.8618277065314,99.53960094620302,126.50705271559603,15.18884479940507
348,9,439.01083659526597,543.8618277065314,98.29780500625606,217.94483057812474,12.383441470752853
348,10,439.01083659526597,543.8618277065314,119.05923653348725,188.3990931516304,13.154994451367834
348,11,439.01083659526597,543.8618277065314,78.83334174540455,249.01517859008382,16.564197260273918
349,0,420.1011941170947,618.0282076457398,87.06119937178778,219.9813476385007,18.860526915169952
349,1,420.1011941170947,618.0282076457398,139.30443865003525,287.63927298574487,26.025995047164766
349,2,420.1011941170947,618.0282076457398,128.94487970851492,255.9757747686191,25.70737982726554
349,3,420.1011941170947,618.0282076457398,88.06144442082925,184.32498723611687,26.990535515511198
349,4,420.1011941170947,618.0282076457398,140.4041223064343,74.9094789110557,25.668083538783534
349,5,420.1011941170947,618.0282076457398,84.09981713678678,78.58486011505927,23.549342484358537
349,6,420.1011941170947,618.0282076457398,75.74030410636009,124.01860884283629,19.243464578289398
349,7,420.1011941170947,618.0282076457398,94.65031111553056,142.7877672766751,16.235971365209
349,8,420.1011941170947,618.0282076457398,145.20278374944542,189.65881400777005,14.013310594826793
349,9,420.1011941170947,618.0282076457398,79.34544165829253,165.41170594775534,12.766536267634818
349,10,420.1011941170947,618.0282076457398,65.21091049237671,253.8742104582822,13.283487250028513
349,11,420.1011941170947,618.0282076457398,102.47492655056709,267.00079552387894,15.346096048414203
350,0,252.74955779840303,650.5291830428622,28.82524168061223,252.11435647453607,19.434340687554577
350,1,252.74955779840303,650.5291830428622,95.50309801691297,188.29957161814775,22.20121744814321
350,2,252.74955779840303,650.5291830428622,145.31915426331562,280.83921186327706,25.72028248121235
350,3,252.74955779840303,650.5291830428622,116.93549333403364,144.9346499537952,27.582647630466013
350,4,252.74955779840303,650.5291830428622,112.9146276578143,102.9539286699418,25.4751011707
350,5,252.74955779840303,650.5291830428622,91.39319823194138,87.89153438903207,25.67314004601112
350,6,252.74955779840303,650.5291830428622,95.74679604538225,110.23445107207581,20.097556276556794
350,7,252.74955779840303,650.5291830428622,95.60784961954931,122.08594603883544,17.156109861042687
350,8,252.74955779840303,650.5291830428622,76.01524257317601,247.30700594931542,11.722817097766162
350,9,252.74955779840303,650.5291830428622,112.44634877455492,257.85756246760764,12.462307325420234
350,10,252.74955779840303,650.5291830428622,81.61105405663065,307.37051832364045,12.50341982721714
350,11,252.74955779840303,650.5291830428622,58.45796758678965,191.778816825629,18.06576505174379
351,0,427.2360964028741,891.3763053128871,110.45806586298542,275.6408171475109,20.556729885691976
351,1,427.2360964028741,891.3763053128871,103.93738795320138,214.91305718243586,25.42491158669217
351,2,427.2360964028741,891.3763053128871,143.20816395785434,229.16684401661564,26.76946665368132
351,3,427.2360964028741,891.3763053128871,97.77466470541628,154.1462241522832,26.648665746812995
351,4,427.2360964028741,891.3763053128871,94.14736813959132,75.69205729096888,27.813212435008197
351,5,427.2360964028741,891.3763053128871,46.66198588128582,109.18469121946609,23.259879173628196
351,6,427.2360964028741,891.3763053128871,142.6465662755311,117.4057230885176,22.30012669122254
351,7,427.2360964028741,891.3763053128871,71.05494919680608,129.16747395434876,14.698707805154552
351,8,427.2360964028741,891.3763053128871,67.84740720120517,155.95195357166125,13.14855129515479
351,9,427.2360964028741,891.3763053128871,82.8944900785853,250.50309809037546,12.162570117138754
351,10,427.2360964028741,891.3763053128871,95.00830062042112,284.35269516164595,13.268502622086345
351,11,427.2360964028741,891.3763053128871,84.54400452915156,260.7640031362666,15.060344503238829
352,0,480.85770785930373,750.1017160566086,32.27245297250134,206.55524374378749,21.1544831363426
352,1,480.85770785930373,750.1017160566086,119.39475282402616,251.08044243164275,24.371888757631663
352,2,480.85770785930373,750.1017160566086,130.8221878357703,259.9092643498279,28.018233415233805
352,3,480.85770785930373,750.1017160566086,67.13112476144684,193.4010819205565,29.438192036558668
352,4,480.85770785930373,750.1017160566086,94.26775851942338,92.3327097730643,24.87775858818805
352,5,480.85770785930373,750.1017160566086,59.365238900657516,78.19579202307476,23.17733922498825
352,6,480.85770785930373,750.1017160566086,112.60497770455308,90.7231982905386,20.56434120499054
352,7,480.85770785930373,750.1017160566086,69.8880099202403,130.21674834618847,15.49263268363533
352,8,480.85770785930373,750.1017160566086,59.09892903084132,190.86889726991413,13.404153940227415
352,9,480.85770785930373,750.1017160566086,85.23094725454246,305.82256452593003,11.47912982202232
352,10,480.85770785930373,750.1017160566086,94.55534138623091,247.30034124289497,13.619336033505371
352,11,480.85770785930373,750.1017160566086,126.6538661060851,285.4167590690724,16.05992504270792
353,0,520.7191004525419,632.7896186471044,77.34545088373474,259.83484652721694,19.41866229831994
353,1,520.7191004525419,632.7896186471044,113.20263013213093,328.07716409546504,23.265707425428506
353,2,520.7191004525419,632.7896186471044,136.86032992273823,299.3435179602088,27.103185825076142
353,3,520.7191004525419,632.7896186471044,65.58715210933437,166.52401111240468,28.167429032791556
353,4,520.7191004525419,632.7896186471044,120.76098625727201,77.74221854764546,28.094367811905062
353,5,520.7191004525419,632.7896186471044,110.11363334176646,86.11271175145787,23.85126170589347
353,6,520.7191004525419,632.7896186471044,94.53786582261846,75.46150344324593,20.971356937906645
353,7,520.7191004525419,632.7896186471044,39.204571575994514,121.96478496623305,15.475140892641832
353,8,520.7191004525419,632.7896186471044,123.67175019638353,239.56360151308442,12.999929738745069
353,9,520.7191004525419,632.7896186471044,132.5477159969506,215.385084674091,14.030495512817621
353,10,520.7191004525419,632.7896186471044,141.95744033102818,315.8538929017563,12.139412857628612
353,11,520.7191004525419,632.7896186471044,83.12209267952362,233.4002756828318,16.18803291249533
354,0,438.3372465577925,487.508395672748,92.445251048678,262.58366249373785,18.571606026358563
354,1,438.3372465577925,487.508395672748,68.29099329618879,219.7951012126779,25.745425156031267
354,2,438.3372465577925,487.508395672748,67.95357649651622,295.00448036010863,26.871129725607368
354,3,438.3372465577925,487.508395672748,109.0677706349543,163.04046603984796,28.2012643729174
354,4,438.3372465577925,487.508395672748,78.72805154215565,93.61085297061696,26.00560855599684
354,5,438.3372465577925,487.508395672748,57.73298123299643,96.723120397614,22.363122922200258
354,6,438.3372465577925,487.508395672748,92.35006496261049,94.47993582701481,19.868356159359422
354,7,438.3372465577925,487.508395672748,80.1279349739257,107.86312774584657,15.011625702790235
354,8,438.3372465577925,487.508395672748,84.99199812031146,176.5171415693579,12.273313820483192
354,9,438.3372465577925,487.508395672748,67.39650237257757,255.39077576497192,12.26401951278587
354,10,438.3372465577925,487.508395672748,122.05884384621663,322.42731614508983,12.019863084490854
354,11,438.3372465577925,487.508395672748,84.295754298855,231.2408715044311,13.895890457565864
355,0,389.48956936697107,761.728667351066,108.18792299292784,272.11565963887307,19.03758552766838
355,1,389.48956936697107,761.728667351066,129.71396628632493,240.25642662993977,23.70696198540421
355,2,389.48956936697107,761.728667351066,86.34532804389264,236.99082761240462,26.09864439265747
355,3,389.48956936697107,761.728667351066,93.1046516152094,194.10744831598154,28.982033464358594
355,4,389.48956936697107,761.728667351066,115.20425159854378,96.39007145017715,27.62411198395165
355,5,389.48956936697107,761.728667351066,105.06515538240362,62.970784405600206,23.75092970985045
355,6,389.48956936697107,761.728667351066,87.82311350173507,97.48408031439526,18.77332333034398
355,7,389.48956936697107,761.728667351066,127.07534140842185,137.354596119048,14.966410652167658
355,8,389.48956936697107,761.728667351066,19.490560317592454,220.23115636049005,11.437143592722757
355,9,389.48956936697107,761.728667351066,86.16875310396007,273.28042769751835,11.958311710679226
355,10,389.48956936697107,761.728667351066,131.2636234689515,287.55850356680395,14.389459448679986
355,11,389.48956936697107,761.728667351066,102.37733643555065,276.8985235998031,14.255869845701946
356,0,350.71887848710867,663.20201018365,91.70953188884651,332.8890314702084,19.350742240625557
356,1,350.71887848710867,663.20201018365,149.1248690033617,291.3271771912255,24.41220844030387
356,2,350.71887848710867,663.20201018365,103.07262055144447,261.66866049394395,26.787583937209767
356,3,350.71887848710867,663.20201018365,107.55039177512965,205.14261033733638,28.0779826512909
356,4,350.71887848710867,663.20201018365,110.10495055726705,92.39544186381848,26.267280968069254
356,5,350.71887848710867,663.20201018365,52.103786333944015,97.45825999270686,22.504802050737055
356,6,350.71887848710867,663.20201018365,86.96995772805553,110.53721281461748,20.145599738885153
356,7,350.71887848710867,663.20201018365,105.93808671966345,114.48195655760611,15.421354780797326
356,8,350.71887848710867,663.20201018365,119.28990480618566,195.45528465210745,12.111286997306768
356,9,350.71887848710867,663.20201018365,123.7620141797378,303.23437871273387,13.871062197943317
356,10,350.71887848710867,663.20201018365,96.50435584640833,254.3375609268708,12.168270418339079
356,11,350.71887848710867,663.20201018365,89.52985764812763,302.7036648427546,15.303065010824193
357,0,382.99983317758034,523.0809979444767,89.6827452882042,389.01977306575685,18.66878472530757
357,1,382.99983317758034,523.0809979444767,105.81051934977828,298.57206918575065,22.807050849931066
357,2,382.99983317758034,523.0809979444767,71.42492818378685,281.23995742090693,25.608027687664638
357,3,382.99983317758034,523.0809979444767,89.2182159100379,199.26907857952565,27.204701331643925
357,4,382.99983317758034,523.0809979444767,110.96235711061777,96.30523008476919,25.672185184987953
357,5,382.99983317758034,523.0809979444767,123.0186936136853,80.34925926772503,25.642172518490938
357,6,382.99983317758034,523.0809979444767,162.2497928396706,96.29881971267594,20.824473481987336
357,7,382.99983317758034,523.0809979444767,131.88116204660605,149.7236076955816,16.227591490096113
357,8,382.99983317758034,523.0809979444767,94.48872305304477,172.8482339568809,15.389977469147112
357,9,382.99983317758034,523.0809979444767,108.22389957149605,229.18326170776007,11.895189505946407
357,10,382.99983317758034,523.0809979444767,142.79181613683517,338.32469679109687,14.276427632593617
357,11,382.99983317758034,523.0809979444767,129.42167203957894,181.42896234919127,14.821934809067995
358,0,294.40196966771333,643.2090001914635,73.18064295945359,278.84721129000786,17.760165312314346
358,1,294.40196966771333,643.2090001914635,89.53753545428967,233.8515576294998,24.68108466390657
358,2,294.40196966771333,643.2090001914635,77.67072735113734,275.6153857842051,25.635266729739275
358,3,294.40196966771333,643.2090001914635,42.63162939162563,184.5044568049829,27.37747529893421
358,4,294.40196966771333,643.2090001914635,64.50841519578299,73.35257948267298,27.029905302419834
358,5,294.40196966771333,643.2090001914635,62.099006232329494,104.89956848351784,24.189171825617198
358,6,294.40196966771333,643.2090001914635,68.22837726339816,96.97165632174031,20.6844990067132
358,7,294.40196966771333,643.2090001914635,48.400786186716815,140.2786153570969,15.37420622631591
358,8,294.40196966771333,643.2090001914635,104.0096091366289,200.76768302873637,13.654785055553239
358,9,294.40196966771333,643.2090001914635,117.61393635039795,252.14576654988875,13.081387144011304
358,10,294.40196966771333,643.2090001914635,137.13987282909756,281.87326263605826,14.492915943730733
358,11,294.40196966771333,643.2090001914635,63.73222510826383,318.21900566167983,15.714500556178447
359,0,474.08529343844003,617.0040007334441,154.59673817654004,211.12698876030467,20.45648758096109
359,1,474.08529343844003,617.0040007334441,97.66827626826225,240.29262828276487,21.833163048230602
359,2,474.08529343844003,617.0040007334441,60.912742520424445,317.61462791388857,25.691763240246985
359,3,474.08529343844003,617.0040007334441,99.0816849498884,221.17748094072365,28.09570698307579
359,4,474.08529343844003,617.0040007334441,114.07879946782244,91.79171252244925,29.903962021896213
359,5,474.08529343844003,617.0040007334441,96.12264247242999,83.7199289782791,24.562082831773804
359,6,474.08529343844003,617.0040007334441,41.10697436922056,101.88087546644215,18.7673247297856
359,7,474.08529343844003,617.0040007334441,126.13642668122642,101.98739315735278,16.636328776080823
359,8,474.08529343844003,617.0040007334441,74.02220529442957,211.24994182697617,11.118869632100013
359,9,474.08529343844003,617.0040007334441,130.4172387637205,270.13819383048695,13.0923350075449
359,10,474.08529343844003,617.0040007334441,70.40880448896215,327.6520707571206,14.197430591784524
359,11,474.08529343844003,617.0040007334441,103.7880119203546,298.3941398517399,14.438895564296153
360,0,525.9430405603606,743.4880125905458,120.93349603761366,279.27328433379546,20.61860849994821
360,1,525.9430405603606,743.4880125905458,120.08518993855381,284.9487461174821,22.97144304420644
360,2,525.9430405603606,743.4880125905458,71.22160929065984,322.8808106234313,26.52394040810587
360,3,525.9430405603606,743.4880125905458,78.27859032257669,183.74293613769174,27.25693575946648
360,4,525.9430405603606,743.4880125905458,90.76378438348256,91.68203457735405,26.785856503807647
360,5,525.9430405603606,743.4880125905458,134.7926577046298,99.57259485014312,23.871832573401125
360,6,525.9430405603606,743.4880125905458,117.68848845317957,96.97152365287033,18.69788225343848
360,7,525.9430405603606,743.4880125905458,108.502836673928,125.53197701469823,16.85580212803271
360,8,525.9430405603606,743.4880125905458,39.07038725965816,141.15641781785513,11.298684309785731
360,9,525.9430405603606,743.4880125905458,133.89805072559724,284.16971745995545,11.316852757791231
360,10,525.9430405603606,743.4880125905458,108.324111856566,243.81697648243986,14.753877097818341
360,11,525.9430405603606,743.4880125905458,49.19949027436048,335.43240075351747,17.126777464394497
361,0,354.26153763289267,661.6967608099549,58.207870452140256,298.464111121875,20.716468102477297
361,1,354.26153763289267,661.6967608099549,140.34949276607787,289.2311549282323,24.37143100055182
361,2,354.26153763289267,661.6967608099549,113.4632569307617,297.4033089617568,26.18878760193451
361,3,354.26153763289267,661.6967608099549,94.93563821612688,142.2524937375538,27.638737192633943
361,4,354.26153763289267,661.6967608099549,88.19056954078387,89.40545642059674,26.00388706896896
361,5,354.26153763289267,661.6967608099549,74.33218623254672,100.30996832282926,26.403423191467308
361,6,354.26153763289267,661.6967608099549,70.33918428121373,119.99214207127424,19.806663295505874
361,7,354.26153763289267,661.6967608099549,77.03113804479605,96.01748456875957,16.439480425811283
361,8,354.26153763289267,661.6967608099549,110.80215383774484,193.01931056574804,14.03131169394309
361,9,354.26153763289267,661.6967608099549,104.16600857455056,243.3018482536381,12.619664615672212
361,10,354.26153763289267,661.6967608099549,78.4964657178331,346.80483999203324,11.767066442495436
361,11,354.26153763289267,661.6967608099549,71.04819596406284,286.27495240762926,16.548502793283507
362,0,304.79310732861245,520.6001425977598,67.98642636375388,262.50331479301417,19.300135873038563
362,1,304.79310732861245,520.6001425977598,165.38591751438844,299.3940027106276,24.307987494629415
362,2,304.79310732861245,520.6001425977598,51.3021965190042,315.13486593969986,27.2449671035983
362,3,304.79310732861245,520.6001425977598,76.09448742836028,156.4525040018352,28.547626060861436
362,4,304.79310732861245,520.6001425977598,102.40441890498602,104.24310815326375,27.515628645911104
362,5,304.79310732861245,520.6001425977598,18.992766639881552,98.05737001064256,22.916111806184865
362,6,304.79310732861245,520.6001425977598,105.0923226736723,101.52257513157765,20.09361154562606
362,7,304.79310732861245,520.6001425977598,134.22334752512597,133.8940663132903,16.032175625986202
362,8,304.79310732861245,520.6001425977598,74.5176769640301,199.7028810221098,13.568141753463342
362,9,304.79310732861245,520.6001425977598,106.16898092578072,194.13334725849916,12.530741434482964
362,10,304.79310732861245,520.6001425977598,111.24051012639598,326.1134080551504,13.26936277233983
362,11,304.79310732861245,520.6001425977598,91.8256928832311,224.81403812563835,16.17457053770671
363,0,173.52740292552957,650.6841921646361,102.46418023500634,181.111908884336,19.378408479086147
363,1,173.52740292552957,650.6841921646361,97.2771835432358,261.0244066986805,23.36562450459099
363,2,173.52740292552957,650.6841921646361,81.52283486853216,232.69011886948647,26.916419302503297
363,3,173.52740292552957,650.6841921646361,125.6681320949628,184.90151046409406,28.546027510919036
363,4,173.52740292552957,650.6841921646361,71.9822659146467,114.86345363387618,26.126785008950797
363,5,173.52740292552957,650.6841921646361,77.04817174768782,106.52813647527036,23.55918273057342
363,6,173.52740292552957,650.6841921646361,89.74125000761539,91.28174648760663,19.99789661179833
363,7,173.52740292552957,650.6841921646361,86.44488994630228,146.65214670274273,17.13344227800902
363,8,173.52740292552957,650.6841921646361,112.67212269169248,218.6939900565222,11.848244637107085
363,9,173.52740292552957,650.6841921646361,63.528818901346426,260.78835018570726,13.505816481010442
363,10,173.52740292552957,650.6841921646361,66.72585516616732,345.0172519833534,13.037774952202552
363,11,173.52740292552957,650.6841921646361,109.48893531332607,198.59756507600193,15.674779985760532
364,0,520.4855620607638,796.1144657878135,91.58795701449196,215.00637132715116,19.108685843968892
364,1,520.4855620607638,796.1144657878135,121.50294577886442,241.24708377557275,24.27391368433978
364,2,520.4855620607638,796.1144657878135,104.98656567399007,262.5771653409071,26.715933821752262
364,3,520.4855620607638,796.1144657878135,65.4784638693749,150.59429459298542,26.942159941820037
364,4,520.4855620607638,796.1144657878135,44.25695083081016,81.45476021710572,28.379575917365855
364,5,520.4855620607638,796.1144657878135,94.73655296296937,95.34752914445862,23.185245921831527
364,6,520.4855620607638,796.1144657878135,86.01396632910102,112.94798048196259,20.210304237592347
364,7,520.4855620607638,796.1144657878135,137.59308179565923,127.18637168164653,15.233336156179002
364,8,520.4855620607638,796.1144657878135,98.28342341993036,205.57261205045558,13.469256009958517
364,9,520.4855620607638,796.1144657878135,145.20970833327766,189.6736347905007,12.03895827037769
364,10,520.4855620607638,796.1144657878135,123.24427586766325,334.7273020790822,11.672585855578939
364,11,520.4855620607638,796.1144657878135,85.07089913962918,249.85758685501312,15.142244777465628
365,0,406.11404387916093,656.209895580235,119.3211339381635,255.08137150690467,18.024134395080456
365,1,406.11404387916093,656.209895580235,110.39215407455777,314.4816817673078,24.443963022235447
365,2,406.11404387916093,656.209895580235,168.64728739499594,308.78919824851647,28.48249699345673
365,3,406.11404387916093,656.209895580235,81.39173417472533,179.5512572462551,29.391498689299418
365,4,406.11404387916093,656.209895580235,48.35330977644445,123.55139045200883,28.565581924432273
365,5,406.11404387916093,656.209895580235,82.63513278313843,96.06399793288833,25.59792917663575
365,6,406.11404387916093,656.209895580235,128.2787655718232,113.53988350596028,21.745883303007986
365,7,406.11404387916093,656.209895580235,32.808533531369285,90.95627582174998,17.717275993884883
365,8,406.11404387916093,656.209895580235,95.89211349166317,239.1540838805043,12.57581826775679
365,9,406.11404387916093,656.209895580235,125.1287099196616,310.1870566290887,13.347170121507979
365,10,406.11404387916093,656.209895580235,139.39283125537386,302.1854158947272,12.46379031873439
365,11,406.11404387916093,656.209895580235,163.43887921682375,320.9210655374259,16.793072784569116
366,0,392.8030401714229,565.0491726683563,77.42832696636962,236.59073996929607,19.48299766994782
366,1,392.8030401714229,565.0491726683563,79.63051281571194,306.65454184744186,24.133596724228312
366,2,392.8030401714229,565.0491726683563,130.27679937733313,267.3260118437314,27.515892641060255
366,3,392.8030401714229,565.0491726683563,122.00708423831493,185.91387936239943,29.13415407589377
366,4,392.8030401714229,565.0491726683563,67.41209985602258,104.20779489209575,27.446640233696172
366,5,392.8030401714229,565.0491726683563,109.12609421323677,76.81948877488706,22.352573710836467
366,6,392.8030401714229,565.0491726683563,105.83839793712511,119.5644783204958,20.64967121010949
366,7,392.8030401714229,565.0491726683563,111.67567113948022,98.44682521671974,17.562952030501936
366,8,392.8030401714229,565.0491726683563,71.17643809044094,301.25723039831547,13.366366025859012
366,9,392.8030401714229,565.0491726683563,61.35702081939414,241.97068624252853,10.434631474448896
366,10,392.8030401714229,565.0491726683563,102.19904001023123,383.7243668692488,14.075913103152374
366,11,392.8030401714229,565.0491726683563,72.76326015954041,321.02746954304575,15.47215818201136
367,0,326.2963788902751,545.9343752811933,96.28524331863542,242.95884568500855,23.241344608605456
367,1,326.2963788902751,545.9343752811933,57.596377879337446,268.64868185105763,22.74478377366881
367,2,326.2963788902751,545.9343752811933,107.4992855664191,216.29091622738775,26.825878807603814
367,3,326.2963788902751,545.9343752811933,63.3572893061383,142.72470191315972,27.379531857549356
367,4,326.2963788902751,545.9343752811933,100.1007354744707,84.81819163053945,26.227064514672236
367,5,326.2963788902751,545.9343752811933,101.14394772359489,100.3824961977929,23.887924438572167
367,6,326.2963788902751,545.9343752811933,67.45514752026659,75.6514701215557,20.9615991438828
367,7,326.2963788902751,545.9343752811933,31.680530804153953,140.42652593481512,15.321799973620635
367,8,326.2963788902751,545.9343752811933,97.88505673093269,205.6264321759191,14.164548823515721
367,9,326.2963788902751,545.9343752811933,95.06742394111345,230.80959911448312,11.350382034796045
367,10,326.2963788902751,545.9343752811933,110.62130139979129,300.33385055890074,10.874336111320961
367,11,326.2963788902751,545.9343752811933,124.33769717911936,225.3160156095938,17.032653018009125
368,0,302.71227608214224,886.7720427002685,65.28271691158156,322.48020773197544,18.86463224712414
368,1,302.71227608214224,886.7720427002685,106.47183091432365,231.8912479811157,25.164500207214907
368,2,302.71227608214224,886.7720427002685,40.06771646911519,201.9912263282122,27.768134533004726
368,3,302.71227608214224,886.7720427002685,62.90392457552291,159.28733808942516,29.50721264935705
368,4,302.71227608214224,886.7720427002685,48.477213649805336,103.66147038690004,27.577050776399787
368,5,302.71227608214224,886.7720427002685,89.10009031061567,113.97522067686367,26.316632759967888
368,6,302.71227608214224,886.7720427002685,84.15623704573974,95.1366558870921,20.03661587690638
368,7,302.71227608214224,886.7720427002685,57.6976645587432,132.32287051060052,15.975299078143191
368,8,302.71227608214224,886.7720427002685,90.22397648857964,190.99691636491386,12.143704441184298
368,9,302.71227608214224,886.7720427002685,73.06247133238718,262.30646455645257,12.688136889942056
368,10,302.71227608214224,886.7720427002685,70.84948721813424,259.71259471882416,13.385706013967269
368,11,302.71227608214224,886.7720427002685,85.41862928510554,227.7236133135288,16.33145578606232
369,0,350.2218238398621,757.7586190259908,89.87159791982498,198.96663901273567,19.163945933834135
369,1,350.2218238398621,757.7586190259908,110.12982273235474,312.117006768387,23.14529010935876
369,2,350.2218238398621,757.7586190259908,70.8555995809769,280.29537441110085,28.845910896853773
369,3,350.2218238398621,757.7586190259908,106.7253018105894,150.87349939730763,28.445958227329154
369,4,350.2218238398621,757.7586190259908,45.40715186398497,97.9688966223135,25.845692875624845
369,5,350.2218238398621,757.7586190259908,36.65800290734527,97.06976359210653,23.913698299200938
369,6,350.2218238398621,757.7586190259908,95.35768328887039,121.10252983592005,20.196045639105318
369,7,350.2218238398621,757.7586190259908,18.498752516604455,141.94212881283423,15.268549618570804
369,8,350.2218238398621,757.7586190259908,152.87806146172025,189.9379830825697,13.968940339052597
369,9,350.2218238398621,757.7586190259908,82.10102722712898,250.9076619609449,11.282483275977082
369,10,350.2218238398621,757.7586190259908,65.10673955164249,253.16596756054113,13.35520019039839
369,11,350.2218238398621,757.7586190259908,83.95596056250086,289.96531389592406,16.15956579329593
370,0,342.25825740332334,504.56463967228694,132.8882720984739,243.52178740181114,19.57493716384603
370,1,342.25825740332334,504.56463967228694,70.86844859081697,255.80264949003015,23.973491843414955
370,2,342.25825740332334,504.56463967228694,108.28525520815023,292.72287359188505,27.38090056286417
370,3,342.25825740332334,504.56463967228694,175.39768062197294,155.90664508569398,31.030210525494844
370,4,342.25825740332334,504.56463967228694,78.82714982862305,132.65571195949693,26.35807338660638
370,5,342.25825740332334,504.56463967228694,57.80960299354577,97.0284750289162,22.94904486154482
370,6,342.25825740332334,504.56463967228694,90.43481756632703,114.97736784524837,19.08441825976656
370,7,342.25825740332334,504.56463967228694,114.95271712336827,131.20364482503794,17.03287217510354
370,8,342.25825740332334,504.56463967228694,97.58020345429554,165.79435782160675,13.222903640477792
370,9,342.25825740332334,504.56463967228694,111.62606312560646,242.84681322973768,10.408715271824994
370,10,342.25825740332334,504.56463967228694,50.150427111024555,349.9877777566653,13.20524708257082
370,11,342.25825740332334,504.56463967228694,134.20666969504524,240.58969885332445,13.969677468654371
371,0,360.85443717699434,676.7101851064128,51.64509445216833,286.9543562046662,20.6691966726799
371,1,360.85443717699434,676.7101851064128,30.380625527251965,215.13757624520358,22.588073386579115
371,2,360.85443717699434,676.7101851064128,73.63623191495824,221.2768280954152,27.96921839332893
371,3,360.85443717699434,676.7101851064128,146.48001985373298,189.02845679497682,26.40293761442876
371,4,360.85443717699434,676.7101851064128,56.36391098549094,137.2060150308368,28.554697731382692
371,5,360.85443717699434,676.7101851064128,98.0133444751466,81.81178839573889,23.227572504835194
371,6,360.85443717699434,676.7101851064128,92.86195510195935,112.75084187216126,20.736738019143584
371,7,360.85443717699434,676.7101851064128,29.19503081474761,101.45641245247809,15.924858933917845
371,8,360.85443717699434,676.7101851064128,69.1281943221707,184.51681432625972,14.521708782135986
371,9,360.85443717699434,676.7101851064128,79.0191316860517,227.21280866705135,12.000913422997296
371,10,360.85443717699434,676.7101851064128,95.03847822695998,249.10002932465343,14.255145739154765
371,11,360.85443717699434,676.7101851064128,94.59271168073755,398.23532397922287,18.16671494381169
372,0,452.7938059117004,760.4386280954519,110.64524319986296,203.55819863056533,19.135904475237187
372,1,452.7938059117004,760.4386280954519,78.99187881450987,255.29934204362382,24.407855915624392
372,2,452.7938059117004,760.4386280954519,154.89335462281636,286.81625850244046,27.382594718989143
372,3,452.7938059117004,760.4386280954519,139.47444939118068,162.19658163142682,27.45780568867112
372,4,452.7938059117004,760.4386280954519,115.66187805526394,100.6962628163446,28.58150639547405
372,5,452.7938059117004,760.4386280954519,92.63467396817552,86.39131099885385,23.10880436041766
372,6,452.7938059117004,760.4386280954519,85.45505661738349,127.0676940342421,20.700597361835317
372,7,452.7938059117004,760.4386280954519,83.63302400107243,130.6549611456069,17.191152021530122
372,8,452.7938059117004,760.4386280954519,77.00865203005705,249.62855138301558,13.008554574422035
372,9,452.7938059117004,760.4386280954519,78.79439049955698,269.50537805113936,10.718209294878491
372,10,452.7938059117004,760.4386280954519,123.60035843666934,311.74003421997594,11.433921116366161
372,11,452.7938059117004,760.4386280954519,37.31664289942483,166.2134888137307,17.18875285002335
373,0,385.1984956268828,708.5425966099576,94.5702879296678,244.55840500222118,19.886041176346634
373,1,385.1984956268828,708.5425966099576,49.934759329894746,247.9601552326007,25.312957888933646
373,2,385.1984956268828,708.5425966099576,121.60663705360695,256.40274277601065,25.867548401863246
373,3,385.1984956268828,708.5425966099576,130.19564326592712,187.93611485293158,27.33587113329398
373,4,385.1984956268828,708.5425966099576,57.39249717269867,101.30021424676767,27.827701314081583
373,5,385.1984956268828,708.5425966099576,62.592926599833454,99.76560579692647,23.177165638200247
373,6,385.1984956268828,708.5425966099576,71.57749804183706,90.8699852502471,21.48882379879956
373,7,385.1984956268828,708.5425966099576,139.97845910370864,111.23320367769828,15.097766093073892
373,8,385.1984956268828,708.5425966099576,64.52266125655282,237.26262925564345,14.96862920873634
373,9,385.1984956268828,708.5425966099576,92.64169934166657,262.16247102253607,9.68724627785769
373,10,385.1984956268828,708.5425966099576,56.268945859902516,306.9587490780912,14.83223863650705
373,11,385.1984956268828,708.5425966099576,80.43055143703265,250.51315521708418,16.931828645319026
374,0,427.9664490089143,553.2127889593479,77.71189621129537,250.0224641954119,19.138754833128313
374,1,427.9664490089143,553.2127889593479,130.44967368104562,315.30179238108076,23.72797859660149
374,2,427.9664490089143,553.2127889593479,76.81243238148778,316.6738821639555,27.84734146987442
374,3,427.9664490089143,553.2127889593479,69.92759536976837,156.8142415059753,27.023496077570265
374,4,427.9664490089143,553.2127889593479,86.72358597780583,78.02173258459666,28.04967188995172
374,5,427.9664490089143,553.2127889593479,84.1687442323308,100.18907685265981,25.277901124685556
374,6,427.9664490089143,553.2127889593479,119.49307415322016,91.54603731091876,20.318128827471522
374,7,427.9664490089143,553.2127889593479,106.30813360823451,119.90059761288066,13.917070908038285
374,8,427.9664490089143,553.2127889593479,46.16723956479675,179.33415197750665,13.241393662252447
374,9,427.9664490089143,553.2127889593479,72.68254012679931,248.3197372160958,11.832480260692737
374,10,427.9664490089143,553.2127889593479,47.997298189525374,319.59393989159094,12.217056721311652
374,11,427.9664490089143,553.2127889593479,97.09466801875676,255.23599539028416,16.469582021867744
375,0,393.61360883630766,595.1104179525879,91.42940366519075,223.19824054473702,20.390267430560513
375,1,393.61360883630766,595.1104179525879,58.2077904705584,346.8250168802703,24.589517019855254
375,2,393.61360883630766,595.1104179525879,42.42180459946658,195.37748683245982,27.434304869215097
375,3,393.61360883630766,595.1104179525879,109.60641574355571,155.78587565512288,29.718189418715827
375,4,393.61360883630766,595.1104179525879,72.59493086478595,91.01989509102265,27.585325705266484
375,5,393.61360883630766,595.1104179525879,82.68424538605319,82.42194826859178,23.996776949946405
375,6,393.61360883630766,595.1104179525879,114.44443902138933,100.27633541989177,20.251991296829864
375,7,393.61360883630766,595.1104179525879,141.69730068623173,105.59635933485782,16.16173874191152
375,8,393.61360883630766,595.1104179525879,84.82597604237506,183.56721296486685,12.656235507178158
375,9,393.61360883630766,595.1104179525879,92.31921749355332,268.9627174964114,12.616450152189309
375,10,393.61360883630766,595.1104179525879,73.55211550295266,293.1903759570071,13.515640053738242
375,11,393.61360883630766,595.1104179525879,74.1802073532115,240.24613161346122,14.621158521838272
376,0,420.9364849086809,377.6525517880687,77.52986575986502,229.28295714050518,19.133570919207116
376,1,420.9364849086809,377.6525517880687,99.33439969419223,215.36701769774857,23.775942193026125
376,2,420.9364849086809,377.6525517880687,74.96555658650672,303.39914514267866,27.08504358876
376,3,420.9364849086809,377.6525517880687,70.56728409822499,188.10840897783137,28.109455365559022
376,4,420.9364849086809,377.6525517880687,132.3344486682895,79.31953983848962,26.888107699327783
376,5,420.9364849086809,377.6525517880687,95.45058806272152,98.5685319542535,24.517754540172255
376,6,420.9364849086809,377.6525517880687,141.0347045042971,138.6813759475075,20.265587178741214
376,7,420.9364849086809,377.6525517880687,176.7898853136726,138.14914522908302,16.76168796325105
376,8,420.9364849086809,377.6525517880687,104.73914590302834,190.42315242067215,13.816993524716068
376,9,420.9364849086809,377.6525517880687,115.93455938186385,211.20282143530028,10.081800001686725
376,10,420.9364849086809,377.6525517880687,85.90236229739779,236.5649690776513,13.945655266294748
376,11,420.9364849086809,377.6525517880687,70.22038767752096,288.51520001704574,15.762745663992007
377,0,470.0625807558911,578.7488561557896,51.76083960894872,263.24294223010014,20.81843898335792
377,1,470.0625807558911,578.7488561557896,87.47357119971292,240.32335672635116,24.03063476073057
377,2,470.0625807558911,578.7488561557896,107.84239800004843,299.5496261582449,26.884267012079377
377,3,470.0625807558911,578.7488561557896,81.5869507158342,153.77624323681908,29.455414489895965
377,4,470.0625807558911,578.7488561557896,83.76238761502003,109.69272501504359,28.17979355878243
377,5,470.0625807558911,578.7488561557896,59.68772120404476,59.49664182989141,23.126420793648553
377,6,470.0625807558911,578.7488561557896,111.10502635253519,91.89815783381756,21.39764055022349
377,7,470.0625807558911,578.7488561557896,18.47401252366309,124.51232549400227,16.647077924961692
377,8,470.0625807558911,578.7488561557896,77.47335452753165,194.04890833019599,12.171316005037479
377,9,470.0625807558911,578.7488561557896,34.85079912791782,233.21064498630915,9.466266411687263
377,10,470.0625807558911,578.7488561557896,130.0863515778439,261.0144894054794,14.178578772432937
377,11,470.0625807558911,578.7488561557896,89.16240468017585,236.3830669125972,16.668518883518917
378,0,346.4231061405278,586.377786780682,0.0,229.66569705448418,19.07166142577633
378,1,346.4231061405278,586.377786780682,108.00768684294067,342.3375977178118,24.443507427442185
378,2,346.4231061405278,586.377786780682,111.53287087515345,278.33657727182776,26.521093387079922
378,3,346.4231061405278,586.377786780682,82.9267497164406,169.13342252239426,27.041171396021763
378,4,346.4231061405278,586.377786780682,103.65453066818112,105.95460746925865,25.973614662459436
378,5,346.4231061405278,586.377786780682,115.77445856379958,97.16733650856015,24.89094866069492
378,6,346.4231061405278,586.377786780682,113.28000440992123,85.22097791437491,20.434136969830313
378,7,346.4231061405278,586.377786780682,81.77464290576373,117.03761622512874,16.236554396226136
378,8,346.4231061405278,586.377786780682,56.483146834318966,200.41356710642728,12.336398539854319
378,9,346.4231061405278,586.377786780682,103.6265594869999,261.4404797224387,11.347919363323017
378,10,346.4231061405278,586.377786780682,86.75671051812273,262.99861703667983,11.842114345391414
378,11,346.4231061405278,586.377786780682,155.05102131361505,267.87366226068013,15.440121529921282
379,0,298.547629983029,703.6683033448876,74.6123189173397,318.63617107594445,20.19993436390642
379,1,298.547629983029,703.6683033448876,87.7934234615031,194.54988536593874,24.241081230394474
379,2,298.547629983029,703.6683033448876,68.67617544253977,248.12999220461023,26.2085038579676
379,3,298.547629983029,703.6683033448876,112.47365827715059,146.85819003968766,27.172155673008323
379,4,298.547629983029,703.6683033448876,134.0135106827521,100.01832260440202,28.87021123185561
379,5,298.547629983029,703.6683033448876,109.97225491336955,84.64076091456623,21.930653576383577
379,6,298.547629983029,703.6683033448876,98.5855479982098,80.12483418073747,20.608879217016245
379,7,298.547629983029,703.6683033448876,22.305605643574154,119.9405916296895,16.900061799033008
379,8,298.547629983029,703.6683033448876,81.54804950851666,178.62564943529705,10.665839238665448
379,9,298.547629983029,703.6683033448876,74.71690720604238,224.1255806150259,11.585277571187799
379,10,298.547629983029,703.6683033448876,93.91703707919261,231.3638807573059,13.86466756788202
379,11,298.547629983029,703.6683033448876,70.5756500969189,246.42183790388796,15.23662188673324
380,0,660.0919598825332,574.3522846925455,91.36093708623004,307.15041167810773,20.587372193042135
380,1,660.0919598825332,574.3522846925455,100.76667059032157,248.87310084490477,22.479609740527454
380,2,660.0919598825332,574.3522846925455,101.88276086174842,239.81452801595663,27.96574701434685
380,3,660.0919598825332,574.3522846925455,90.09802473783316,203.41944828195557,27.832356056523682
380,4,660.0919598825332,574.3522846925455,93.76836919882251,107.72912793731346,27.06342463597411
380,5,660.0919598825332,574.3522846925455,114.9826304638086,95.38955541991184,23.292582850512307
380,6,660.0919598825332,574.3522846925455,46.35005695342199,83.68506400633514,18.780396351545235
380,7,660.0919598825332,574.3522846925455,58.358508071701706,106.8525369131332,16.07925159329731
380,8,660.0919598825332,574.3522846925455,97.3266633133568,222.6301735387504,13.830591457887149
380,9,660.0919598825332,574.3522846925455,79.79265345364172,258.70699271995187,11.431192488543422
380,10,660.0919598825332,574.3522846925455,86.10030036288893,248.38349548167315,12.472941604872723
380,11,660.0919598825332,574.3522846925455,99.81392601194082,228.41533994064204,15.867705351652921
381,0,471.8910155343322,538.7297803980555,145.09530066181313,236.0203809800644,19.85698268646146
381,1,471.8910155343322,538.7297803980555,89.80400832602938,344.40964550586483,24.250152751396328
381,2,471.8910155343322,538.7297803980555,85.22103707282996,278.5185055552063,27.474370428466784
381,3,471.8910155343322,538.7297803980555,74.73124687852354,194.79013597955966,26.989034857954813
381,4,471.8910155343322,538.7297803980555,99.61499972360706,72.98622221020277,27.289854363534484
381,5,471.8910155343322,538.7297803980555,128.1376172175531,95.17448387478078,23.278311811975644
381,6,471.8910155343322,538.7297803980555,94.06005122943606,78.50552519405177,19.696515698332785
381,7,471.8910155343322,538.7297803980555,116.03285133728998,156.55270329697692,17.750278770776504
381,8,471.8910155343322,538.7297803980555,149.0127412787323,254.4650327076778,13.259579397352525
381,9,471.8910155343322,538.7297803980555,70.93196235464086,282.26354196610384,10.232312540592549
381,10,471.8910155343322,538.7297803980555,64.63615563397781,263.51612496116735,12.39458354183108
381,11,471.8910155343322,538.7297803980555,84.32540076698233,242.2400739395435,17.187201135813236
382,0,423.9583057688468,791.0115067941604,128.17144403322533,245.8405274348777,20.4639195582153
382,1,423.9583057688468,791.0115067941604,66.00206707851625,267.4989282335339,23.617910553590583
382,2,423.9583057688468,791.0115067941604,81.43662455291046,289.38503203027074,26.202443158457474
382,3,423.9583057688468,791.0115067941604,83.84572967494672,163.675429568778,28.437783179583175
382,4,423.9583057688468,791.0115067941604,72.18602995827456,99.21388421116065,26.12967905032597
382,5,423.9583057688468,791.0115067941604,111.39870365647758,71.58760035002159,23.68774442679206
382,6,423.9583057688468,791.0115067941604,65.83761797657776,80.2036739265841,20.019140184476022
382,7,423.9583057688468,791.0115067941604,57.23865862232814,106.12110008833444,17.390163940337782
382,8,423.9583057688468,791.0115067941604,56.39113117101238,231.41551716338174,13.724242193015536
382,9,423.9583057688468,791.0115067941604,90.93682501636832,181.45015959880902,10.929743313287123
382,10,423.9583057688468,791.0115067941604,65.139651145328,303.2160702906755,11.967711999951137
382,11,423.9583057688468,791.0115067941604,159.54992730875682,226.6913839484067,15.061457620254295
383,0,398.8952689194899,718.4397758773532,118.74264417805658,277.2509468514603,20.319065356659184
383,1,398.8952689194899,718.4397758773532,84.45335633903892,302.88073325945993,25.98788610887077
383,2,398.8952689194899,718.4397758773532,87.88699892371923,198.01892781596408,28.031568104272875
383,3,398.8952689194899,718.4397758773532,46.371625140586325,160.17071465573704,28.32242366142236
383,4,398.8952689194899,718.4397758773532,92.02363071299013,134.51909309026283,26.35993884388095
383,5,398.8952689194899,718.4397758773532,92.56426420531973,78.57369227668977,25.216283347747645
383,6,398.8952689194899,718.4397758773532,52.03644731420869,119.80268502975811,19.432873881870254
383,7,398.8952689194899,718.4397758773532,102.79150590225514,123.75618988985237,16.990486192147763
383,8,398.8952689194899,718.4397758773532,53.194697180856934,185.9323724948576,12.014360947624192
383,9,398.8952689194899,718.4397758773532,110.39824662120986,222.0684774564349,13.483811126814704
383,10,398.8952689194899,718.4397758773532,55.51882795903132,258.873993745087,13.795701288020329
383,11,398.8952689194899,718.4397758773532,120.00727243558813,307.4168143858077,18.52917447186141
384,0,373.17975879515046,533.1105474783507,123.53191632165016,239.33327121526105,19.383939725312974
384,1,373.17975879515046,533.1105474783507,72.29829592694605,208.05099918919703,24.14116181413694
384,2,373.17975879515046,533.1105474783507,95.68461737938928,199.41340312903108,24.569202986384656
384,3,373.17975879515046,533.1105474783507,84.20897303685743,157.33543298860627,28.652529208370044
384,4,373.17975879515046,533.1105474783507,55.697427805582784,88.20221283687324,26.615905319133457
384,5,373.17975879515046,533.1105474783507,114.60596878147602,98.82860728008102,24.661353071659633
384,6,373.17975879515046,533.1105474783507,38.58175564532116,106.79480387099105,20.81746782827303
384,7,373.17975879515046,533.1105474783507,146.59974114741883,124.5200974521817,15.205829255981033
384,8,373.17975879515046,533.1105474783507,92.02563565066582,210.04144721361396,14.402105963213627
384,9,373.17975879515046,533.1105474783507,114.29871828166443,210.13433040735904,11.856393358161563
384,10,373.17975879515046,533.1105474783507,82.2306724933339,326.80166521114637,13.998566870498685
384,11,373.17975879515046,533.1105474783507,93.30729944788469,272.5631637053682,18.34363035202712
385,0,340.0397170886455,349.18550567350263,99.50640065447361,216.17770333767805,19.308195520279778
385,1,340.0397170886455,349.18550567350263,95.14959521149476,212.43774626145196,23.857486305626363
385,2,340.0397170886455,349.18550567350263,55.671454613510825,271.71120399051154,27.628514176830283
385,3,340.0397170886455,349.18550567350263,66.61975566458594,183.89407530213714,27.38476345977533
385,4,340.0397170886455,349.18550567350263,69.68060886866391,99.33280590724164,25.806387266359675
385,5,340.0397170886455,349.18550567350263,100.16621312144194,75.66880050303368,23.733540610712982
385,6,340.0397170886455,349.18550567350263,126.12097044013456,93.40058269078921,19.239546135700234
385,7,340.0397170886455,349.18550567350263,115.58033898553259,132.73948441655875,15.450971158324167
385,8,340.0397170886455,349.18550567350263,102.13251672833931,252.02893523993959,13.538995510270935
385,9,340.0397170886455,349.18550567350263,95.72700111920823,276.53650915786613,11.727215662642413
385,10,340.0397170886455,349.18550567350263,83.33495148765252,281.89342266418794,13.650322132465321
385,11,340.0397170886455,349.18550567350263,63.79619984020482,218.73447513103181,16.126561027248275
386,0,532.7913671880306,392.3919306686067,87.13189479599048,216.83339212235808,20.288803018953182
386,1,532.7913671880306,392.3919306686067,122.06494998288849,310.8621945096327,25.975313193301865
386,2,532.7913671880306,392.3919306686067,118.17135553547566,296.4379387198055,27.688776940949683
386,3,532.7913671880306,392.3919306686067,100.70158190035963,164.33024507504518,27.472434656870668
386,4,532.7913671880306,392.3919306686067,137.8590868969609,96.8432023787126,27.614373535135876
386,5,532.7913671880306,392.3919306686067,91.7680247302093,70.15726432920248,23.881607879370378
386,6,532.7913671880306,392.3919306686067,77.03849172633456,73.47897665789107,19.715543084238966
386,7,532.7913671880306,392.3919306686067,95.32273590734619,128.53860348870137,15.361742130115633
386,8,532.7913671880306,392.3919306686067,109.54583926634236,173.8060102389892,13.35545394537685
386,9,532.7913671880306,392.3919306686067,97.60018304017993,211.89723895338503,13.072172959784144
386,10,532.7913671880306,392.3919306686067,139.01195431295307,332.4298627530041,14.535310044594745
386,11,532.7913671880306,392.3919306686067,102.04725856302775,202.8787562509692,16.692596104208903
387,0,575.7167493157293,581.71397535953,110.7176577438517,254.4984477901503,20.452811242842444
387,1,575.7167493157293,581.71397535953,53.60059164644328,243.6714525748847,23.853741290278588
387,2,575.7167493157293,581.71397535953,66.06371374152718,253.3581120698715,27.00203303097582
387,3,575.7167493157293,581.71397535953,133.75264857918825,170.23976203203094,27.747861356942426
387,4,575.7167493157293,581.71397535953,58.73486809140878,70.30058198747123,29.582395777151735
387,5,575.7167493157293,581.71397535953,79.13441877974314,113.37818801705224,24.675015449528146
387,6,575.7167493157293,581.71397535953,78.81102149820762,102.21965706866185,20.35692874804737
387,7,575.7167493157293,581.71397535953,22.104184740577963,89.09895195250645,15.255329156788736
387,8,575.7167493157293,581.71397535953,104.99681420368356,219.53767377011846,13.588348779862338
387,9,575.7167493157293,581.71397535953,100.18795731992735,254.54593104113732,13.449763001611071
387,10,575.7167493157293,581.71397535953,58.548324942275855,245.68013250714418,13.60830741372971
387,11,575.7167493157293,581.71397535953,103.08694327468665,184.31948376553567,16.405376312765195
388,0,292.7907127616847,597.1442490992273,151.87189853727685,298.1674487982156,17.72853609259309
388,1,292.7907127616847,597.1442490992273,74.82547095869974,263.2781374893326,24.3127894603522
388,2,292.7907127616847,597.1442490992273,107.15970506463447,271.28648909409037,25.54239679217331
388,3,292.7907127616847,597.1442490992273,83.49777253056197,169.51860454797637,28.189342226367344
388,4,292.7907127616847,597.1442490992273,124.20048905669258,108.07343171141011,27.387370870406418
388,5,292.7907127616847,597.1442490992273,32.39954538711414,89.66773433768968,22.948108503356263
388,6,292.7907127616847,597.1442490992273,67.26110825391854,105.51052247817887,19.96518027469023
388,7,292.7907127616847,597.1442490992273,54.93721169140697,112.07553820504313,17.28493302323301
388,8,292.7907127616847,597.1442490992273,66.19613770336247,178.07203395158945,13.331282001033125
388,9,292.7907127616847,597.1442490992273,131.86334848229114,236.4519405641079,12.95538947574241
388,10,292.7907127616847,597.1442490992273,130.29844245998027,340.19514048092447,13.007105039855803
388,11,292.7907127616847,597.1442490992273,87.83356113690152,306.51784726215163,15.056008626328673
389,0,364.72008440884315,583.7664868586912,110.79540979706553,271.4753042359646,20.93619708483519
389,1,364.72008440884315,583.7664868586912,63.413129483990005,232.86851728370812,25.12248951698156
389,2,364.72008440884315,583.7664868586912,65.34671104615379,331.48728915451335,27.901947585862132
389,3,364.72008440884315,583.7664868586912,127.94077642679491,127.43119632247306,27.121986035607645
389,4,364.72008440884315,583.7664868586912,117.78184865414657,86.00178405062287,26.277177717563546
389,5,364.72008440884315,583.7664868586912,102.6285387095385,76.59191667821388,22.139099434346903
389,6,364.72008440884315,583.7664868586912,76.3923762613969,119.31300981654371,20.16895325207058
389,7,364.72008440884315,583.7664868586912,59.09018947241925,123.44983007776628,17.132828885842653
389,8,364.72008440884315,583.7664868586912,66.09070036612522,175.22551652951387,12.97064904201339
389,9,364.72008440884315,583.7664868586912,107.55826664866586,215.20313811599164,13.938315595796293
389,10,364.72008440884315,583.7664868586912,95.26471534005891,204.03958012040826,12.126305583079711
389,11,364.72008440884315,583.7664868586912,98.82370378559531,233.1637553011108,17.175987982930486
390,0,473.95644938380264,701.0815926687815,56.21437224969982,230.55886333119204,19.581077495800134
390,1,473.95644938380264,701.0815926687815,120.04585451800547,246.83426283533518,21.95301115132027
390,2,473.95644938380264,701.0815926687815,20.30665793024528,245.55385333674735,27.025561456805157
390,3,473.95644938380264,701.0815926687815,121.58643308766706,216.05056606040438,28.91470558126611
390,4,473.95644938380264,701.0815926687815,117.27197471945776,70.26389882765318,26.411365801974977
390,5,473.95644938380264,701.0815926687815,125.08098552410982,78.50791620682512,23.972445254866333
390,6,473.95644938380264,701.0815926687815,31.36587816723658,98.99871184078334,19.508907052830743
390,7,473.95644938380264,701.0815926687815,91.35974608904041,146.39447262868663,15.736865082332404
390,8,473.95644938380264,701.0815926687815,85.52660879746745,203.52663472379734,12.58260126922462
390,9,473.95644938380264,701.0815926687815,106.0902691234369,295.68822225067544,12.982437964381994
390,10,473.95644938380264,701.0815926687815,120.43419348591839,341.7365382998859,11.342572574986688
390,11,473.95644938380264,701.0815926687815,97.14687348086025,306.3591872723368,16.38031444887217
391,0,378.1506684457768,812.8886046526428,105.9480479667329,277.48477152832095,20.233532596328953
391,1,378.1506684457768,812.8886046526428,39.08384552904202,332.57456403432195,24.587641776017126
391,2,378.1506684457768,812.8886046526428,73.44282832917682,327.42452575811905,24.953668385756487
391,3,378.1506684457768,812.8886046526428,80.61204587932279,198.25116584277956,27.63512676161626
391,4,378.1506684457768,812.8886046526428,80.95028629558072,97.58952549849846,24.684398120234892
391,5,378.1506684457768,812.8886046526428,147.89814525634642,103.2127961687297,24.63666054069374
391,6,378.1506684457768,812.8886046526428,86.35356656391649,115.83747432367642,19.507532046741364
391,7,378.1506684457768,812.8886046526428,85.11033932152942,106.65081057546669,16.413320771172785
391,8,378.1506684457768,812.8886046526428,67.38516556554939,175.47936489920485,12.904613641781344
391,9,378.1506684457768,812.8886046526428,38.40113009465127,225.23389863257844,10.65008622861401
391,10,378.1506684457768,812.8886046526428,98.2196151646412,239.21493891319798,11.972599631686759
391,11,378.1506684457768,812.8886046526428,83.91803474836945,303.98691993986023,16.25991192889119
392,0,290.7085013894154,692.174009274049,72.50198061040648,199.17663881524572,20.88501025907888
392,1,290.7085013894154,692.174009274049,100.18807411540448,369.4972493775894,22.89023454160515
392,2,290.7085013894154,692.174009274049,89.32508046998842,249.25911077445923,26.68951920672992
392,3,290.7085013894154,692.174009274049,76.00866817960029,192.6436269269975,27.563620590974672
392,4,290.7085013894154,692.174009274049,45.996984393833586,80.08955662059964,27.84861006380391
392,5,290.7085013894154,692.174009274049,62.18872911467453,107.29528468680695,23.772973719348123
392,6,290.7085013894154,692.174009274049,104.62814985473452,95.95704090668494,20.586803638488522
392,7,290.7085013894154,692.174009274049,100.0556250831734,163.7926694524542,14.532225253748901
392,8,290.7085013894154,692.174009274049,111.61031834784679,245.4313950242398,14.302171629787557
392,9,290.7085013894154,692.174009274049,59.99488291162112,241.53825836344515,11.929147733285424
392,10,290.7085013894154,692.174009274049,97.5716733434519,241.5430391615387,14.976921516230089
392,11,290.7085013894154,692.174009274049,143.73952721527095,263.87320504019067,15.632202701044827
393,0,395.2033688332865,633.0579702858056,95.96459981171034,329.74945894083254,18.939558106531926
393,1,395.2033688332865,633.0579702858056,161.042426452772,265.45206246829173,23.61509269416619
393,2,395.2033688332865,633.0579702858056,129.83269012180102,263.4922507174698,27.94705573829276
393,3,395.2033688332865,633.0579702858056,71.44596689996399,188.21745515350938,27.016898947010755
393,4,395.2033688332865,633.0579702858056,53.801621962238066,90.90680899354427,24.888685026047806
393,5,395.2033688332865,633.0579702858056,74.21473768114707,80.53882014913896,22.794334773085634
393,6,395.2033688332865,633.0579702858056,16.695809711351586,110.4147113673067,20.16537829057445
393,7,395.2033688332865,633.0579702858056,53.043055369458266,123.92555085064774,15.729761264892632
393,8,395.2033688332865,633.0579702858056,86.49379721076984,206.27124151562916,10.981816140358694
393,9,395.2033688332865,633.0579702858056,54.844275225038004,256.8458971215839,9.818077348156345
393,10,395.2033688332865,633.0579702858056,76.63280886311561,248.5798014518186,13.794124367413156
393,11,395.2033688332865,633.0579702858056,146.84295588824318,261.5964797107126,14.217297747573328
394,0,307.25373571391134,629.7025004110217,32.072309951275045,227.95310181808333,19.950194825279787
394,1,307.25373571391134,629.7025004110217,38.94629354588535,220.31566679057195,23.97095570851838
394,2,307.25373571391134,629.7025004110217,100.97807008143621,290.211833288894,27.240940099300452
394,3,307.25373571391134,629.7025004110217,202.72883926729287,161.25774607784018,28.514040052422875
394,4,307.25373571391134,629.7025004110217,95.52941883514178,95.7567298738151,27.049384742634153
394,5,307.25373571391134,629.7025004110217,146.0126206075074,64.34728902954893,22.916865558862156
394,6,307.25373571391134,629.7025004110217,86.99684663431626,111.14812463107427,21.091919400714836
394,7,307.25373571391134,629.7025004110217,149.48074323669204,119.72220170171309,14.457027610460006
394,8,307.25373571391134,629.7025004110217,135.04474801093335,230.3209029823875,13.915268363966792
394,9,307.25373571391134,629.7025004110217,98.52679168004872,308.52800673588575,10.853216949085915
394,10,307.25373571391134,629.7025004110217,89.76118106434612,295.1877909048834,13.157572125939984
394,11,307.25373571391134,629.7025004110217,85.1756073657723,228.29349097560385,14.931962907394457
395,0,328.310491892594,428.6741883002752,59.05135464855775,279.90796452469533,21.443645766082774
395,1,328.310491892594,428.6741883002752,88.10659340602692,270.51927027848507,23.570916450911938
395,2,328.310491892594,428.6741883002752,69.76528511863035,357.85243220627626,24.836954473647005
395,3,328.310491892594,428.6741883002752,71.18964502216403,190.761010475278,28.048464235160143
395,4,328.310491892594,428.6741883002752,46.19809004865729,93.0124839807181,27.105096260827125
395,5,328.310491892594,428.6741883002752,66.60985919505413,78.13964095671653,22.476131770805985
395,6,328.310491892594,428.6741883002752,127.16161707076654,122.27582017837662,19.292264174748652
395,7,328.310491892594,428.6741883002752,97.63053068462813,137.47089770455378,15.056173728035029
395,8,328.310491892594,428.6741883002752,34.246813021126215,243.1850572575994,13.64527963923239
395,9,328.310491892594,428.6741883002752,50.3575477995709,214.458245256523,12.862924093698599
395,10,328.310491892594,428.6741883002752,39.913524179229725,305.0827263934283,14.836593428671733
395,11,328.310491892594,428.6741883002752,41.15003794787091,230.31102180589056,15.845896455287475
396,0,384.82375627343055,714.249241976122,48.945481659064534,260.69251990977625,21.193971946561504
396,1,384.82375627343055,714.249241976122,58.41650556574322,315.4927139381093,25.94162459161385
396,2,384.82375627343055,714.249241976122,58.96908247645765,244.86956854313902,26.356375048284107
396,3,384.82375627343055,714.249241976122,72.91953596644215,215.28175627086543,27.634612925214302
396,4,384.82375627343055,714.249241976122,93.46655359586846,113.86211987219158,27.743228525266982
396,5,384.82375627343055,714.249241976122,131.57364857813695,93.13806045420431,22.60468978544208
396,6,384.82375627343055,714.249241976122,97.89160788545234,116.88382998117133,20.54795315834869
396,7,384.82375627343055,714.249241976122,145.25295420370554,132.4856559401087,17.89475987256986
396,8,384.82375627343055,714.249241976122,85.6611436497671,235.33884052231522,13.291794601289565
396,9,384.82375627343055,714.249241976122,138.13793606803895,262.3566664066123,10.76683665362114
396,10,384.82375627343055,714.249241976122,137.34479036348213,326.36730248843713,13.343844999398048
396,11,384.82375627343055,714.249241976122,76.01440599865654,287.483903322283,15.617599506768464
397,0,519.9445192455169,575.3458156721476,81.54133437366474,190.02920824660336,22.472275545034428
397,1,519.9445192455169,575.3458156721476,79.92575350749556,301.1264586936975,23.59370156483956
397,2,519.9445192455169,575.3458156721476,67.6973846124929,285.4012800914217,27.38199539549235
397,3,519.9445192455169,575.3458156721476,65.05792071984224,175.42842274875508,27.502022505112723
397,4,519.9445192455169,575.3458156721476,101.44531890900781,95.76827339804588,26.715839036268328
397,5,519.9445192455169,575.3458156721476,60.756627977719276,112.46539323420362,23.59438462968108
397,6,519.9445192455169,575.3458156721476,113.05317322887765,106.03134419812845,21.181341235728414
397,7,519.9445192455169,575.3458156721476,99.64909773195052,114.68253901797684,16.018593064790533
397,8,519.9445192455169,575.3458156721476,68.43874840744944,209.7031081205172,12.188920070843348
397,9,519.9445192455169,575.3458156721476,148.65274624141668,282.21231383170255,12.98602425653423
397,10,519.9445192455169,575.3458156721476,115.12900759750198,305.14553357213936,13.410235286957978
397,11,519.9445192455169,575.3458156721476,102.81378267445572,226.7071298005663,16.352919423344385
398,0,435.96805628442945,715.8139619236531,62.574494535121374,297.4827550578769,20.20809746408293
398,1,435.96805628442945,715.8139619236531,97.88677049495885,280.13735037428347,26.043712786943235
398,2,435.96805628442945,715.8139619236531,43.41091602852691,251.48200517798097,27.122035621776494
398,3,435.96805628442945,715.8139619236531,91.24122563076358,144.91632094640735,29.51029940923826
398,4,435.96805628442945,715.8139619236531,88.3701255126101,106.9490794680979,25.995275998801013
398,5,435.96805628442945,715.8139619236531,124.56999487962659,91.33671923003361,24.574417055588135
398,6,435.96805628442945,715.8139619236531,106.13097491030969,103.07185126212954,21.277730468990516
398,7,435.96805628442945,715.8139619236531,35.81483705399784,154.24899834140592,16.639095558960477
398,8,435.96805628442945,715.8139619236531,111.09993313629565,211.6075316728201,12.518952900044518
398,9,435.96805628442945,715.8139619236531,38.88051278010348,265.9814331689202,12.859970886973011
398,10,435.96805628442945,715.8139619236531,121.57147478454897,339.9112784854531,13.758978588468837
398,11,435.96805628442945,715.8139619236531,123.38655363440134,237.73044950530908,17.779698002587526
399,0,315.8113292736459,460.94598975365665,89.48840025625437,237.39468080697452,18.603984222305773
399,1,315.8113292736459,460.94598975365665,105.90448512734079,243.8925359881533,22.476986047806687
399,2,315.8113292736459,460.94598975365665,104.56306527817792,271.9740595418075,26.701089290612906
399,3,315.8113292736459,460.94598975365665,132.41766217750398,194.09537681845006,27.284061907783833
399,4,315.8113292736459,460.94598975365665,76.2007275651996,81.0254831674332,28.16664137214666
399,5,315.8113292736459,460.94598975365665,70.14488011636712,107.29070145914645,23.3805983053181
399,6,315.8113292736459,460.94598975365665,43.967411333215914,93.05341545359339,19.002860384988228
399,7,315.8113292736459,460.94598975365665,29.65290324408322,89.98336174073393,16.282032864276303
399,8,315.8113292736459,460.94598975365665,76.59375949630153,173.92411888303403,11.899970195462885
399,9,315.8113292736459,460.94598975365665,60.059916425048414,249.0677265533566,10.860699061563352
399,10,315.8113292736459,460.94598975365665,119.3598630851051,296.0810919288281,10.78225858431999
399,11,315.8113292736459,460.94598975365665,92.26801364975853,201.30175814132733,15.71529064845232
400,0,493.5437703256023,566.7525555521286,100.91833728754179,218.74549725880163,20.380142119478922
400,1,493.5437703256023,566.7525555521286,96.18639898997212,314.94542042449297,23.798872002817433
400,2,493.5437703256023,566.7525555521286,103.12698676322871,227.92224400620418,27.6208807286091
400,3,493.5437703256023,566.7525555521286,46.424846696277754,130.09491356356563,27.00781912684542
400,4,493.5437703256023,566.7525555521286,87.9002576579801,70.44480880280672,26.773351058845275
400,5,493.5437703256023,566.7525555521286,70.82325633967463,83.61033506368156,24.41259139317993
400,6,493.5437703256023,566.7525555521286,136.33756934475156,105.14622386674273,20.407213459374677
400,7,493.5437703256023,566.7525555521286,58.890526654288394,153.47595239405362,14.45680110698729
400,8,493.5437703256023,566.7525555521286,83.1604424423382,122.88397312080713,13.02289521989198
400,9,493.5437703256023,566.7525555521286,99.55112176475782,223.3507390628558,12.382509389255699
400,10,493.5437703256023,566.7525555521286,75.45890970649032,216.03713097265762,13.117616156252328
400,11,493.5437703256023,566.7525555521286,81.1738725636159,201.7575229682926,16.587323929053323
401,0,499.16116373762674,404.4003205431021,100.05023212530935,187.8171563751455,19.806176389371913
401,1,499.16116373762674,404.4003205431021,109.03615097917388,306.6315515052169,23.885558083283474
401,2,499.16116373762674,404.4003205431021,113.52924252745916,256.1208783652682,26.71817343646922
401,3,499.16116373762674,404.4003205431021,109.44181602197025,204.2546692369811,28.697195347545335
401,4,499.16116373762674,404.4003205431021,95.77093805798322,97.1629855913238,27.79725973891978
401,5,499.16116373762674,404.4003205431021,143.18175325397758,97.12137434123466,23.62253534003809
401,6,499.16116373762674,404.4003205431021,40.779829841956854,134.93523122135701,18.450713695826273
401,7,499.16116373762674,404.4003205431021,124.39997212323459,142.13236671743545,16.357367456574515
401,8,499.16116373762674,404.4003205431021,81.74732311308212,188.35080356560357,12.973894982687558
401,9,499.16116373762674,404.4003205431021,142.38493437022876,283.86226744623326,12.947313901279793
401,10,499.16116373762674,404.4003205431021,95.74829289316392,316.7400594782378,13.325309053855433
401,11,499.16116373762674,404.4003205431021,43.38667109952187,188.343418471702,17.066974502888222
402,0,441.8724009644603,562.1024184857442,87.89703287475648,262.6150178059256,21.0923879937088
402,1,441.8724009644603,562.1024184857442,62.60149498565842,283.55813193443714,25.32914057416216
402,2,441.8724009644603,562.1024184857442,126.44656847414473,263.21524888658274,28.481840698798667
402,3,441.8724009644603,562.1024184857442,97.26592687956882,174.4811970061521,28.464449593163582
402,4,441.8724009644603,562.1024184857442,101.97661538015814,80.40704141498773,25.893099846816003
402,5,441.8724009644603,562.1024184857442,118.78237845379982,100.24898642116823,24.604917291999598
402,6,441.8724009644603,562.1024184857442,112.1671177153107,87.62469535529765,19.861780220269576
402,7,441.8724009644603,562.1024184857442,133.1405626277786,138.5310386535428,16.529541288008584
402,8,441.8724009644603,562.1024184857442,104.93395413198982,232.52068547739307,11.126169115922828
402,9,441.8724009644603,562.1024184857442,102.03705806079557,222.17494322771591,11.585251982496512
402,10,441.8724009644603,562.1024184857442,107.19646910249581,298.0116196226758,13.883155009223678
402,11,441.8724009644603,562.1024184857442,115.48540763249406,235.32540096539907,14.70931174871372
403,0,301.6635657894519,806.9754660211405,94.13404005805073,270.4197959219946,20.098171919979574
403,1,301.6635657894519,806.9754660211405,0.0,263.12722399546016,24.85261267979095
403,2,301.6635657894519,806.9754660211405,101.59821009899578,327.0605818944597,28.21636434408835
403,3,301.6635657894519,806.9754660211405,168.55509202691746,206.19770375935943,29.618298830834252
403,4,301.6635657894519,806.9754660211405,85.52424049250803,76.83625357844808,25.101742263256018
403,5,301.6635657894519,806.9754660211405,91.76019628166465,67.66763381160793,23.09824342901851
403,6,301.6635657894519,806.9754660211405,80.12785925905189,84.32302010500838,20.389735762336606
403,7,301.6635657894519,806.9754660211405,103.0397032793438,112.14944085658699,15.812156214480293
403,8,301.6635657894519,806.9754660211405,77.46936547088283,161.94165200137306,12.568278151032596
403,9,301.6635657894519,806.9754660211405,146.093410163463,262.750614093244,12.309438981631164
403,10,301.6635657894519,806.9754660211405,107.22581149227169,276.23481840155233,13.348841538915785
403,11,301.6635657894519,806.9754660211405,109.73720869491645,251.32629993167996,15.394813746791561
404,0,377.95633788049605,511.4864620873042,131.85568737115636,235.0900279844787,19.523333839494565
404,1,377.95633788049605,511.4864620873042,119.82424772555169,280.33209312916296,24.659527070028787
404,2,377.95633788049605,511.4864620873042,66.5045346215598,277.9729851167492,25.83813490771262
404,3,377.95633788049605,511.4864620873042,101.81305204543006,186.77820558308844,26.4687849861055
404,4,377.95633788049605,511.4864620873042,94.69108078309246,88.89428047614693,28.9043108244048
404,5,377.95633788049605,511.4864620873042,92.69335379736525,95.68298058015799,24.19023054121035
404,6,377.95633788049605,511.4864620873042,58.73220342262812,118.68898309980307,19.260285812103383
404,7,377.95633788049605,511.4864620873042,111.32483096735595,107.93678169879169,15.869393484351164
404,8,377.95633788049605,511.4864620873042,48.546569703575685,205.71956741650865,15.322310667380698
404,9,377.95633788049605,511.4864620873042,183.2970249859942,306.57190722869035,11.04345287648587
404,10,377.95633788049605,511.4864620873042,91.23607369793379,264.20051235586516,12.507399366688738
404,11,377.95633788049605,511.4864620873042,87.99384187787763,252.9753955656083,16.784571464235817
405,0,529.0201349970773,546.077304018954,92.32900506265065,240.98730484971531,18.87279928985563
405,1,529.0201349970773,546.077304018954,136.5580656726778,270.17917991570846,23.70526340946865
405,2,529.0201349970773,546.077304018954,66.78039773958537,192.46402330430104,28.106925453509785
405,3,529.0201349970773,546.077304018954,92.08804732075545,179.01616719014726,27.368297180601456
405,4,529.0201349970773,546.077304018954,88.08246737446554,101.61668918460272,28.67235425947895
405,5,529.0201349970773,546.077304018954,93.65315802864602,85.8105027670152,22.314341239486964
405,6,529.0201349970773,546.077304018954,87.00286412075732,88.45318504458977,18.112932237237995
405,7,529.0201349970773,546.077304018954,115.89603564195188,112.82783410415448,16.724353715612608
405,8,529.0201349970773,546.077304018954,110.19901133219915,145.05911666244162,11.900843326158995
405,9,529.0201349970773,546.077304018954,111.41009120692816,312.4228184260894,11.850532748968325
405,10,529.0201349970773,546.077304018954,123.7224028153982,274.7108475593699,14.0874201230055
405,11,529.0201349970773,546.077304018954,90.081412084399,223.6916877041256,15.984544150971132
406,0,448.75976609963067,540.5869319555463,113.20768988039234,254.9063259779331,20.7699903453046
406,1,448.75976609963067,540.5869319555463,81.54351948478967,365.65109399022697,24.308435815903117
406,2,448.75976609963067,540.5869319555463,42.03452563073252,240.03014375906173,26.99973902780338
406,3,448.75976609963067,540.5869319555463,90.90379551442392,171.1465644708247,28.041749989777422
406,4,448.75976609963067,540.5869319555463,101.50139750859245,105.65358133846546,26.764258969060137
406,5,448.75976609963067,540.5869319555463,85.7947593877869,70.70214868527857,24.536744480105092
406,6,448.75976609963067,540.5869319555463,72.76973475972159,71.5808325015647,18.67900095813031
406,7,448.75976609963067,540.5869319555463,76.58259764698532,86.15081979989576,15.90414213006651
406,8,448.75976609963067,540.5869319555463,75.0729991383479,191.4219272053783,12.24148270361166
406,9,448.75976609963067,540.5869319555463,73.89842267020916,247.87064761173943,11.54441493899183
406,10,448.75976609963067,540.5869319555463,120.87255112129463,299.78545580256844,13.648536147662396
406,11,448.75976609963067,540.5869319555463,81.73940422782987,214.74712393772108,17.0207022873084
407,0,486.1500233448255,637.5302392090183,82.46774638058181,253.1282781114657,21.532267114813195
407,1,486.1500233448255,637.5302392090183,88.51732139628415,327.89240091711844,23.534622736018676
407,2,486.1500233448255,637.5302392090183,96.94995054222395,293.6249284188363,25.710324148131797
407,3,486.1500233448255,637.5302392090183,111.22931654736495,185.7690989054004,29.053699110211856
407,4,486.1500233448255,637.5302392090183,8.208815249165568,100.0428360529129,27.20867464589608
407,5,486.1500233448255,637.5302392090183,84.59333613661717,73.66562330313677,23.151566972071482
407,6,486.1500233448255,637.5302392090183,132.41952522370673,109.22482956482365,21.236387836441914
407,7,486.1500233448255,637.5302392090183,69.5160262048291,109.75831593171573,16.06337253768255
407,8,486.1500233448255,637.5302392090183,135.30094252780492,201.6000503094457,12.077670415533985
407,9,486.1500233448255,637.5302392090183,106.58103417099623,304.7590965255272,12.897501617959714
407,10,486.1500233448255,637.5302392090183,122.49054506317081,234.77783502685563,15.233297471103475
407,11,486.1500233448255,637.5302392090183,43.30439725127833,243.18024026625645,15.922535676803053
408,0,602.4254704398121,476.6465139808324,97.41027323536507,310.61680261362983,18.979183073505077
408,1,602.4254704398121,476.6465139808324,91.19299185016577,260.043734283875,22.922054046520945
408,2,602.4254704398121,476.6465139808324,100.45160438079583,291.6400636775255,26.19767543098798
408,3,602.4254704398121,476.6465139808324,115.16555491061197,178.3370944261607,28.379982060122575
408,4,602.4254704398121,476.6465139808324,123.28264666931335,96.27731894255625,27.8569413533506
408,5,602.4254704398121,476.6465139808324,117.45991691626615,67.63336007461106,24.328625076431123
408,6,602.4254704398121,476.6465139808324,79.03007751091195,114.97746788745044,17.507529328940876
408,7,602.4254704398121,476.6465139808324,101.73083447431227,144.40593574520366,16.5013400319231
408,8,602.4254704398121,476.6465139808324,130.5826467059925,232.25992064391727,12.44024136039199
408,9,602.4254704398121,476.6465139808324,122.3728085019389,181.54105635723423,12.111689971034117
408,10,602.4254704398121,476.6465139808324,97.63228445895807,316.74388169763847,15.185771189000064
408,11,602.4254704398121,476.6465139808324,63.14036773539239,340.3365706034104,13.571388991826597
409,0,398.0491091571227,536.8305900918537,36.64301929100325,235.22724519341926,17.621981370526466
409,1,398.0491091571227,536.8305900918537,49.538016765740736,328.3510193753776,24.069976731590007
409,2,398.0491091571227,536.8305900918537,62.672938432218615,260.7660757506486,27.921218347414175
409,3,398.0491091571227,536.8305900918537,61.094100907324616,163.99901397964808,27.9503818758976
409,4,398.0491091571227,536.8305900918537,105.63361753173419,85.18149078880622,27.495760232992595
409,5,398.0491091571227,536.8305900918537,77.69372543533149,92.10124872840385,23.176173820872435
409,6,398.0491091571227,536.8305900918537,96.97309096931099,105.51276016890424,20.472694936873623
409,7,398.0491091571227,536.8305900918537,98.33707373216346,115.38277869610872,17.03052767612386
409,8,398.0491091571227,536.8305900918537,68.3096003308659,169.84874019451922,12.425469808936503
409,9,398.0491091571227,536.8305900918537,94.57393321057938,236.24047265605452,11.942976366719176
409,10,398.0491091571227,536.8305900918537,75.72803503747774,299.81554142460647,11.927782040890175
409,11,398.0491091571227,536.8305900918537,136.00383137322456,239.43478050224564,15.9058861613911
410,0,572.9191966437012,434.9318683767166,76.19573801758114,210.30846374037037,21.977911583758097
410,1,572.9191966437012,434.9318683767166,93.34944816243853,245.31553431443788,24.780506306790592
410,2,572.9191966437012,434.9318683767166,86.04215095098947,257.34453091947944,26.64664006398613
410,3,572.9191966437012,434.9318683767166,122.29204888519953,212.58139401070295,28.487180144551882
410,4,572.9191966437012,434.9318683767166,95.72134706805532,123.67441608457499,26.00211315214613
410,5,572.9191966437012,434.9318683767166,118.532807951997,85.33594397327468,23.83076850867127
410,6,572.9191966437012,434.9318683767166,96.35127116140599,118.77848660365031,20.597644397380737
410,7,572.9191966437012,434.9318683767166,110.14135028247783,147.75527662096889,15.471766292897401
410,8,572.9191966437012,434.9318683767166,68.56298564166312,136.88914694115545,12.348831376634521
410,9,572.9191966437012,434.9318683767166,72.96734491886087,290.0216473498164,13.108496782180733
410,10,572.9191966437012,434.9318683767166,132.7252796940458,318.7545059808523,12.024046920117433
410,11,572.9191966437012,434.9318683767166,74.91079011748938,227.970315280383,17.0599101959165
411,0,427.4725972902492,924.5900627526863,74.79977428649492,307.01466567924217,20.941334238459557
411,1,427.4725972902492,924.5900627526863,94.89629855284065,240.62596072629532,23.88009025562723
411,2,427.4725972902492,924.5900627526863,83.55065802753268,239.00396970201675,26.364748475225955
411,3,427.4725972902492,924.5900627526863,96.52368823790462,191.29458993680495,27.29948007146671
411,4,427.4725972902492,924.5900627526863,120.8786856805212,81.30660055108854,26.780688673126647
411,5,427.4725972902492,924.5900627526863,41.218551539405496,65.2178933105421,23.90934989825509
411,6,427.4725972902492,924.5900627526863,57.06610905869174,84.42997728601264,20.078888633820835
411,7,427.4725972902492,924.5900627526863,61.78969936914024,143.12773643661043,16.938073241418834
411,8,427.4725972902492,924.5900627526863,138.8823297601465,214.6035496474644,13.784129005810728
411,9,427.4725972902492,924.5900627526863,106.73289597928118,212.70042880330848,12.689612993444138
411,10,427.4725972902492,924.5900627526863,142.9743856511294,245.81447158637408,12.410149476523742
411,11,427.4725972902492,924.5900627526863,100.73512274652244,263.1947641129734,16.786150923656155
412,0,481.48616259097975,521.6820357930957,91.17965026454488,247.94391068352044,19.542331386339843
412,1,481.48616259097975,521.6820357930957,57.156585147653594,272.6587416259334,24.181080912376423
412,2,481.48616259097975,521.6820357930957,95.10623087963134,235.54366241418944,27.468307847900675
412,3,481.48616259097975,521.6820357930957,21.030835087634728,203.27983737594806,28.27143802905274
412,4,481.48616259097975,521.6820357930957,117.77647368826109,84.9998587181895,29.782292097535496
412,5,481.48616259097975,521.6820357930957,158.16138673679492,102.74877412456179,21.584013873988777
412,6,481.48616259097975,521.6820357930957,137.2178590979729,112.1999633259781,19.55529615893647
412,7,481.48616259097975,521.6820357930957,59.0145786597155,149.39537203136035,15.293453546683708
412,8,481.48616259097975,521.6820357930957,99.19737373400913,259.1474911674889,11.339671974354141
412,9,481.48616259097975,521.6820357930957,107.19834733382758,207.21440458297113,10.378290601765736
412,10,481.48616259097975,521.6820357930957,110.33891462844042,253.37642633447382,12.62512837032812
412,11,481.48616259097975,521.6820357930957,95.92768486772738,256.4292122556501,15.913241739240371
413,0,305.26228323303326,571.6110651409663,73.91706554426078,243.38150387791447,20.573093044228788
413,1,305.26228323303326,571.6110651409663,38.46610654672091,266.7899505173996,23.419279560832262
413,2,305.26228323303326,571.6110651409663,111.81483658522708,239.67436670754222,26.860765739457644
413,3,305.26228323303326,571.6110651409663,101.42240009783224,148.62960959371006,27.62095932031461
413,4,305.26228323303326,571.6110651409663,84.39350071957745,85.26235504380408,26.244556611530186
413,5,305.26228323303326,571.6110651409663,75.07267164235981,86.90299108390579,24.822529837271016
413,6,305.26228323303326,571.6110651409663,75.52291265697157,108.08460237481083,20.366692971177308
413,7,305.26228323303326,571.6110651409663,89.39702926206581,133.98095499577633,17.614021967594336
413,8,305.26228323303326,571.6110651409663,128.84942811569073,245.31148160842992,15.509394152978611
413,9,305.26228323303326,571.6110651409663,52.30202646191142,264.68213782024753,12.63283145809316
413,10,305.26228323303326,571.6110651409663,38.059906900625904,327.177480796317,12.064886338644557
413,11,305.26228323303326,571.6110651409663,114.90092320260042,236.8327725998215,17.20860288158728
414,0,468.03243371991255,450.04169831953294,66.7799850207548,209.18151465962038,18.67221465071794
414,1,468.03243371991255,450.04169831953294,87.28549155869374,230.3589624582293,22.76989863422656
414,2,468.03243371991255,450.04169831953294,98.39760830099867,258.86522120028695,26.496234291194348
414,3,468.03243371991255,450.04169831953294,71.6567776063854,203.27398586668585,28.12446079120364
414,4,468.03243371991255,450.04169831953294,80.90549701822404,94.0539781830974,26.136429815687073
414,5,468.03243371991255,450.04169831953294,84.78710152690313,93.36352194606047,24.61811433014733
414,6,468.03243371991255,450.04169831953294,107.0712125045833,108.01153483555667,22.491890351743958
414,7,468.03243371991255,450.04169831953294,91.13662075719833,118.41995861985225,17.056524514788627
414,8,468.03243371991255,450.04169831953294,105.36773050004135,190.45385469160482,12.724240910133677
414,9,468.03243371991255,450.04169831953294,99.66885294099701,233.9783216458415,11.805269979153383
414,10,468.03243371991255,450.04169831953294,75.24645282779737,361.7606616603944,13.582873614489182
414,11,468.03243371991255,450.04169831953294,46.208521075624425,284.3597381597101,16.239527875810385
415,0,320.7395077931265,601.7147642569138,69.96157599630504,208.89083270308177,20.040661967067308
415,1,320.7395077931265,601.7147642569138,63.298480044066594,271.56313322952855,22.56305680320822
415,2,320.7395077931265,601.7147642569138,103.36799507151133,232.00005101492513,27.64387995410209
415,3,320.7395077931265,601.7147642569138,89.87120194895246,186.0866573082137,27.549861507220136
415,4,320.7395077931265,601.7147642569138,101.83193507496199,129.13077630929024,27.3051438329748
415,5,320.7395077931265,601.7147642569138,126.53848536780805,94.31114792202818,25.233677636248594
415,6,320.7395077931265,601.7147642569138,125.83068974159093,94.15238032269868,21.85432111212674
415,7,320.7395077931265,601.7147642569138,76.68793138931474,117.95498037569888,13.271619386199946
415,8,320.7395077931265,601.7147642569138,69.62433285003355,226.64585205800964,14.284737132253412
415,9,320.7395077931265,601.7147642569138,48.38780009592635,154.0543712523652,11.708615789500195
415,10,320.7395077931265,601.7147642569138,91.31357089813584,263.59788084194633,13.473465159548379
415,11,320.7395077931265,601.7147642569138,121.09415573010642,305.4684873747359,15.875841828245596
416,0,287.37208116886876,560.3143336709759,116.70462931714377,290.5969911080579,19.827461473951658
416,1,287.37208116886876,560.3143336709759,56.277316072731836,319.9107555328979,23.028079932546095
416,2,287.37208116886876,560.3143336709759,107.41904944657213,276.07148932046607,28.0065726150533
416,3,287.37208116886876,560.3143336709759,80.98575822898266,162.67234147432117,28.200227144788624
416,4,287.37208116886876,560.3143336709759,124.1441390415205,108.8131464364851,25.325427151836248
416,5,287.37208116886876,560.3143336709759,115.73047470388357,105.18715172760481,23.689333030530516
416,6,287.37208116886876,560.3143336709759,104.71617216159541,106.66307573455427,19.406301267853053
416,7,287.37208116886876,560.3143336709759,103.51227607349492,148.0427330195228,15.420914893231858
416,8,287.37208116886876,560.3143336709759,69.07358520489637,184.789801423476,12.909536066669826
416,9,287.37208116886876,560.3143336709759,120.46063746198642,232.74190406310174,13.220739724526247
416,10,287.37208116886876,560.3143336709759,38.128285197978315,287.5245399587335,13.292689859489851
416,11,287.37208116886876,560.3143336709759,81.34787364642195,251.36635715670994,17.094043895040627
417,0,354.6814261584201,360.94989335144294,80.49687783902785,264.58929836325274,21.252798214638997
417,1,354.6814261584201,360.94989335144294,108.79582005767224,262.9349104971573,23.03907148329821
417,2,354.6814261584201,360.94989335144294,60.51215159112673,265.90222976296553,27.46314523475265
417,3,354.6814261584201,360.94989335144294,48.11783210054146,190.06104059730197,27.208220804512372
417,4,354.6814261584201,360.94989335144294,113.43900043415763,83.90058782126242,26.225235951833152
417,5,354.6814261584201,360.94989335144294,45.7822902138803,95.08320176426638,24.139738158684082
417,6,354.6814261584201,360.94989335144294,131.64180915965662,119.80824805889196,18.750333206005397
417,7,354.6814261584201,360.94989335144294,52.06956945262374,146.41902882428025,16.181450003747518
417,8,354.6814261584201,360.94989335144294,76.9715386390974,206.87536998451014,13.469000890087374
417,9,354.6814261584201,360.94989335144294,43.22771030863316,259.5069232873001,12.372559579963953
417,10,354.6814261584201,360.94989335144294,108.80242376965515,351.71702526053315,12.10235466902412
417,11,354.6814261584201,360.94989335144294,92.5512077143492,141.55132789489105,16.152549937821618
418,0,424.9748577851075,942.7710617120076,126.6102799779841,208.13549158536267,20.45169372396406
418,1,424.9748577851075,942.7710617120076,60.51562055227305,300.0506323628606,22.928049082650567
418,2,424.9748577851075,942.7710617120076,112.44895977812247,300.87901269035467,27.624511235258517
418,3,424.9748577851075,942.7710617120076,146.487384400175,172.64172928717545,28.203343485898998
418,4,424.9748577851075,942.7710617120076,108.9156951852246,116.96730832296028,28.826767044929312
418,5,424.9748577851075,942.7710617120076,69.73531394211719,90.84910860234253,23.59572474361072
418,6,424.9748577851075,942.7710617120076,93.25347077203494,86.31314184745953,20.535308609193788
418,7,424.9748577851075,942.7710617120076,113.69982920553808,100.34566389849238,17.562437753139402
418,8,424.9748577851075,942.7710617120076,149.1025812877426,214.76359116426846,14.352899182235667
418,9,424.9748577851075,942.7710617120076,75.4821764108756,254.29016709574742,13.53543384580579
418,10,424.9748577851075,942.7710617120076,69.42283366992797,290.98933950453556,13.340324923247142
418,11,424.9748577851075,942.7710617120076,63.13697660838398,264.0975515700183,15.480092179316333
419,0,322.7527324379269,544.7250202381937,77.45777672451457,207.7704949802753,22.44167182580594
419,1,322.7527324379269,544.7250202381937,109.28369762530257,271.9820103938698,23.821698930562533
419,2,322.7527324379269,544.7250202381937,94.2715185648121,246.1725202562182,27.076954091657573
419,3,322.7527324379269,544.7250202381937,66.04870593282129,143.52620285734076,28.529440440241796
419,4,322.7527324379269,544.7250202381937,143.76895765822235,62.3789610642087,27.713919092099353
419,5,322.7527324379269,544.7250202381937,64.71227064204275,99.0932234124688,23.06048088390359
419,6,322.7527324379269,544.7250202381937,92.63354198718125,106.14159395305545,20.363609788497637
419,7,322.7527324379269,544.7250202381937,110.60988156996929,103.40251140059523,15.623078086697847
419,8,322.7527324379269,544.7250202381937,101.61246277306083,193.76228465318044,14.667745045954565
419,9,322.7527324379269,544.7250202381937,47.82214073700411,369.1641564035553,12.889989988885722
419,10,322.7527324379269,544.7250202381937,97.88833005201212,261.74736520230834,13.409486731835434
419,11,322.7527324379269,544.7250202381937,72.06098713079248,239.91746848384554,17.664557889999248
420,0,345.11830143173063,546.6174787489558,119.06635827976358,266.32518921380506,21.052431907632013
420,1,345.11830143173063,546.6174787489558,78.83514157927911,297.1971967774936,24.959772081679816
420,2,345.11830143173063,546.6174787489558,105.71099523129065,210.83856692032487,24.119216801552373
420,3,345.11830143173063,546.6174787489558,72.50540765036288,170.5466295758306,27.816897896869463
420,4,345.11830143173063,546.6174787489558,105.09666979985485,105.03792728607024,27.044458767735474
420,5,345.11830143173063,546.6174787489558,122.04493089080793,45.628894170094014,23.77580225747608
420,6,345.11830143173063,546.6174787489558,96.31369802741716,92.32615600628064,18.86025272112327
420,7,345.11830143173063,546.6174787489558,110.00082111194348,133.5283280016089,16.6418371778041
420,8,345.11830143173063,546.6174787489558,122.0853908661345,203.32814185977938,13.882684369599597
420,9,345.11830143173063,546.6174787489558,90.97950292938997,238.37050400740182,11.888814173299972
420,10,345.11830143173063,546.6174787489558,63.21770373074998,307.3595080204322,12.876593836200167
420,11,345.11830143173063,546.6174787489558,128.71398250275485,258.60411089075683,16.11453729383183
421,0,360.4241019071329,687.3860711962421,59.70782609497412,184.6629383568655,18.532946835350256
421,1,360.4241019071329,687.3860711962421,98.79767935916264,270.68459109445695,24.50591869527505
421,2,360.4241019071329,687.3860711962421,104.5337240274977,202.7532955820288,28.60953622099502
421,3,360.4241019071329,687.3860711962421,82.42739214578773,183.2518565013217,28.490923254534287
421,4,360.4241019071329,687.3860711962421,91.00468748561013,88.79073553087602,26.2132249197473
421,5,360.4241019071329,687.3860711962421,90.33686247696001,83.90017873963261,24.893193238956865
421,6,360.4241019071329,687.3860711962421,56.96263929442273,117.06512256350048,20.936154138778658
421,7,360.4241019071329,687.3860711962421,126.99338378135904,81.25626711312172,14.054086643611468
421,8,360.4241019071329,687.3860711962421,63.32282374541221,236.39806701375824,13.995429457207305
421,9,360.4241019071329,687.3860711962421,87.81379525177566,233.08710279094217,9.943031743645422
421,10,360.4241019071329,687.3860711962421,101.97577320528232,281.54938571675405,12.427374741867814
421,11,360.4241019071329,687.3860711962421,90.98483319410859,307.9831577097057,15.80977893678758
422,0,525.792019132143,345.64194952107096,102.62545966865878,229.0720020383327,20.7333959881778
422,1,525.792019132143,345.64194952107096,39.755939356698406,271.26996932153384,23.863926627679604
422,2,525.792019132143,345.64194952107096,51.21170843936926,359.542464928213,24.919940186461133
422,3,525.792019132143,345.64194952107096,52.96716309687622,145.45258229851547,28.89674601749933
422,4,525.792019132143,345.64194952107096,91.32048830503179,124.09914716540386,26.650530722779806
422,5,525.792019132143,345.64194952107096,98.42338518418613,104.62872089041285,21.960501566676594
422,6,525.792019132143,345.64194952107096,100.46753819753671,71.79398948916746,21.239357807588917
422,7,525.792019132143,345.64194952107096,146.38296604974016,104.1420312863356,16.21377433003965
422,8,525.792019132143,345.64194952107096,76.06830419769139,206.2968931517544,13.198071055259142
422,9,525.792019132143,345.64194952107096,104.28999955250382,265.59646602628305,12.298100453406928
422,10,525.792019132143,345.64194952107096,56.628761782431965,276.760452368165,13.279257227063328
422,11,525.792019132143,345.64194952107096,128.2045542273203,271.1539709572803,17.18611301062546
423,0,577.0580130850758,571.9907425669744,62.19280271590709,235.07066675280146,19.733151099949822
423,1,577.0580130850758,571.9907425669744,83.47191574295458,255.35094334590562,22.76959177613318
423,2,577.0580130850758,571.9907425669744,94.66207471175811,262.1613133881905,27.504268195857215
423,3,577.0580130850758,571.9907425669744,128.17620533035353,181.2573710020895,27.547509662556283
423,4,577.0580130850758,571.9907425669744,97.22501402616837,90.49037361304379,27.683568651626516
423,5,577.0580130850758,571.9907425669744,114.22122595562922,99.29767178909529,24.295234325867757
423,6,577.0580130850758,571.9907425669744,118.22936779258977,113.4172947741091,19.695292460989887
423,7,577.0580130850758,571.9907425669744,69.6115789060939,94.56413253302193,15.352259635480145
423,8,577.0580130850758,571.9907425669744,116.06450687141839,201.84210149745408,14.61960183868311
423,9,577.0580130850758,571.9907425669744,94.53354428676683,292.08485876677923,11.449891749622365
423,10,577.0580130850758,571.9907425669744,183.0722696255661,307.7215979613982,12.225423368818026
423,11,577.0580130850758,571.9907425669744,109.81379186881392,262.8210395663509,15.129682948548357
424,0,501.36030157786615,439.7936834183598,102.94817266530848,223.8716175225145,20.55779573769836
424,1,501.36030157786615,439.7936834183598,66.40020709160234,262.3701373720073,24.300193268949997
424,2,501.36030157786615,439.7936834183598,79.76414571828221,326.2256853443315,26.45794236061012
424,3,501.36030157786615,439.7936834183598,21.58609730618808,192.9702939423957,28.307721539000035
424,4,501.36030157786615,439.7936834183598,97.59642651296006,105.16859004289087,26.50737786342175
424,5,501.36030157786615,439.7936834183598,111.59220243699659,69.01410483177264,24.46441999336855
424,6,501.36030157786615,439.7936834183598,20.237626764266693,92.32648666436418,20.751680474545253
424,7,501.36030157786615,439.7936834183598,119.06625478331456,123.0521647531105,17.522940682797778
424,8,501.36030157786615,439.7936834183598,21.75276873480948,211.50360339237372,13.462274621287962
424,9,501.36030157786615,439.7936834183598,88.27394784231178,287.27597856265317,11.824043109388827
424,10,501.36030157786615,439.7936834183598,105.06017736141781,312.1682324472588,12.704051080241735
424,11,501.36030157786615,439.7936834183598,88.83905692745542,266.8377318825646,14.667162891036842
425,0,418.1973565226687,508.5055005568578,95.57143869207225,216.18325615070628,19.660396568030016
425,1,418.1973565226687,508.5055005568578,103.40070955932546,223.40172097508906,22.890519851347733
425,2,418.1973565226687,508.5055005568578,54.10139174273986,241.15328425809727,26.570076844873384
425,3,418.1973565226687,508.5055005568578,88.81386340262999,173.81936013963144,27.59681990740741
425,4,418.1973565226687,508.5055005568578,102.65016627497016,80.95520469699893,26.37475607419683
425,5,418.1973565226687,508.5055005568578,16.876886265864243,85.99390377948636,23.198517186350113
425,6,418.1973565226687,508.5055005568578,56.939701811344854,79.20022173703725,19.80785765923707
425,7,418.1973565226687,508.5055005568578,0.0,157.88812564887388,16.09644601612167
425,8,418.1973565226687,508.5055005568578,106.78568903819871,237.26797153555032,14.157695610635237
425,9,418.1973565226687,508.5055005568578,127.00385296370044,229.18778106399776,12.210341219448008
425,10,418.1973565226687,508.5055005568578,97.79259605006145,322.07401435855576,13.79567120624375
425,11,418.1973565226687,508.5055005568578,95.45864910665617,271.22761307683686,14.634401553259544
426,0,380.6100467747817,536.7050927105698,48.302448529835246,276.8413542692917,21.762139349043164
426,1,380.6100467747817,536.7050927105698,137.43525189085327,254.2941452416925,24.29262882309251
426,2,380.6100467747817,536.7050927105698,110.002777239203,263.3687156944134,27.3748179163341
426,3,380.6100467747817,536.7050927105698,122.04514926363265,193.87131389375253,29.062498355296217
426,4,380.6100467747817,536.7050927105698,114.15618385285603,76.7533484059911,27.9031656283777
426,5,380.6100467747817,536.7050927105698,48.99577555269719,76.20249562240458,24.768614960851227
426,6,380.6100467747817,536.7050927105698,93.75554281757644,74.07876145005837,19.678498124309108
426,7,380.6100467747817,536.7050927105698,105.20574920987097,133.8206177996806,16.24069008589261
426,8,380.6100467747817,536.7050927105698,122.5655546423935,239.70095515375905,13.105993995123027
426,9,380.6100467747817,536.7050927105698,96.80508648244349,329.5268659856613,11.570858168343198
426,10,380.6100467747817,536.7050927105698,67.2187463496272,298.2874745144917,13.219031477056845
426,11,380.6100467747817,536.7050927105698,128.51324032468187,291.14576398533353,16.47191991809711
427,0,406.12665309425546,298.65861774226767,67.84359484841579,222.79727745504974,21.2170673633778
427,1,406.12665309425546,298.65861774226767,122.5724744148284,269.12942460944424,23.650196779743364
427,2,406.12665309425546,298.65861774226767,90.92964673402757,243.69230682171622,27.968416047865393
427,3,406.12665309425546,298.65861774226767,124.15307221405578,211.79284201734316,28.441889553244682
427,4,406.12665309425546,298.65861774226767,85.0504062101443,95.15153636624525,27.12077312306946
427,5,406.12665309425546,298.65861774226767,60.21226218834855,103.0108451465689,24.87611402466119
427,6,406.12665309425546,298.65861774226767,105.76587924511902,100.87808698187133,22.374309891909906
427,7,406.12665309425546,298.65861774226767,103.73425400368316,135.12975730439504,15.737111269800291
427,8,406.12665309425546,298.65861774226767,116.11752371049843,216.3893753400035,13.358686333995442
427,9,406.12665309425546,298.65861774226767,138.33190193616764,236.38816323206962,11.04531568524814
427,10,406.12665309425546,298.65861774226767,83.06141424124532,222.22854951714356,12.156758509495491
427,11,406.12665309425546,298.65861774226767,116.72171749121418,315.1749279922144,14.755833180087079
428,0,499.3147436160412,527.4691615747303,94.86805479975109,252.51157462936035,19.279835034705314
428,1,499.3147436160412,527.4691615747303,101.6465661422853,219.5406941077494,24.55146656537532
428,2,499.3147436160412,527.4691615747303,139.33383588992425,237.06209272500243,26.396930400287463
428,3,499.3147436160412,527.4691615747303,96.16166019910587,132.4338547770292,28.253717455236043
428,4,499.3147436160412,527.4691615747303,132.68448170029328,80.38888879149063,27.3656504067051
428,5,499.3147436160412,527.4691615747303,61.02114593479311,78.14477838733372,23.224348690167574
428,6,499.3147436160412,527.4691615747303,119.61223344061275,84.69517049665886,21.015429083602708
428,7,499.3147436160412,527.4691615747303,96.39921699145619,118.89058401512908,14.427809931147067
428,8,499.3147436160412,527.4691615747303,96.2677109282894,209.69290449933894,12.572932115765934
428,9,499.3147436160412,527.4691615747303,131.70387049380503,250.84819552789443,10.741904444862595
428,10,499.3147436160412,527.4691615747303,75.73494600934266,191.40233962578796,14.609397780666585
428,11,499.3147436160412,527.4691615747303,114.3725902916861,227.2953731880011,16.46716996043248
429,0,568.1326420740133,623.9261701704102,93.67462181855136,235.9663480141052,19.825144768681007
429,1,568.1326420740133,623.9261701704102,29.423206295375174,208.2628923596674,23.49432265251579
429,2,568.1326420740133,623.9261701704102,122.53832998951319,304.23008861195194,26.213482857740054
429,3,568.1326420740133,623.9261701704102,62.27184700603214,159.76129497468418,27.96362018705901
429,4,568.1326420740133,623.9261701704102,96.29250800927218,108.99088491698943,25.61660741435938
429,5,568.1326420740133,623.9261701704102,118.99644444432384,99.24383122534901,24.574033837322066
429,6,568.1326420740133,623.9261701704102,85.14823006623567,100.16540960512921,21.5497838639115
429,7,568.1326420740133,623.9261701704102,89.55977416023184,131.6330850321732,15.263499414667155
429,8,568.1326420740133,623.9261701704102,52.164700765780324,184.62425645756412,10.744415728268022
429,9,568.1326420740133,623.9261701704102,103.89489861228559,276.7515579211719,11.741236601815094
429,10,568.1326420740133,623.9261701704102,162.6096642048589,245.2279643441338,12.50881170458526
429,11,568.1326420740133,623.9261701704102,108.43057506453835,264.67548990495305,15.861650804951548
430,0,253.12583050774654,474.64235894560284,80.85466253979695,210.9315883436695,21.060841974387177
430,1,253.12583050774654,474.64235894560284,53.51326764598778,320.2151656567098,25.89383106398944
430,2,253.12583050774654,474.64235894560284,47.68014868747829,219.23201423457522,27.634719949594484
430,3,253.12583050774654,474.64235894560284,94.54986539996574,141.21728644150915,27.951212739474464
430,4,253.12583050774654,474.64235894560284,106.20098746050728,106.28198698526185,27.695929645102943
430,5,253.12583050774654,474.64235894560284,93.2265918307921,95.79277698000158,24.051564114817815
430,6,253.12583050774654,474.64235894560284,150.560372062643,83.37839925173867,19.57509211574734
430,7,253.12583050774654,474.64235894560284,128.84073898153275,113.88707017260371,18.501143580674036
430,8,253.12583050774654,474.64235894560284,48.3702122411586,193.10246033976296,14.642624374351266
430,9,253.12583050774654,474.64235894560284,111.32298454945585,264.94754539159794,12.06586608911067
430,10,253.12583050774654,474.64235894560284,74.23356806612358,226.4370946737633,12.188193351570149
430,11,253.12583050774654,474.64235894560284,69.83821988285328,263.30323634917784,14.829948119689476
431,0,551.1830878043886,613.8052829350326,91.41781985812455,207.22982514330909,19.728044505000486
431,1,551.1830878043886,613.8052829350326,118.53410445929414,261.71760114835115,23.5259071304328
431,2,551.1830878043886,613.8052829350326,80.66996108157637,252.48673152878297,25.650095084240146
431,3,551.1830878043886,613.8052829350326,67.01909723724663,160.1800858037589,28.119497932307056
431,4,551.1830878043886,613.8052829350326,72.54032366488468,92.1076272936793,26.01150616164961
431,5,551.1830878043886,613.8052829350326,69.59968454552101,101.05083460637272,23.916415715081833
431,6,551.1830878043886,613.8052829350326,69.90373205174876,96.52952288573938,20.1658147553056
431,7,551.1830878043886,613.8052829350326,90.79643102787914,149.19047283047124,18.37764991865778
431,8,551.1830878043886,613.8052829350326,76.17202489544658,199.57831339466122,12.010142024421558
431,9,551.1830878043886,613.8052829350326,146.19490339420486,224.27162199096674,12.793529527377885
431,10,551.1830878043886,613.8052829350326,117.98604829102328,348.8674271652444,11.943715048512512
431,11,551.1830878043886,613.8052829350326,56.39520438292386,263.07908403403513,14.913865154244242
432,0,338.68469335301035,560.9163975279081,105.98989188982554,254.80642969921337,20.357134708688314
432,1,338.68469335301035,560.9163975279081,125.64470693672482,277.4237264162493,24.809247089614615
432,2,338.68469335301035,560.9163975279081,56.69730584177841,249.82527930761967,26.787099083081564
432,3,338.68469335301035,560.9163975279081,75.4574423813443,158.73945776300982,27.13650230787702
432,4,338.68469335301035,560.9163975279081,95.12596186188408,120.84877197658939,28.418106500711403
432,5,338.68469335301035,560.9163975279081,83.20493934976716,71.39880750762013,23.320366944739952
432,6,338.68469335301035,560.9163975279081,81.73941298556579,86.24358401080447,20.52694816016191
432,7,338.68469335301035,560.9163975279081,121.99847946379786,106.09376297616932,15.340502839221816
432,8,338.68469335301035,560.9163975279081,88.43376060350181,174.48070234546725,13.832498950344187
432,9,338.68469335301035,560.9163975279081,112.4378593969302,229.74233044171984,11.573698132297288
432,10,338.68469335301035,560.9163975279081,69.15762445294055,291.64416808345646,12.25665283549099
432,11,338.68469335301035,560.9163975279081,84.59581749991814,265.7412494018733,15.656101573070853
433,0,559.3752516570961,757.1507684349225,99.88636688716245,240.68842921389825,20.419137290344437
433,1,559.3752516570961,757.1507684349225,120.74210350419432,267.9756999945377,24.338478495331145
433,2,559.3752516570961,757.1507684349225,82.98891685353587,282.2007323451739,26.787774085073902
433,3,559.3752516570961,757.1507684349225,54.126809014479875,149.10832470901497,26.372752209092795
433,4,559.3752516570961,757.1507684349225,113.52175536092258,116.19674709666224,25.6929047830864
433,5,559.3752516570961,757.1507684349225,113.86470794031507,91.39026747461915,24.22639788149965
433,6,559.3752516570961,757.1507684349225,157.07918935792196,111.18725478867132,21.602414683089258
433,7,559.3752516570961,757.1507684349225,120.20881154261649,136.5381635188023,15.131646654935667
433,8,559.3752516570961,757.1507684349225,123.06873902339166,217.79165675014244,14.43900668640701
433,9,559.3752516570961,757.1507684349225,116.66194812478756,261.044489908859,12.951946289221443
433,10,559.3752516570961,757.1507684349225,149.2947360188343,307.2512869035075,12.46760731506829
433,11,559.3752516570961,757.1507684349225,84.34823931853245,315.8664792472284,16.56629084361091
434,0,318.8607329349196,575.8799332497341,83.29136818850442,334.6522187199954,20.5697449288506
434,1,318.8607329349196,575.8799332497341,95.98014447214261,260.362656683188,24.445877212117335
434,2,318.8607329349196,575.8799332497341,82.72490908100903,324.4047400323016,23.63989317365728
434,3,318.8607329349196,575.8799332497341,55.01101063799619,209.0037488757087,26.824223021324773
434,4,318.8607329349196,575.8799332497341,85.70083738235786,93.06927735641877,27.298058239807784
434,5,318.8607329349196,575.8799332497341,129.50972370003706,95.11100017250297,24.20228226520949
434,6,318.8607329349196,575.8799332497341,116.94628496895066,93.37251219642773,18.565368162574593
434,7,318.8607329349196,575.8799332497341,91.1724571887329,128.4847234967347,17.831925953885612
434,8,318.8607329349196,575.8799332497341,106.92081085788953,134.2498299008486,11.953498253172091
434,9,318.8607329349196,575.8799332497341,115.24119385406594,278.85102355295516,13.043695058652185
434,10,318.8607329349196,575.8799332497341,102.38124082418581,270.49373909224454,12.143860995121821
434,11,318.8607329349196,575.8799332497341,94.8054588287359,239.5665974825148,15.044959759697763
435,0,402.8673457603607,632.1349949450665,99.32631790417125,274.2752535988709,22.888962184931803
435,1,402.8673457603607,632.1349949450665,92.35604199216856,312.1506754929767,23.61328866193284
435,2,402.8673457603607,632.1349949450665,22.540178835848806,268.833766590656,27.07358908197642
435,3,402.8673457603607,632.1349949450665,52.760001317759205,163.1521092038652,27.026410198024923
435,4,402.8673457603607,632.1349949450665,133.24452925336698,107.37803450606525,28.188490958770107
435,5,402.8673457603607,632.1349949450665,13.813102348699616,82.66505888637838,23.639311302204717
435,6,402.8673457603607,632.1349949450665,98.26866872070705,116.0378888657319,17.82643586896508
435,7,402.8673457603607,632.1349949450665,88.80913143949508,131.86309420789894,15.890727682944613
435,8,402.8673457603607,632.1349949450665,70.47548637567925,288.2614361527848,14.659879238921107
435,9,402.8673457603607,632.1349949450665,98.63123645418091,280.70792153517857,11.374024463193425
435,10,402.8673457603607,632.1349949450665,128.26728416774068,277.3780373292604,12.509106868578108
435,11,402.8673457603607,632.1349949450665,114.91007810742222,263.5632379746553,16.4538350539394
436,0,280.1733836103467,605.2646187303751,99.31174681145009,252.35512869501736,19.316670431128852
436,1,280.1733836103467,605.2646187303751,66.24731375817736,269.8081123121918,21.265694681456978
436,2,280.1733836103467,605.2646187303751,34.39807684978229,250.06117962369265,27.76815433815753
436,3,280.1733836103467,605.2646187303751,113.7148408228414,212.6509423190304,27.563780490502864
436,4,280.1733836103467,605.2646187303751,86.06725742416359,86.07530931599518,27.498496623223353
436,5,280.1733836103467,605.2646187303751,151.9535450931084,88.11557359827638,22.321795753305704
436,6,280.1733836103467,605.2646187303751,118.35008034432157,89.4513840878264,21.601017932108086
436,7,280.1733836103467,605.2646187303751,58.5501693102219,115.27758839974878,18.183140643705183
436,8,280.1733836103467,605.2646187303751,90.06416723934015,210.9592667773045,14.29443519415008
436,9,280.1733836103467,605.2646187303751,77.51592101562075,234.53758476126634,11.552485330550985
436,10,280.1733836103467,605.2646187303751,124.94961779040963,283.8242200676245,12.583365394555791
436,11,280.1733836103467,605.2646187303751,113.1993567721918,268.0543516527085,17.077279098745432
437,0,396.77090910049054,563.6249144294604,81.9253816427624,208.64665934359058,18.95334037585927
437,1,396.77090910049054,563.6249144294604,70.17862055711267,314.6630510176773,24.718708712826484
437,2,396.77090910049054,563.6249144294604,81.94159680723057,283.13444416142767,25.549204531262657
437,3,396.77090910049054,563.6249144294604,15.34447998707995,195.38392174655698,27.68402474470661
437,4,396.77090910049054,563.6249144294604,103.05509944827443,88.22820534918326,24.855481961402067
437,5,396.77090910049054,563.6249144294604,42.55626901778992,74.686447091196,22.571483088211348
437,6,396.77090910049054,563.6249144294604,89.71365268951382,116.26671606526018,20.121727188371022
437,7,396.77090910049054,563.6249144294604,102.41034590630339,126.61404904667067,16.028345973583107
437,8,396.77090910049054,563.6249144294604,78.64719924946397,204.87182796265125,14.318944749453378
437,9,396.77090910049054,563.6249144294604,87.6812590793014,286.4991383999994,10.810690798681915
437,10,396.77090910049054,563.6249144294604,142.06199843973587,281.07940524135506,12.822983674655461
437,11,396.77090910049054,563.6249144294604,88.7045966158006,297.90355742558586,16.032481034372854
438,0,667.1872146968299,793.6765284438163,127.23784583777419,309.2166370143951,18.661236005436084
438,1,667.1872146968299,793.6765284438163,115.53631718871875,238.37045707133456,22.858953057265065
438,2,667.1872146968299,793.6765284438163,93.31851333116445,314.15439384919836,28.257549486529193
438,3,667.1872146968299,793.6765284438163,86.67830886444624,132.4307064805288,27.01117777865993
438,4,667.1872146968299,793.6765284438163,62.48657358043131,94.36483417878296,27.671625871810743
438,5,667.1872146968299,793.6765284438163,66.24203364674784,103.3046555844831,22.463008726884038
438,6,667.1872146968299,793.6765284438163,131.83507833034878,75.98211039365732,19.269367692022016
438,7,667.1872146968299,793.6765284438163,93.5837457806235,132.95856264875894,15.43427131374755
438,8,667.1872146968299,793.6765284438163,104.79640941542415,186.27935345169107,12.790346522540133
438,9,667.1872146968299,793.6765284438163,56.62007500292661,313.7373031422337,11.922896802976716
438,10,667.1872146968299,793.6765284438163,116.45397559899186,273.291326830529,13.228527109677579
438,11,667.1872146968299,793.6765284438163,88.01385165870983,244.64804333509187,15.780682039779093
439,0,447.8660862080784,648.88623856551,71.22585356800798,213.3081787535351,20.952736879300467
439,1,447.8660862080784,648.88623856551,110.72814956805881,231.8842016632151,24.155060924867463
439,2,447.8660862080784,648.88623856551,41.69005656966591,247.36081869365626,28.117846227439614
439,3,447.8660862080784,648.88623856551,118.64347104274819,191.14145428199947,27.63252869792442
439,4,447.8660862080784,648.88623856551,85.82820118992441,113.91402116663744,26.885754000385305
439,5,447.8660862080784,648.88623856551,75.68311785706946,118.12708414911756,24.399946438867758
439,6,447.8660862080784,648.88623856551,85.18685110801773,95.48871366501955,21.10230968135862
439,7,447.8660862080784,648.88623856551,123.32524538324166,100.32695622518048,17.160959574749878
439,8,447.8660862080784,648.88623856551,133.59001458282614,215.91964193217032,11.505712650349004
439,9,447.8660862080784,648.88623856551,114.72489906429665,236.8384111803895,12.900124754119588
439,10,447.8660862080784,648.88623856551,41.735626670568244,288.9992324343053,14.512598691440935
439,11,447.8660862080784,648.88623856551,104.11611844171298,363.46303634517176,15.610878091485398
440,0,220.29573504859488,638.8227117708803,100.14231786445679,219.2213253694081,21.173144458741078
440,1,220.29573504859488,638.8227117708803,61.495724252979684,290.28794299208107,22.835621473029818
440,2,220.29573504859488,638.8227117708803,49.888090396740566,325.9367538863082,24.694360042145732
440,3,220.29573504859488,638.8227117708803,118.21887873137385,191.7406114494906,28.173677714089248
440,4,220.29573504859488,638.8227117708803,91.74136797577475,102.93051641676425,27.02446815120277
440,5,220.29573504859488,638.8227117708803,23.16156375540433,116.17527819487594,22.551113127558775
440,6,220.29573504859488,638.8227117708803,115.00485290544809,100.61910832652268,19.865481444462457
440,7,220.29573504859488,638.8227117708803,90.55645515071832,109.96527752484614,16.572173310377334
440,8,220.29573504859488,638.8227117708803,71.65313910799858,225.50873182053581,11.459665062230139
440,9,220.29573504859488,638.8227117708803,79.38974441345576,217.046282811702,12.090987658999133
440,10,220.29573504859488,638.8227117708803,122.54193053178099,236.02635499315028,13.090815441275199
440,11,220.29573504859488,638.8227117708803,85.49146595128313,288.67238461835285,16.285879151611255
441,0,446.90064627250985,687.6605475105525,80.57754730405628,263.7128356162098,20.045865642586687
441,1,446.90064627250985,687.6605475105525,111.5059575921827,293.00721480622076,25.001837553357195
441,2,446.90064627250985,687.6605475105525,144.87880272781734,273.5028165122577,29.13090602238896
441,3,446.90064627250985,687.6605475105525,147.52764394468255,177.06903850739045,27.577442886759815
441,4,446.90064627250985,687.6605475105525,120.0293526118842,90.68264841115159,28.484026143906192
441,5,446.90064627250985,687.6605475105525,98.52584837350165,86.09893325270974,24.187768356180598
441,6,446.90064627250985,687.6605475105525,54.664356728605135,95.99535651148034,18.776085559414025
441,7,446.90064627250985,687.6605475105525,146.6176916987934,106.67381326656563,14.293405207262467
441,8,446.90064627250985,687.6605475105525,95.5846048437496,193.25101086002923,12.595433590082758
441,9,446.90064627250985,687.6605475105525,41.862209546909305,304.0674230264598,12.113723002887683
441,10,446.90064627250985,687.6605475105525,117.20820643625488,332.7693853620591,13.536789694308968
441,11,446.90064627250985,687.6605475105525,80.43430188964315,297.78872442355265,14.338551229661388
442,0,426.13993097397616,852.1142963082816,133.66616928684317,300.0932207408338,19.873467665566878
442,1,426.13993097397616,852.1142963082816,83.5972463154507,268.6982177824004,24.177400259923356
442,2,426.13993097397616,852.1142963082816,102.19652225454993,226.83505878567888,26.38027999484317
442,3,426.13993097397616,852.1142963082816,98.98420412384152,178.00975235421362,28.227260121322136
442,4,426.13993097397616,852.1142963082816,73.13147821226042,72.75528447810271,26.112455666628392
442,5,426.13993097397616,852.1142963082816,138.69211929697892,74.2256624451148,24.67981702669459
442,6,426.13993097397616,852.1142963082816,93.26678851482814,106.91432204202897,18.678736097769832
442,7,426.13993097397616,852.1142963082816,89.48484835921444,130.1325762172582,15.21993100322167
442,8,426.13993097397616,852.1142963082816,67.15760716972883,199.18229820847415,12.64532023168093
442,9,426.13993097397616,852.1142963082816,88.8428798635216,239.94200083602124,11.602681549262096
442,10,426.13993097397616,852.1142963082816,105.2797311266547,313.78170963193594,14.378107971592142
442,11,426.13993097397616,852.1142963082816,77.13241618521032,273.4758590704472,16.035391353625723
443,0,563.6936589233093,497.7990149954135,32.33434120656512,337.3195867149496,20.300670606886126
443,1,563.6936589233093,497.7990149954135,130.73666969175198,337.79532276774785,26.05605344524612
443,2,563.6936589233093,497.7990149954135,84.4366465344197,284.05041660507715,26.577134403694927
443,3,563.6936589233093,497.7990149954135,74.84489436217261,167.8885793717026,29.047681230368713
443,4,563.6936589233093,497.7990149954135,105.04581366399236,102.11536525484941,27.25310832582148
443,5,563.6936589233093,497.7990149954135,113.51356076832522,102.11491051997864,23.92617921625082
443,6,563.6936589233093,497.7990149954135,77.80336751730825,75.07197191971096,18.137077879330622
443,7,563.6936589233093,497.7990149954135,126.19391228557333,109.96328452964887,14.389657467447353
443,8,563.6936589233093,497.7990149954135,72.38129444676667,192.9722972698721,13.422462533472626
443,9,563.6936589233093,497.7990149954135,39.00863459795572,316.87896337908245,13.391645367694542
443,10,563.6936589233093,497.7990149954135,75.41136751910645,418.5260259110162,13.979408476629374
443,11,563.6936589233093,497.7990149954135,111.08370618428911,240.412869145501,13.656999173200795
444,0,342.26922386844103,766.5376547124308,97.87104896473734,300.29628256484466,21.410562297543315
444,1,342.26922386844103,766.5376547124308,40.911307365171275,273.060925030533,23.96355310780357
444,2,342.26922386844103,766.5376547124308,52.143335000229165,277.0820829034137,27.42747330268774
444,3,342.26922386844103,766.5376547124308,129.8683589645752,169.62305846872843,26.846478146399004
444,4,342.26922386844103,766.5376547124308,112.86305432194177,96.8708290386155,26.777728750710814
444,5,342.26922386844103,766.5376547124308,94.51543357816121,118.64358055478516,20.889264267657104
444,6,342.26922386844103,766.5376547124308,74.15847548195275,110.62499900237744,20.456413797112923
444,7,342.26922386844103,766.5376547124308,46.1845421446395,138.80340839134266,17.350668539182806
444,8,342.26922386844103,766.5376547124308,83.54330724150014,167.50010250140676,14.142379952922685
444,9,342.26922386844103,766.5376547124308,99.64712215215822,221.9096578685342,11.89325117579377
444,10,342.26922386844103,766.5376547124308,104.51329665688249,346.7898044244755,13.878001913757139
444,11,342.26922386844103,766.5376547124308,121.8117541597507,214.6313630904412,15.952829272873435
445,0,348.6421145004449,478.0340112092654,12.227862599461233,226.98696456325047,19.187926811474448
445,1,348.6421145004449,478.0340112092654,69.83075780512506,255.82718347852557,21.60606614879996
445,2,348.6421145004449,478.0340112092654,113.65451309566919,310.7546754113955,27.93691746552501
445,3,348.6421145004449,478.0340112092654,35.19242125185818,136.64619329592395,28.41288011981096
445,4,348.6421145004449,478.0340112092654,104.82329062914951,101.02858575852771,26.948620211564247
445,5,348.6421145004449,478.0340112092654,29.590013597880883,106.11387660041864,24.017761928513103
445,6,348.6421145004449,478.0340112092654,73.4615579762833,98.55274727867405,21.02947266485071
445,7,348.6421145004449,478.0340112092654,136.9607759731362,147.63231512807508,15.46633179373181
445,8,348.6421145004449,478.0340112092654,135.86023019829685,171.17413724270293,13.50477120833835
445,9,348.6421145004449,478.0340112092654,101.65567449296589,221.03247806779876,11.39267779869124
445,10,348.6421145004449,478.0340112092654,72.2792118271398,286.58350848618716,11.837852445311695
445,11,348.6421145004449,478.0340112092654,78.01247171189141,291.55069750325254,14.755619467283026
446,0,425.6782258439101,586.1172479545262,89.51213973740089,252.8212071440404,20.716902584922202
446,1,425.6782258439101,586.1172479545262,127.00281312929908,225.3039564946403,23.730636181300294
446,2,425.6782258439101,586.1172479545262,134.96742545647928,285.00028122978125,27.344745452266235
446,3,425.6782258439101,586.1172479545262,59.868033906381484,191.13717690745656,27.520473731957004
446,4,425.6782258439101,586.1172479545262,120.0901106335445,89.74340945147723,26.07665221942074
446,5,425.6782258439101,586.1172479545262,82.70170731534415,104.98268445108582,23.841893160645334
446,6,425.6782258439101,586.1172479545262,92.09358189798002,121.90004729428092,22.156312034396247
446,7,425.6782258439101,586.1172479545262,100.55567511525767,94.57694805744826,16.968751231997302
446,8,425.6782258439101,586.1172479545262,53.43366237061354,177.6913934629337,13.411960527117696
446,9,425.6782258439101,586.1172479545262,129.7399270830554,216.83522790211572,13.134053617476534
446,10,425.6782258439101,586.1172479545262,98.87846219382392,349.8146034683893,10.77720620274931
446,11,425.6782258439101,586.1172479545262,55.22003530151969,250.53274669474817,15.808266876674798
447,0,373.5741584488524,688.0943087154586,114.91658067810671,290.7589948297255,20.070932101283816
447,1,373.5741584488524,688.0943087154586,41.61416613333,234.93585982482188,22.330291346167918
447,2,373.5741584488524,688.0943087154586,90.50588477202128,213.21964055630227,27.063479551035552
447,3,373.5741584488524,688.0943087154586,98.20436560300561,212.14174856202075,26.837521007354653
447,4,373.5741584488524,688.0943087154586,90.27549039533346,112.74653650452076,27.660926863535572
447,5,373.5741584488524,688.0943087154586,159.8935789840194,111.20217827812489,22.629451066432324
447,6,373.5741584488524,688.0943087154586,129.570358995434,97.83179918378634,18.062562325457012
447,7,373.5741584488524,688.0943087154586,69.9456023795943,131.3298773851938,16.520668372550244
447,8,373.5741584488524,688.0943087154586,59.29062943369799,254.2386228373198,13.378387824342736
447,9,373.5741584488524,688.0943087154586,96.41536376560728,201.11444256631532,12.330730697576586
447,10,373.5741584488524,688.0943087154586,50.0435739946012,284.1404296880293,12.188821404313597
447,11,373.5741584488524,688.0943087154586,118.28797728651062,258.89536798694826,13.358914930156148
448,0,426.27778783489356,748.0463759918871,56.798256556352385,258.0435320788129,19.60546049144051
448,1,426.27778783489356,748.0463759918871,69.37660646023733,315.27310660130996,24.588600973054863
448,2,426.27778783489356,748.0463759918871,102.8526754481739,273.6142492447513,27.328024453889
448,3,426.27778783489356,748.0463759918871,79.27332063669506,159.66340273074533,28.626035143851848
448,4,426.27778783489356,748.0463759918871,70.19187625150468,91.94177354939058,26.639380442822464
448,5,426.27778783489356,748.0463759918871,58.39784757973919,107.87660032416169,25.087636361521536
448,6,426.27778783489356,748.0463759918871,99.23571301522863,106.31283871538528,20.755022134700543
448,7,426.27778783489356,748.0463759918871,66.89549596788774,111.89612926324827,16.126747069132296
448,8,426.27778783489356,748.0463759918871,86.92161759258177,213.22762400750116,13.63618842565966
448,9,426.27778783489356,748.0463759918871,71.12770178707072,274.4592983889059,11.783715825223046
448,10,426.27778783489356,748.0463759918871,87.80523226483426,302.38662051750873,13.473950602394503
448,11,426.27778783489356,748.0463759918871,56.738795825037755,214.10694574712647,15.742974808786549
449,0,381.9196502044501,502.06332810986856,127.29203126266839,277.54188834366727,20.64917436531187
449,1,381.9196502044501,502.06332810986856,73.1833472191831,308.0264290239011,24.138444405819584
449,2,381.9196502044501,502.06332810986856,99.28776391257736,251.83631084615462,27.400924763628122
449,3,381.9196502044501,502.06332810986856,111.28075452662917,152.76932545366375,29.01462125613627
449,4,381.9196502044501,502.06332810986856,160.9890940853557,86.41681117194454,26.567158501945542
449,5,381.9196502044501,502.06332810986856,98.21443629508889,81.7195650941186,24.49100183695702
449,6,381.9196502044501,502.06332810986856,52.50236677637748,124.19544837554528,20.222627996981686
449,7,381.9196502044501,502.06332810986856,122.78980529065115,132.58416376735937,14.75426703705134
449,8,381.9196502044501,502.06332810986856,72.91159132547902,245.41715474904703,12.070234434814578
449,9,381.9196502044501,502.06332810986856,72.58175332250974,244.71992479690624,11.721814830581584
449,10,381.9196502044501,502.06332810986856,146.85751959757064,313.89558614521934,12.196947261798012
449,11,381.9196502044501,502.06332810986856,88.22182678208446,299.9706631269164,16.306255433666852
450,0,563.4395608972202,745.4233166230099,47.80078538752183,212.95313727714486,19.233602269093335
450,1,563.4395608972202,745.4233166230099,129.32086923215186,290.6801850227439,24.002898218674915
450,2,563.4395608972202,745.4233166230099,108.35978488510412,230.0812969762216,24.394112825696524
450,3,563.4395608972202,745.4233166230099,133.01542682042015,157.35420292341416,27.67014965499897
450,4,563.4395608972202,745.4233166230099,102.9819764045062,99.5706417901268,25.81911503698439
450,5,563.4395608972202,745.4233166230099,76.85663030205968,100.29936820649853,22.776478433162698
450,6,563.4395608972202,745.4233166230099,95.78272174259637,87.0626273538072,18.69710525028474
450,7,563.4395608972202,745.4233166230099,141.9002779794058,129.3730931200788,15.457605107401402
450,8,563.4395608972202,745.4233166230099,24.414180367695252,195.7601125777015,12.55206536824506
450,9,563.4395608972202,745.4233166230099,77.5575870181825,218.35132082853104,12.67920022566666
450,10,563.4395608972202,745.4233166230099,73.41836546298865,289.6403389174945,13.280268484666996
450,11,563.4395608972202,745.4233166230099,104.07215124919004,201.34789575839935,16.317276279529466
451,0,322.4535716970669,681.7932522802523,63.84568855465072,196.6287968000516,21.850083986312008
451,1,322.4535716970669,681.7932522802523,142.04502805735865,268.2808462543527,24.257353740295375
451,2,322.4535716970669,681.7932522802523,87.76913913914088,243.57520103370257,28.501609527763907
451,3,322.4535716970669,681.7932522802523,83.63099111326149,125.06235182389543,28.86431005794402
451,4,322.4535716970669,681.7932522802523,0.0,86.46746744715325,27.224116335295307
451,5,322.4535716970669,681.7932522802523,62.32278351365118,80.84150529523461,23.459678729318735
451,6,322.4535716970669,681.7932522802523,86.62262952213383,113.52844272420026,20.358330508019385
451,7,322.4535716970669,681.7932522802523,105.32945877912822,104.9907364325846,16.235619497608273
451,8,322.4535716970669,681.7932522802523,123.45080157179507,176.61257534769538,12.930488132832458
451,9,322.4535716970669,681.7932522802523,131.74559041680686,288.70894125793495,13.380714919410892
451,10,322.4535716970669,681.7932522802523,81.53712188904584,336.3045966762949,12.071167385496219
451,11,322.4535716970669,681.7932522802523,68.21025753811728,221.78721005550415,17.279598907517766
452,0,405.7220419025593,881.4567578787168,62.27293287861082,271.3634960439906,20.616621944563295
452,1,405.7220419025593,881.4567578787168,73.89031076101439,311.12845653054217,24.222675061121393
452,2,405.7220419025593,881.4567578787168,26.126656763928708,272.6912824924084,27.156628732309823
452,3,405.7220419025593,881.4567578787168,97.95670197664016,200.35707104735818,28.154938523414096
452,4,405.7220419025593,881.4567578787168,163.1332486749224,105.2359546356269,28.055600903813545
452,5,405.7220419025593,881.4567578787168,76.48990148887546,88.10993600189505,24.432913598147763
452,6,405.7220419025593,881.4567578787168,141.352114499643,76.78305105354522,21.35649720869581
452,7,405.7220419025593,881.4567578787168,64.14480479120972,124.40336369417673,17.10458163514238
452,8,405.7220419025593,881.4567578787168,93.85308533853018,194.1969033170655,12.05155895820308
452,9,405.7220419025593,881.4567578787168,118.2781747644627,265.91042911984357,13.670205484039027
452,10,405.7220419025593,881.4567578787168,54.23824052294412,304.8418268129904,12.999483794573067
452,11,405.7220419025593,881.4567578787168,73.41094643359439,348.2047251101547,16.05737429392867
453,0,360.316762832031,448.5150576645744,131.43731834779481,254.13888374829767,21.135244337374775
453,1,360.316762832031,448.5150576645744,97.96872273263939,255.19522583353992,23.9374369001838
453,2,360.316762832031,448.5150576645744,118.49115353004181,235.1252641995584,26.170610769083723
453,3,360.316762832031,448.5150576645744,135.97707426420325,148.49124631060656,28.01123043756054
453,4,360.316762832031,448.5150576645744,71.78374392944633,108.49050925743823,26.491583811142544
453,5,360.316762832031,448.5150576645744,104.56212537105867,112.16056908127017,22.790829896248542
453,6,360.316762832031,448.5150576645744,121.27053957704034,103.9702574039085,18.867077200858198
453,7,360.316762832031,448.5150576645744,77.31491485193706,126.20200118003996,14.347706114318132
453,8,360.316762832031,448.5150576645744,70.29711753969457,203.18750302551956,13.59098053099652
453,9,360.316762832031,448.5150576645744,96.19748078037303,262.1538783052491,11.052514208473227
453,10,360.316762832031,448.5150576645744,106.41296777366725,284.0537617005605,12.691014860599825
453,11,360.316762832031,448.5150576645744,18.26012523159872,310.3262669498759,16.550321353970286
454,0,357.19203727197726,666.7648630953412,102.20054432241365,230.0637670621664,19.532262563014275
454,1,357.19203727197726,666.7648630953412,134.16760771368405,304.16344100205384,22.627830212688693
454,2,357.19203727197726,666.7648630953412,97.43037635216648,278.8172731864927,28.237639804849305
454,3,357.19203727197726,666.7648630953412,88.43087621786057,237.40972176255679,27.551122529948138
454,4,357.19203727197726,666.7648630953412,69.57401480581416,103.49539783297249,26.878339956311322
454,5,357.19203727197726,666.7648630953412,54.75737705411406,95.31184946209564,23.628724527466414
454,6,357.19203727197726,666.7648630953412,103.3155543276296,88.39098475668096,19.683868718765535
454,7,357.19203727197726,666.7648630953412,86.92320505796637,110.26100169766636,19.057078951596157
454,8,357.19203727197726,666.7648630953412,44.15374392586043,181.615880886072,13.424439457704343
454,9,357.19203727197726,666.7648630953412,96.2091271866468,261.00994096277975,12.560332091765854
454,10,357.19203727197726,666.7648630953412,120.59426245134257,232.8454278196281,12.523237168486633
454,11,357.19203727197726,666.7648630953412,41.45669794272191,206.23593923953,16.03769568908795
455,0,552.211269346891,548.4337738400751,167.72978484149795,268.71158325507713,18.157700455705093
455,1,552.211269346891,548.4337738400751,81.60939625797099,256.0173771931062,23.969320907918004
455,2,552.211269346891,548.4337738400751,66.51151306728954,301.39039239024777,27.78496872205781
455,3,552.211269346891,548.4337738400751,137.0547081214803,190.21476653799135,29.40221343774395
455,4,552.211269346891,548.4337738400751,89.41281758313886,81.81557380054339,26.82602582480884
455,5,552.211269346891,548.4337738400751,64.69902383263752,69.54081854247454,23.89520166746227
455,6,552.211269346891,548.4337738400751,121.74647933686474,94.5324742650096,20.646230738298666
455,7,552.211269346891,548.4337738400751,108.91388004325927,121.15896111487167,18.489931277203247
455,8,552.211269346891,548.4337738400751,36.90915436872526,220.30895622986003,12.947441697592517
455,9,552.211269346891,548.4337738400751,62.21881987249178,210.25646374139862,13.352369253605522
455,10,552.211269346891,548.4337738400751,87.7542140249818,260.2548652791591,13.967444591954989
455,11,552.211269346891,548.4337738400751,71.17214162273712,363.4931165182611,15.5037423143921
456,0,367.76347996384186,559.4871530266367,31.166233026695835,215.16092709209778,19.61301761132887
456,1,367.76347996384186,559.4871530266367,116.33700156577149,321.0438924684448,24.491461996209942
456,2,367.76347996384186,559.4871530266367,57.67148985379593,281.8087909096561,26.742084974922818
456,3,367.76347996384186,559.4871530266367,73.59210367070425,155.53641106525487,26.429966014481124
456,4,367.76347996384186,559.4871530266367,98.34557476108954,85.21343947110442,28.087889079902606
456,5,367.76347996384186,559.4871530266367,91.50951053128166,94.79628409044383,24.34997698988262
456,6,367.76347996384186,559.4871530266367,104.54427804343034,99.31402704129619,19.133468119565297
456,7,367.76347996384186,559.4871530266367,147.9158056397037,145.18921612532338,16.001851878463157
456,8,367.76347996384186,559.4871530266367,50.09651201382356,219.8878800485103,12.96671766432647
456,9,367.76347996384186,559.4871530266367,116.15618279762882,229.83594223592857,10.173311889689995
456,10,367.76347996384186,559.4871530266367,85.71041525704591,307.46343893610776,15.00667430411839
456,11,367.76347996384186,559.4871530266367,58.75670642141819,257.9279011936735,17.44875882683652
457,0,381.1450798689238,602.7271071939483,133.9374231502104,229.55098396967085,20.468208879063404
457,1,381.1450798689238,602.7271071939483,162.8533155115258,241.31279609169343,25.21218954000178
457,2,381.1450798689238,602.7271071939483,67.01509640361459,257.3549937696618,27.529875727609564
457,3,381.1450798689238,602.7271071939483,85.62710601274162,174.04150186410885,28.49934628437957
457,4,381.1450798689238,602.7271071939483,106.33057926117094,88.50246542295702,27.55957418164377
457,5,381.1450798689238,602.7271071939483,42.790079948072986,104.91668958238247,23.08791943231781
457,6,381.1450798689238,602.7271071939483,92.81482419266464,101.46620305500133,19.31958820813179
457,7,381.1450798689238,602.7271071939483,77.4646897814889,139.61697251501505,16.42906264378194
457,8,381.1450798689238,602.7271071939483,138.33380172766502,188.82008202677494,13.501440012036149
457,9,381.1450798689238,602.7271071939483,48.21645506445066,206.67440463616498,12.308301469130022
457,10,381.1450798689238,602.7271071939483,90.3240728702513,228.7252455776561,13.14350531948497
457,11,381.1450798689238,602.7271071939483,103.33870137714233,247.64109538765638,15.571327609823808
458,0,303.6144647631416,540.08696655175,120.38998042881778,143.92900561298373,20.41644183057173
458,1,303.6144647631416,540.08696655175,43.39784480506214,230.64303057761995,23.01819862783416
458,2,303.6144647631416,540.08696655175,100.63379665994796,242.06018908853045,27.47491652789817
458,3,303.6144647631416,540.08696655175,52.51078962377555,125.53895673534238,28.382757216796072
458,4,303.6144647631416,540.08696655175,88.37006165935819,79.76426731373523,29.114261380773463
458,5,303.6144647631416,540.08696655175,95.14941025276511,81.6066051139906,22.6170596770149
458,6,303.6144647631416,540.08696655175,95.56853159460414,116.46994230034254,20.19172174008441
458,7,303.6144647631416,540.08696655175,92.76271884262249,110.32057877974647,15.852775273190437
458,8,303.6144647631416,540.08696655175,44.67295095395205,187.23991439844895,14.311161511476971
458,9,303.6144647631416,540.08696655175,37.93649571094153,264.1040079356619,11.863910820686186
458,10,303.6144647631416,540.08696655175,105.09552025734911,318.374810234267,12.91231502011018
458,11,303.6144647631416,540.08696655175,88.96878242018904,242.89706715114676,16.229635435647076
459,0,514.5452901982134,660.3694919465271,93.14856665261715,211.8247232601162,19.916871261674444
459,1,514.5452901982134,660.3694919465271,76.8549012252921,235.96873747507217,22.66697884783242
459,2,514.5452901982134,660.3694919465271,115.65115911348892,271.3985174645307,27.023918108762466
459,3,514.5452901982134,660.3694919465271,101.70279599204827,200.3792741695897,27.56767665859037
459,4,514.5452901982134,660.3694919465271,28.023495301626575,116.70370785104352,27.37911806805361
459,5,514.5452901982134,660.3694919465271,109.63664151918316,85.3485281048199,24.073142689569764
459,6,514.5452901982134,660.3694919465271,55.6446516504166,104.27431068216913,17.88640979523851
459,7,514.5452901982134,660.3694919465271,57.225423847836836,144.93081925686025,16.990236652854108
459,8,514.5452901982134,660.3694919465271,145.5206189169673,200.62145852390913,11.644297451073824
459,9,514.5452901982134,660.3694919465271,87.2875207138683,315.2300992856488,12.186364636850055
459,10,514.5452901982134,660.3694919465271,63.848970576349004,277.32879898941485,12.689555937381943
459,11,514.5452901982134,660.3694919465271,82.13020533229144,244.89162036965206,17.477313081876666
460,0,434.6511142437827,615.3508098178413,64.57771483906886,284.6690543525657,20.224253354435053
460,1,434.6511142437827,615.3508098178413,91.2714515349648,262.42298814189826,23.899166130251572
460,2,434.6511142437827,615.3508098178413,57.627981618040735,281.27326788235627,26.98365422133115
460,3,434.6511142437827,615.3508098178413,62.412142592519956,208.21435744235865,27.459544067414793
460,4,434.6511142437827,615.3508098178413,90.49372040264123,96.75796390039854,26.571767999762585
460,5,434.6511142437827,615.3508098178413,101.2026857490853,79.82965045605485,24.42603095011265
460,6,434.6511142437827,615.3508098178413,132.95938211352052,85.7849525627249,21.37601214888428
460,7,434.6511142437827,615.3508098178413,116.77967186394969,116.26662793824028,16.149115063295238
460,8,434.6511142437827,615.3508098178413,107.16558109062765,207.37528634122535,14.71471769778817
460,9,434.6511142437827,615.3508098178413,125.6087348300706,229.01165653494473,13.023052917459774
460,10,434.6511142437827,615.3508098178413,70.79127006092278,245.13703922733507,12.785046780680478
460,11,434.6511142437827,615.3508098178413,72.27812787007487,265.5583548089835,14.756057661970932
461,0,448.0312748130397,481.7503845349218,78.27787402120167,256.25323755273524,20.576582355294626
461,1,448.0312748130397,481.7503845349218,66.52465377297315,317.81230648053383,23.155385587327682
461,2,448.0312748130397,481.7503845349218,108.19346047799104,261.0055558356013,26.617202142956625
461,3,448.0312748130397,481.7503845349218,109.41536605254106,190.41446790421824,29.182703490472836
461,4,448.0312748130397,481.7503845349218,84.24864039082689,93.70022473103126,26.464611050020114
461,5,448.0312748130397,481.7503845349218,105.0690452859308,74.385154032618,26.213410763447513
461,6,448.0312748130397,481.7503845349218,97.61855562095464,84.6673025384804,17.38706662765549
461,7,448.0312748130397,481.7503845349218,128.44425287015815,115.82743544514572,14.973971205543819
461,8,448.0312748130397,481.7503845349218,105.30614342226048,169.38427609656256,12.529607092212139
461,9,448.0312748130397,481.7503845349218,87.30991741369243,274.9545701714016,11.34854068871773
461,10,448.0312748130397,481.7503845349218,77.37774240538114,300.5189348828446,11.959323077963855
461,11,448.0312748130397,481.7503845349218,82.46293960474225,192.7397883636306,15.283919847521659
462,0,450.603802903899,880.0558296820064,31.694605732192237,308.1761130036118,21.60742274616391
462,1,450.603802903899,880.0558296820064,89.23144234725235,276.15270489044804,23.624984185024314
462,2,450.603802903899,880.0558296820064,104.45533509029882,237.4678605104403,28.685863485183052
462,3,450.603802903899,880.0558296820064,96.34989261187069,151.22704017454592,28.995200149953302
462,4,450.603802903899,880.0558296820064,87.42003632739198,92.95201668620888,27.8577345658962
462,5,450.603802903899,880.0558296820064,114.77840355318779,117.30703046125703,24.125792481957742
462,6,450.603802903899,880.0558296820064,108.36230403572861,97.52384721234647,20.322888377676225
462,7,450.603802903899,880.0558296820064,117.3354023815372,118.75938591274569,16.451317437150756
462,8,450.603802903899,880.0558296820064,101.90309737971629,221.7752015732402,11.664826913074096
462,9,450.603802903899,880.0558296820064,55.03890868315422,277.20145034637943,13.104162618262317
462,10,450.603802903899,880.0558296820064,87.22661529561216,257.2290691196428,12.488050429720303
462,11,450.603802903899,880.0558296820064,73.24938555580161,272.4065606971068,15.301490031480514
463,0,299.9731437608766,608.2364920434454,128.4312064555094,245.9961018271143,21.0145640517052
463,1,299.9731437608766,608.2364920434454,62.64911428498913,226.0596819501351,23.891371230648513
463,2,299.9731437608766,608.2364920434454,133.6448389469115,240.428225844339,28.25694803990858
463,3,299.9731437608766,608.2364920434454,124.9428876626466,198.33785295048713,26.615011675384295
463,4,299.9731437608766,608.2364920434454,102.51084059867324,76.9819205348103,26.583843828075825
463,5,299.9731437608766,608.2364920434454,106.97722956965383,73.69465486165628,25.069968477358834
463,6,299.9731437608766,608.2364920434454,82.51538716051405,98.63302694671663,21.22659528264119
463,7,299.9731437608766,608.2364920434454,123.84553124911312,134.7785749195185,14.956304605243277
463,8,299.9731437608766,608.2364920434454,59.20391936843972,172.94196435267978,11.960211757101543
463,9,299.9731437608766,608.2364920434454,100.859853324617,238.21089072750513,14.793692524847373
463,10,299.9731437608766,608.2364920434454,43.37820358518723,251.17126380092193,14.754053010759993
463,11,299.9731437608766,608.2364920434454,109.3985823153541,257.75720363361694,16.14774779802526
464,0,456.10117496755,387.54584156835966,98.26280476952256,348.78401512357414,20.560991145210497
464,1,456.10117496755,387.54584156835966,138.78314694237707,274.6473782959155,24.67706478035737
464,2,456.10117496755,387.54584156835966,64.8328018955284,244.1765304394558,28.166364562777158
464,3,456.10117496755,387.54584156835966,120.20383772856167,207.27967567830416,26.150873500667856
464,4,456.10117496755,387.54584156835966,77.28561679623579,111.17205414677717,27.11799016134962
464,5,456.10117496755,387.54584156835966,79.65139646686646,82.1056376193298,24.807661382382467
464,6,456.10117496755,387.54584156835966,71.24511065722888,86.87721298919372,20.446906762135036
464,7,456.10117496755,387.54584156835966,78.83427479155431,90.33639746580124,15.143532927289675
464,8,456.10117496755,387.54584156835966,68.07137356275976,206.78525197760337,14.261564129885986
464,9,456.10117496755,387.54584156835966,62.01342377625521,236.57718171856897,11.754786921784019
464,10,456.10117496755,387.54584156835966,145.36098636807895,328.0887850717746,12.84900578851821
464,11,456.10117496755,387.54584156835966,9.939457798791821,294.46254575284996,16.38096956425585
465,0,391.35325435493075,571.6061538506116,131.70537790957982,298.4886244968982,20.316430676627913
465,1,391.35325435493075,571.6061538506116,97.37168453895258,309.6810016148761,25.68574356119801
465,2,391.35325435493075,571.6061538506116,69.26777744532865,313.5594692047206,25.992371082616543
465,3,391.35325435493075,571.6061538506116,104.75632735184912,103.28269570206373,28.18239257523235
465,4,391.35325435493075,571.6061538506116,82.42994826551657,104.10777207613452,24.99304704016646
465,5,391.35325435493075,571.6061538506116,71.01242014541023,85.3773641834137,24.363494560321058
465,6,391.35325435493075,571.6061538506116,94.87225178111265,96.47970186379902,21.52506434352404
465,7,391.35325435493075,571.6061538506116,79.89655944895792,114.89306916027249,17.228165137524453
465,8,391.35325435493075,571.6061538506116,119.33268288370202,214.46445075537844,11.715566268757467
465,9,391.35325435493075,571.6061538506116,76.45308568865505,255.17069285946792,11.884578089634239
465,10,391.35325435493075,571.6061538506116,124.77961686387329,290.8831466910136,14.887512238794752
465,11,391.35325435493075,571.6061538506116,30.343319953983837,246.6344837844573,16.614240354822233
466,0,346.18339335634704,608.2542633342098,94.59659971274651,258.36121210150566,20.927696763087802
466,1,346.18339335634704,608.2542633342098,61.68195506136159,252.35922865057856,23.309239341726595
466,2,346.18339335634704,608.2542633342098,142.52198174428833,251.79612732706738,27.320811456410414
466,3,346.18339335634704,608.2542633342098,138.57983563133706,136.8682978724329,28.809459388194597
466,4,346.18339335634704,608.2542633342098,52.59992190944021,82.57293968904193,25.915963856900138
466,5,346.18339335634704,608.2542633342098,73.81799896610849,82.49833731224344,23.48267444398604
466,6,346.18339335634704,608.2542633342098,99.3900792751368,106.71976592543292,20.52460186386348
466,7,346.18339335634704,608.2542633342098,52.32303520250028,129.7051151555694,18.313216363004532
466,8,346.18339335634704,608.2542633342098,46.51965119621754,191.91800721921234,13.840952285158735
466,9,346.18339335634704,608.2542633342098,94.14955945508872,295.80172148517767,11.957835931462485
466,10,346.18339335634704,608.2542633342098,84.93722661977382,357.739058316516,11.075858701958053
466,11,346.18339335634704,608.2542633342098,113.38336869883808,248.45465595229024,15.544426758330722
467,0,499.66346434788437,567.1550226559381,80.88357352642313,252.58501813205703,20.282322348237017
467,1,499.66346434788437,567.1550226559381,111.17091287260057,303.76314314317705,23.797359853250015
467,2,499.66346434788437,567.1550226559381,125.8612438608089,326.8618777838055,26.570758989631354
467,3,499.66346434788437,567.1550226559381,106.29477201054627,164.69814717380982,29.577991507678565
467,4,499.66346434788437,567.1550226559381,101.21209016276353,105.5281160294796,26.53453303579726
467,5,499.66346434788437,567.1550226559381,103.53027735974376,121.74401549265244,22.73762584424332
467,6,499.66346434788437,567.1550226559381,80.75213554227304,91.62237045565058,19.94143112613581
467,7,499.66346434788437,567.1550226559381,89.945352087008,129.9431461845513,15.18313037729055
467,8,499.66346434788437,567.1550226559381,124.88438590531831,167.2958096065745,13.530392603924435
467,9,499.66346434788437,567.1550226559381,92.13786545262133,192.77174573105933,14.172539561954943
467,10,499.66346434788437,567.1550226559381,135.91231073024298,297.8072557488885,12.890106590152307
467,11,499.66346434788437,567.1550226559381,93.39319895389916,278.98776323790065,15.9574414256613
468,0,491.19346492839225,568.290012927072,22.730518899033854,175.32512942488287,19.850354141123653
468,1,491.19346492839225,568.290012927072,123.34860151552382,319.0959552814032,23.23665576269999
468,2,491.19346492839225,568.290012927072,57.65291084481061,276.0291038088012,27.26503902563134
468,3,491.19346492839225,568.290012927072,80.0235154873426,214.23183839573164,28.327699339841924
468,4,491.19346492839225,568.290012927072,44.79053393484156,120.87709073605528,27.997616185727694
468,5,491.19346492839225,568.290012927072,110.69722960815564,86.88315581732249,24.249078151944325
468,6,491.19346492839225,568.290012927072,124.92755322165661,85.17472021821298,20.6093732679301
468,7,491.19346492839225,568.290012927072,114.69709778149684,120.43488002795849,13.72341766248285
468,8,491.19346492839225,568.290012927072,86.18843708926283,216.7806040785147,12.41080204526104
468,9,491.19346492839225,568.290012927072,139.55428209436786,200.05418113172303,10.866969360979674
468,10,491.19346492839225,568.290012927072,33.85767289213209,370.3640953851102,11.464426549132341
468,11,491.19346492839225,568.290012927072,133.67938289692245,299.92493575941626,15.7837959807711
469,0,421.47285121960067,753.4559236452011,132.47222073191617,224.44960961326393,20.669639205809652
469,1,421.47285121960067,753.4559236452011,121.04782189320548,286.85931793533706,22.448844520451217
469,2,421.47285121960067,753.4559236452011,84.0838198233879,246.3889719513919,25.603192151176287
469,3,421.47285121960067,753.4559236452011,107.92798852014351,208.29716571551558,27.33604321652736
469,4,421.47285121960067,753.4559236452011,114.43774474951442,125.70122904761351,27.265827482756002
469,5,421.47285121960067,753.4559236452011,165.80963317434535,85.6417249129606,24.835552291155054
469,6,421.47285121960067,753.4559236452011,99.61573595549977,104.13731625478985,22.071001111015885
469,7,421.47285121960067,753.4559236452011,89.70675548953616,128.13769652912714,17.20868280654412
469,8,421.47285121960067,753.4559236452011,96.51823417837264,200.55579720740346,13.463147904526164
469,9,421.47285121960067,753.4559236452011,94.46938369271588,302.5530718935109,13.85494639127445
469,10,421.47285121960067,753.4559236452011,62.053618703780245,280.515065773301,10.633895414465886
469,11,421.47285121960067,753.4559236452011,133.36193618235794,234.01226686814618,17.733825811358244
470,0,456.5354806818321,533.7284064185867,117.69550286400087,283.08875651857534,18.300119535708067
470,1,456.5354806818321,533.7284064185867,100.68642235023873,252.08678440663755,24.217490796085478
470,2,456.5354806818321,533.7284064185867,115.24822035585514,315.25846685655625,27.00918053858929
470,3,456.5354806818321,533.7284064185867,156.05244939180506,186.35600928201674,28.223315893769385
470,4,456.5354806818321,533.7284064185867,89.05647057691543,105.5326719706275,26.473844987238913
470,5,456.5354806818321,533.7284064185867,97.39172659497655,69.31717278851352,24.335885920803292
470,6,456.5354806818321,533.7284064185867,101.68204792010025,107.97550452870242,19.86703350505949
470,7,456.5354806818321,533.7284064185867,106.44834071009791,115.5339539687954,14.813658273571049
470,8,456.5354806818321,533.7284064185867,74.95040141202557,221.40966905336956,10.66056930338135
470,9,456.5354806818321,533.7284064185867,32.73383854421029,250.3145959351732,11.118004575437707
470,10,456.5354806818321,533.7284064185867,82.37659047441342,280.96696274703055,14.371525579770879
470,11,456.5354806818321,533.7284064185867,102.19337667154883,251.769339073885,16.83628970943457
471,0,523.8812102800553,546.798544517734,102.20054439209905,174.52581749141504,19.9627478260507
471,1,523.8812102800553,546.798544517734,11.471930125985836,343.8247170848013,22.99467222174443
471,2,523.8812102800553,546.798544517734,76.08877727121799,298.7577978966027,25.53628221381214
471,3,523.8812102800553,546.798544517734,114.97885388186543,205.20973888718905,27.911884825369203
471,4,523.8812102800553,546.798544517734,94.21794284380097,94.92192999219792,26.458833210231344
471,5,523.8812102800553,546.798544517734,81.77645557814617,81.31046302419907,25.55785761246671
471,6,523.8812102800553,546.798544517734,91.10462585286635,99.65773625646028,18.366603865851523
471,7,523.8812102800553,546.798544517734,90.4965063410973,123.5659880459763,15.663294736794349
471,8,523.8812102800553,546.798544517734,104.27388994317783,237.88104256800335,12.749816100566303
471,9,523.8812102800553,546.798544517734,21.702426936143993,262.5123030253718,11.434776055208449
471,10,523.8812102800553,546.798544517734,70.71435778125345,324.5218142937903,13.920713052621057
471,11,523.8812102800553,546.798544517734,55.40321608273686,310.68493181320554,15.591809389819762
472,0,325.63851169149757,537.2853947041671,89.6010594369186,245.41764727063713,19.767908415171927
472,1,325.63851169149757,537.2853947041671,138.38874937854544,229.28951596595638,25.18746905001701
472,2,325.63851169149757,537.2853947041671,91.09872443436089,262.7110554861839,26.827250209654082
472,3,325.63851169149757,537.2853947041671,75.03763987936279,175.36189843449154,27.144278068597913
472,4,325.63851169149757,537.2853947041671,101.26217509542113,72.47404057065293,26.354719433885982
472,5,325.63851169149757,537.2853947041671,125.26287683785655,89.75937460671736,23.314059462726746
472,6,325.63851169149757,537.2853947041671,113.49933587435432,105.26717390023481,18.90417092879678
472,7,325.63851169149757,537.2853947041671,82.1239684709426,113.63677737266308,15.621862434730543
472,8,325.63851169149757,537.2853947041671,44.30370240762785,187.11641106776707,15.471522865463395
472,9,325.63851169149757,537.2853947041671,70.69856605126668,226.43528300693987,13.565048155458229
472,10,325.63851169149757,537.2853947041671,61.90285205116792,240.41468557373435,12.456769496005395
472,11,325.63851169149757,537.2853947041671,25.320739763846788,237.76744620836658,15.362616384231503
473,0,470.547399436659,554.7347920709213,90.57959908146861,237.74947659720843,20.77837758309097
473,1,470.547399436659,554.7347920709213,70.68891260893696,293.6839187083237,23.893810399798387
473,2,470.547399436659,554.7347920709213,92.69935310314774,263.13879412544344,27.32105609715509
473,3,470.547399436659,554.7347920709213,80.30431342924616,167.0531186708119,28.060040693211505
473,4,470.547399436659,554.7347920709213,109.05037372392607,107.95373625053952,26.218973447566192
473,5,470.547399436659,554.7347920709213,149.06212808344662,63.76569847065897,23.932969872399976
473,6,470.547399436659,554.7347920709213,74.47815920345809,100.00087671932263,19.14530884378435
473,7,470.547399436659,554.7347920709213,137.17985597604326,126.4956223844245,15.555373190084083
473,8,470.547399436659,554.7347920709213,61.499171476450556,227.2677655544582,12.734412000090847
473,9,470.547399436659,554.7347920709213,65.41530380811093,295.352500253459,13.094353677354817
473,10,470.547399436659,554.7347920709213,136.58804807454808,269.8615276097315,12.095692852303149
473,11,470.547399436659,554.7347920709213,73.38563132600792,187.4385928651369,16.08881077807324
474,0,592.73965640482,520.2183154408858,172.9740931632688,246.0515990737056,18.85578353994026
474,1,592.73965640482,520.2183154408858,103.83292101858704,289.9663033972356,26.031860717979185
474,2,592.73965640482,520.2183154408858,60.554436798854724,238.46948733544454,27.38579551124082
474,3,592.73965640482,520.2183154408858,78.13943558909769,188.79674991335705,30.647746564555575
474,4,592.73965640482,520.2183154408858,90.21667647179227,75.79128514739759,25.76976636126202
474,5,592.73965640482,520.2183154408858,104.01773538521672,89.43057317590744,25.559344307390983
474,6,592.73965640482,520.2183154408858,104.82867274551356,115.59150971654073,19.480984174365027
474,7,592.73965640482,520.2183154408858,84.39636490225891,94.55185763923235,14.922700457981682
474,8,592.73965640482,520.2183154408858,69.87604391855955,194.35490273041216,13.219907697682746
474,9,592.73965640482,520.2183154408858,42.83575171434612,191.30655701939676,13.05125787157961
474,10,592.73965640482,520.2183154408858,66.77912769837316,292.49422520402925,12.154799784544483
474,11,592.73965640482,520.2183154408858,91.44845125774839,274.2443991671119,15.821034097335417
475,0,717.4180449654663,615.9105450657522,95.15423586784763,316.06764700817826,18.587913482635773
475,1,717.4180449654663,615.9105450657522,138.1076601936716,290.2771744754833,25.123676075778835
475,2,717.4180449654663,615.9105450657522,95.50098558365735,227.08428859390966,26.739321822668135
475,3,717.4180449654663,615.9105450657522,74.50049540927145,190.9753085536227,27.92876907322534
475,4,717.4180449654663,615.9105450657522,103.0459173549478,96.54502412014502,27.44439873326839
475,5,717.4180449654663,615.9105450657522,73.10946347344452,107.01974907039272,23.38489230630935
475,6,717.4180449654663,615.9105450657522,107.48006957575399,68.12421728601024,19.130487848262753
475,7,717.4180449654663,615.9105450657522,82.94283926000752,158.23110391238936,15.256316519209445
475,8,717.4180449654663,615.9105450657522,64.0958158499305,165.45204521287872,13.190456146493913
475,9,717.4180449654663,615.9105450657522,102.43301990014108,234.40778744829367,11.991529455230294
475,10,717.4180449654663,615.9105450657522,165.69369426072677,335.4662383968296,13.783335199839083
475,11,717.4180449654663,615.9105450657522,141.5981588805135,220.95424333729025,15.309375231585559
476,0,487.1410638905199,733.5542944624979,109.03049341052177,217.5321481883285,20.681141189883796
476,1,487.1410638905199,733.5542944624979,53.64369032209963,267.5580564220328,22.852885063807506
476,2,487.1410638905199,733.5542944624979,121.26023537484728,313.415587116989,26.06586254389242
476,3,487.1410638905199,733.5542944624979,59.40382518218152,168.5582392494445,28.267507428847665
476,4,487.1410638905199,733.5542944624979,95.67424301215866,100.05367835487438,26.760334726723368
476,5,487.1410638905199,733.5542944624979,109.4863554993126,92.1598812892428,21.42321295914545
476,6,487.1410638905199,733.5542944624979,74.63352574224044,91.44510001020812,20.887354513929107
476,7,487.1410638905199,733.5542944624979,90.12605857948799,152.18159306254114,15.38813233091997
476,8,487.1410638905199,733.5542944624979,101.11618059016311,233.21999113436996,12.124068826788816
476,9,487.1410638905199,733.5542944624979,68.39692672432585,275.0124287082454,11.224219989480723
476,10,487.1410638905199,733.5542944624979,38.74394372689653,348.2911715361083,13.7758828800555
476,11,487.1410638905199,733.5542944624979,102.24995533767404,238.70586856812375,16.341715632266606
477,0,490.89980254859836,618.1015052194462,79.7263871385328,209.43287988888602,19.118894644909346
477,1,490.89980254859836,618.1015052194462,143.55947028480537,316.38358253206815,23.626120046937455
477,2,490.89980254859836,618.1015052194462,82.29337320344375,282.7288311208454,27.140519221224697
477,3,490.89980254859836,618.1015052194462,78.89888579857558,153.97376691760778,27.781563090273476
477,4,490.89980254859836,618.1015052194462,98.97299022431949,80.20066115270653,26.22305454743599
477,5,490.89980254859836,618.1015052194462,69.32496419587248,79.5239640938927,23.69797817923142
477,6,490.89980254859836,618.1015052194462,106.4859860242601,75.22793441308298,19.43019508732246
477,7,490.89980254859836,618.1015052194462,86.52073044115566,100.485526561713,14.819885728215429
477,8,490.89980254859836,618.1015052194462,48.87959943649968,286.8431202078973,13.368506620054456
477,9,490.89980254859836,618.1015052194462,72.96570274705776,188.36241903938657,11.657743523141043
477,10,490.89980254859836,618.1015052194462,69.70166084900765,250.41331423894073,12.651174580712587
477,11,490.89980254859836,618.1015052194462,109.13791713852767,245.89089512303227,15.534023288782361
478,0,272.0264675953493,620.2412392745063,130.55508902724753,260.36109335503625,20.135508672272437
478,1,272.0264675953493,620.2412392745063,127.87274561328424,291.4579711324349,24.879077865644696
478,2,272.0264675953493,620.2412392745063,40.26961346945088,269.0821071159389,24.764534637142102
478,3,272.0264675953493,620.2412392745063,68.02752340148277,144.4682707262472,28.64869719142698
478,4,272.0264675953493,620.2412392745063,86.80695151610612,122.61719400949838,27.82163015325299
478,5,272.0264675953493,620.2412392745063,117.59820132709874,80.49870662028562,24.082527357272483
478,6,272.0264675953493,620.2412392745063,111.36993690882227,107.76892196923502,19.46934059611594
478,7,272.0264675953493,620.2412392745063,117.71598515896505,110.59666236558539,16.21206217557134
478,8,272.0264675953493,620.2412392745063,113.80059975400711,189.67137675254725,13.65583371743252
478,9,272.0264675953493,620.2412392745063,46.381914763854084,264.62804564833874,11.536206659643769
478,10,272.0264675953493,620.2412392745063,80.35806193698991,264.29514231462025,13.093036435733847
478,11,272.0264675953493,620.2412392745063,113.35923282469014,258.3967038634468,18.553562328896827
479,0,464.8792164126898,544.5416412756795,113.55197982587015,280.6265852445425,19.986464298079405
479,1,464.8792164126898,544.5416412756795,80.85489229254982,240.3841391742593,23.97821877465076
479,2,464.8792164126898,544.5416412756795,128.82933274449243,287.8789757163505,27.345526844386292
479,3,464.8792164126898,544.5416412756795,118.4461008932162,131.92204529507384,28.273731855681028
479,4,464.8792164126898,544.5416412756795,74.70470339512518,87.3584125751427,25.67857465786644
479,5,464.8792164126898,544.5416412756795,88.18440819195455,65.2069691124863,23.850255470369923
479,6,464.8792164126898,544.5416412756795,111.67117480265503,88.61929523762993,18.969611533316804
479,7,464.8792164126898,544.5416412756795,90.44723574420082,114.04869316078889,17.218854096391418
479,8,464.8792164126898,544.5416412756795,73.52170971988805,241.45788335201766,14.493567010892091
479,9,464.8792164126898,544.5416412756795,86.4822623246611,340.1937958629999,12.057686191651511
479,10,464.8792164126898,544.5416412756795,65.62618553978396,229.17594686878124,12.912509646652767
479,11,464.8792164126898,544.5416412756795,93.43848009536592,230.92323658838168,14.816469907819135
480,0,369.4054470491093,539.6804431859852,82.74061186912,233.34544048589618,21.032344563196464
480,1,369.4054470491093,539.6804431859852,93.41770465564076,202.66498474185525,24.018172897724774
480,2,369.4054470491093,539.6804431859852,103.76235947887808,199.6127913234879,26.856393403487402
480,3,369.4054470491093,539.6804431859852,43.4632832770688,181.99130054235172,28.551394513277092
480,4,369.4054470491093,539.6804431859852,89.14748678080214,111.6978271193352,27.06879109175019
480,5,369.4054470491093,539.6804431859852,114.76274969793675,96.92086495194609,24.96549713153752
480,6,369.4054470491093,539.6804431859852,105.58417584250259,98.36512176613805,19.385040581801913
480,7,369.4054470491093,539.6804431859852,8.368972614076796,141.59927834822756,18.767742931759653
480,8,369.4054470491093,539.6804431859852,90.07463015319334,254.99864711601265,14.574628922753362
480,9,369.4054470491093,539.6804431859852,129.41428022894252,247.26786439251399,11.453023553838744
480,10,369.4054470491093,539.6804431859852,134.87753947561473,322.26582199245615,12.920896640201176
480,11,369.4054470491093,539.6804431859852,61.22963176540422,326.7742779611909,16.139910997687224
481,0,411.6609682715572,425.80760982916115,55.0678740466257,264.5776054105896,19.087150679561457
481,1,411.6609682715572,425.80760982916115,114.90275217485271,288.0689672848953,22.13384605211018
481,2,411.6609682715572,425.80760982916115,70.38423565270993,283.0762848466079,26.216995004774045
481,3,411.6609682715572,425.80760982916115,44.97243151817526,237.44695604286423,29.864133706793883
481,4,411.6609682715572,425.80760982916115,118.57582092320045,131.19257677357697,27.27199620663705
481,5,411.6609682715572,425.80760982916115,78.0884848528074,95.41825448972448,21.25085454858308
481,6,411.6609682715572,425.80760982916115,70.79450326790581,96.48651233380575,20.59587852187331
481,7,411.6609682715572,425.80760982916115,94.78959032351972,108.91570575331241,16.518743284661863
481,8,411.6609682715572,425.80760982916115,73.14034807474539,201.94605390935206,12.562595318241907
481,9,411.6609682715572,425.80760982916115,117.7306267328965,227.18535729664796,12.08214668320151
481,10,411.6609682715572,425.80760982916115,48.14350435111669,264.4476693512689,15.261541494183602
481,11,411.6609682715572,425.80760982916115,68.69723646969007,200.73108255650192,15.498536896816102
482,0,362.3573265328132,824.172983433217,118.02027606584338,193.7800749763535,20.675146741474524
482,1,362.3573265328132,824.172983433217,77.75281598257807,246.2874382242425,22.74551680131684
482,2,362.3573265328132,824.172983433217,47.14005489149208,243.66359767312517,26.23718637425417
482,3,362.3573265328132,824.172983433217,82.98351987535065,168.12342414937532,27.22632948878077
482,4,362.3573265328132,824.172983433217,116.01765952436924,120.07809598034629,28.385135889879177
482,5,362.3573265328132,824.172983433217,157.32082158924456,80.94454651478716,23.48593363681072
482,6,362.3573265328132,824.172983433217,122.02818010689916,91.88997301589103,19.858048098755855
482,7,362.3573265328132,824.172983433217,85.41385504681601,136.39675501765058,17.069648697901396
482,8,362.3573265328132,824.172983433217,78.61023632435416,269.67275687236986,14.967980934243627
482,9,362.3573265328132,824.172983433217,112.91850490613713,312.224852629658,13.988638608424635
482,10,362.3573265328132,824.172983433217,152.98875938993808,261.53309520716556,13.228251080659229
482,11,362.3573265328132,824.172983433217,129.38273584831347,157.29511403551498,15.590025315134115
483,0,528.0550125644528,570.6486383267321,127.12968483274815,283.661366633909,20.4065540446913
483,1,528.0550125644528,570.6486383267321,111.1804296529206,238.13845986103013,22.59573454166232
483,2,528.0550125644528,570.6486383267321,66.24896957689715,283.2639827601968,26.86260693796371
483,3,528.0550125644528,570.6486383267321,108.76622377999668,143.92554349479258,27.399020006807714
483,4,528.0550125644528,570.6486383267321,90.25137725084494,95.72088127520145,26.71897431117309
483,5,528.0550125644528,570.6486383267321,80.77167787687812,81.7028295875341,24.31403625533511
483,6,528.0550125644528,570.6486383267321,104.95363634010067,109.42817529790094,19.446986169492284
483,7,528.0550125644528,570.6486383267321,130.678626443445,118.37386173705377,15.223463154223726
483,8,528.0550125644528,570.6486383267321,88.13039105935724,196.53818660054822,12.174653204426148
483,9,528.0550125644528,570.6486383267321,25.09879969226354,278.34510390423344,12.35166741655136
483,10,528.0550125644528,570.6486383267321,123.8102736880119,361.0115050827165,13.260548281477726
483,11,528.0550125644528,570.6486383267321,47.29713947360737,261.3642966957249,16.039641319224785
484,0,458.8806699291903,486.7056319618345,54.517968316991,321.4752960905846,20.653095998300138
484,1,458.8806699291903,486.7056319618345,30.909968555286525,328.0193087994525,23.977017765021177
484,2,458.8806699291903,486.7056319618345,98.69176138151703,309.8592137743488,27.795268180706405
484,3,458.8806699291903,486.7056319618345,57.34634972257329,133.1930586820046,27.267126757367077
484,4,458.8806699291903,486.7056319618345,56.01708686866991,81.8443567445017,26.55052054399891
484,5,458.8806699291903,486.7056319618345,93.72163881642729,97.97802113616885,24.278067830668455
484,6,458.8806699291903,486.7056319618345,64.20354920908053,89.03723844800469,20.868292154373922
484,7,458.8806699291903,486.7056319618345,138.3043666206691,111.34942289179725,15.60812747233125
484,8,458.8806699291903,486.7056319618345,95.3677718740381,171.18702992888257,12.946307702846097
484,9,458.8806699291903,486.7056319618345,109.53781191617907,226.24729659451148,12.111833193089666
484,10,458.8806699291903,486.7056319618345,85.78851192657443,366.5588523174909,12.330917116137146
484,11,458.8806699291903,486.7056319618345,150.4269957588497,212.86832736458365,16.108881982040703
485,0,401.5040372837727,606.6489544395255,149.49704284619315,237.33786083265719,20.645988476975575
485,1,401.5040372837727,606.6489544395255,28.346636591184854,238.80668262703023,25.80142340011505
485,2,401.5040372837727,606.6489544395255,100.27427812926003,242.63222792877707,28.42202603540709
485,3,401.5040372837727,606.6489544395255,107.88917254052166,186.161154134904,27.881689112151292
485,4,401.5040372837727,606.6489544395255,138.30503657088033,97.01004667605902,27.88940218598336
485,5,401.5040372837727,606.6489544395255,124.34154692302621,122.51202022958765,22.61237284341841
485,6,401.5040372837727,606.6489544395255,65.80843360506998,86.9208349007685,20.39949904157797
485,7,401.5040372837727,606.6489544395255,91.13398928303899,134.53171078131004,15.681309252315698
485,8,401.5040372837727,606.6489544395255,77.10832782180255,169.30618971807243,10.91656886495056
485,9,401.5040372837727,606.6489544395255,85.96645981529299,261.22710790257474,11.152105004807321
485,10,401.5040372837727,606.6489544395255,84.13104399042956,306.29408446013565,13.720884892825874
485,11,401.5040372837727,606.6489544395255,88.0252946776458,319.63735846655584,15.883304643550924
486,0,525.3685815564526,575.4894656170432,111.84339431087398,229.76317223979754,18.883857675694895
486,1,525.3685815564526,575.4894656170432,131.8710970036969,207.33817709919555,24.904995350037503
486,2,525.3685815564526,575.4894656170432,123.38337421610566,244.1964005240589,26.3257639389965
486,3,525.3685815564526,575.4894656170432,85.20303057992861,187.09689386008614,28.085916719708198
486,4,525.3685815564526,575.4894656170432,54.53090748610805,109.41670941429594,27.870047086373674
486,5,525.3685815564526,575.4894656170432,85.95947018555269,52.475249599969125,24.517158390890636
486,6,525.3685815564526,575.4894656170432,43.026030259752304,90.74223795774083,20.011367887132906
486,7,525.3685815564526,575.4894656170432,56.81012449202673,113.7749277374592,15.002399373076685
486,8,525.3685815564526,575.4894656170432,66.67639547697814,206.75029263327275,12.47034968084779
486,9,525.3685815564526,575.4894656170432,39.759399048527726,297.5665497425736,14.29596774092999
486,10,525.3685815564526,575.4894656170432,102.03119183383319,296.2843732514252,12.73332176868795
486,11,525.3685815564526,575.4894656170432,72.9780677413933,274.97667768068254,16.59700037548154
487,0,291.76917095896073,739.3290020144823,72.8993500177074,230.14325150153752,20.08861990553696
487,1,291.76917095896073,739.3290020144823,116.78792931198278,225.0287446978444,24.51831549588026
487,2,291.76917095896073,739.3290020144823,73.55222130189313,294.64245687283346,27.394598280970122
487,3,291.76917095896073,739.3290020144823,90.15046621732999,187.6045716984098,29.883077802508037
487,4,291.76917095896073,739.3290020144823,99.53172981480782,93.7846668331377,27.4915630136537
487,5,291.76917095896073,739.3290020144823,122.70185269270152,72.6362985508649,24.078663728892035
487,6,291.76917095896073,739.3290020144823,85.93184821806142,91.73449347008771,18.750318179739686
487,7,291.76917095896073,739.3290020144823,52.82323879605656,122.0674719413864,16.064296262040603
487,8,291.76917095896073,739.3290020144823,99.42570339036956,161.89616025042267,13.45099410612769
487,9,291.76917095896073,739.3290020144823,105.94960776928352,240.34918345180662,12.886820761462783
487,10,291.76917095896073,739.3290020144823,66.03195851264798,280.6611354340235,12.682845784037598
487,11,291.76917095896073,739.3290020144823,75.67505590476324,218.1654651728445,16.520333003378042
488,0,344.88266529205663,647.4965631649588,124.91428932775278,222.85358395120244,20.20752231524848
488,1,344.88266529205663,647.4965631649588,133.9709000146254,358.82674799119445,22.3791203413199
488,2,344.88266529205663,647.4965631649588,126.4191011247006,268.5812694611884,26.177415169681485
488,3,344.88266529205663,647.4965631649588,139.58093678944488,195.04040528750784,27.448862512487114
488,4,344.88266529205663,647.4965631649588,96.2524500157401,93.25518502054436,27.00215456971792
488,5,344.88266529205663,647.4965631649588,76.43001480468645,82.86148281885322,25.09181129774023
488,6,344.88266529205663,647.4965631649588,68.28177026526048,86.73660802104943,20.164368427415457
488,7,344.88266529205663,647.4965631649588,99.24471455219417,135.19749201556616,15.265695390711604
488,8,344.88266529205663,647.4965631649588,99.5754624319637,192.58478250474678,11.49856668111469
488,9,344.88266529205663,647.4965631649588,102.43466689109422,290.7366090635928,13.187729514407142
488,10,344.88266529205663,647.4965631649588,33.85322641417944,307.08918629880145,13.21343608146138
488,11,344.88266529205663,647.4965631649588,112.05617544926272,281.35508925120195,15.81772210559613
489,0,437.60255253846447,469.35867214409336,63.11385960332413,222.85470466967848,19.441805426492362
489,1,437.60255253846447,469.35867214409336,81.86399619674984,274.77648940973626,24.31691820717685
489,2,437.60255253846447,469.35867214409336,116.43450466586083,308.5114787070331,27.511361613620405
489,3,437.60255253846447,469.35867214409336,81.52598843768382,152.96368233341283,28.725068919768677
489,4,437.60255253846447,469.35867214409336,56.59733286127637,116.01435567249187,24.88294063537585
489,5,437.60255253846447,469.35867214409336,55.0643825795616,87.36561804879751,25.439213425899997
489,6,437.60255253846447,469.35867214409336,104.10341069194234,83.79052668170013,20.833089669109622
489,7,437.60255253846447,469.35867214409336,124.19083327856735,163.21975005195338,14.864815235019364
489,8,437.60255253846447,469.35867214409336,57.64257794826754,219.97559988814982,12.05251114516225
489,9,437.60255253846447,469.35867214409336,122.66517183673744,158.55340145208513,12.511860734000077
489,10,437.60255253846447,469.35867214409336,111.33072370502788,339.31924162742826,12.644390549811927
489,11,437.60255253846447,469.35867214409336,67.11502062851022,202.0379154903527,15.414603728452024
490,0,294.4409892753083,537.1784721215897,76.0798900246973,255.71602715210201,20.91694196089612
490,1,294.4409892753083,537.1784721215897,94.36860213628896,261.65322220610364,24.100725777699093
490,2,294.4409892753083,537.1784721215897,138.2247186842928,295.73148641795115,26.750273494297833
490,3,294.4409892753083,537.1784721215897,124.99769267568001,167.5802253257269,29.648991965674952
490,4,294.4409892753083,537.1784721215897,117.69417279064226,75.93039213897865,26.8666581025992
490,5,294.4409892753083,537.1784721215897,113.35277293205384,101.59663489778788,23.553583841383375
490,6,294.4409892753083,537.1784721215897,53.18030262821818,112.83066122070686,21.661908079689823
490,7,294.4409892753083,537.1784721215897,84.54425519337033,141.8687182863114,16.385830187101877
490,8,294.4409892753083,537.1784721215897,82.69406781948058,212.4457194739911,14.244600791839849
490,9,294.4409892753083,537.1784721215897,70.56574435558761,242.73699736670667,10.343039162175943
490,10,294.4409892753083,537.1784721215897,47.352538161557035,248.87561709524297,13.033859648378446
490,11,294.4409892753083,537.1784721215897,115.01183889250464,298.75766218558493,15.146592905638366
491,0,372.8224154454033,493.21106681759755,84.46550565392829,321.03601910217463,21.911955696814335
491,1,372.8224154454033,493.21106681759755,78.82069316082381,239.71863793914997,24.626544466675004
491,2,372.8224154454033,493.21106681759755,90.7530376929436,269.27656810392455,26.93646347842495
491,3,372.8224154454033,493.21106681759755,88.3248161597758,233.57015406539054,29.77192925561576
491,4,372.8224154454033,493.21106681759755,97.57779280881581,111.90252665310697,28.439238257169865
491,5,372.8224154454033,493.21106681759755,81.48666206817114,84.40429259208886,25.039901139433994
491,6,372.8224154454033,493.21106681759755,81.72381011086335,90.08618994965123,20.664551258015496
491,7,372.8224154454033,493.21106681759755,68.70269835533634,126.78798077284945,16.5605091076711
491,8,372.8224154454033,493.21106681759755,95.11480943960191,213.47280819315912,12.503795093084085
491,9,372.8224154454033,493.21106681759755,61.529932952287595,262.9093773734096,11.858713486468256
491,10,372.8224154454033,493.21106681759755,62.32083786121406,282.68082915612683,11.992586849217398
491,11,372.8224154454033,493.21106681759755,177.83823788701608,234.05638696125098,15.437178217030176
492,0,404.4640413465135,577.7370237778244,62.72121340500685,264.8293516762817,19.44644097767148
492,1,404.4640413465135,577.7370237778244,86.76986908717856,339.0084196927118,22.642397374528834
492,2,404.4640413465135,577.7370237778244,83.94464680469936,289.62781227518417,26.533615841435036
492,3,404.4640413465135,577.7370237778244,90.40997484926942,199.9762100359172,28.225685162110945
492,4,404.4640413465135,577.7370237778244,83.40673655643238,123.9804579213209,26.23538859906428
492,5,404.4640413465135,577.7370237778244,90.87945775235042,86.8028531187558,25.538580459029298
492,6,404.4640413465135,577.7370237778244,25.604322936478596,118.04048294257916,18.93051223491915
492,7,404.4640413465135,577.7370237778244,96.59549605506524,136.67908034281152,14.614657209870751
492,8,404.4640413465135,577.7370237778244,84.68870864088485,175.91954435813625,12.72499916793228
492,9,404.4640413465135,577.7370237778244,92.10582258330126,182.79165082262384,10.375242674346385
492,10,404.4640413465135,577.7370237778244,43.883571485230355,298.51430240634056,13.589246460149322
492,11,404.4640413465135,577.7370237778244,56.46028537217997,346.2891740252837,17.02374290941803
493,0,321.6063200517893,413.0684665991689,105.86766402973838,251.7068946062795,20.902646969072745
493,1,321.6063200517893,413.0684665991689,94.54292994558874,211.9610660035101,25.039643752867192
493,2,321.6063200517893,413.0684665991689,107.51906624368348,309.83314196731124,25.55732764016942
493,3,321.6063200517893,413.0684665991689,63.51615466934808,161.83381298383037,28.756893168339182
493,4,321.6063200517893,413.0684665991689,117.32758070525725,104.16811303113485,26.927430490983745
493,5,321.6063200517893,413.0684665991689,94.55615924777268,79.80945519183476,23.491628848768404
493,6,321.6063200517893,413.0684665991689,100.37838836517992,114.03135693669113,20.118768039377105
493,7,321.6063200517893,413.0684665991689,80.58688054125206,135.4784658365909,15.362970796708492
493,8,321.6063200517893,413.0684665991689,77.34815504007743,177.1664280682912,11.731572842177767
493,9,321.6063200517893,413.0684665991689,85.49523848518055,201.93912136299923,13.05009838088091
493,10,321.6063200517893,413.0684665991689,112.55212027218805,261.0849120717128,12.317298748835695
493,11,321.6063200517893,413.0684665991689,91.28126564553564,235.9357620431004,16.048677419349968
494,0,483.9452379628205,802.8082981125898,40.27617315127531,238.1195791762083,19.12960637007823
494,1,483.9452379628205,802.8082981125898,51.424802237182085,229.16834331489522,23.19843215286259
494,2,483.9452379628205,802.8082981125898,106.66379421618531,187.92670818224684,27.80344982066145
494,3,483.9452379628205,802.8082981125898,87.77084924369993,179.53093958524363,27.920094290291296
494,4,483.9452379628205,802.8082981125898,94.16782684990369,94.35444238775135,27.477907186351967
494,5,483.9452379628205,802.8082981125898,33.416917376098986,95.565336221714,22.75275679666161
494,6,483.9452379628205,802.8082981125898,91.2689939743624,121.50192162788458,19.856286508964445
494,7,483.9452379628205,802.8082981125898,71.60440033936594,136.8386661064833,16.66764769615388
494,8,483.9452379628205,802.8082981125898,94.36852494613383,181.648941031136,10.43776690532574
494,9,483.9452379628205,802.8082981125898,71.88723200607001,296.91272759302814,11.302911750465887
494,10,483.9452379628205,802.8082981125898,72.16473532089054,254.25214223587952,13.85717521487131
494,11,483.9452379628205,802.8082981125898,49.895430771597084,272.21455854681005,14.99096796060088
495,0,381.78518417014817,645.1613041769983,55.98054746725029,145.7893774835138,20.465572362395847
495,1,381.78518417014817,645.1613041769983,107.85207155772486,217.55473004645424,23.068682021576553
495,2,381.78518417014817,645.1613041769983,103.33704812864146,216.288681151255,25.970226066503134
495,3,381.78518417014817,645.1613041769983,116.04787725072998,189.24861142666623,28.708649350984853
495,4,381.78518417014817,645.1613041769983,134.50162700690993,111.149703324643,26.493210345058564
495,5,381.78518417014817,645.1613041769983,62.54900386280966,98.31110844203836,24.3341674592672
495,6,381.78518417014817,645.1613041769983,157.18035589399958,102.88408759006435,20.527501879150346
495,7,381.78518417014817,645.1613041769983,107.6076959579006,152.5241633300761,16.735317859012063
495,8,381.78518417014817,645.1613041769983,106.12317813170327,180.71090765099078,11.701915933591145
495,9,381.78518417014817,645.1613041769983,69.6973165108116,263.88304561154564,13.333369651110113
495,10,381.78518417014817,645.1613041769983,108.97634473844131,321.9575761700685,11.963548134648764
495,11,381.78518417014817,645.1613041769983,166.33572943190842,268.9160754719055,14.667766247862474
496,0,370.7737087562866,622.3672633655195,61.821102848119665,310.0285922777292,21.157717803780894
496,1,370.7737087562866,622.3672633655195,88.33169782306169,324.16545862110746,24.76039951770246
496,2,370.7737087562866,622.3672633655195,44.35406181516964,254.81613604899522,29.56021192596425
496,3,370.7737087562866,622.3672633655195,95.29125692614762,193.53647782171123,27.472970881511852
496,4,370.7737087562866,622.3672633655195,102.20849188690849,101.0079244559083,27.201792224324077
496,5,370.7737087562866,622.3672633655195,68.74523073864053,83.48495297626154,23.929637399417377
496,6,370.7737087562866,622.3672633655195,110.27544262246978,82.12702917524297,20.287010535878053
496,7,370.7737087562866,622.3672633655195,76.44479749215196,107.54844487858193,14.217779186099845
496,8,370.7737087562866,622.3672633655195,111.47060205278447,161.24054035173413,12.803003521907666
496,9,370.7737087562866,622.3672633655195,68.82092758992385,289.9755398125166,11.255144159470174
496,10,370.7737087562866,622.3672633655195,95.5392261582334,324.39499789215944,13.587543567256967
496,11,370.7737087562866,622.3672633655195,101.83600836025587,296.1577881554284,15.629540675583854
497,0,337.63224175335586,633.1962702282877,72.1820671356367,238.2602536371815,20.60671270628678
497,1,337.63224175335586,633.1962702282877,82.5657555815868,272.2498713041757,23.35305433782759
497,2,337.63224175335586,633.1962702282877,103.06655279384482,208.62015745943862,26.39059396788321
497,3,337.63224175335586,633.1962702282877,127.75786220433315,185.98448059680598,29.465274442787383
497,4,337.63224175335586,633.1962702282877,69.22191334062761,110.1760159987875,25.877613835259403
497,5,337.63224175335586,633.1962702282877,64.58494485635735,78.39449123254408,24.091398875159964
497,6,337.63224175335586,633.1962702282877,94.07689296893436,82.49204217314056,20.82612506654142
497,7,337.63224175335586,633.1962702282877,78.60630199693986,124.99894700711083,15.853329551648443
497,8,337.63224175335586,633.1962702282877,77.66960365407692,158.22697705571514,13.16112396699165
497,9,337.63224175335586,633.1962702282877,56.85637289599006,211.6378634147499,11.978030419032123
497,10,337.63224175335586,633.1962702282877,69.64584909646189,291.8481278718343,12.967498537723019
497,11,337.63224175335586,633.1962702282877,74.62624470474485,274.4185155565654,14.613992117353964
498,0,325.54828501724694,674.2161076979453,152.28618275930478,278.31689968286014,20.86771188555156
498,1,325.54828501724694,674.2161076979453,98.43515022514113,250.81325147502054,24.28493467475787
498,2,325.54828501724694,674.2161076979453,89.63345606376696,274.9644821733658,26.74787372169432
498,3,325.54828501724694,674.2161076979453,129.0957839936932,167.8423963795094,28.144427734697388
498,4,325.54828501724694,674.2161076979453,76.46430758863427,103.75328301618379,28.568348707797856
498,5,325.54828501724694,674.2161076979453,49.69692871282581,86.8779840463065,25.415432544069763
498,6,325.54828501724694,674.2161076979453,136.36577981159044,84.70328380902187,18.982697493845485
498,7,325.54828501724694,674.2161076979453,115.61204758630839,123.61082262553357,15.640012761749848
498,8,325.54828501724694,674.2161076979453,33.431499007033935,220.18290686055423,11.331196094144683
498,9,325.54828501724694,674.2161076979453,139.80985890168506,294.39354129587076,10.611296862056482
498,10,325.54828501724694,674.2161076979453,71.61812150281196,328.12961762072325,13.876128490566725
498,11,325.54828501724694,674.2161076979453,141.7879296252279,256.15902339461474,16.359982390482195
499,0,329.65981521338654,500.33840358670295,110.24491863241252,309.73959916351566,21.025825765412623
499,1,329.65981521338654,500.33840358670295,99.10080196193202,301.171103979018,25.02679149551536
499,2,329.65981521338654,500.33840358670295,93.04796524262441,258.1633445377554,27.581385758797982
499,3,329.65981521338654,500.33840358670295,118.11795065430255,166.97250672902564,29.425248141380436
499,4,329.65981521338654,500.33840358670295,130.40187173482863,100.7692896952054,26.389685247496228
499,5,329.65981521338654,500.33840358670295,55.340622642327446,85.59240995287685,23.648261900539648
499,6,329.65981521338654,500.33840358670295,128.62892441955043,94.34855156992752,20.227674476015768
499,7,329.65981521338654,500.33840358670295,69.43977255157179,116.7393869949436,15.91298241751532
499,8,329.65981521338654,500.33840358670295,32.821625439353724,169.30809269744432,13.542538339708567
499,9,329.65981521338654,500.33840358670295,55.282394565973284,196.2923760593831,10.491847985678444
499,10,329.65981521338654,500.33840358670295,90.7171983075943,271.8417350554882,14.583105434875888
499,11,329.65981521338654,500.33840358670295,94.57495108539837,237.91185501660902,14.384004217730203
